review_id,claim_id,tipo,nombre_scrapeado,fuente,candidato_er_id,candidato_er_nombre,base_er,clase,entidad_cotejada_id,entidad_cotejada_nombre,n_creditos_compatibles,contextos_scrapeados,estado_revision_api
231869,521882,person,Peña,YouTube Data API v3,9308,Peña,canonical_exact,candidato_correcto_credito_exacto,9308,Peña,6,"Poster | Despúes Del Frío | composed | 3,6",approved
231870,546616,person,Phil Medley and Bert Russell,YouTube Data API v3,10038,Phil Medley,fuzzy,candidato_equivocado_existe_credito_exacto,12696,Phil Medley and Bert Russell,1,Los Buitres | Los Buitres | composed | 12,open
231871,521176,person,Piero Campilli,YouTube Data API v3,6477,Piero Campilii,fuzzy,sin_coincidencia_concluyente,,,0,Julia | Combo Tropical Contemporáneo | drum assistants | album,open
231872,535827,person,Pierre Delanoë,YouTube Data API v3,9675,Pierre Delanoé,accent_only,candidato_correcto_credito_exacto,9675,Pierre Delanoé,2,Las Cuatro Monedas | Los Grandes Éxitos | composed | 9,approved
231873,538220,person,Pineda,YouTube Data API v3,4032,Pineda,canonical_exact,candidato_correcto_credito_exacto,4032,Pineda,2,Los Buitres | Historietas | photo | album,approved
231874,532777,person,Pixels Computación S.A,YouTube Data API v3,8347,Pixels Computación S.A.,canonical_exact,sin_coincidencia_concluyente,,,0,Various Artists | La Magia De Los 60 & 70 | graphic design | album,open
229218,522649,organization,Backstage Studio,YouTube Data API v3,163,Backstage Estudios Valencia,fuzzy,sin_coincidencia_concluyente,,,0,Desorden Público | Diablo | additional recordings at | album,open
229219,522650,organization,recording_studio,YouTube Data API v3,163,Backstage Estudios Valencia,fuzzy,sin_contexto,,,0,,open
229220,522651,organization,"Caracas, Venezuela",YouTube Data API v3,163,Backstage Estudios Valencia,fuzzy,sin_contexto,,,0,,open
229221,546291,organization,Balu' Balu' Studios,YouTube Data API v3,90,Balú Balú Studios,accent_only,candidato_correcto_credito_exacto,90,Balú Balú Studios,1,Tisuby & Georgina | Ruleta Del Amor | mixed at | album || Tisuby & Georgina | Ruleta Del Amor | recorded at | album,approved
229222,546292,organization,recording_studio,YouTube Data API v3,90,Balú Balú Studios,accent_only,sin_contexto,,,0,,open
229223,546293,organization,"Madrid, Spain",YouTube Data API v3,90,Balú Balú Studios,accent_only,sin_contexto,,,0,,open
229225,537911,organization,Brian Gadner Mastering,YouTube Data API v3,246,Brian Gardner Mastering,fuzzy,sin_coincidencia_concluyente,,,0,"Desorden Público | Los Contrarios | mastered at | 1,3,5,8,11,12,14",open
229226,537912,organization,recording_studio,YouTube Data API v3,246,Brian Gardner Mastering,fuzzy,sin_contexto,,,0,,open
229238,530325,organization,recording_studio,YouTube Data API v3,67,Cromo Audio Lab,fuzzy,sin_contexto,,,0,,open
229239,530326,organization,"Caracas, Venezuela",YouTube Data API v3,67,Cromo Audio Lab,fuzzy,sin_contexto,,,0,,open
229240,538521,organization,Cromo Audio Lab Studios,YouTube Data API v3,67,Cromo Audio Lab,fuzzy,sin_coincidencia_concluyente,,,0,Del Pez | Acción Es Carácter | mastered at | album || Del Pez | Acción Es Carácter | mixed at | album || Del Pez | Acción Es Carácter | recorded at | album,open
231875,538504,person,Pixels Computation,YouTube Data API v3,8347,Pixels Computación S.A.,fuzzy,candidato_equivocado_existe_credito_exacto,12841,Pixels Computation,1,Various Artists | La Otra Magia De Los 60 & 70 | graphic design | album,open
231876,531464,person,Poindexer,YouTube Data API v3,7528,Poindexer,canonical_exact,candidato_correcto_credito_exacto,7528,Poindexer,2,Los Amigos Invisibles | The New Sound of The Venezuelan Gozadera | photos | album,approved
231877,518958,person,Poindexter,YouTube Data API v3,8888,Poindexter,canonical_exact,candidato_correcto_credito_exacto,8888,Poindexter,3,Desorden Público | Allá Cayó | photos | album || Desorden Público | Plomo Revienta | photos | album || Desorden Público | Valle De Balas | photos | album,approved
229206,522579,organization,Altos Studios,YouTube Data API v3,59,Altos Estudios,fuzzy,sin_coincidencia_concluyente,,,0,"Tomates Fritos | Tomates Fritos | mixed at | 5,12 || Tomates Fritos | Tomates Fritos | overdubs recorded at | album",open
229207,522580,organization,recording_studio,YouTube Data API v3,59,Altos Estudios,fuzzy,sin_contexto,,,0,,open
229208,522581,organization,"Puerto La Cruz, Venezuela",YouTube Data API v3,59,Altos Estudios,fuzzy,sin_contexto,,,0,,open
229209,519218,organization,Atabal Studios,YouTube Data API v3,124,Avatar Studios,fuzzy,sin_coincidencia_concluyente,,,0,iX | Ora Pro Nobis | mixed at | album || iX | Ora Pro Nobis | recorded at | album || iX | Ora Pro Nobis | recorded | 5,open
229210,519219,organization,recording_studio,YouTube Data API v3,124,Avatar Studios,fuzzy,sin_contexto,,,0,,open
229211,519220,organization,"Caracas, Venezuela",YouTube Data API v3,124,Avatar Studios,fuzzy,sin_contexto,,,0,,open
229212,542209,organization,Audio Artist,YouTube Data API v3,303,Audio Artist 3000,fuzzy,sin_coincidencia_concluyente,,,0,Los Gusanos | El Ritual Del Vacilón | mixed at | 11 || Los Gusanos | El Ritual Del Vacilón | recorded at | 11,open
229213,542210,organization,recording_studio,YouTube Data API v3,303,Audio Artist 3000,fuzzy,sin_contexto,,,0,,open
229214,542211,organization,"Caracas, Venezuela",YouTube Data API v3,303,Audio Artist 3000,fuzzy,sin_contexto,,,0,,open
229215,521504,organization,Audio Artists Studios,YouTube Data API v3,303,Audio Artist 3000,fuzzy,sin_coincidencia_concluyente,,,0,"Various Artists | 5to Festival Nuevas Bandas | recorded at | 2,6,12,13,14,15",open
229216,521505,organization,recording_studio,YouTube Data API v3,303,Audio Artist 3000,fuzzy,sin_contexto,,,0,,open
229217,521506,organization,"Caracas, Venezuela",YouTube Data API v3,303,Audio Artist 3000,fuzzy,sin_contexto,,,0,,open
229227,537913,organization,"Los Angeles, California",YouTube Data API v3,246,Brian Gardner Mastering,fuzzy,sin_contexto,,,0,,open
229228,544008,organization,CD Box Producciones,YouTube Data API v3,383,CD Box Producciones,canonical_exact,candidato_correcto_credito_exacto,383,CD Box Producciones,1,"Yátu | A Conciencia | graphic design | album || Yátu | Joroporoll | graphic design | album || Yátu | Joroporoll | mixed at | 2,9,10 || Yátu | Joroporoll | mixed at | 7,8 || Yátu | Joroporoll | recorded at | 2,3,4,5,6,11 || Yátu | Joroporoll | recorded at | 7,8 || Yátu | La Condición De Este Mundo | graphic design | album",approved
229229,544009,organization,recording_studio,YouTube Data API v3,383,CD Box Producciones,canonical_exact,sin_contexto,,,0,,open
229231,539392,organization,CHROMO Audiolab,YouTube Data API v3,67,Cromo Audio Lab,fuzzy,sin_coincidencia_concluyente,,,0,"1ra Edición | 1986 | rhodes recorded at | 6,12",open
229232,539393,organization,recording_studio,YouTube Data API v3,67,Cromo Audio Lab,fuzzy,sin_contexto,,,0,,open
229233,539394,organization,"Caracas, Venezuela",YouTube Data API v3,67,Cromo Audio Lab,fuzzy,sin_contexto,,,0,,open
229234,530124,organization,Casa Del Ritmo,YouTube Data API v3,1047,Casa De Claudio,fuzzy,sin_coincidencia_concluyente,,,0,Various Artists | Chillout Venezuela | mixed at | 7 || Various Artists | Chillout Venezuela | recorded at | 7,open
229235,530125,organization,recording_studio,YouTube Data API v3,1047,Casa De Claudio,fuzzy,sin_contexto,,,0,,open
229236,530126,organization,"Brooklyn, NYC",YouTube Data API v3,1047,Casa De Claudio,fuzzy,sin_contexto,,,0,,open
229237,530324,organization,Cromo Audio Estudios,YouTube Data API v3,67,Cromo Audio Lab,fuzzy,sin_coincidencia_concluyente,,,0,Various Artists | Chillout Venezuela | mixed at | 15 || Various Artists | Chillout Venezuela | recorded at | 15,open
229241,538522,organization,recording_studio,YouTube Data API v3,67,Cromo Audio Lab,fuzzy,sin_contexto,,,0,,open
229242,538523,organization,"Caracas, Venezuela",YouTube Data API v3,67,Cromo Audio Lab,fuzzy,sin_contexto,,,0,,open
229243,524546,organization,Cromo AudioLab Studio,YouTube Data API v3,67,Cromo Audio Lab,fuzzy,sin_coincidencia_concluyente,,,0,Chupi Lumpi | Una Oveja Más | mastered at | album || Chupi Lumpi | Una Oveja Más | mixed at | album || Chupi Lumpi | Una Oveja Más | recorded at | album,open
229244,524547,organization,recording_studio,YouTube Data API v3,67,Cromo Audio Lab,fuzzy,sin_contexto,,,0,,open
229245,524548,organization,"Caracas, Venezuela",YouTube Data API v3,67,Cromo Audio Lab,fuzzy,sin_contexto,,,0,,open
229246,541564,organization,D2 Producciones,YouTube Data API v3,213,3D2 Producciones,fuzzy,sin_coincidencia_concluyente,,,1,"Desorden Público | En Vivo En El Teresa Carreño | mixed at | 13,14,15 || Desorden Público | En Vivo En El Teresa Carreño | mixed at | 16 || Desorden Público | En Vivo En El Teresa Carreño | produced at | 13,14,15 || Desorden Público | En Vivo En El Teresa Carreño | produced at | 16 || Desorden Público | En Vivo En El Teresa Carreño | recorded at | 13,14,15 || Desorden Público | En Vivo En El Teresa Carreño | recorded at | 16",open
229247,541565,organization,recording_studio,YouTube Data API v3,213,3D2 Producciones,fuzzy,sin_contexto,,,0,,open
229248,541566,organization,"Caracas, Venezuela",YouTube Data API v3,213,3D2 Producciones,fuzzy,sin_contexto,,,0,,open
229261,514426,organization,Estudio Buenanota,YouTube Data API v3,206,Estudios Buena Nota,fuzzy,sin_coincidencia_concluyente,,,0,"Various Artists | Caracas Underground | mixed at | album || Various Artists | Caracas Underground | recorded at | album || Various Artists | Venezuela Sin Fronteras | mixed at | 11,12 || Various Artists | Venezuela Sin Fronteras | recorded at | 11,12",open
229262,514427,organization,recording_studio,YouTube Data API v3,206,Estudios Buena Nota,fuzzy,sin_contexto,,,0,,open
229263,514428,organization,"Caracas, Venezuela",YouTube Data API v3,206,Estudios Buena Nota,fuzzy,sin_contexto,,,0,,open
229264,514398,organization,Estudio Leonardo Rodríguez,YouTube Data API v3,250,Estudios Rodríguez,fuzzy,sin_coincidencia_concluyente,,,0,"Various Artists | Venezuela Sin Fronteras | mixed at | 3,4 || Various Artists | Venezuela Sin Fronteras | recorded at | 3,4",open
229265,514399,organization,recording_studio,YouTube Data API v3,250,Estudios Rodríguez,fuzzy,sin_contexto,,,0,,open
229266,514400,organization,"Mérida, Venezuela",YouTube Data API v3,250,Estudios Rodríguez,fuzzy,sin_contexto,,,0,,open
229267,540849,organization,Estudio Pararrayos,YouTube Data API v3,310,Estudios Troya,fuzzy,sin_coincidencia_concluyente,,,0,Famasloop | La Quema | executive production | album || Famasloop | La Quema | recording studios | album || Okills | América Supersónica | overdubbing recorded at | album,open
229268,540850,organization,recording_studio,YouTube Data API v3,310,Estudios Troya,fuzzy,sin_contexto,,,0,,open
229269,540851,organization,"Caracas, Venezuela",YouTube Data API v3,310,Estudios Troya,fuzzy,sin_contexto,,,0,,open
229270,530403,organization,Estudio Tulio Chuecos,YouTube Data API v3,239,Estudios Circus,fuzzy,sin_coincidencia_concluyente,,,0,Various Artists | Chillout Venezuela | mixed at | 18 || Various Artists | Chillout Venezuela | recorded at | 18,open
229271,530404,organization,recording_studio,YouTube Data API v3,239,Estudios Circus,fuzzy,sin_contexto,,,0,,open
229285,543172,organization,Estudios El Pie,YouTube Data API v3,297,Estudios Del Este,fuzzy,sin_coincidencia_concluyente,,,0,Famasloop | Casa 4 | mixed at | album || Famasloop | Casa 4 | recording studios | album || Famasloop | La Quema | recording studios | album,open
229286,543173,organization,recording_studio,YouTube Data API v3,297,Estudios Del Este,fuzzy,sin_contexto,,,0,,open
229287,543174,organization,"Buenos Aires, Argentina",YouTube Data API v3,297,Estudios Del Este,fuzzy,sin_contexto,,,0,,open
229288,545776,organization,Estudios Kandra,YouTube Data API v3,118,Estudios Panda,fuzzy,sin_coincidencia_concluyente,,,0,"Various Artists | La Respuesta | recorded at | 3,5,8,10",open
229289,545777,organization,recording_studio,YouTube Data API v3,118,Estudios Panda,fuzzy,sin_contexto,,,0,,open
229290,545778,organization,"Caracas, Venezuela",YouTube Data API v3,118,Estudios Panda,fuzzy,sin_contexto,,,0,,open
229249,536545,organization,Digital Post Studios,YouTube Data API v3,220,Digital Atomic Studios,fuzzy,sin_coincidencia_concluyente,,,0,Decibel | BioSystem Hi-Fi | mixed at | 12 || Decibel | BioSystem Hi-Fi | recorded at | 12,open
229250,536546,organization,recording_studio,YouTube Data API v3,220,Digital Atomic Studios,fuzzy,sin_contexto,,,0,,open
229251,536547,organization,"Caracas, Venezuela",YouTube Data API v3,220,Digital Atomic Studios,fuzzy,sin_contexto,,,0,,open
229252,526482,organization,Estudio Arena,YouTube Data API v3,118,Estudios Panda,fuzzy,sin_coincidencia_concluyente,,,0,Agresión | Sur | samples recorded at | 6,open
229253,526483,organization,recording_studio,YouTube Data API v3,118,Estudios Panda,fuzzy,sin_contexto,,,0,,open
229254,526484,organization,"Maracay, Venezuela",YouTube Data API v3,118,Estudios Panda,fuzzy,sin_contexto,,,0,,open
229255,532435,organization,Estudio Audiosono,YouTube Data API v3,281,Estudios Sincrosonido,fuzzy,sin_coincidencia_concluyente,,,0,Ohmio | Origami | vocals recorded at | album,open
229256,532436,organization,recording_studio,YouTube Data API v3,281,Estudios Sincrosonido,fuzzy,sin_contexto,,,0,,open
229257,532437,organization,"Anzoátegui, Venezuela",YouTube Data API v3,281,Estudios Sincrosonido,fuzzy,sin_contexto,,,0,,open
229258,533751,organization,Estudio Buena Nota,YouTube Data API v3,206,Estudios Buena Nota,fuzzy,sin_coincidencia_concluyente,,,0,"Various Artists | Caracas Underground | mixed at | album || Various Artists | Caracas Underground | recorded at | album || Various Artists | Venezuela Sin Fronteras | mixed at | 11,12 || Various Artists | Venezuela Sin Fronteras | recorded at | 11,12",open
229259,533752,organization,recording_studio,YouTube Data API v3,206,Estudios Buena Nota,fuzzy,sin_contexto,,,0,,open
229260,533753,organization,"Caracas, Venezuela",YouTube Data API v3,206,Estudios Buena Nota,fuzzy,sin_contexto,,,0,,open
229272,530405,organization,"Caracas, Venezuela",YouTube Data API v3,239,Estudios Circus,fuzzy,sin_contexto,,,0,,open
229273,533784,organization,Estudio de Emilio Mauri,YouTube Data API v3,344,Estudio El Mamut,fuzzy,sin_coincidencia_concluyente,,,0,"Various Artists | Caracas Underground | mixed at | 16,17",open
229274,533785,organization,recording_studio,YouTube Data API v3,344,Estudio El Mamut,fuzzy,sin_contexto,,,0,,open
229275,533786,organization,"Caracas, Venezuela",YouTube Data API v3,344,Estudio El Mamut,fuzzy,sin_contexto,,,0,,open
229276,532379,organization,Estudio de Rubén Gutiérrez,YouTube Data API v3,297,Estudios Del Este,fuzzy,sin_coincidencia_concluyente,,,0,Pixel | Pixel | drums recorded at | album || Pixel | Poco | drums recorded at | album,open
229277,532380,organization,recording_studio,YouTube Data API v3,297,Estudios Del Este,fuzzy,sin_contexto,,,0,,open
229278,532381,organization,"Caracas, Venezuela",YouTube Data API v3,297,Estudios Del Este,fuzzy,sin_contexto,,,0,,open
229282,530040,organization,Estudios Corao,YouTube Data API v3,263,Estudios Trak,fuzzy,sin_coincidencia_concluyente,,,0,Various Artists | Chillout Venezuela | mixed at | 3 || Various Artists | Chillout Venezuela | recorded at | 3,open
229283,530041,organization,recording_studio,YouTube Data API v3,263,Estudios Trak,fuzzy,sin_contexto,,,0,,open
229284,530042,organization,"Caracas, Venezuela",YouTube Data API v3,263,Estudios Trak,fuzzy,sin_contexto,,,0,,open
229297,537480,organization,Estudios Magda,YouTube Data API v3,118,Estudios Panda,fuzzy,sin_coincidencia_concluyente,,,0,Jacktürbo | Jackturbo | mastered at | album || Jacktürbo | Jackturbo | mixed at | album || Jacktürbo | Jackturbo | recorded at | album,open
229298,537481,organization,recording_studio,YouTube Data API v3,118,Estudios Panda,fuzzy,sin_contexto,,,0,,open
229299,537482,organization,"Monterrey, Mexico",YouTube Data API v3,118,Estudios Panda,fuzzy,sin_contexto,,,0,,open
229300,528948,organization,Estudios Odisea,YouTube Data API v3,336,Estudios Audiobeat,fuzzy,sin_coincidencia_concluyente,,,0,Témpano | Atabal–Yémal | mixed at | album || Témpano | Atabal–Yémal | recorded live at | album,open
229291,518639,organization,Estudios La Discoteca,YouTube Data API v3,336,Estudios Audiobeat,fuzzy,sin_coincidencia_concluyente,,,0,"Dimensión Latina | Una Dimensión De Éxitos | recorded at | 1,4,8,9 || Dimensión Latina | Una Dimensión De Éxitos | recorded at | 12,14",open
229292,518640,organization,recording_studio,YouTube Data API v3,336,Estudios Audiobeat,fuzzy,sin_contexto,,,0,,open
229293,518641,organization,"Caracas, Venezuela",YouTube Data API v3,336,Estudios Audiobeat,fuzzy,sin_contexto,,,0,,open
229294,516837,organization,Estudios La Montaña,YouTube Data API v3,111,Estudio La Montaña,fuzzy,sin_coincidencia_concluyente,,,0,Horacero | Fusil | mixed at | 11 || Horacero | Fusil | recorded at | 11,open
229295,516838,organization,recording_studio,YouTube Data API v3,111,Estudio La Montaña,fuzzy,sin_contexto,,,0,,open
229296,516839,organization,"Caracas, Venezuela",YouTube Data API v3,111,Estudio La Montaña,fuzzy,sin_contexto,,,0,,open
229312,521495,organization,Gophinata Studio,YouTube Data API v3,326,Gopinatha Studios,fuzzy,sin_coincidencia_concluyente,,,0,Various Artists | 5to Festival Nuevas Bandas | recorded at | 10,open
229313,521496,organization,recording_studio,YouTube Data API v3,326,Gopinatha Studios,fuzzy,sin_contexto,,,0,,open
229314,521497,organization,"Caracas, Venezuela",YouTube Data API v3,326,Gopinatha Studios,fuzzy,sin_contexto,,,0,,open
229315,521526,organization,Gophinata Studios,YouTube Data API v3,326,Gopinatha Studios,fuzzy,sin_coincidencia_concluyente,,,0,Various Artists | 5to Festival Nuevas Bandas | mixed at | 10,open
229325,530285,organization,recording_studio,YouTube Data API v3,1059,Entourage Studios,fuzzy,sin_contexto,,,0,,open
229326,530286,organization,"Brooklyn, NYC",YouTube Data API v3,1059,Entourage Studios,fuzzy,sin_contexto,,,0,,open
229327,541603,organization,Human Production Studios,YouTube Data API v3,1066,Human Production,fuzzy,sin_coincidencia_concluyente,,,2,"Desorden Público | En Vivo En El Teresa Carreño | mixed at | 10,12 || Desorden Público | En Vivo En El Teresa Carreño | mixed at | 11,12,13",open
229328,541604,organization,recording_studio,YouTube Data API v3,1066,Human Production,fuzzy,sin_contexto,,,0,,open
229329,541605,organization,"Caracas, Venezuela",YouTube Data API v3,1066,Human Production,fuzzy,sin_contexto,,,0,,open
229330,547023,organization,"Ingenio Musical, Telearte",YouTube Data API v3,254,Ingenio Musical,fuzzy,sin_coincidencia_concluyente,,,0,Various Artists | Noveno Festival Nuevas Bandas | mixed at | album,open
229331,547024,organization,recording_studio,YouTube Data API v3,254,Ingenio Musical,fuzzy,sin_contexto,,,0,,open
229332,547025,organization,"Caracas, Venezuela",YouTube Data API v3,254,Ingenio Musical,fuzzy,sin_contexto,,,0,,open
229333,524813,organization,Jaime's Studio,YouTube Data API v3,289,Jam Studio,fuzzy,sin_coincidencia_concluyente,,,0,Yátu | La Condición De Este Mundo | keyboards recorded at | 2,open
229334,524814,organization,recording_studio,YouTube Data API v3,289,Jam Studio,fuzzy,sin_contexto,,,0,,open
229335,524815,organization,"Orlando, FL",YouTube Data API v3,289,Jam Studio,fuzzy,sin_contexto,,,0,,open
229336,539760,organization,Jazzmania Studio,YouTube Data API v3,38,Jazzmania Studios,fuzzy,sin_coincidencia_concluyente,,,0,"Los Pixel | Lo Último Que Se Pierde | drum tracks recorded at | 4,7",open
229342,530179,organization,La Mecha Estudios,YouTube Data API v3,16,MECHA Estudios,article_variant,sin_coincidencia_concluyente,,,0,Various Artists | Chillout Venezuela | mixed at | 9 || Various Artists | Chillout Venezuela | recorded at | 9,open
229343,530180,organization,recording_studio,YouTube Data API v3,16,MECHA Estudios,article_variant,sin_contexto,,,0,,open
229301,528949,organization,recording_studio,YouTube Data API v3,336,Estudios Audiobeat,fuzzy,sin_contexto,,,0,,open
229302,528950,organization,"Caracas, Venezuela",YouTube Data API v3,336,Estudios Audiobeat,fuzzy,sin_contexto,,,0,,open
229303,514453,organization,Estudios Rios,YouTube Data API v3,123,Estudios RM,fuzzy,sin_coincidencia_concluyente,,,0,"Various Artists | Venezuela Sin Fronteras | mixed at | 13,14 || Various Artists | Venezuela Sin Fronteras | recorded at | 13,14",open
229304,514454,organization,recording_studio,YouTube Data API v3,123,Estudios RM,fuzzy,sin_contexto,,,0,,open
229305,514455,organization,"Mérida, Venezuela",YouTube Data API v3,123,Estudios RM,fuzzy,sin_contexto,,,0,,open
229306,547387,organization,Estudios Sampling Records,YouTube Data API v3,296,Estudios Sardá,fuzzy,sin_coincidencia_concluyente,,,0,Mata Rica | Quémate | recorded at | album,open
229307,547388,organization,recording_studio,YouTube Data API v3,296,Estudios Sardá,fuzzy,sin_contexto,,,0,,open
229308,547389,organization,"Valencia, Venezuela",YouTube Data API v3,296,Estudios Sardá,fuzzy,sin_contexto,,,0,,open
229309,517871,organization,Estudios Topetitud,YouTube Data API v3,250,Estudios Rodríguez,fuzzy,sin_coincidencia_concluyente,,,2,Charliepapa | 20000 Leguas Cuadriláteras | recording assistants at | album || Charliepapa | 20000 Leguas Cuadriláteras | recording studios | album,open
229310,517872,organization,recording_studio,YouTube Data API v3,250,Estudios Rodríguez,fuzzy,sin_contexto,,,0,,open
229311,517873,organization,"Distrito Federal, Mexico",YouTube Data API v3,250,Estudios Rodríguez,fuzzy,sin_contexto,,,0,,open
229316,521527,organization,recording_studio,YouTube Data API v3,326,Gopinatha Studios,fuzzy,sin_contexto,,,0,,open
229317,521528,organization,"Caracas, Venezuela",YouTube Data API v3,326,Gopinatha Studios,fuzzy,sin_contexto,,,0,,open
229318,528530,organization,Gopinath Studios,YouTube Data API v3,326,Gopinatha Studios,fuzzy,sin_coincidencia_concluyente,,,0,Tomates Fritos | Odissey | mastered at | album || Tomates Fritos | Odissey | mixed at | album || Tomates Fritos | Odissey | recorded at | album,open
229319,528531,organization,recording_studio,YouTube Data API v3,326,Gopinatha Studios,fuzzy,sin_contexto,,,0,,open
229320,528532,organization,Caracas,YouTube Data API v3,326,Gopinatha Studios,fuzzy,sin_contexto,,,0,,open
229321,512665,organization,Grabaciones Del Este,YouTube Data API v3,115,Grabaciones Silvestres,fuzzy,sin_coincidencia_concluyente,,,0,Tomates Fritos | Molly | recorded at | album || Tomates Fritos | Molly | recorded at | 8,open
229322,512666,organization,recording_studio,YouTube Data API v3,115,Grabaciones Silvestres,fuzzy,sin_contexto,,,0,,open
229323,512667,organization,"Caracas, Venezuela",YouTube Data API v3,115,Grabaciones Silvestres,fuzzy,sin_contexto,,,0,,open
229324,530284,organization,Guatareno Estudios,YouTube Data API v3,1059,Entourage Studios,fuzzy,sin_coincidencia_concluyente,,,0,Various Artists | Chillout Venezuela | mixed at | 13 || Various Artists | Chillout Venezuela | recorded at | 13,open
229337,539761,organization,recording_studio,YouTube Data API v3,38,Jazzmania Studios,fuzzy,sin_contexto,,,0,,open
229338,539762,organization,"Caracas, Venezuela",YouTube Data API v3,38,Jazzmania Studios,fuzzy,sin_contexto,,,0,,open
229339,516879,organization,La Casita,YouTube Data API v3,324,La Casita (Troconis's House),fuzzy,sin_coincidencia_concluyente,,,0,PAN | Ensayo | mixed live at | album || PAN | Ensayo | recorded at | album,open
229340,516880,organization,recording_studio,YouTube Data API v3,324,La Casita (Troconis's House),fuzzy,sin_contexto,,,0,,open
229341,516881,organization,"Caracas, Venezuela",YouTube Data API v3,324,La Casita (Troconis's House),fuzzy,sin_contexto,,,0,,open
229350,512905,organization,"Caracas, Venezuela",YouTube Data API v3,176,Mad Box's Studios,fuzzy,sin_contexto,,,0,,open
229344,530181,organization,"Caracas, Venezuela",YouTube Data API v3,16,MECHA Estudios,article_variant,sin_contexto,,,0,,open
229345,539839,organization,Latin World Studio,YouTube Data API v3,134,Latin World Studios,fuzzy,sin_coincidencia_concluyente,,,0,Iguanas De Trapo | Lunes | additional recordings at | album,open
229346,539840,organization,recording_studio,YouTube Data API v3,134,Latin World Studios,fuzzy,sin_contexto,,,0,,open
229347,539841,organization,"Caracas, Venezuela",YouTube Data API v3,134,Latin World Studios,fuzzy,sin_contexto,,,0,,open
229348,512903,organization,Madbox Studio,YouTube Data API v3,176,Mad Box's Studios,fuzzy,sin_coincidencia_concluyente,,,0,Caramelos De Cianuro | Harakiri City | mixed at | 8 || Caramelos De Cianuro | Harakiri City | recorded at | 8,open
229349,512904,organization,recording_studio,YouTube Data API v3,176,Mad Box's Studios,fuzzy,sin_contexto,,,0,,open
229360,518790,organization,Producciones De La Montaña,YouTube Data API v3,601,Producciones de La Montaña,canonical_exact,candidato_correcto_credito_exacto,601,Producciones de La Montaña,1,La Misma Gente | La Misma Gente | executive production | album || La Misma Gente | La Misma Gente | mixed at | 5,approved
229361,518791,organization,recording_studio,YouTube Data API v3,601,Producciones de La Montaña,canonical_exact,sin_contexto,,,0,,open
229363,546445,organization,R.A. Studios,YouTube Data API v3,237,RM Studios,fuzzy,sin_coincidencia_concluyente,,,0,"Laberinto | Decada | mixed at | 6,11 || Laberinto | Decada | recorded at | 6",open
229369,524783,organization,Santa Monica Studios,YouTube Data API v3,316,Santa Mónica Studios,accent_only,candidato_correcto_credito_exacto,316,Santa Mónica Studios,1,Yátu | La Condición De Este Mundo | recorded at | album,approved
229370,524784,organization,recording_studio,YouTube Data API v3,316,Santa Mónica Studios,accent_only,sin_contexto,,,0,,open
229371,524785,organization,"Caracas, Venezuela",YouTube Data API v3,316,Santa Mónica Studios,accent_only,sin_contexto,,,0,,open
229372,538244,organization,Silver Avenue Studios,YouTube Data API v3,1084,Silver Avenue Records,fuzzy,sin_coincidencia_concluyente,,,0,Yátu | Inmortal | mixed at | album || Yátu | Inmortal | recorded at | album,open
229373,538245,organization,recording_studio,YouTube Data API v3,1084,Silver Avenue Records,fuzzy,sin_contexto,,,0,,open
229374,538246,organization,"Puerto Fijo, Venezuela",YouTube Data API v3,1084,Silver Avenue Records,fuzzy,sin_contexto,,,0,,open
229375,524822,organization,"Solares Studio, P&P",YouTube Data API v3,155,Solares P&R,fuzzy,sin_coincidencia_concluyente,,,0,Yátu | La Condición De Este Mundo | guitar solo recorded at | 2,open
229376,524823,organization,recording_studio,YouTube Data API v3,155,Solares P&R,fuzzy,sin_contexto,,,0,,open
229377,524824,organization,"Miami, FL",YouTube Data API v3,155,Solares P&R,fuzzy,sin_contexto,,,0,,open
229386,530755,organization,"Maracaibo, Venezuela",YouTube Data API v3,319,Subsonic,fuzzy,sin_contexto,,,0,,open
229387,541660,organization,Tarareo Estudios,YouTube Data API v3,327,Tarareo Studios,fuzzy,sin_coincidencia_concluyente,,,2,"Desorden Público | En Vivo En El Teresa Carreño | mixed at | 2,8 || Desorden Público | En Vivo En El Teresa Carreño | mixed at | 6",open
229388,541661,organization,recording_studio,YouTube Data API v3,327,Tarareo Studios,fuzzy,sin_contexto,,,0,,open
229389,541662,organization,"Caracas, Venezuela",YouTube Data API v3,327,Tarareo Studios,fuzzy,sin_contexto,,,0,,open
229401,520784,organization,"Caracas, Venezuela",YouTube Data API v3,199,Tonalidad Mayor Studio CA,fuzzy,sin_contexto,,,0,,open
229351,533775,organization,Madbox Studios,YouTube Data API v3,176,Mad Box's Studios,fuzzy,sin_coincidencia_concluyente,,,1,"Various Artists | 5to Festival Nuevas Bandas | recorded at | 1 || Various Artists | Caracas Underground | drums recorded at | 14,15",open
229352,533776,organization,recording_studio,YouTube Data API v3,176,Mad Box's Studios,fuzzy,sin_contexto,,,0,,open
229353,533777,organization,"Caracas, Venezuela",YouTube Data API v3,176,Mad Box's Studios,fuzzy,sin_contexto,,,0,,open
229354,528347,organization,Musical Virtual & Astaharzy Studios,YouTube Data API v3,1071,Musica Virtual Studios,fuzzy,sin_coincidencia_concluyente,,,0,OdraReg | God's Garden | adittional recordings at | album,open
229355,528348,organization,recording_studio,YouTube Data API v3,1071,Musica Virtual Studios,fuzzy,sin_contexto,,,0,,open
229356,528349,organization,"Caracas, Venezuela",YouTube Data API v3,1071,Musica Virtual Studios,fuzzy,sin_contexto,,,0,,open
229357,526662,organization,Play Station Digital,YouTube Data API v3,302,Play Station,fuzzy,sin_coincidencia_concluyente,,,0,"Palmeras Kanibales | 13 Super Kañonazos Bailables | mixed at | 5,9 || Palmeras Kanibales | 13 Super Kañonazos Bailables | recorded at | 5,9",open
229358,526663,organization,recording_studio,YouTube Data API v3,302,Play Station,fuzzy,sin_contexto,,,0,,open
229359,526664,organization,"Caracas, Venezuela",YouTube Data API v3,302,Play Station,fuzzy,sin_contexto,,,0,,open
229364,546446,organization,recording_studio,YouTube Data API v3,237,RM Studios,fuzzy,sin_contexto,,,0,,open
229365,546447,organization,"Amsterdam, Holland",YouTube Data API v3,237,RM Studios,fuzzy,sin_contexto,,,0,,open
229366,536525,organization,SR Estudios,YouTube Data API v3,301,Scape Studios,fuzzy,sin_coincidencia_concluyente,,,0,Decibel | BioSystem Hi-Fi | mixed at | album || Decibel | BioSystem Hi-Fi | recorded at | album,open
229367,536526,organization,recording_studio,YouTube Data API v3,301,Scape Studios,fuzzy,sin_contexto,,,0,,open
229368,536527,organization,"Maracaibo, Venezuela",YouTube Data API v3,301,Scape Studios,fuzzy,sin_contexto,,,0,,open
229378,516818,organization,SonoLab,YouTube Data API v3,967,Sonoplay,fuzzy,sin_coincidencia_concluyente,,,0,Horacero | Fusil | mixed at | album || Horacero | Fusil | recorded at | album,open
229379,516819,organization,recording_studio,YouTube Data API v3,967,Sonoplay,fuzzy,sin_contexto,,,0,,open
229380,516820,organization,"Caracas, Venezuela",YouTube Data API v3,967,Sonoplay,fuzzy,sin_contexto,,,0,,open
229381,527553,organization,Sonofolk Estudio,YouTube Data API v3,31,SonoFolk Estudios,fuzzy,sin_coincidencia_concluyente,,,0,Reciclaje | Excomulgado | mastered at | album || Reciclaje | Excomulgado | mixed at | album || Reciclaje | Excomulgado | recorded at | album,open
229382,527554,organization,recording_studio,YouTube Data API v3,31,SonoFolk Estudios,fuzzy,sin_contexto,,,0,,open
229383,527555,organization,"Caracas, Venezuela",YouTube Data API v3,31,SonoFolk Estudios,fuzzy,sin_contexto,,,0,,open
229384,530753,organization,Subsonic Studios,YouTube Data API v3,319,Subsonic,fuzzy,sin_coincidencia_concluyente,,,0,Mermelada Bunch | La Novela | mixed at | 11,open
229385,530754,organization,recording_studio,YouTube Data API v3,319,Subsonic,fuzzy,sin_contexto,,,0,,open
229390,546019,organization,Teatro Terresa Carreño,YouTube Data API v3,1091,"Teatro Teresa Carreño, July 13-15",fuzzy,sin_coincidencia_concluyente,,,0,Various Artists | Festival Nuevas Bandas Dosmiluno | recorded live at | album,open
229391,546020,organization,recording_studio,YouTube Data API v3,1091,"Teatro Teresa Carreño, July 13-15",fuzzy,sin_contexto,,,0,,open
229392,546021,organization,"Caracas, Venezuela",YouTube Data API v3,1091,"Teatro Teresa Carreño, July 13-15",fuzzy,sin_contexto,,,0,,open
229393,525474,organization,The Jack Studios,YouTube Data API v3,39,The Plant Studios,fuzzy,sin_coincidencia_concluyente,,,0,Jacktürbo | Jackturbo II | additional recordings at | album,open
229402,529472,organization,Tumbador,YouTube Data API v3,107,Tumbador Estudios,fuzzy,sin_coincidencia_concluyente,,,0,"Atkinson | Mota Foca | mixed at | 2,6",open
229403,529473,organization,recording_studio,YouTube Data API v3,107,Tumbador Estudios,fuzzy,sin_contexto,,,0,,open
229404,529474,organization,"Caracas, Venezuela",YouTube Data API v3,107,Tumbador Estudios,fuzzy,sin_contexto,,,0,,open
229405,522280,organization,West West Side/Deko Music,YouTube Data API v3,294,West West Side Music,fuzzy,sin_coincidencia_concluyente,,,0,"Fauna | Puño y Letra | mastered at | 5,7,11,13",open
229406,522281,organization,recording_studio,YouTube Data API v3,294,West West Side Music,fuzzy,sin_contexto,,,0,,open
229407,522282,organization,"New York, NY",YouTube Data API v3,294,West West Side Music,fuzzy,sin_contexto,,,0,,open
229408,532062,organization,World Beat Studio,YouTube Data API v3,93,Worldbeat Studios,fuzzy,sin_coincidencia_concluyente,,,0,King Changó | The Return of El Santo | mixed at | album || King Changó | The Return of El Santo | recorded at | album,open
229409,532063,organization,recording_studio,YouTube Data API v3,93,Worldbeat Studios,fuzzy,sin_contexto,,,0,,open
229410,532064,organization,"Calabasas, California",YouTube Data API v3,93,Worldbeat Studios,fuzzy,sin_contexto,,,0,,open
229415,536002,organization,recording_studio,YouTube Data API v3,448,Ariah Records,canonical_exact,sin_contexto,,,0,,open
229416,519477,organization,Blackbeans Studios,YouTube Data API v3,98,Black Beans Music Studios,fuzzy,sin_coincidencia_concluyente,,,3,Chulius & The Filarmónicos | MF* Radio | recording studios | album,open
229417,519478,organization,recording_studio,YouTube Data API v3,98,Black Beans Music Studios,fuzzy,sin_contexto,,,0,,open
229422,519445,organization,Groove Studios,YouTube Data API v3,75,Gozon Studio,fuzzy,sin_coincidencia_concluyente,,,3,Chulius & The Filarmónicos | MF* Radio | recording studios | album,open
229423,519446,organization,recording_studio,YouTube Data API v3,75,Gozon Studio,fuzzy,sin_contexto,,,0,,open
229425,519471,organization,recording_studio,YouTube Data API v3,1027,Guaco Estudios,fuzzy,sin_contexto,,,0,,open
229426,512500,organization,Human Productions,YouTube Data API v3,1066,Human Production,fuzzy,sin_coincidencia_concluyente,,,4,Claudio Corsi | Aire y Mar | recording studios | album,open
229427,512501,organization,recording_studio,YouTube Data API v3,1066,Human Production,fuzzy,sin_contexto,,,0,,open
231878,519509,person,Pregonero,YouTube Data API v3,5177,Pregonero,canonical_exact,candidato_correcto_credito_exacto,5177,Pregonero,1,Chulius & The Filarmónicos | MF* Radio | photos | album,approved
229394,525475,organization,recording_studio,YouTube Data API v3,39,The Plant Studios,fuzzy,sin_contexto,,,0,,open
229395,525476,organization,"Barcelona, Spain",YouTube Data API v3,39,The Plant Studios,fuzzy,sin_contexto,,,0,,open
229396,518071,organization,Tito Records,YouTube Data API v3,986,Dot Records,fuzzy,sin_coincidencia_concluyente,,,0,Soleà | EP | mastered at | album || Soleà | EP | mixed at | album || Soleà | EP | recorded at | album,open
229397,518072,organization,recording_studio,YouTube Data API v3,986,Dot Records,fuzzy,sin_contexto,,,0,,open
229398,518073,organization,"San Cristobal, Venezuela",YouTube Data API v3,986,Dot Records,fuzzy,sin_contexto,,,0,,open
229399,520782,organization,Tonalidad Mayor Estudios,YouTube Data API v3,199,Tonalidad Mayor Studio CA,fuzzy,sin_coincidencia_concluyente,,,0,Julliet | ¿Quieren Rock? | mastered at | album || Julliet | ¿Quieren Rock? | mixed at | album || Julliet | ¿Quieren Rock? | recorded at | album,open
229400,520783,organization,recording_studio,YouTube Data API v3,199,Tonalidad Mayor Studio CA,fuzzy,sin_contexto,,,0,,open
229411,531024,organization,World Beat Studios,YouTube Data API v3,93,Worldbeat Studios,article_variant,candidato_correcto_credito_exacto,93,Worldbeat Studios,2,Desorden Público | Plomo Revienta | additional recordings at | 18 || Desorden Público | Plomo Revienta | mixed at | 18 || Desorden Público | Plomo Revienta | recorded at | album,approved
229412,531025,organization,recording_studio,YouTube Data API v3,93,Worldbeat Studios,article_variant,sin_contexto,,,0,,open
229413,531026,organization,"Calabasas, California",YouTube Data API v3,93,Worldbeat Studios,article_variant,sin_contexto,,,0,,open
229414,536001,organization,Ariah Records,YouTube Data API v3,448,Ariah Records,canonical_exact,candidato_correcto_credito_exacto,448,Ariah Records,1,Grand Bite | Al Borde Del Precipicio / No Moriré | executive production | album,approved
229418,516541,organization,"Estudios Rodríguez (Mérida, Venezuela) &",YouTube Data API v3,250,Estudios Rodríguez,fuzzy,sin_coincidencia_concluyente,,,0,Submarino | Submarino | mixed at | 7,open
229419,516542,organization,recording_studio,YouTube Data API v3,250,Estudios Rodríguez,fuzzy,sin_contexto,,,0,,open
229420,541421,organization,Fordelucs Estudios,YouTube Data API v3,195,Fordelucs Beats,fuzzy,sin_coincidencia_concluyente,,,2,Tomates Fritos | Hombre Bala | recording studios | album,open
229421,541422,organization,recording_studio,YouTube Data API v3,195,Fordelucs Beats,fuzzy,sin_contexto,,,0,,open
229424,519470,organization,Guatanero Studios,YouTube Data API v3,1027,Guaco Estudios,fuzzy,sin_coincidencia_concluyente,,,3,"Chulius & The Filarmónicos | MF* Radio | mixed at | 4,6,9,10 || Chulius & The Filarmónicos | MF* Radio | recording studios | album",open
229428,519057,organization,La Cosa Nostra Estudio,YouTube Data API v3,117,La Cosa Nostra Estudios,fuzzy,sin_coincidencia_concluyente,,,0,Viniloversus | Yunque / Los Que Fueron y Vinieron | recording studios | album,open
229429,519058,organization,recording_studio,YouTube Data API v3,117,La Cosa Nostra Estudios,fuzzy,sin_contexto,,,0,,open
229430,513243,organization,Ojo Rabioso Records,YouTube Data API v3,597,Ojo Rabioso Records,canonical_exact,candidato_correcto_credito_exacto,597,Ojo Rabioso Records,1,La Calle | A.T.C. | executive production | album || La Calle | B-Sides: A.T.C. | executive production | album,approved
229431,513244,organization,recording_studio,YouTube Data API v3,597,Ojo Rabioso Records,canonical_exact,sin_contexto,,,0,,open
229432,515555,organization,Pablo Estudio,YouTube Data API v3,264,ABL Estudios,fuzzy,sin_coincidencia_concluyente,,,0,Famasloop | La Quema | brass arragements | 3,open
229433,515556,organization,recording_studio,YouTube Data API v3,264,ABL Estudios,fuzzy,sin_contexto,,,0,,open
229434,540459,organization,Polygram Records,YouTube Data API v3,408,Polygram Records,canonical_exact,candidato_correcto_credito_exacto,408,Polygram Records,1,La Nave | Astro | executive production | album,approved
229435,540460,organization,recording_studio,YouTube Data API v3,408,Polygram Records,canonical_exact,sin_contexto,,,0,,open
231880,529874,person,Pérez De León,YouTube Data API v3,9675,Pierre Delanoé,fuzzy,candidato_equivocado_existe_credito_exacto,12709,Pérez De León,1,Los Impala | ¡Estos Son Los Impala! | photos | album,open
231881,513956,person,R. Blanco,YouTube Data API v3,6837,Romi Blanco,alias_exact,candidato_con_variante_y_credito,6837,Romi Blanco,4,"Los Mentas | Sopa, Seco y Jugo | composed | album || Los Mentas | Sopa, Seco y Jugo | written | 10 || Los Mentas | Sopa, Seco y Jugo | written | 11 || Los Mentas | U.E.L.M: Unidad Educativa | lyrics written | 12",approved
231882,527446,person,R. Bonafon,YouTube Data API v3,9352,R. Bonafon,canonical_exact,candidato_correcto_credito_exacto,9352,R. Bonafon,4,The Six | Los Six | composed | 8 || Various Artists | Pop And Op Musical Gente En Ambiente | composed | 7,approved
231883,519653,person,R. Gutiérrez,YouTube Data API v3,9882,Gutiérrez,fuzzy,candidato_equivocado_existe_credito_exacto,12641,R. Gutiérrez,2,Gaêlica | Ibérica & Latina | composed | 2,open
231884,545663,person,R. Leal,YouTube Data API v3,9564,Leal,fuzzy,candidato_equivocado_existe_credito_exacto,12842,R. Leal,2,"Various Artists | La Respuesta | composed | 1,9",open
231885,535307,person,R. Marquez,YouTube Data API v3,9583,R. Márquez-H. Becerra,fuzzy,candidato_equivocado_existe_credito_exacto,9566,R. Márquez,3,Various Artists | Tsee Mud... Bacro... LSD (1968-1971) | lyrics | 9 || Willie Croes | La + De Las Partes | composed | 3,open
231886,541005,person,R. Márquez,YouTube Data API v3,9566,R. Márquez,canonical_exact,candidato_correcto_credito_exacto,9566,R. Márquez,3,Various Artists | Tsee Mud... Bacro... LSD (1968-1971) | lyrics | 9 || Willie Croes | La + De Las Partes | composed | 3,approved
229467,533190,person,"Abraham Garcia ""Cangrejo""",YouTube Data API v3,1636,"Abraham ""Cangrejo"" García",fuzzy,sin_coincidencia_concluyente,,,0,Mochuelo | Un Tanto Más | composed | 11,open
229468,536582,person,Adriana Millan,YouTube Data API v3,5362,Adriana Millan,canonical_exact,candidato_correcto_credito_exacto,5362,Adriana Millan,3,Decibel | BioSystem Hi-Fi | cd art | album || Decibel | BioSystem Hi-Fi | graphic design | album || Decibel | BioSystem Hi-Fi | photos | album,approved
229469,524574,person,Adriana Orellana,YouTube Data API v3,6717,Adriana Orellana,canonical_exact,candidato_correcto_credito_exacto,6717,Adriana Orellana,1,Chupi Lumpi | Una Oveja Más | graphic design & illustrations | album,approved
229436,513151,organization,ProgRock Records,YouTube Data API v3,538,Progrock Records,canonical_exact,candidato_correcto_credito_exacto,538,Progrock Records,1,RC2 | Future Awaits | executive producer | album,approved
229437,513152,organization,recording_studio,YouTube Data API v3,538,Progrock Records,canonical_exact,sin_contexto,,,0,,open
229438,515494,organization,Roadhouse Studios,YouTube Data API v3,202,Roadhouse Studio,fuzzy,sin_coincidencia_concluyente,,,0,Lebronch | De Chow | recording studios | album || Lebronch | Los Topinos Del Pan | pre-master recorded at | album || Lebronch | Todos Los Topinos De Lebronch | pre-master recorded at | album,open
229439,515495,organization,recording_studio,YouTube Data API v3,202,Roadhouse Studio,fuzzy,sin_contexto,,,0,,open
231887,545711,person,R. Serra,YouTube Data API v3,9430,R. Guerra,fuzzy,candidato_equivocado_existe_credito_exacto,12844,R. Serra,2,Various Artists | La Respuesta | composed | 5,open
229440,533178,organization,Space Music Records,YouTube Data API v3,433,Space Music Records,canonical_exact,candidato_correcto_credito_exacto,433,Space Music Records,1,Mochuelo | Un Tanto Más | executive production | album,approved
229441,533179,organization,recording_studio,YouTube Data API v3,433,Space Music Records,canonical_exact,sin_contexto,,,0,,open
229442,536411,organization,Tara Records,YouTube Data API v3,448,Ariah Records,fuzzy,sin_coincidencia_concluyente,,,0,Famasloop | 3 Casas | executive production | album,open
229443,536412,organization,recording_studio,YouTube Data API v3,448,Ariah Records,fuzzy,sin_contexto,,,0,,open
229444,525015,organization,The Pass Studios,YouTube Data API v3,39,The Plant Studios,fuzzy,sin_coincidencia_concluyente,,,0,"Caramelos De Cianuro | Flor De Fuego | recording studios | 2,3,8,10",open
229445,525016,organization,recording_studio,YouTube Data API v3,39,The Plant Studios,fuzzy,sin_contexto,,,0,,open
229446,525023,organization,The Village Studios,YouTube Data API v3,39,The Plant Studios,fuzzy,sin_coincidencia_concluyente,,,0,Caramelos De Cianuro | Flor De Fuego | recording studios | album,open
229447,525024,organization,recording_studio,YouTube Data API v3,39,The Plant Studios,fuzzy,sin_contexto,,,0,,open
229448,519484,organization,Tu Casa Studios,YouTube Data API v3,137,Tu Casa Studio,fuzzy,sin_coincidencia_concluyente,,,3,Chulius & The Filarmónicos | MF* Radio | recording studios | album,open
229449,519485,organization,recording_studio,YouTube Data API v3,137,Tu Casa Studio,fuzzy,sin_contexto,,,0,,open
229450,540343,person,Luis Molina Pantín,YouTube Data API v3,9003,Luis Molina Pantín,canonical_exact,candidato_correcto_credito_exacto,9003,Luis Molina Pantín,3,Dioslepague | Venus Mixes | photos | album || La Corte | Código Demente | photos | album || La Corte | Imperia | photos | album,approved
229452,518799,person,100% Poindexther,YouTube Data API v3,9898,100% Poindexther,canonical_exact,candidato_correcto_credito_exacto,9898,100% Poindexther,2,Desorden Público | Estrellas Del Caos | photo | album || Dioslepague | Música Para Los Apóstoles Madres | photos | album || La Misma Gente | La Misma Gente | photos | album,approved
229453,544921,person,: Tao,YouTube Data API v3,4240,Tarot,fuzzy,sin_coincidencia_concluyente,,,0,Puck | Martínez | graphic design | album,open
231888,536282,person,R. Sánchez,YouTube Data API v3,7358,Rafael Sánchez,alias_exact,candidato_con_variante_y_credito,7358,Rafael Sánchez,4,Témpano | Témpano | composed | 3,approved
229454,515122,person,A. Braithwithe,YouTube Data API v3,9492,A. Braithwithe,canonical_exact,candidato_correcto_credito_exacto,9492,A. Braithwithe,8,"Los Amigos Invisibles | En Una Noche Tan Linda Como Esta | composed | 11,12",approved
229455,515900,person,A. Espina,YouTube Data API v3,247,Agustín Espina,alias_exact,candidato_con_variante_y_credito,247,Agustín Espina,3,"Mermelada Bunch | Pum Pum | composed | 2,5 || Mermelada Bunch | Pum Pum | composed | 7,8",approved
229456,515260,person,A. Figueredo,YouTube Data API v3,9473,Figueredo,article_variant,sin_coincidencia_concluyente,,,4,Los Amigos Invisibles | En Una Noche Tan Linda Como Esta | composed | 4,open
229457,528225,person,A. Garavito,YouTube Data API v3,7974,A. García,fuzzy,candidato_equivocado_existe_credito_exacto,12750,A. Garavito,2,Radio Clip | Desde Cero | graphic design | album,open
229458,515893,person,A. Hernández,YouTube Data API v3,440,Saúl Hernandez,fuzzy,sin_coincidencia_concluyente,,,2,"Mermelada Bunch | Pum Pum | composed | 7,8",open
229470,535553,person,Adrían Morales Demori,YouTube Data API v3,2118,Adrían Morales,fuzzy,candidato_equivocado_existe_credito_exacto,12568,Adrían Morales Demori,1,Sónica | Huellas | mastered | album || Sónica | Huellas | mixed | album || Sónica | Huellas | recorded | album,open
229471,539271,person,Agustín Bozzo,YouTube Data API v3,1813,Agustín González,fuzzy,candidato_equivocado_existe_credito_exacto,12777,Agustín Bozzo,2,Skin | Skin | executive producer | album,open
229472,532793,person,Agustín Méndez,YouTube Data API v3,8306,Agustín Verde,fuzzy,candidato_equivocado_existe_credito_exacto,12932,Agustín Méndez,1,Juan Carlos Torrealba | No Voy Sin Ti | executive production | album,open
229473,524468,person,Al Falcon,YouTube Data API v3,6204,Nayibel Falcón,fuzzy,candidato_equivocado_existe_credito_exacto,12584,Al Falcon,1,Ananta | Songs From The Future | composed | 3,open
229474,515563,person,Alain,YouTube Data API v3,710,Alain Gómez,fuzzy,sin_coincidencia_concluyente,,,4,"Famasloop | La Quema | composed | 1,7,10 || Famasloop | La Quema | composed | 2 || Famasloop | La Quema | composed | 5,6,8,9 || Famasloop | La Quema | lyrics written | album || Famasloop | La Quema | written | 2",open
229475,537326,person,Alan Arenas,YouTube Data API v3,2463,Alan Ward,fuzzy,candidato_equivocado_existe_credito_exacto,12760,Alan Arenas,1,Rodrigo Solo | No Estás Solo | assistant engineer | album,open
231924,538263,person,Reni Arias,YouTube Data API v3,5226,Renny Vargas,fuzzy,candidato_equivocado_existe_credito_exacto,13028,Reni Arias,1,Yátu | Inmortal | graphic design | album || Yátu | Inmortal | photo | album,open
229476,516014,person,Albert Frangieh,YouTube Data API v3,7688,Albert Frangieh,canonical_exact,candidato_correcto_credito_exacto,7688,Albert Frangieh,1,Mermelada Bunch | Pum Pum | photos | album,approved
229477,540379,person,Alberto A. Torrealba,YouTube Data API v3,8712,Alberto Brito Landeau,fuzzy,candidato_equivocado_existe_credito_exacto,12977,Alberto A. Torrealba,1,"Various Artists | Simón Díaz Remixes | lyrics written | 2,6,10",open
229478,525166,person,Alberto Barnola,YouTube Data API v3,322,Alberto J. Barnola,fuzzy,candidato_equivocado_existe_credito_exacto,12812,Alberto Barnola,1,Témpano | En Reclamación | logo artwork | album || Témpano | Pesadilla Sin Final | logo design | album || Témpano | Seducción Subliminal | logo artwork | album,open
229479,514827,person,Alberto Cabelllo,YouTube Data API v3,646,Alberto Cabello,fuzzy,candidato_equivocado_existe_credito_exacto,12770,Alberto Cabelllo,2,Sentimiento Muerto | Fin Del Cuento 1981-1993 | remastered | album || Sentimiento Muerto | Sin Sombra No Hay Luz | remastered | album,open
229480,513280,person,Alberto Campanie,YouTube Data API v3,11261,Alberto Acuña,fuzzy,candidato_equivocado_existe_credito_exacto,12983,Alberto Campanie,2,Vytas Brenner | Jayeche | photos | album || Vytas Brenner | La Ofrenda De Vytas Brenner | photos | album,open
229482,512691,person,Alberto Díaz Moreno,YouTube Data API v3,256,Alberto Díaz,fuzzy,candidato_equivocado_existe_credito_exacto,12798,Alberto Díaz Moreno,4,Tomates Fritos | Molly | overdubs recorded | album,open
229483,532702,person,Alberto Slesinger,YouTube Data API v3,10122,Alberto Slezyinger,fuzzy,candidato_equivocado_existe_credito_exacto,12776,Alberto Slesinger,2,Sietecuero | Rojo Sangre | composed | 8,open
229484,530172,person,Aldo Lamana,YouTube Data API v3,2151,"Aldo Lamanna ""DJ Lamaña""",fuzzy,candidato_equivocado_existe_credito_exacto,12825,Aldo Lamana,1,Various Artists | Chillout Venezuela | mixed | 9 || Various Artists | Chillout Venezuela | recorded | 9,open
229485,520016,person,Alejandra Abecasis,YouTube Data API v3,969,Alejandro Jess,fuzzy,candidato_equivocado_existe_credito_exacto,12576,Alejandra Abecasis,1,Wahala | Wahala | photos | album,open
229486,518302,person,Alejandra Luis,YouTube Data API v3,6649,Alejandra Silva,fuzzy,candidato_equivocado_existe_credito_exacto,12786,Alejandra Luis,1,"Subsonus | Grandes Razones, Fuertes Acciones | photos | album",open
231936,531192,person,Ricardo Cuto Estevez,YouTube Data API v3,4632,Ricardo Capuz,fuzzy,candidato_equivocado_existe_credito_exacto,12863,Ricardo Cuto Estevez,1,Various Artists | Show De Boleros | composed | 3,open
229498,531760,person,Alejandro Page,YouTube Data API v3,7229,Alejandro Page,canonical_exact,candidato_correcto_credito_exacto,7229,Alejandro Page,1,Radio Clip | Donde Sopla El Viento | a | album || Radio Clip | Donde Sopla El Viento | r director | album || Radio Clip | Fuego En La Corriente | a | album || Radio Clip | Fuego En La Corriente | r director | album,approved
229499,521226,person,Alejandro Pietro C.,YouTube Data API v3,2605,Alejandro Pietro,fuzzy,candidato_equivocado_existe_credito_exacto,12552,Alejandro Pietro C.,1,Liqüet | Nada Es Eterno | concept | album || Liqüet | Nada Es Eterno | graphic design | album,open
229500,542533,person,Alejandro Ramírez,YouTube Data API v3,4654,Alejandro Ramírez,canonical_exact,sin_coincidencia_concluyente,,,1,Grillos Mientras Tanto | Demos | composed | 2 || Grillos Mientras Tanto | Demos | lyrics | 3,open
229501,515548,person,Alejandro Terrán,YouTube Data API v3,3460,Alejandro Serna,fuzzy,candidato_equivocado_existe_credito_exacto,12634,Alejandro Terrán,1,Famasloop | La Quema | string arragements | 10,open
229502,544533,person,Alex,YouTube Data API v3,8607,Alexis,fuzzy,sin_coincidencia_concluyente,,,0,Ricochet | Ahüzenciä | lyrics | 3,open
229503,516342,person,Alex Caballero,YouTube Data API v3,4468,Alexis Bello,fuzzy,candidato_equivocado_existe_credito_exacto,12902,Alex Caballero,3,Franco De Vita | Nada Es Igual | assistant engineers | album,open
229459,512557,person,A. Londoño,YouTube Data API v3,11909,Mark London,fuzzy,candidato_equivocado_existe_credito_exacto,12577,A. Londoño,2,Agresión | Cultura 3 | lyrics written | album,open
229460,517070,person,A. Malave,YouTube Data API v3,9820,A. Mata,fuzzy,candidato_equivocado_existe_credito_exacto,5596,A. Malavé,3,Various Artists | Segunda Experiencia Psicotomimética | composed | 4,open
229461,545697,person,A. Pérez,YouTube Data API v3,7619,Iván Pérez,fuzzy,candidato_equivocado_existe_credito_exacto,12843,A. Pérez,2,Various Artists | La Respuesta | composed | 4,open
229462,518229,person,A. Segura,YouTube Data API v3,490,Álvaro Segura,alias_exact,candidato_con_variante_y_credito,490,Álvaro Segura,1,"Zapato 3 | Ecos Punzantes Del Ayer | lyrics written | 2,3,6,7,9",approved
229463,528182,person,A. Torres,YouTube Data API v3,7801,A. Torres,canonical_exact,candidato_correcto_credito_exacto,7801,A. Torres,7,Radio Clip | Desde Cero | lyrics written | album || Radio Clip | Desde Cero | written | 10 || Radio Clip | Desde Cero | written | 13 || Various Artists | La Respuesta | composed | 10 || Various Artists | La Respuesta | composed | 2,approved
229464,518660,person,A. Verde,YouTube Data API v3,9323,Laverde,fuzzy,candidato_equivocado_existe_credito_exacto,13042,A. Verde,3,"Dimensión Latina | Una Dimensión De Éxitos | recorded | 5,7,10,20",open
229465,540337,person,A.K.A. Trece,YouTube Data API v3,9004,A.K.A. Trece,canonical_exact,candidato_correcto_credito_exacto,9004,A.K.A. Trece,2,Dioslepague | Venus Mixes | cover | album,approved
231912,515950,person,Ramírez,YouTube Data API v3,9515,J. Ramírez,fuzzy,sin_coincidencia_concluyente,,,2,Mermelada Bunch | Pum Pum | composed | 3,open
229487,518264,person,Alejandra Petkoff,YouTube Data API v3,7457,Alejandra Petkoff,canonical_exact,candidato_correcto_credito_exacto,7457,Alejandra Petkoff,1,Zapato 3 | Ecos Punzantes Del Ayer | cover model | album || Zapato 3 | Entrada De Bala | cover model | album,approved
229488,543507,person,Alejandro Alvarado,YouTube Data API v3,6345,Alejandro Calvo,fuzzy,candidato_equivocado_existe_credito_exacto,12621,Alejandro Alvarado,2,Distrust | Cloned Messiah | graphic design & artwork | album,open
229489,522132,person,Alejandro Avalis,YouTube Data API v3,6808,Alejandro Silva,fuzzy,candidato_equivocado_existe_credito_exacto,12766,Alejandro Avalis,1,Sentimiento Muerto | B-Side: El Amor Ya No Existe | assistant engineer | album || Sentimiento Muerto | El Amor Ya No Existe | assistant engineer | album,open
229490,519758,person,Alejandro Blancouribe,YouTube Data API v3,2077,Alejandro Bellorín,fuzzy,candidato_equivocado_existe_credito_exacto,4212,Alejandro Blanco Uribe,1,Ananta | Wheels Of Time / Night And Daydream | production assistant | album,open
229491,517757,person,Alejandro Calzadilla,YouTube Data API v3,5422,Alejandro Calzadilla,canonical_exact,candidato_correcto_credito_exacto,5422,Alejandro Calzadilla,2,C4 Trío | C4 Trío | graphic design | album,approved
229492,544863,person,Alejandro Capó,YouTube Data API v3,204,Alejandro Campos,fuzzy,candidato_equivocado_existe_credito_exacto,12836,Alejandro Capó,3,Various Artists | Grabaciones Olvidadas | graphic design | album,open
229493,526546,person,Alejandro Gómez,YouTube Data API v3,4179,Alejandro Florez,fuzzy,sin_coincidencia_concluyente,,,2,Various Artists | U-Rock Discos | composed | 1 || Various Artists | U-Rock Discos | composed | 2,open
229494,523179,person,Alejandro Iodice,YouTube Data API v3,6578,Alejandro Lodice,fuzzy,candidato_equivocado_existe_credito_exacto,12782,Alejandro Iodice,1,Sofía Insomnia | Breve Casi Eterno | photos | album,open
229495,523708,person,Alejandro Lecuna,YouTube Data API v3,3677,Alejandro Lucena,fuzzy,candidato_equivocado_existe_credito_exacto,13154,Alejandro Lecuna,1,Miguel Oldenburg | Memorias De Bravo Pueblo | creative direction | album,open
229496,538108,person,Alejandro Lucena,YouTube Data API v3,3677,Alejandro Lucena,canonical_exact,candidato_correcto_credito_exacto,3677,Alejandro Lucena,1,La Banana Voladora | La Banana Voladora | illustrations | album,approved
229497,525710,person,Alejandro López,YouTube Data API v3,4179,Alejandro Florez,fuzzy,candidato_equivocado_existe_credito_exacto,13091,Alejandro López,3,Various Artists | Caracas 400 Gente En Ambiente | recorded live | 17,open
229508,521653,person,Alexander Vanlawren,YouTube Data API v3,4418,Alexander Vanlawren,canonical_exact,candidato_correcto_credito_exacto,4418,Alexander Vanlawren,1,Mantra | In Solitude... I'll Watch You Fall | vocals recorded | album,approved
229509,520580,person,Alexander Wright,YouTube Data API v3,7499,Alexander Wright,canonical_exact,candidato_correcto_credito_exacto,7499,Alexander Wright,1,"Americania | Estoy Afuera, Sal | graphic design | album || Majarete Sound Machine | Real, Orgánico y Baile | logo | album",approved
229510,531931,person,Alexis Mora,YouTube Data API v3,3381,Alexis Romero,fuzzy,candidato_equivocado_existe_credito_exacto,12663,Alexis Mora,1,La Hermandad | Jai | cover photo | album,open
229511,514372,person,Alexis Rivas,YouTube Data API v3,5673,Alexis Saer,fuzzy,candidato_equivocado_existe_credito_exacto,13102,Alexis Rivas,1,"Various Artists | Páramo Pictures ""Alma"" | graphic design | album || Various Artists | Páramo Pictures ""Sentido"" | graphic design | album || Various Artists | Páramo Pictures ""Vida"" | graphic design | album || Various Artists | Venezuela Sin Fronteras | assistant producer | album || Various Artists | Venezuela Sin Fronteras | graphic design | album",open
229512,516336,person,Alfred Figueroa,YouTube Data API v3,2501,Alfredo Rojas,fuzzy,candidato_equivocado_existe_credito_exacto,12901,Alfred Figueroa,3,Franco De Vita | Nada Es Igual | assistant engineers | album,open
229504,520977,person,Alex Mirones,YouTube Data API v3,5010,Alex Endo,fuzzy,candidato_equivocado_existe_credito_exacto,13125,Alex Mirones,2,Radioclip | Brilla | composed | 7,open
229505,547253,person,Alexander,YouTube Data API v3,598,Alexander Hung,fuzzy,sin_coincidencia_concluyente,,,0,Los Beat3 | ¡En Vivo! | composed | 10,open
229506,520504,person,Alexander Brau,YouTube Data API v3,4103,Alexander Brau,canonical_exact,candidato_correcto_credito_exacto,4103,Alexander Brau,1,Candy66 | P.O.P. | photos | album,approved
229507,521844,person,Alexander Giraldo,YouTube Data API v3,5897,Alexander Ardila,fuzzy,candidato_equivocado_existe_credito_exacto,13056,Alexander Giraldo,1,Reciclaje | ¿Cuál Futuro? | photos | album,open
231937,513053,person,Ricardo Delgado Rodríguez,YouTube Data API v3,7107,Ricardo Delgado,fuzzy,candidato_equivocado_existe_credito_exacto,12611,Ricardo Delgado Rodríguez,1,Cunaguaro Soul | Bienvenidos A Este Viaje | graphic design | album || Cunaguaro Soul | Bienvenidos A Este Viaje | photo | album,open
229520,530780,person,Alvaro Ricabarra,YouTube Data API v3,6504,Alvaro Ricabarra,canonical_exact,candidato_correcto_credito_exacto,6504,Alvaro Ricabarra,1,Sentencia | Sentencia | executive production | album,approved
229521,528117,person,Alvaro Serrano,YouTube Data API v3,4972,Alvaro Torrens,fuzzy,candidato_equivocado_existe_credito_exacto,3272,Álvaro Serrano,2,Franco De Vita | Fantasía | art director | album || Franco De Vita | Franco De Vita | executive production | album || Various Artists | En Un Sótano De La Florida | graphic design | album,open
229522,542188,person,Alvaro Stuyck,YouTube Data API v3,490,Álvaro Segura,fuzzy,candidato_equivocado_existe_credito_exacto,12697,Alvaro Stuyck,1,Los Gusanos | El Ritual Del Vacilón | cover concept | album || Los Gusanos | El Ritual Del Vacilón | production coordinator | album,open
229523,533129,person,Alveiro Bolívar,YouTube Data API v3,8513,Alvaro Cova,fuzzy,candidato_equivocado_existe_credito_exacto,12684,Alveiro Bolívar,1,Levítico | Escuela Psicoanalítica | photos | album || Levítico | Levítico | photo | album,open
229524,531514,person,Alz,YouTube Data API v3,4929,Alz,canonical_exact,candidato_correcto_credito_exacto,4929,Alz,1,Billy Se Fue | Para Siempre | lyrics written | 1,approved
231949,516348,person,Ricky Blanco,YouTube Data API v3,1117,Ricky D.,fuzzy,candidato_equivocado_existe_credito_exacto,12903,Ricky Blanco,3,Franco De Vita | Nada Es Igual | assistant engineers | album,open
229530,524014,person,Anabella Georgi,YouTube Data API v3,7993,Anabella Georgi,canonical_exact,candidato_correcto_credito_exacto,7993,Anabella Georgi,2,Bacalao Men | Bacalao Men | graphic design | album || Bacalao Men | Bacalao Men | photo | album,approved
229531,523470,person,Anabella Ramirez,YouTube Data API v3,3607,Anabella,fuzzy,candidato_equivocado_existe_credito_exacto,6772,Anabella Ramírez,1,Tremolo Violenta | De Día Es Más Oscuro | graphic design | album,open
229532,530465,person,Andrea Benítez,YouTube Data API v3,5191,Andrea Benitez,accent_only,sin_coincidencia_concluyente,,,1,Cinema Sun | Cinema Sun | photos | album,open
229533,529193,person,Andreina Bravo,YouTube Data API v3,6826,Andreina Bravo,canonical_exact,candidato_correcto_credito_exacto,6826,Andreina Bravo,1,Fordelucs | Fotograma | artowrk | album || Fordelucs | Fotograma | design | album,approved
229542,545054,person,Andrés Calamaro,YouTube Data API v3,4993,Andrés Salazar,fuzzy,candidato_equivocado_existe_credito_exacto,13153,Andrés Calamaro,1,Mango Funk | El Nuevo Beat Del Tambor | composed | 4 || Mango Funk | El Nuevo Beat Del Tambor | written | 4,open
229543,537226,person,Andrés Echandía,YouTube Data API v3,8466,Andrés Echandía,canonical_exact,sin_coincidencia_concluyente,,,0,Charliepapa | Quinta Giuliana | photos | album,open
229544,512831,person,Andrés Eduardo Rodríguez,YouTube Data API v3,1510,Andrés Eduardo Sucre,fuzzy,candidato_equivocado_existe_credito_exacto,13062,Andrés Eduardo Rodríguez,2,Gasolina | EP | recorded live | album,open
229545,536571,person,Andrés Espinoza,YouTube Data API v3,5364,Andrés Espinoza,canonical_exact,candidato_correcto_credito_exacto,5364,Andrés Espinoza,3,Decibel | BioSystem Hi-Fi | graphic design | album,approved
229546,544595,person,Andrés González,YouTube Data API v3,6227,Andrés González,canonical_exact,candidato_correcto_credito_exacto,6227,Andrés González,2,Ricochet | Ahüzenciä | art | album,approved
229547,512812,person,Andrés Manner,YouTube Data API v3,3761,Andrés Manner,canonical_exact,candidato_correcto_credito_exacto,3761,Andrés Manner,5,Atkinson | Colonia Para El Alma | photos | album || La Calle | A.T.C. | photos | album || La Corte | Código Demente | photos | album || Radio Clip | Donde Sopla El Viento | photo | album || Sentimiento Muerto | Aunque Usted No Lo Quiera | photos | album || Sentimiento Muerto | Demos: Sin Sombra No Hay Luz | photo | album || Sentimiento Muerto | Sin Sombra No Hay Luz | cover photos | album,approved
229548,536908,person,Andrés Otero,YouTube Data API v3,1507,Andrés Cordero,fuzzy,candidato_equivocado_existe_credito_exacto,13123,Andrés Otero,2,Pacífica | 01 | executive production | album || Pacífica | D'Art | executive producer | album,open
229550,546902,person,Andrés Ungaro,YouTube Data API v3,6570,Andrés Ungaro,canonical_exact,candidato_correcto_credito_exacto,6570,Andrés Ungaro,1,1ra Edición | Tiempo De Actuar | graphic design | album || Fauna | Fauna | graphic design | album,approved
229551,547349,person,Andy Rodríguez,YouTube Data API v3,4633,André Rodríguez,fuzzy,candidato_equivocado_existe_credito_exacto,12980,Andy Rodríguez,2,Vytas Brenner | Amazonia | graphic design | album,open
229552,542242,person,Ane Manchobas,YouTube Data API v3,8620,Ane Manchobas,canonical_exact,candidato_correcto_credito_exacto,8620,Ane Manchobas,2,Los Gusanos | El Ritual Del Vacilón | graphic design | album,approved
229565,521729,person,Antonio Franco,YouTube Data API v3,533,Antonio Narciso,fuzzy,candidato_equivocado_existe_credito_exacto,12640,Antonio Franco,1,Fordelucs | Mundo | photos | album,open
229566,518611,person,Antonio González,YouTube Data API v3,6903,Antonio Rosales,fuzzy,candidato_equivocado_existe_credito_exacto,13041,Antonio González,2,Dimensión Latina | Una Dimensión De Éxitos | recorded | 2,open
229513,525737,person,Alfredo Churión,YouTube Data API v3,5078,Alfredo Churión,canonical_exact,candidato_correcto_credito_exacto,5078,Alfredo Churión,3,Various Artists | Caracas 400 Gente En Ambiente | a | album || Various Artists | Caracas 400 Gente En Ambiente | r | album,approved
229514,531649,person,Alfredo Correia,YouTube Data API v3,2376,Alfredo Cabrera,fuzzy,candidato_equivocado_existe_credito_exacto,12714,Alfredo Correia,1,"Majarete Sound Machine | Real, Orgánico y Baile | art direction | album",open
229515,544692,person,"Alfredo Loero Echeverria ""Chofa""",YouTube Data API v3,2464,Alfredo Lovero,fuzzy,candidato_equivocado_existe_credito_exacto,13101,"Alfredo Loero Echeverria ""Chofa""",1,"Various Artists | Venezuela Electrónica Vol. 3 ""Mestizo"" | photo | album",open
229516,522138,person,Alfredo Lois,YouTube Data API v3,8067,Alfredo Oliva,fuzzy,candidato_equivocado_existe_credito_exacto,12767,Alfredo Lois,1,Sentimiento Muerto | B-Side: El Amor Ya No Existe | graphic design & cover | album || Sentimiento Muerto | El Amor Ya No Existe | graphic design & cover | album,open
229517,514861,person,Alfredo Valero,YouTube Data API v3,8897,Alfredo Valero,canonical_exact,candidato_correcto_credito_exacto,8897,Alfredo Valero,1,Desorden Público | ¿Dónde Está El Futuro? | recorded live | 6 || Sentimiento Muerto | A La Hora Justa | assistant engineer | album || Sentimiento Muerto | Fin Del Cuento 1981-1993 | assistant engineer | album || Sentimiento Muerto | Infecto De Afecto | assistant engineer | album,approved
229518,527175,person,Alpert,YouTube Data API v3,9476,Alpert,canonical_exact,candidato_correcto_credito_exacto,9476,Alpert,2,Spiteri | Spiteri | produced | album,approved
229519,515773,person,Alvaro Cova,YouTube Data API v3,8513,Alvaro Cova,canonical_exact,candidato_correcto_credito_exacto,8513,Alvaro Cova,5,Circo Urbano | Kilómetros | cover concept | album || Circo Urbano | Música Moderna | graphic design | album || Circo Urbano | Música Moderna | photo | album,approved
229525,537891,person,Alí Primera,YouTube Data API v3,5649,Alí Arrieta,fuzzy,candidato_equivocado_existe_credito_exacto,12890,Alí Primera,1,Desorden Público | Los Contrarios | composed | 12,open
229526,525172,person,Amelie Areco,YouTube Data API v3,9304,Ameli,fuzzy,candidato_equivocado_existe_credito_exacto,12815,Amelie Areco,1,Témpano | Seducción Subliminal | graphic design | album,open
229527,523719,person,América Maldonado,YouTube Data API v3,7491,Americania,fuzzy,candidato_equivocado_existe_credito_exacto,13155,América Maldonado,1,Miguel Oldenburg | Memorias De Bravo Pueblo | photo | album,open
229528,524720,person,Ana María Acero,YouTube Data API v3,5652,Ana María Pérez,fuzzy,candidato_equivocado_existe_credito_exacto,13020,Ana María Acero,3,Ninah Mars | Alboom! | graphic design & art direction | album || Ninah Mars | Alboom! | photos | album,open
229529,544875,person,Ana Sáenz,YouTube Data API v3,6901,Liliana Sáenz,fuzzy,candidato_equivocado_existe_credito_exacto,12838,Ana Sáenz,3,Various Artists | Grabaciones Olvidadas | graphic design | album,open
229534,531732,person,Andres Otero,YouTube Data API v3,1507,Andrés Cordero,fuzzy,candidato_equivocado_existe_credito_exacto,13123,Andrés Otero,2,Pacífica | 01 | executive production | album || Pacífica | D'Art | executive producer | album,open
229535,523383,person,Andres Sucre,YouTube Data API v3,1359,Andrés Seger,fuzzy,sin_coincidencia_concluyente,,,4,"Los Mesoneros | Indeleble | composed | 5 || Los Mesoneros | Indeleble | lyrics | 2,5 || Los Mesoneros | Indeleble | lyrics | 9",open
229536,529022,person,Andres Ungaro,YouTube Data API v3,1380,Andrés Buitrago,fuzzy,candidato_equivocado_existe_credito_exacto,6570,Andrés Ungaro,1,1ra Edición | Tiempo De Actuar | graphic design | album || Fauna | Fauna | graphic design | album,open
229537,525030,person,Andrew Alekel,YouTube Data API v3,4289,Andrew Alekel,canonical_exact,sin_coincidencia_concluyente,,,0,"Caramelos De Cianuro | Flor De Fuego | recording assistants | 1,4,5,6,7,9",open
229538,527134,person,Andrew Blanco,YouTube Data API v3,270,Andrés Blanco,fuzzy,candidato_equivocado_existe_credito_exacto,12656,Andrew Blanco,1,King Changó | King Changó | design | album,open
229539,516460,person,Andrés,YouTube Data API v3,3809,Andrés,canonical_exact,candidato_correcto_credito_exacto,3809,Andrés,2,Submarino | Submarino | composed | 3,approved
229540,513300,person,"Andrés ""Gazoo"" Ungaro",YouTube Data API v3,2638,Andrés Guzmán,fuzzy,otro_candidato_variante_con_credito,6570,Andrés Ungaro,1,Sónica | Lo Que Escribo Sobre Ti | graphic design | album,open
229541,535621,person,"Andrés Astorga ""Dj Trujillo""",YouTube Data API v3,2634,"Andrés Astorga ""Trujillo""",fuzzy,sin_coincidencia_concluyente,,,0,Caramelos De Cianuro | 2LadosB | remixed | 9,open
229553,526279,person,Anelys Rodríguez,YouTube Data API v3,4075,Ysmael Rodríguez,fuzzy,candidato_equivocado_existe_credito_exacto,13130,Anelys Rodríguez,1,Damper | Damper | manager | album,open
229554,537926,person,"Angel ""Taba"" Mora",YouTube Data API v3,8939,"Angel ""Taba"" Mora",canonical_exact,sin_coincidencia_concluyente,,,0,Desorden Público | Los Contrarios | photos | album,open
229555,525807,person,Angel Carrasco,YouTube Data API v3,4318,Angel Vargas,fuzzy,candidato_equivocado_existe_credito_exacto,12907,Angel Carrasco,2,Franco De Vita | Stop | executive producer | album,open
229556,541758,person,Angel Colmenares,YouTube Data API v3,8919,Angel Colmenares,canonical_exact,candidato_correcto_credito_exacto,8919,Angel Colmenares,1,Desorden Público | En Vivo En El Teresa Carreño | cover photo | album,approved
229567,539277,person,Antonio Hernández,YouTube Data API v3,2695,Antonio Fernández,fuzzy,otro_candidato_variante_con_credito,3183,"Antonio Hernández ""Toy""",2,Skin | Skin | executive producer | album,open
229568,528139,person,Antonio Huizi,YouTube Data API v3,5774,Antonio Huizi,canonical_exact,candidato_correcto_credito_exacto,5774,Antonio Huizi,1,Colina | Colina | graphic design | album || Franco De Vita | Fantasía | graphic design | album || Franco De Vita | Franco De Vita | graphic design | album,approved
229569,512590,person,Antonio J. Guzman,YouTube Data API v3,9293,Antonio Juan,fuzzy,candidato_equivocado_existe_credito_exacto,12578,Antonio J. Guzman,1,Agresión | Cultura 3 | band pictures | album,open
229570,524314,person,Antonio Juric,YouTube Data API v3,3477,Antonio Jauregui,fuzzy,candidato_equivocado_existe_credito_exacto,12808,Antonio Juric,2,Témpano | Childhood's End / El Fin De La Infancia | assistant engineers | album,open
229571,529092,person,Antonio Mejía,YouTube Data API v3,8647,Antonio Mejía,canonical_exact,candidato_correcto_credito_exacto,8647,Antonio Mejía,1,PP'S | Tercera Guerra Musical | production coordinator | album,approved
229572,547549,person,Antonio Moubayed,YouTube Data API v3,316,Antonio Ave,fuzzy,candidato_equivocado_existe_credito_exacto,12940,Antonio Moubayed,3,Levítico | Reseteo | graphic design | album || Levítico | Reseteo | photos | album,open
229573,523532,person,Antonio Spinetti Dini,YouTube Data API v3,4161,Antonio Pinto,fuzzy,candidato_equivocado_existe_credito_exacto,13076,Antonio Spinetti Dini,2,Serenata Guayanesa | Vol. 2: Música Popular y Folklórica Venezolana | composed | 4,open
229574,543961,person,Aníbal Nuñez,YouTube Data API v3,12241,Tania Nunez,fuzzy,candidato_equivocado_existe_credito_exacto,12685,Aníbal Nuñez,1,Levítico | Levítico | live sound engineered | album,open
229575,521182,person,Aquiles Hadjis,YouTube Data API v3,935,Aquiles Báez,fuzzy,candidato_equivocado_existe_credito_exacto,12652,Aquiles Hadjis,1,Julia | Combo Tropical Contemporáneo | graphic design | album || Julia | Combo Tropical Contemporáneo | photography | album,open
231950,523574,person,Rivera,YouTube Data API v3,9607,Rivero,fuzzy,sin_coincidencia_concluyente,,,1,Serenata Guayanesa | Vol. 2: Música Popular y Folklórica Venezolana | composed | 2,open
229584,530804,person,Armando Toledano,YouTube Data API v3,7803,Armando Molero,fuzzy,candidato_equivocado_existe_credito_exacto,13146,Armando Toledano,1,"Various Artists | Venezuela Electrónica Vol. 1 | executive producer | album || Various Artists | Venezuela Electrónica Vol. 2 ""Blanco"" | executive production | album || Various Artists | Venezuela Electrónica Vol. 2 ""Verde"" | executive production | album",open
229587,513692,person,Arístides Silva,YouTube Data API v3,5717,Aristides Silva,accent_only,candidato_correcto_credito_exacto,5717,Aristides Silva,1,Fernando Yvosky | Dos Mundos | graphic design | album || Frank Quintero & Los Balzehaguaos | Despues De La Tormenta | graphic design | album || Frank Quintero & Los Balzehaguaos | Despues De La Tormenta | photo | album,approved
229588,534492,person,Ascóniga,YouTube Data API v3,6042,Ascóniga,canonical_exact,candidato_correcto_credito_exacto,6042,Ascóniga,2,"Palmeras Kanibales | La Ruta | composed | 1,6",approved
231964,521541,person,Rodrígo Pérez-Segnini,YouTube Data API v3,1924,Rodrigo,fuzzy,candidato_equivocado_existe_credito_exacto,12821,Rodrígo Pérez-Segnini,1,Various Artists | 5to Festival Nuevas Bandas | photos | album,open
229596,533123,person,Beatriz G. Sadeño,YouTube Data API v3,7757,Beatriz Gomez T.,fuzzy,candidato_equivocado_existe_credito_exacto,12683,Beatriz G. Sadeño,1,Levítico | Escuela Psicoanalítica | graphic design | album,open
229597,521979,person,Beau Graely,YouTube Data API v3,4124,Beau Graely,canonical_exact,candidato_correcto_credito_exacto,4124,Beau Graely,1,Maurimix | Boxin' Da House | photos | album,approved
229598,519567,person,Belisa Pulido,YouTube Data API v3,9908,Belisario,fuzzy,sin_coincidencia_concluyente,,,0,Reyes | Futuro | lyrics written | 4,open
229599,540422,person,Bernal,YouTube Data API v3,5235,Berni Anzola,fuzzy,sin_coincidencia_concluyente,,,2,Laberinto | Priority | composed | album,open
229600,547395,person,Bernardo Anzola,YouTube Data API v3,7698,Bernardo Arzola,fuzzy,candidato_equivocado_existe_credito_exacto,12726,Bernardo Anzola,1,Mata Rica | Quémate | drums recorded | album,open
229601,547267,person,Berry,YouTube Data API v3,5931,Berry,canonical_exact,candidato_correcto_credito_exacto,5931,Berry,1,Los Beat3 | ¡En Vivo! | composed | 5,approved
229602,537126,person,Berry Gordy,YouTube Data API v3,5931,Berry,fuzzy,candidato_equivocado_existe_credito_exacto,12927,Berry Gordy,1,Henry Stephen | Limón Limonero | composed | 12,open
229603,539915,person,Berry Gordy Jr.,YouTube Data API v3,5931,Berry,fuzzy,candidato_equivocado_existe_credito_exacto,12922,Berry Gordy Jr.,4,Henrique Lazo | Henrique Lazo | composed | 8,open
229604,537084,person,Bert Kaempfert,YouTube Data API v3,12041,Bert Kaempfert,canonical_exact,candidato_correcto_credito_exacto,12041,Bert Kaempfert,3,Henry Stephen | Limón Limonero | composed | 9,approved
229616,521568,person,Borges,YouTube Data API v3,9356,F. Borgues,fuzzy,sin_coincidencia_concluyente,,,2,"Mantra | In Solitude... I'll Watch You Fall | composed | album || Mantra | In Solitude... I'll Watch You Fall | composed | 1,2,7,12 || Mantra | In Solitude... I'll Watch You Fall | composed | 6 || Mantra | In Solitude... I'll Watch You Fall | composed | 8,11",open
229617,544869,person,Boris Felipe,YouTube Data API v3,10982,Boris Fomin,fuzzy,candidato_equivocado_existe_credito_exacto,12837,Boris Felipe,3,Various Artists | Grabaciones Olvidadas | graphic design | album,open
229557,517358,person,Angel Delgado,YouTube Data API v3,4636,Angel Delgado,canonical_exact,candidato_correcto_credito_exacto,4636,Angel Delgado,2,The Asbestos | Alzheimer | art & graphic design | album || The Asbestos | Alzheimer | concept | album || The Asbestos | Waking The Nightmares | art & graphic design | album || The Asbestos | Waking The Nightmares | concept | album,approved
229558,547322,person,Angelo Nigro,YouTube Data API v3,6909,Angelo Nigro,canonical_exact,candidato_correcto_credito_exacto,6909,Angelo Nigro,2,Vytas Brenner | Amazonia | executive production | album,approved
229559,512455,person,Angelo Sebastiano,YouTube Data API v3,8992,Angel Solano,fuzzy,candidato_equivocado_existe_credito_exacto,12886,Angelo Sebastiano,1,Claudio Corsi | Aire y Mar | lyrics written | 6,open
229560,526163,person,Ani Lozada,YouTube Data API v3,1157,Xavier Lozada,fuzzy,candidato_equivocado_existe_credito_exacto,12834,Ani Lozada,1,Various Artists | Festival Nuevas Bandas 20 Años En Vivo | assistant production | album,open
229561,542510,person,Anibal Morino,YouTube Data API v3,3874,Aníbal Murillo,fuzzy,candidato_equivocado_existe_credito_exacto,12756,Anibal Morino,1,Radio Clip | Radio Clip | photos | album,open
229562,533996,person,Anonymus,YouTube Data API v3,7364,Anónimo,fuzzy,sin_coincidencia_concluyente,,,0,"E-óN | Ticket To Youkali | composed | 10,11",open
229563,540796,person,Antonio Díaz,YouTube Data API v3,4354,Antonio Díaz,canonical_exact,candidato_correcto_credito_exacto,4354,Antonio Díaz,1,Franco De Vita | Fuera De Este Mundo | photos | album,approved
229564,528237,person,Antonio Faro,YouTube Data API v3,808,Antonio Rayo,fuzzy,candidato_equivocado_existe_credito_exacto,12752,Antonio Faro,1,Radio Clip | Desde Cero | cover photos | album,open
229576,546596,person,Aristides Silva,YouTube Data API v3,5717,Aristides Silva,canonical_exact,candidato_correcto_credito_exacto,5717,Aristides Silva,1,Fernando Yvosky | Dos Mundos | graphic design | album || Frank Quintero & Los Balzehaguaos | Despues De La Tormenta | graphic design | album || Frank Quintero & Los Balzehaguaos | Despues De La Tormenta | photo | album,approved
229577,530717,person,Armandito Hernández,YouTube Data API v3,7696,Armandito Hernández,canonical_exact,candidato_correcto_credito_exacto,7696,Armandito Hernández,4,Mermelada Bunch | La Novela | additional recordings | album,approved
229578,543460,person,Armando,YouTube Data API v3,9289,Armao,fuzzy,sin_coincidencia_concluyente,,,1,Masseratti 2lts | En Sabana Grande También Hay | composed | album,open
229579,519619,person,Armando Ayala,YouTube Data API v3,8141,Armando Avila,fuzzy,candidato_equivocado_existe_credito_exacto,12955,Armando Ayala,1,Pablo Dagnino | Biorritmos | graphic concept | album,open
229583,546998,person,Armando Rodríguez,YouTube Data API v3,11793,Armando Domínguez,fuzzy,candidato_equivocado_existe_credito_exacto,13096,Armando Rodríguez,5,Various Artists | Noveno Festival Nuevas Bandas | asistant engineers | album,open
229589,547810,person,Atkinson,YouTube Data API v3,7933,Atkinson,canonical_exact,candidato_correcto_credito_exacto,7933,Atkinson,1,Masseratti 2lts | Covers.1 | composed | 5,approved
229590,514869,person,Augusto Perdomo,YouTube Data API v3,6936,Augusto Córdoba,fuzzy,candidato_equivocado_existe_credito_exacto,13066,Augusto Perdomo,2,La Vida Bohème | Sonó Así | executive production | album || Pzoom | Sonó Así | executive production | album || Viniloversus | Sonó Así | executive producer | album,open
229591,525343,person,Augusto Perdono,YouTube Data API v3,4581,Augusto Bernard,fuzzy,candidato_equivocado_existe_credito_exacto,12542,Augusto Perdono,2,Famasloop | Sonó Así | executive production | album || Nana Cadavieco | Sonó Así | executive production | album,open
229592,525498,person,Augusto Ramos,YouTube Data API v3,5636,Augusto Rúan,fuzzy,candidato_equivocado_existe_credito_exacto,13082,Augusto Ramos,1,Serenata Guayanesa | Vol. 3: Música Popular y Folklórica Venezolana | composed | 7,open
229593,517098,person,B. Bacharach,YouTube Data API v3,8278,Bacharach,fuzzy,candidato_equivocado_existe_credito_exacto,12855,B. Bacharach,1,Various Artists | Segunda Experiencia Psicotomimética | composed | 6,open
229594,538497,person,B. Zambrini. R. Sini,YouTube Data API v3,9734,B. Zambrini,fuzzy,candidato_equivocado_existe_credito_exacto,12840,B. Zambrini. R. Sini,2,Various Artists | La Otra Magia De Los 60 & 70 | composed | 17,open
229595,539874,person,Barry,YouTube Data API v3,10435,Barry,canonical_exact,candidato_correcto_credito_exacto,10435,Barry,4,Henrique Lazo | Henrique Lazo | composed | 4,approved
229606,533207,person,Besign,YouTube Data API v3,4465,Design,fuzzy,sin_coincidencia_concluyente,,,2,Mochuelo | Un Tanto Más | concept | album || Mochuelo | Un Tanto Más | graphic design | album,open
229607,530792,person,Bik-Har Fun,YouTube Data API v3,6499,Bik-Har Fun,canonical_exact,candidato_correcto_credito_exacto,6499,Bik-Har Fun,2,Sentencia | Sentencia | graphic design | album,approved
229608,525908,person,Bill Wathen,YouTube Data API v3,4229,Bill Wathen,canonical_exact,candidato_correcto_credito_exacto,4229,Bill Wathen,2,Caramelos De Cianuro | B-Sides: Miss Mujerzuela | asistan engineers | album || Caramelos De Cianuro | Miss Mujerzuela | asistan engineers | album,approved
229610,536131,person,Billy Cass,YouTube Data API v3,11251,Bill Chase,fuzzy,candidato_equivocado_existe_credito_exacto,13046,Billy Cass,1,Fauna Crepuscular | El Primero Siempre Es Rápido | photos | album,open
229618,512896,person,Boris Millan,YouTube Data API v3,10982,Boris Fomin,fuzzy,otro_candidato_variante_con_credito,2966,Boris Milan,1,Caramelos De Cianuro | Harakiri City | mixed | 8 || Caramelos De Cianuro | Harakiri City | recorded | 8,open
229620,539922,person,Brenda Holloway,YouTube Data API v3,6217,Brenda,fuzzy,candidato_equivocado_existe_credito_exacto,12923,Brenda Holloway,4,Henrique Lazo | Henrique Lazo | composed | 8,open
229621,524980,person,Brett Greenberg,YouTube Data API v3,4276,Brett Greenberg,canonical_exact,candidato_correcto_credito_exacto,4276,Brett Greenberg,6,Caramelos De Cianuro | Flor De Fuego | executive production | album,approved
229622,514947,person,Brian Hernández,YouTube Data API v3,2506,Ramón Hernández,fuzzy,candidato_equivocado_existe_credito_exacto,12716,Brian Hernández,3,Malanga | Aunque Mueran Las Flores | additional engineers | album,open
229623,547211,person,Brianbert,YouTube Data API v3,7858,Brian Setzer,fuzzy,sin_coincidencia_concluyente,,,2,Los Beat3 | ¡En Vivo! | composed | 6,open
229624,536616,person,Brown,YouTube Data API v3,9320,Brown,canonical_exact,candidato_correcto_credito_exacto,9320,Brown,5,Tarot | Tarot | composed | album,approved
229625,516937,person,Budú,YouTube Data API v3,6977,Budu,accent_only,candidato_correcto_credito_exacto,6977,Budu,2,Vagos y Maleantes | Papidandeando | all lyrics | album,approved
229638,534442,person,Calello,YouTube Data API v3,9203,Calello,canonical_exact,candidato_correcto_credito_exacto,9203,Calello,4,"Palmeras Kanibales | La Ruta | composed | 13 || Palmeras Kanibales | La Ruta | composed | 3,8,11 || Palmeras Kanibales | La Ruta | composed | 4,7 || Palmeras Kanibales | La Ruta | composed | 9",approved
229639,521562,person,Calma,YouTube Data API v3,1852,Campa,fuzzy,sin_coincidencia_concluyente,,,2,"Mantra | In Solitude... I'll Watch You Fall | composed | album || Mantra | In Solitude... I'll Watch You Fall | composed | 1,2,7,12 || Mantra | In Solitude... I'll Watch You Fall | composed | 6 || Mantra | In Solitude... I'll Watch You Fall | composed | 8,11",open
229640,525044,person,Cameron Barton,YouTube Data API v3,4286,Cameron Barton,canonical_exact,sin_coincidencia_concluyente,,,0,"Caramelos De Cianuro | Flor De Fuego | recording assistants | 2,3,8,10",open
229641,532355,person,Camila Di Marzo,YouTube Data API v3,4483,Camila Di Marzo,canonical_exact,candidato_correcto_credito_exacto,4483,Camila Di Marzo,1,Caramelos De Cianuro | En Vivo | model | album,approved
229642,526382,person,Camilo Muedra,YouTube Data API v3,7450,Camilo Muedra,canonical_exact,candidato_correcto_credito_exacto,7450,Camilo Muedra,1,Zapato 3 | Cápsula Para Volar | executive production | album || Zapato 3 | Maya | executive production | album,approved
229643,547376,person,Caplis Chacín,YouTube Data API v3,1637,Carlos Chacín,fuzzy,candidato_equivocado_existe_credito_exacto,12725,Caplis Chacín,1,Mata Rica | Quémate | executive production | album,open
229644,547009,person,Caplís Chachín,YouTube Data API v3,1637,Carlos Chacín,fuzzy,candidato_equivocado_existe_credito_exacto,13097,Caplís Chachín,2,Various Artists | Noveno Festival Nuevas Bandas | produced | 14,open
229645,529557,person,Capocci,YouTube Data API v3,9777,Capoch,fuzzy,sin_coincidencia_concluyente,,,1,"Torre De Marfíl | Ecos De La Tercera Realidad | composed | 1,5 || Torre De Marfíl | Ecos De La Tercera Realidad | composed | 3 || Torre De Marfíl | Ecos De La Tercera Realidad | composed | 8",open
229646,540074,person,Caramelos De Cianuro,YouTube Data API v3,11865,Caramelo de la Fortuna,fuzzy,sin_coincidencia_concluyente,,,7,"Caramelos De Cianuro | 2LadosB | composed | album || Caramelos De Cianuro | 2LadosB | executive production | album || Caramelos De Cianuro | 8 | executive production | album || Caramelos De Cianuro | Caramelos De Cianuro | executive production | album || Caramelos De Cianuro | En Vivo | composed | album || Caramelos De Cianuro | En Vivo | executive production | album || Caramelos De Cianuro | Flor De Fuego | composed | album || Caramelos De Cianuro | Flor De Fuego | produced | 2,3,8,10 || Caramelos De Cianuro | Flor De Fuego | produced | 4,7 || Caramelos De Cianuro | Harakiri City | composed | album || Caramelos De Cianuro | Miss Mujerzuela | composed | album || Caramelos De Cianuro | Rubia Sol Morena Luna | executive production | album || Various Artists | Harakiri City: Tributo A Caramelos De Cianuro | composed | album",open
229647,539888,person,Carl Martin,YouTube Data API v3,3249,Carlos Martini,fuzzy,sin_coincidencia_concluyente,,,4,Henrique Lazo | Henrique Lazo | composed | 4,open
229648,522073,person,"Carlos ""Pichi"" Domínguez",YouTube Data API v3,350,Carlos Ignacio Márquez,fuzzy,sin_coincidencia_concluyente,,,1,Pablo Dagnino | EÚS31: El Último Sentimiento Eléctrico | photos | album || Pablo Dagnino | EÚS: El Último Sentimiento Unplugged | photos | album,open
229660,539295,person,Carlos Herrera,YouTube Data API v3,4396,Carlos Herrera,canonical_exact,candidato_correcto_credito_exacto,4396,Carlos Herrera,1,Skin | Skin | graphic design | album,approved
229662,528999,person,Carlos J. García,YouTube Data API v3,3052,Carlos Jorge García,fuzzy,candidato_equivocado_existe_credito_exacto,12806,Carlos J. García,1,Témpano | Atabal–Yémal | photos | album,open
229663,525225,person,Carlos Julio Vílchez,YouTube Data API v3,6619,Carlos Vilchez,fuzzy,candidato_equivocado_existe_credito_exacto,6295,Carlos Julio Vilchez,1,TLX | 33 Minutos y En Auto | mixed | 7 || TLX | 33 Minutos y En Auto | produced | 1 || TLX | 33 Minutos y En Auto | recorded | 7 || TLX | Esplendor | mixed | 3 || TLX | Esplendor | recorded | 3 || TLX | Mirador | produced | 1,open
229664,545434,person,Carlos Luís Sánchez,YouTube Data API v3,1797,Carlos Sánchez,fuzzy,candidato_equivocado_existe_credito_exacto,12743,Carlos Luís Sánchez,1,Petrula | Oración Políglota Para Salvar Al Mundo | cover art | album,open
229665,538317,person,Carlos Marques,YouTube Data API v3,6029,Carlos Márquez,fuzzy,candidato_equivocado_existe_credito_exacto,4214,Carlos Márques,1,Franco De Vita | Extranjero | photos | album || Mulato | De Aquí Pa' La Playa | photo | album || Poster | Despúes Del Frío | photos | album,open
229666,525389,person,Carlos Marqués,YouTube Data API v3,6029,Carlos Márquez,fuzzy,candidato_equivocado_existe_credito_exacto,4214,Carlos Márques,1,Franco De Vita | Extranjero | photos | album || Mulato | De Aquí Pa' La Playa | photo | album || Poster | Despúes Del Frío | photos | album,open
229667,520249,person,Carlos Mata,YouTube Data API v3,6612,Carlos Mata,canonical_exact,sin_coincidencia_concluyente,,,0,Subsonus | Alias | lyrics written | album,open
229668,527007,person,Carlos Montezuma,YouTube Data API v3,7440,Carlos Montezuma,canonical_exact,candidato_correcto_credito_exacto,7440,Carlos Montezuma,6,Spias | Símbolos Extraños | assistants | album || Yordano | De Sol A Sol | recording assistants | album || Zapato 3 | Bésame y Suicídate | assistant engineers | album,approved
229669,526553,person,Carlos Moserratte,YouTube Data API v3,6022,Carlos Monserratte,fuzzy,candidato_equivocado_existe_credito_exacto,12869,Carlos Moserratte,1,Various Artists | U-Rock Discos | composed | 2,open
229611,547232,person,Blackwell,YouTube Data API v3,9593,Blackwell,canonical_exact,sin_coincidencia_concluyente,,,2,Los Beat3 | ¡En Vivo! | composed | 15,open
229612,526513,person,Blanca Torres,YouTube Data API v3,8881,Blanco,fuzzy,candidato_equivocado_existe_credito_exacto,12581,Blanca Torres,2,Agresión | Sur | photos | album,open
229613,526245,person,Bless,YouTube Data API v3,2569,Bless Killa,fuzzy,sin_coincidencia_concluyente,,,0,Various Artists | Se Llama Simón | graphic design | album,open
229614,524486,person,Bob Moore,YouTube Data API v3,11357,Bob Marley,fuzzy,candidato_equivocado_existe_credito_exacto,12586,Bob Moore,1,Ananta | Songs From The Future | cover | album,open
229615,518583,person,Bobby Capó,YouTube Data API v3,8826,Bobby Collazo,fuzzy,candidato_equivocado_existe_credito_exacto,13037,Bobby Capó,1,Dimensión Latina | Una Dimensión De Éxitos | composed | 13,open
229627,535855,person,Burt Bacharad,YouTube Data API v3,8273,Burt Bacharach,fuzzy,candidato_equivocado_existe_credito_exacto,12680,Burt Bacharad,2,Las Cuatro Monedas | Los Grandes Éxitos | composed | 13,open
229628,513944,person,C. Aray,YouTube Data API v3,9785,C. Garau,fuzzy,candidato_equivocado_existe_credito_exacto,13112,C. Aray,4,"Los Mentas | Sopa, Seco y Jugo | composed | album || Los Mentas | U.E.L.M: Unidad Educativa | composed | 1,11",open
229629,526829,person,C. Chacín,YouTube Data API v3,9897,C. Chacín,canonical_exact,candidato_correcto_credito_exacto,9897,C. Chacín,4,Desorden Público | Estrellas Del Caos | composed | 12 || Desorden Público | Estrellas Del Caos | composed | 14 || Desorden Público | Estrellas Del Caos | composed | 17,approved
229630,517814,person,C. Froideval,YouTube Data API v3,944,Camilo Froideval,alias_exact,candidato_con_variante_y_credito,944,Camilo Froideval,3,Charliepapa | 20000 Leguas Cuadriláteras | composed | 10,approved
229631,528212,person,C. Guzmán,YouTube Data API v3,9198,Guzmán,fuzzy,candidato_equivocado_existe_credito_exacto,12748,C. Guzmán,3,Radio Clip | Desde Cero | written | 13,open
229632,517802,person,C. Imperatori,YouTube Data API v3,183,Carlos Imperatori,alias_exact,candidato_con_variante_y_credito,183,Carlos Imperatori,3,Charliepapa | 20000 Leguas Cuadriláteras | composed | album || Charliepapa | 20000 Leguas Cuadriláteras | composed | 10,approved
229633,525627,person,C. Torres,YouTube Data API v3,9731,C. Torres,canonical_exact,candidato_correcto_credito_exacto,9731,C. Torres,3,Various Artists | Caracas 400 Gente En Ambiente | composed | 6 || Various Artists | La Otra Magia De Los 60 & 70 | composed | 14,approved
229635,532553,person,Cabello,YouTube Data API v3,9203,Calello,fuzzy,sin_coincidencia_concluyente,,,3,"Sentimiento Muerto | En Vivo Teatro Rafael Guinand | composed | 6,18 || Sentimiento Muerto | En Vivo Teatro Rafael Guinand | composed | 7",open
229637,518989,person,Caio Vila,YouTube Data API v3,7217,Caio Vila,canonical_exact,candidato_correcto_credito_exacto,7217,Caio Vila,1,Desorden Público | Allá Cayó | artistic direction | album || Desorden Público | Plomo Revienta | artistic direction | album || Desorden Público | Valle De Balas | artistic direction | album,approved
231977,536019,person,Rubén Darío,YouTube Data API v3,6424,Ruben Ríos,fuzzy,candidato_equivocado_existe_credito_exacto,12645,Rubén Darío,2,"Grand Bite | Al Borde Del Precipicio / No Moriré | composed | 19 || Grand Bite | Al Borde Del Precipicio / No Moriré | written | 11,13,16 || Grand Bite | Al Borde Del Precipicio / No Moriré | written | 19",open
229649,537193,person,Carlos Burgos,YouTube Data API v3,1036,Carlos Barros,fuzzy,candidato_equivocado_existe_credito_exacto,12616,Carlos Burgos,1,Dioslepague | Música Para Los Apóstoles Madres | cover | album,open
229650,517248,person,Carlos Cadenas,YouTube Data API v3,6563,Carlos Cardona,fuzzy,candidato_equivocado_existe_credito_exacto,12930,Carlos Cadenas,1,Joystick | Lonchera | illustrations | 5,open
229652,534945,person,"Carlos David Díaz ""Chatto""",YouTube Data API v3,867,Carlos Avila,fuzzy,candidato_equivocado_existe_credito_exacto,12813,"Carlos David Díaz ""Chatto""",1,Témpano | Pesadilla Sin Final | graphic design | album,open
229653,545256,person,"Carlos E. ""Cayayo"" Troconis",YouTube Data API v3,608,"Carlos Eduardo ""Cayayo"" Troconis",fuzzy,candidato_equivocado_existe_credito_exacto,12764,"Carlos E. ""Cayayo"" Troconis",2,Sentimiento Muerto | Aunque Usted No Lo Quiera | cover concept | album || Sentimiento Muerto | Aunque Usted No Lo Quiera | illustrations | album,open
229654,519984,person,Carlos Eduardo Olavarría,YouTube Data API v3,1629,Carlos Eduardo Nahy,fuzzy,candidato_equivocado_existe_credito_exacto,12573,Carlos Eduardo Olavarría,1,Wahala | Wahala | legal adviser | album,open
229656,521113,person,Carlos Espinoza,YouTube Data API v3,599,Carlos Mendoza,fuzzy,candidato_equivocado_existe_credito_exacto,12549,Carlos Espinoza,1,Fuego Montevideo | Algo Tarde | logo | album || Fuego Montevideo | Todos y Todo | logo | album,open
229657,536376,person,Carlos Fonseca,YouTube Data API v3,1800,Carlos Monserrate,fuzzy,candidato_equivocado_existe_credito_exacto,12981,Carlos Fonseca,1,Vytas Brenner | En Vivo! Ofrenda | recorded live | album,open
229658,518970,person,Carlos Germán Rojas,YouTube Data API v3,8891,Carlos Germán Rojas,canonical_exact,candidato_correcto_credito_exacto,8891,Carlos Germán Rojas,3,Desorden Público | Allá Cayó | photos | album || Desorden Público | Plomo Revienta | photos | album,approved
229659,533100,person,Carlos Hernández,YouTube Data API v3,6773,Carlos Hernández,canonical_exact,candidato_correcto_credito_exacto,6773,Carlos Hernández,2,Pablo Gill | Suka Jazz En Directo | photos | album,approved
229671,523464,person,Carlos Más,YouTube Data API v3,4095,Carlos Ramos,fuzzy,candidato_equivocado_existe_credito_exacto,4865,Carlos Mas,1,Tremolo Violenta | De Día Es Más Oscuro | recording assistant | album,open
229670,521913,person,Carlos Márques,YouTube Data API v3,4214,Carlos Márques,canonical_exact,candidato_correcto_credito_exacto,4214,Carlos Márques,1,Franco De Vita | Extranjero | photos | album || Mulato | De Aquí Pa' La Playa | photo | album || Poster | Despúes Del Frío | photos | album,approved
229682,531535,person,Carlz,YouTube Data API v3,4928,Carlz,canonical_exact,candidato_correcto_credito_exacto,4928,Carlz,1,Billy Se Fue | Para Siempre | lyrics written | 4,approved
229683,542248,person,Carmen Landa,YouTube Data API v3,3891,Carmen Landa,canonical_exact,candidato_correcto_credito_exacto,3891,Carmen Landa,2,Los Gusanos | El Ritual Del Vacilón | graphic design | album,approved
229685,537435,person,Carolina Muñoz,YouTube Data API v3,6906,Carolina Guillermo,fuzzy,candidato_equivocado_existe_credito_exacto,13114,Carolina Muñoz,1,Los Paranoias | AAAH! Estos Son Los Paranoias! | photos | album,open
229687,538437,person,Cassia,YouTube Data API v3,9722,Cassia,canonical_exact,candidato_correcto_credito_exacto,9722,Cassia,3,Various Artists | La Otra Magia De Los 60 & 70 | composed | 12,approved
229688,524221,person,Castillo,YouTube Data API v3,7079,Castillo,canonical_exact,candidato_correcto_credito_exacto,7079,Castillo,5,"Témpano | Atabal–Yémal | composed | 1,8 || Témpano | Atabal–Yémal | composed | 2,6 || Témpano | Atabal–Yémal | composed | 3 || Témpano | Atabal–Yémal | composed | 5 || Témpano | Atabal–Yémal | composed | 9 || Témpano | Childhood's End / El Fin De La Infancia | composed | 2 || Témpano | Childhood's End / El Fin De La Infancia | composed | 4,6 || Témpano | Childhood's End / El Fin De La Infancia | composed | 8",approved
229689,518597,person,Catalino Parra,YouTube Data API v3,8066,Catalina Pineda,fuzzy,candidato_equivocado_existe_credito_exacto,13039,Catalino Parra,1,Dimensión Latina | Una Dimensión De Éxitos | composed | 16,open
229690,522037,person,Cecilia Acosta,YouTube Data API v3,6998,Cecilia Gómez,fuzzy,candidato_equivocado_existe_credito_exacto,12956,Cecilia Acosta,1,Los Pixel | Lo Último Que Se Pierde | executive producer | album || Pablo Dagnino | EÚS31: El Último Sentimiento Eléctrico | executive production | album || Pablo Dagnino | EÚS: El Último Sentimiento Unplugged | executive production | album,open
229691,523764,person,Cesar Elster,YouTube Data API v3,1398,César Keiter,fuzzy,candidato_equivocado_existe_credito_exacto,7508,César Elster,2,"Americania | Estoy Afuera, Sal | executive production | album || Americania | Otra Tarde Más | creative direction | album || La Vida Bohème | En Vivo Plaza Alfredo Sadel | executive | album || La Vida Bohème | En Vivo Plaza Alfredo Sadel | general production | album || La Vida Bohème | Nuestra | executive production | album || Los Mesoneros | EP | creative direction | album || Los Mesoneros | No Puedes Ver | creative direction | album || Todosantos | Aeropuerto | executive producer | album",open
229692,518604,person,Cesar Monges,YouTube Data API v3,1043,César Monje,fuzzy,candidato_equivocado_existe_credito_exacto,13040,Cesar Monges,1,"Dimensión Latina | Una Dimensión De Éxitos | composed | 12,15",open
229693,534716,person,Cesar Sogbe,YouTube Data API v3,829,César Sosa,fuzzy,candidato_equivocado_existe_credito_exacto,211,César Sogbe,1,"Desorden Público | Plomo Revienta | mixed | 5,6 || Los Amigos Invisibles | Commercial | mixed | 2",open
229694,547560,person,Cesar Zerpa,YouTube Data API v3,4690,César Serpa,fuzzy,candidato_equivocado_existe_credito_exacto,12941,Cesar Zerpa,3,Levítico | Reseteo | photos | album,open
229695,537091,person,Charles Singleton,YouTube Data API v3,8253,Charles Santiago,fuzzy,candidato_equivocado_existe_credito_exacto,12925,Charles Singleton,3,Henry Stephen | Limón Limonero | composed | 9,open
229696,515399,person,Charlotte Lajarin,YouTube Data API v3,56,Charles Albertine,fuzzy,candidato_equivocado_existe_credito_exacto,12936,Charlotte Lajarin,2,Lebronch | De Chow | written | 1,open
229698,545455,person,Cheo Feliciano,YouTube Data API v3,8944,José Feliciano,fuzzy,candidato_equivocado_existe_credito_exacto,12783,Cheo Feliciano,1,"Spias | Tres Cruces | composed | 1,13",open
229699,541955,person,Chris Joss,YouTube Data API v3,7570,Chris Joss,canonical_exact,sin_coincidencia_concluyente,,,0,Los Amigos Invisibles | Not So Commercial | mixed | 3 || Los Amigos Invisibles | Not So Commercial | produced | 3,open
229701,536858,person,Christian Gallo,YouTube Data API v3,8514,Christian Gallo,canonical_exact,candidato_correcto_credito_exacto,8514,Christian Gallo,2,Circo Urbano | Kilómetros | photo | album,approved
229711,524502,person,Claudio Atilano,YouTube Data API v3,9466,Claudio Atilano,canonical_exact,candidato_correcto_credito_exacto,9466,Claudio Atilano,2,Solares | Cruel {Instinto De Morder} | executive production | album,approved
229712,531178,person,Claudio Estrada Baez,YouTube Data API v3,4550,Claudia Suárez,fuzzy,candidato_equivocado_existe_credito_exacto,12861,Claudio Estrada Baez,1,Various Artists | Show De Boleros | composed | 1,open
229713,542264,person,Claudio Napolitano,YouTube Data API v3,9466,Claudio Atilano,fuzzy,candidato_equivocado_existe_credito_exacto,12700,Claudio Napolitano,1,Los Gusanos | El Ritual Del Vacilón | cover photo | album,open
229714,515813,person,Claudio Sánchez,YouTube Data API v3,8511,Claudio Sánchez,canonical_exact,candidato_correcto_credito_exacto,8511,Claudio Sánchez,1,Circo Urbano | Kilómetros | graphic design | album || Circo Urbano | Música Moderna | final art | album || Fordelucs | Mundo | graphic design | album || Wahala | Mejores Días y Mejores Noches | graphic design | album,approved
229715,538969,person,Clothaire,YouTube Data API v3,9485,Clothaire,canonical_exact,candidato_correcto_credito_exacto,9485,Clothaire,3,Los Amigos Invisibles | Superpop Venezuela | composed | 14,approved
229716,525866,person,Colin Michaels,YouTube Data API v3,2567,Colina,fuzzy,candidato_equivocado_existe_credito_exacto,12912,Colin Michaels,2,Franco De Vita | Stop | assistant engineer | album,open
229718,542930,person,Control X,YouTube Data API v3,6453,Control X,canonical_exact,candidato_correcto_credito_exacto,6453,Control X,1,Salpachino | Reina Contra La Máquina | graphic design & illustration | album,approved
229719,519293,person,Corina González,YouTube Data API v3,7527,Veronica Gonzalez,fuzzy,candidato_equivocado_existe_credito_exacto,12550,Corina González,1,Headweiler | Dynamicas | graphic design | album || Headweiler | Dynamicas | photos | album,open
229732,519927,person,César Rodríguez,YouTube Data API v3,3830,César Rodríguez,canonical_exact,sin_coincidencia_concluyente,,,0,Los Últimos Indocumentados | Los Últimos Indocumentados | photos | album,open
229672,517157,person,Carlos Piccini,YouTube Data API v3,639,Carlos Piocinini,fuzzy,candidato_equivocado_existe_credito_exacto,12860,Carlos Piccini,3,Various Artists | Segunda Experiencia Psicotomimética | arrangements | album,open
229673,534229,person,Carlos Poletto,YouTube Data API v3,1314,"Carlos Poletto ""Polo""",fuzzy,candidato_con_variante_y_credito,1314,"Carlos Poletto ""Polo""",1,Fuego Montevideo | Algo Tarde | lyrics written | album,approved
229674,538909,person,Carlos Quintana Guzmán,YouTube Data API v3,7556,Carlos Quintana Guzmán,canonical_exact,candidato_correcto_credito_exacto,7556,Carlos Quintana Guzmán,1,Los Amigos Invisibles | Superpop Venezuela | composed | 9,approved
229675,532633,person,Carlos Represas,YouTube Data API v3,2011,Carlos Rivera,fuzzy,candidato_equivocado_existe_credito_exacto,12789,Carlos Represas,1,TLX | 33 Minutos y En Auto | written | 8 || TLX | Esplendor | written | 1,open
229676,534851,person,Carlos Reyes,YouTube Data API v3,5968,Carlos Robles,fuzzy,sin_coincidencia_concluyente,,,1,Claroscuro | Supereterodino Sessions | graphic design | album || Claroscuro | Supereterodino | graphic design | album,open
229678,543585,person,Carlos Sucre,YouTube Data API v3,7897,Carlos Sucre,canonical_exact,candidato_correcto_credito_exacto,7897,Carlos Sucre,3,Arkangel | Arkangel | photos | album,approved
229679,529857,person,Carlos Suárez,YouTube Data API v3,5212,Carlos Suárez,canonical_exact,candidato_correcto_credito_exacto,5212,Carlos Suárez,1,Los Impala | ¡Estos Son Los Impala! | remastered | album,approved
229681,525237,person,Carlos Vílchez,YouTube Data API v3,6625,Carlos J. Vilchez B,fuzzy,candidato_equivocado_existe_credito_exacto,6619,Carlos Vilchez,1,TLX | 33 Minutos y En Auto | vocals tracks recorded | album || TLX | Esplendor | vocals tracks recorded | album || TLX | Mirador | vocals tracks recorded | album,open
229702,535293,person,Christina Amphett,YouTube Data API v3,262,Christian Estepa,fuzzy,candidato_equivocado_existe_credito_exacto,12990,Christina Amphett,3,Willie Croes | La + De Las Partes | composed | 10,open
229703,515387,person,Christopher Urbina,YouTube Data API v3,703,Cristopher Urbina,fuzzy,candidato_equivocado_existe_credito_exacto,12935,Christopher Urbina,1,Lebronch | De Chow | lyrics written | album,open
229704,517672,person,Chucho Valdéz,YouTube Data API v3,3680,Chucho,fuzzy,candidato_equivocado_existe_credito_exacto,12594,Chucho Valdéz,1,C4 Trío | C4 Trío | composed | 2,open
229705,521408,person,Chuy,YouTube Data API v3,8893,Chuy,canonical_exact,candidato_correcto_credito_exacto,8893,Chuy,1,Desorden Público | ¿Dónde Está El Futuro? | illustrations | album,approved
229706,526302,person,Cindy Catoni,YouTube Data API v3,5348,Cindy Catoni,canonical_exact,candidato_correcto_credito_exacto,5348,Cindy Catoni,2,Damper | Damper | photos | album,approved
229707,518338,person,"Cindy Catoni ""Cindyrella""",YouTube Data API v3,5348,Cindy Catoni,fuzzy,candidato_con_variante_y_credito,5348,Cindy Catoni,3,PapaShanty Saund System | Ashanty Granpa | photos | album,approved
229708,516777,person,Claroscuro,YouTube Data API v3,8542,Claroscuro,canonical_exact,candidato_correcto_credito_exacto,8542,Claroscuro,1,Claroscuro | El Viaje De Una Vida | composed | album || Dioslepague | Venus Mixes | mixed | 4 || Dioslepague | Venus Mixes | produced | 4 || Horacero | Fusil | composed | 6,approved
229709,515779,person,Claudia Musset,YouTube Data API v3,8515,Claudia Musset,canonical_exact,candidato_correcto_credito_exacto,8515,Claudia Musset,5,Circo Urbano | Música Moderna | graphic design | album || Circo Urbano | Música Moderna | photo | album,approved
229710,517770,person,Claudia Rodríguez,YouTube Data API v3,885,Claudio Ramírez,fuzzy,candidato_equivocado_existe_credito_exacto,12599,Claudia Rodríguez,2,C4 Trío | C4 Trío | photos | album || Gaêlica | Ibérica & Latina | photos | album,open
229720,526018,person,Correa,YouTube Data API v3,9885,Contreras,fuzzy,sin_coincidencia_concluyente,,,1,Various Artists | El Alucinante Mundo Del Soul | composed | 10,open
229721,546558,person,Creatium C.A.,YouTube Data API v3,5224,Creatium,fuzzy,candidato_equivocado_existe_credito_exacto,12874,Creatium C.A.,1,Wahala | Buena Vibra Vol. III | graphic design | album,open
229722,512942,person,Cristian Vigliano,YouTube Data API v3,4999,Christian Vizcaíno,fuzzy,candidato_equivocado_existe_credito_exacto,12605,Cristian Vigliano,1,Caramelos De Cianuro | B-Side: Harakiri City | illustrations | album || Caramelos De Cianuro | Harakiri City | illustrations | album || Caramelos De Cianuro | Sin Avisar | illustrations | album,open
229724,539238,person,César A. Somoza,YouTube Data API v3,2943,César Alberto Somoza,fuzzy,candidato_equivocado_existe_credito_exacto,12759,César A. Somoza,1,Resistencia | Hecho En Venezuela | all lyrics | album,open
229725,522732,person,César Anidez,YouTube Data API v3,4917,César Díaz,fuzzy,candidato_equivocado_existe_credito_exacto,12884,César Anidez,2,Claroscuro | B-Sides: El Viaje De Una Vida | assistant engineer | album || Claroscuro | El Viaje De Una Vida | assistant engineer | album,open
229726,545418,person,César Balbas,YouTube Data API v3,4599,César Balbas,canonical_exact,candidato_correcto_credito_exacto,4599,César Balbas,2,Petrula | Oración Políglota Para Salvar Al Mundo | concept art | album || Petrula | Oración Políglota Para Salvar Al Mundo | graphic design | album || Petrula | Oración Políglota Para Salvar Al Mundo | photos | album,approved
229727,543017,person,César Cuevas,YouTube Data API v3,6897,César Cuevas,canonical_exact,candidato_correcto_credito_exacto,6897,César Cuevas,1,Franco De Vita | Al Norte Del Sur | cover photos | album,approved
229733,539244,person,César Somoza,YouTube Data API v3,9900,César Mazo,fuzzy,sin_coincidencia_concluyente,,,2,Resistencia | Hecho En Venezuela | lyrics | 3,open
229734,533531,person,César Sánchez,YouTube Data API v3,4270,César Sánchez,canonical_exact,sin_coincidencia_concluyente,,,0,Caramelos De Cianuro | La Historia: Grandes Éxitos | graphic designer | album,open
229735,515143,person,D. Borg,YouTube Data API v3,9497,D. Borg,canonical_exact,candidato_correcto_credito_exacto,9497,D. Borg,8,"Los Amigos Invisibles | En Una Noche Tan Linda Como Esta | composed | 11,12",approved
229736,526802,person,D. Sarmiento,YouTube Data API v3,481,Danel Sarmiento,alias_exact,candidato_con_variante_y_credito,481,Danel Sarmiento,6,Desorden Público | Estrellas Del Caos | composed | 17 || Desorden Público | Estrellas Del Caos | composed | 2 || Desorden Público | Estrellas Del Caos | composed | 3 || Desorden Público | Estrellas Del Caos | composed | 6,approved
229737,515919,person,D. Schlesinger,YouTube Data API v3,2223,David Schlesinger,alias_exact,candidato_con_variante_y_credito,2223,David Schlesinger,3,"Mermelada Bunch | Pum Pum | composed | 1 || Mermelada Bunch | Pum Pum | composed | 2,5",approved
229738,540517,person,D.J. Muú,YouTube Data API v3,856,DJ Muu,fuzzy,candidato_correcto_credito_exacto,856,DJ Muu,2,La Corte | Código Demente | associate producers | album,approved
229739,536991,person,D.R,YouTube Data API v3,3764,D.R.,canonical_exact,candidato_correcto_credito_exacto,3764,D.R.,1,Henry Stephen | Limón Limonero | composed | 2,approved
229740,533568,person,D.S.S.S.S.M,YouTube Data API v3,12294,D. S. S. S,fuzzy,sin_coincidencia_concluyente,,,0,Don Khumalo | De Vuelta Al Ska | photos | album,open
229741,534621,person,DJ Afro,YouTube Data API v3,7564,DJ Afro,canonical_exact,candidato_correcto_credito_exacto,7564,DJ Afro,1,"Los Amigos Invisibles | Commercial | mixed | 4 || Los Amigos Invisibles | Commercial | produced | album || Los Amigos Invisibles | Not So Commercial | general production | album || Los Amigos Invisibles | Not So Commercial | mixed | 2,4 || Los Amigos Invisibles | Not So Commercial | produced | 2,4",approved
229753,530200,person,"Daniel Medina ""El Niño""",YouTube Data API v3,3020,Daniel Medina,fuzzy,candidato_con_variante_y_credito,3020,Daniel Medina,1,Various Artists | Chillout Venezuela | mixed | 10 || Various Artists | Chillout Venezuela | recorded | 10,approved
229754,531776,person,Daniel Melero,YouTube Data API v3,2414,Daniel Moser,fuzzy,candidato_equivocado_existe_credito_exacto,12753,Daniel Melero,1,Radio Clip | Donde Sopla El Viento | composed | 8,open
229755,531556,person,Daniel Novoa @RuidoBlanco,YouTube Data API v3,2746,Daniel Davila,fuzzy,sin_coincidencia_concluyente,,,0,Billy Se Fue | Para Siempre | photos | album,open
229756,535628,person,"Daniel Pereira ""Danny Deep""",YouTube Data API v3,8987,Daniel Puelma Day,fuzzy,candidato_equivocado_existe_credito_exacto,12533,"Daniel Pereira ""Danny Deep""",1,Caramelos De Cianuro | 2LadosB | remixed | 10 || Caramelos De Cianuro | Rubia Sol Morena Luna | remixed | 2,open
229757,534075,person,Daniel Starke,YouTube Data API v3,4510,Daniel Saa,fuzzy,candidato_equivocado_existe_credito_exacto,12571,Daniel Starke,1,Telegrama | Apto Para Tí | recording assistant | album,open
229758,517900,person,Daniel Velasco A,YouTube Data API v3,8473,Daniel Velasco A.,canonical_exact,candidato_correcto_credito_exacto,8473,Daniel Velasco A.,1,Charliepapa | 20000 Leguas Cuadriláteras | graphic design | album,approved
229759,520068,person,Daniel Yánes,YouTube Data API v3,1220,"Daniel Yánes ""Krusty""",fuzzy,candidato_con_variante_y_credito,1220,"Daniel Yánes ""Krusty""",1,Desiderata | Desiderata | lyrics written | album,approved
229760,524094,person,Daniela Erminy,YouTube Data API v3,8781,Daniela Fermin,fuzzy,candidato_equivocado_existe_credito_exacto,12627,Daniela Erminy,1,EntreNos | Entre Dos Mundos | photo | album || Wahala | Buena Vibra Vol. III | photos | album,open
229761,513222,person,Daniela Troconis,YouTube Data API v3,5885,Daniel Coronel,fuzzy,candidato_equivocado_existe_credito_exacto,12944,Daniela Troconis,3,Luz Verde | Manual De Buenas Costumbres | graphic design | album || RC2 | Future Awaits | graphic design | album || RC2 | Future Awaits | photos | album,open
229762,516705,person,Daniela Troconis Daly,YouTube Data API v3,5885,Daniel Coronel,fuzzy,candidato_equivocado_existe_credito_exacto,12965,Daniela Troconis Daly,1,RC2 | RC2 | graphic design | album,open
229763,533291,person,Daniella Mogollones,YouTube Data API v3,7425,Daniella Morales,fuzzy,candidato_equivocado_existe_credito_exacto,13058,Daniella Mogollones,2,EntreNos | EntreNos | graphic design | album,open
229772,515062,person,Davis Pérez,YouTube Data API v3,6618,Davis Pérez,canonical_exact,candidato_correcto_credito_exacto,6618,Davis Pérez,3,Sur Carabela | Debut | digital transfer | album,approved
229773,517169,person,Dayagraphics,YouTube Data API v3,8372,Dayagraphics,canonical_exact,candidato_correcto_credito_exacto,8372,Dayagraphics,4,Various Artists | Caracas 400 Gente En Ambiente | graphic design | album || Various Artists | El Alucinante Mundo Del Soul | graphic design | album || Various Artists | Pop And Op Musical Gente En Ambiente | graphic design | album || Various Artists | Segunda Experiencia Psicotomimética | graphic design | album,approved
229774,539779,person,Dayana Díaz,YouTube Data API v3,4517,Dayan Abad,fuzzy,sin_coincidencia_concluyente,,,0,Los Pixel | Lo Último Que Se Pierde | montage | album,open
229775,532022,person,Dayani Adames,YouTube Data API v3,4517,Dayan Abad,fuzzy,candidato_equivocado_existe_credito_exacto,12949,Dayani Adames,2,Ohmio | 6101 | concept | album || Ohmio | B-Sides: Del Lado De La Pintura | graphic design | album,open
229776,532010,person,Dayanni Adames,YouTube Data API v3,4517,Dayan Abad,fuzzy,candidato_equivocado_existe_credito_exacto,12948,Dayanni Adames,2,Ohmio | 6101 | graphic design | album || Ohmio | Origami | concept art | album || Ohmio | Origami | graphic design | album,open
229777,538451,person,Debout,YouTube Data API v3,9728,Debout,canonical_exact,candidato_correcto_credito_exacto,9728,Debout,3,Various Artists | La Otra Magia De Los 60 & 70 | composed | 12,approved
229728,515699,person,César Elizer,YouTube Data API v3,1398,César Keiter,fuzzy,candidato_equivocado_existe_credito_exacto,12638,César Elizer,3,Famasloop | La Quema | concept art | album,open
229729,520026,person,César Elster,YouTube Data API v3,7508,César Elster,canonical_exact,candidato_correcto_credito_exacto,7508,César Elster,2,"Americania | Estoy Afuera, Sal | executive production | album || Americania | Otra Tarde Más | creative direction | album || La Vida Bohème | En Vivo Plaza Alfredo Sadel | executive | album || La Vida Bohème | En Vivo Plaza Alfredo Sadel | general production | album || La Vida Bohème | Nuestra | executive production | album || Los Mesoneros | EP | creative direction | album || Los Mesoneros | No Puedes Ver | creative direction | album || Todosantos | Aeropuerto | executive producer | album",approved
229730,517692,person,César Prato,YouTube Data API v3,5178,César Prieto,fuzzy,candidato_equivocado_existe_credito_exacto,12595,César Prato,1,C4 Trío | C4 Trío | composed | 7 || Serenata Guayanesa | Vol. 3: Música Popular y Folklórica Venezolana | composed | 3,open
229731,525801,person,César Pulido,YouTube Data API v3,5178,César Prieto,fuzzy,candidato_equivocado_existe_credito_exacto,12906,César Pulido,2,Franco De Vita | Stop | executive producer | album,open
229742,527211,person,DJ Ernie Guacharaca,YouTube Data API v3,1895,Ernie Guacharaca,fuzzy,candidato_equivocado_existe_credito_exacto,13149,DJ Ernie Guacharaca,1,"Spiteri | Spiteri | remixed | 12,13,14",open
229743,546399,person,Daan van der Elskenat,YouTube Data API v3,1793,Daan van der Elksen,fuzzy,candidato_equivocado_existe_credito_exacto,12670,Daan van der Elskenat,1,"Laberinto | Decada | recorded | 1,2,4,5,8",open
229744,532560,person,Dagnino,YouTube Data API v3,1062,Dani,fuzzy,sin_coincidencia_concluyente,,,2,Sentimiento Muerto | En Vivo Teatro Rafael Guinand | composed | 7,open
229745,543513,person,Dalny Rago,YouTube Data API v3,5539,Dainy Rago,fuzzy,candidato_equivocado_existe_credito_exacto,12622,Dalny Rago,1,Distrust | Cloned Messiah | band photos | album,open
229746,537508,person,Daniel A. Landaeta,YouTube Data API v3,6349,Daniel Avilán,fuzzy,candidato_equivocado_existe_credito_exacto,12650,Daniel A. Landaeta,2,Jacktürbo | Jackturbo | drum tracks recorded | album,open
229747,519888,person,Daniel Alonso,YouTube Data API v3,4748,Daniel Alonso,canonical_exact,candidato_correcto_credito_exacto,4748,Daniel Alonso,1,Malanga | Ta' Trancao | photo | album,approved
229748,518142,person,Daniel Benarroch,YouTube Data API v3,5500,Daniel Berroa,fuzzy,candidato_equivocado_existe_credito_exacto,12587,Daniel Benarroch,1,Andreazulado | Despegue Eterno | composed | 3,open
229749,516104,person,Daniel De Souza,YouTube Data API v3,7550,Daniel De Souza,canonical_exact,sin_coincidencia_concluyente,,,0,Los Amigos Invisibles | The Venezuelan Zing Son Vol. 1 | photo | album,open
229750,523414,person,Daniel Fernandez,YouTube Data API v3,1255,Daniel Hernández,fuzzy,candidato_equivocado_existe_credito_exacto,2723,Daniel Fernández,2,"Cangrejo | Inéditas | mastered | 1,2 || Cangrejo | Inéditas | mixed | 1,2 || Cangrejo | Inéditas | recorded | 1,2 || Caramelos De Cianuro | B-Side: Harakiri City | mastered | album || Caramelos De Cianuro | B-Side: Harakiri City | mixed | album || Caramelos De Cianuro | B-Side: Harakiri City | recorded | album || Caramelos De Cianuro | La Historia: Grandes Éxitos | mastered | 3,6,9 || Caramelos De Cianuro | La Historia: Grandes Éxitos | mixed | 3,6,9 || Caramelos De Cianuro | La Historia: Grandes Éxitos | recorded | 3,6,9 || Desorden Público | ¿Dónde Está El Futuro? | mixed | 2 || Desorden Público | ¿Dónde Está El Futuro? | recorded | 2 || Franco De Vita | Fuera De Este Mundo | assistant engineers | album",open
229751,524320,person,Daniel Landaeta,YouTube Data API v3,6234,Daniel Andreotti,fuzzy,candidato_equivocado_existe_credito_exacto,12809,Daniel Landaeta,2,Témpano | Childhood's End / El Fin De La Infancia | assistant engineers | album,open
229752,515087,person,Daniel Machado,YouTube Data API v3,6536,Daniel Machado,canonical_exact,candidato_correcto_credito_exacto,6536,Daniel Machado,1,Iguanas De Trapo | Lunes | photos | album || Sur Carabela | Debut | photos | album,approved
229764,525902,person,Danny Harrel,YouTube Data API v3,4228,Danny Harrell,fuzzy,candidato_equivocado_existe_credito_exacto,12606,Danny Harrel,2,Caramelos De Cianuro | B-Sides: Miss Mujerzuela | asistan engineers | album || Caramelos De Cianuro | Miss Mujerzuela | asistan engineers | album,open
229765,521766,person,Dave Palmer,YouTube Data API v3,6313,Dave Poler,fuzzy,candidato_equivocado_existe_credito_exacto,12891,Dave Palmer,2,Dogon | Redunjusta | remixed | album,open
229766,516040,person,David Byrne,YouTube Data API v3,7523,David Byrne,canonical_exact,candidato_correcto_credito_exacto,7523,David Byrne,2,Los Amigos Invisibles | Arepa 3000: A Venezuelan Journey Into Space | executive producers | album || Los Amigos Invisibles | Bruja | executive producers | album || Los Amigos Invisibles | The New Sound of The Venezuelan Gozadera | executive producers | album || Los Amigos Invisibles | The Venezuelan Zing Son Vol. 1 | executive producers | album,approved
229767,516864,person,David Cabrera,YouTube Data API v3,6790,David Arraya,fuzzy,candidato_equivocado_existe_credito_exacto,12648,David Cabrera,1,Horacero | Fusil | photos | album,open
229768,520745,person,David Gutiérrez,YouTube Data API v3,5257,David Guti,fuzzy,candidato_equivocado_existe_credito_exacto,12998,David Gutiérrez,2,Yordano | Yordano | photos | album,open
229769,527328,person,David Hyam,YouTube Data API v3,4198,David Hyam,canonical_exact,sin_coincidencia_concluyente,,,0,Caramelos De Cianuro | 8 | additional recordings | album,open
229770,513353,person,David Lasca,YouTube Data API v3,4830,David L.,fuzzy,sin_coincidencia_concluyente,,,1,Mata Rica | Pachanga Punk | recording assistant | album,open
229771,526768,person,David Mendoza G,YouTube Data API v3,2728,David Peña,fuzzy,candidato_equivocado_existe_credito_exacto,12868,David Mendoza G,1,Various Artists | Sonicosubte | graphic design | album,open
231978,519869,person,Rubén Rada,YouTube Data API v3,5063,Rubén García,fuzzy,candidato_equivocado_existe_credito_exacto,12718,Rubén Rada,1,Malanga | Ta' Trancao | composed | 12,open
229779,519190,person,Della Noce,YouTube Data API v3,11804,Delano,fuzzy,candidato_equivocado_existe_credito_exacto,12807,Della Noce,6,"Témpano | Childhood's End / El Fin De La Infancia | composed | 3 || Témpano | Childhood's End / El Fin De La Infancia | composed | 4,6 || Témpano | Childhood's End / El Fin De La Infancia | composed | 8 || iX | Ora Pro Nobis | written | 10",open
229778,527986,person,Dee,YouTube Data API v3,9909,Dee,canonical_exact,candidato_correcto_credito_exacto,9909,Dee,2,Los Impala | Los Impala | composed | 7,approved
229787,514168,person,Diane Arbus,YouTube Data API v3,12136,Diana Ross,fuzzy,candidato_equivocado_existe_credito_exacto,12974,Diane Arbus,2,Sónica | Once | photo | album,open
229788,518186,person,"Diego ""Martín"" Guerrero",YouTube Data API v3,3784,Diego Marin,fuzzy,candidato_equivocado_existe_credito_exacto,12588,"Diego ""Martín"" Guerrero",1,Andreazulado | Despegue Eterno | assistant mastering | album,open
229789,521101,person,Diego Alejandro García,YouTube Data API v3,5977,Diego Andrea,fuzzy,candidato_equivocado_existe_credito_exacto,12547,Diego Alejandro García,4,Fuego Montevideo | Algo Tarde | artwork & graphic design | album || Fuego Montevideo | Todos y Todo | photos | album,open
229790,524637,person,Diego Di Marcantonio,YouTube Data API v3,3784,Diego Marin,fuzzy,sin_coincidencia_concluyente,,,0,Los Pixel | Cuanto Cuesta | photo | album,open
229791,540862,person,Diego García,YouTube Data API v3,5852,Diego Gazmuri,fuzzy,candidato_equivocado_existe_credito_exacto,12951,Diego García,2,Okills | América Supersónica | concept | album || Okills | América Supersónica | graphic design | album,open
229801,525655,person,Don Backy,YouTube Data API v3,9751,Don Backy,canonical_exact,candidato_correcto_credito_exacto,9751,Don Backy,3,Henrique Lazo | Henrique Lazo | composed | 1 || Various Artists | Caracas 400 Gente En Ambiente | composed | 10,approved
229803,520705,person,Don Ungaro,YouTube Data API v3,6568,Don Ungaro,canonical_exact,candidato_correcto_credito_exacto,6568,Don Ungaro,2,Okills | América Supersónica | photos | album || Okills | Reiniciando Transmisión | fotos | album || Rawayana | RawayanaLand | graphic design | album || Rawayana | RawayanaLand | photos | album,approved
229804,540907,person,Don Úngaro,YouTube Data API v3,6568,Don Ungaro,accent_only,candidato_correcto_credito_exacto,6568,Don Ungaro,2,Okills | América Supersónica | photos | album || Okills | Reiniciando Transmisión | fotos | album || Rawayana | RawayanaLand | graphic design | album || Rawayana | RawayanaLand | photos | album,approved
229805,525587,person,Donaldson Brown,YouTube Data API v3,8017,Donaldson,fuzzy,candidato_equivocado_existe_credito_exacto,13086,Donaldson Brown,1,Various Artists | Caracas 400 Gente En Ambiente | composed | 2,open
229806,538444,person,Dossena,YouTube Data API v3,9725,Dossena,canonical_exact,candidato_correcto_credito_exacto,9725,Dossena,3,Various Artists | La Otra Magia De Los 60 & 70 | composed | 12,approved
229807,546992,person,Douglas Pérez,YouTube Data API v3,1429,Douglas Mendez,fuzzy,candidato_equivocado_existe_credito_exacto,13095,Douglas Pérez,5,Various Artists | Noveno Festival Nuevas Bandas | asistant engineers | album,open
229808,513164,person,Duque Misle,YouTube Data API v3,9446,Duque,fuzzy,candidato_equivocado_existe_credito_exacto,12964,Duque Misle,2,RC2 | Future Awaits | composed | album,open
229809,544723,person,Durban La Verde,YouTube Data API v3,1546,Durban Laverde,article_variant,candidato_correcto_credito_exacto,1546,Durban Laverde,1,Levítico | Los Hijos Del Chino K-No | composed | 4 || Levítico | Los Hijos Del Chino K-No | musical producer | album || Los Gusanos | El Ritual Del Vacilón | musical direction | album || Vox | No Se Puede Ya Ocultar | composed | 4,approved
231979,546438,person,Rudy Albano,YouTube Data API v3,9831,Rudy,fuzzy,candidato_equivocado_existe_credito_exacto,12671,Rudy Albano,1,"Laberinto | Decada | mixed | 6,11 || Laberinto | Decada | recorded | 6",open
229819,545582,person,Ed Will,YouTube Data API v3,9015,Ed Vill,fuzzy,candidato_equivocado_existe_credito_exacto,12976,Ed Will,1,Sónica | Tarde o Temprano | graphic design & illustrations | album,open
229820,525965,person,Eddie Floyd,YouTube Data API v3,1053,Eddie Fontana,fuzzy,candidato_equivocado_existe_credito_exacto,12831,Eddie Floyd,2,Various Artists | El Alucinante Mundo Del Soul | composed | 3,open
229821,537098,person,Eddie Sneyder,YouTube Data API v3,3287,Eddie Cisneros,fuzzy,candidato_equivocado_existe_credito_exacto,12926,Eddie Sneyder,3,Henry Stephen | Limón Limonero | composed | 9,open
229822,514205,person,Edgar Alexander,YouTube Data API v3,4026,Edgar Alexander,canonical_exact,candidato_correcto_credito_exacto,4026,Edgar Alexander,3,"Azúcar, Cacao & Leche | Azúcar, Cacao & Leche Vol. 1 | composed | 3,10",approved
229823,523635,person,Edgar Aponte,YouTube Data API v3,4040,Edgar Aponte,canonical_exact,candidato_correcto_credito_exacto,4040,Edgar Aponte,1,Desorden Público | Desorden Público | assistant engineer | album || Témpano | Témpano | assistant producer | album,approved
229824,520739,person,Edgar Espinosa,YouTube Data API v3,2307,Edgar Espinoza,fuzzy,candidato_equivocado_existe_credito_exacto,12997,Edgar Espinosa,1,Yordano | Yordano | recording assistant | album,open
229825,515801,person,Edgar Marín,YouTube Data API v3,8519,Edgar Marín,canonical_exact,candidato_correcto_credito_exacto,8519,Edgar Marín,5,Circo Urbano | Música Moderna | photo | album,approved
229780,528844,person,Della Noche,YouTube Data API v3,11804,Delano,fuzzy,candidato_equivocado_existe_credito_exacto,12803,Della Noche,4,"Témpano | Atabal–Yémal | composed | 1,8 || Témpano | Atabal–Yémal | composed | 3 || Témpano | Atabal–Yémal | composed | 4 || Témpano | Atabal–Yémal | composed | 9",open
229781,531830,person,Dennis Mattei,YouTube Data API v3,3352,Dennis Mattey,fuzzy,candidato_equivocado_existe_credito_exacto,12882,Dennis Mattei,2,Candy66 | 5 Mundos | assistant engineer | album,open
229782,513033,person,Dermis Tatú,YouTube Data API v3,5385,Dermis Tatú,canonical_exact,candidato_correcto_credito_exacto,5385,Dermis Tatú,2,"Cunaguaro Soul | Bienvenidos A Este Viaje | composed | 5 || Dermis Tatú | EP | graphic design | album || Dermis Tatú | En Vivo Komotion / San Francisco | graphic design | album || Dermis Tatú | Inéditas | graphic design | album || Dermis Tatú | La Violó, La Mató y La Picó | composed | album || Dermis Tatú | La Violó, La Mató y La Picó | graphic design | album || Horacero | Fusil | composed | 7 || Recipe Morado | Amor Grama | composed | 7",approved
229783,526939,person,Derrick Harriott,YouTube Data API v3,8925,Derrick Harriott,canonical_exact,candidato_correcto_credito_exacto,8925,Derrick Harriott,1,"Desorden Público | Estrellas Del Caos | composed | 15,16",approved
229784,532392,person,DesignXpress,YouTube Data API v3,8356,DesignXpress,canonical_exact,candidato_correcto_credito_exacto,8356,DesignXpress,1,Pixel | Pixel | graphic design | album || Pixel | Poco | graphic design | album || Sentimiento Muerto | Sin Sombra No Hay Luz | montage | album || Sentimiento Muerto | Sin Sombra No Hay Luz | redesign | album,approved
229792,544736,person,Diego Macellaro,YouTube Data API v3,6888,Diego Macellaro,canonical_exact,candidato_correcto_credito_exacto,6888,Diego Macellaro,1,Vox | No Se Puede Ya Ocultar | graphic design | album,approved
229793,517975,person,Diego Paredes,YouTube Data API v3,5977,Diego Andrea,fuzzy,candidato_equivocado_existe_credito_exacto,13069,Diego Paredes,6,Movida Acústica Urbana | Rock And Mau 2 | additional recordings | album,open
229794,522043,person,Diego Suárez,YouTube Data API v3,1007,Diego Márquez,fuzzy,candidato_equivocado_existe_credito_exacto,12957,Diego Suárez,1,Pablo Dagnino | EÚS31: El Último Sentimiento Eléctrico | mixed | album || Pablo Dagnino | EÚS31: El Último Sentimiento Eléctrico | recorded live | album || Pablo Dagnino | EÚS: El Último Sentimiento Unplugged | mixed | album || Pablo Dagnino | EÚS: El Último Sentimiento Unplugged | recorded live | album,open
229795,542896,person,Diez,YouTube Data API v3,7097,Diquez,fuzzy,sin_coincidencia_concluyente,,,0,Los Pixel | En Vivo | graphic design | album,open
229796,516052,person,Dimitri From Paris,YouTube Data API v3,7546,Dimitri From Paris,canonical_exact,sin_coincidencia_concluyente,,,0,"Los Amigos Invisibles | Commercial | produced | 5,15 || Los Amigos Invisibles | Not So Commercial | produced | 1,6,7,8 || Los Amigos Invisibles | Superpop Venezuela | produced | album || Los Amigos Invisibles | The Venezuelan Zing Son Vol. 1 | produced | 13",open
229797,535923,person,Dioslepague,YouTube Data API v3,9000,Dios Le Pague,article_variant,candidato_correcto_credito_exacto,9000,Dios Le Pague,1,"Dioslepague | Música Para Los Apóstoles Madres | composed | album || Dioslepague | Venus Mixes | composed | album || Dioslepague | Venus Mixes | produced | 8 || Various Artists | Páramo Pictures ""Vida"" | produced | 1,4",approved
229798,514104,person,Discohord,YouTube Data API v3,9022,Dischord,fuzzy,sin_coincidencia_concluyente,,,0,Dischord | The Constant Fear | lyrics written | album,open
229799,517731,person,Dizzie Gillespie,YouTube Data API v3,9412,Dizzy Gillespie,fuzzy,candidato_equivocado_existe_credito_exacto,12597,Dizzie Gillespie,1,C4 Trío | C4 Trío | composed | 13,open
229800,523101,person,Diógenes Méndez,YouTube Data API v3,8368,Diógenes Méndez,canonical_exact,candidato_correcto_credito_exacto,8368,Diógenes Méndez,1,Luz Verde | Rocanrol | photo | album,approved
229810,546788,person,E. Aldrey,YouTube Data API v3,9002,E. Aldrey,canonical_exact,sin_coincidencia_concluyente,,,0,Fauna | Fauna | composed | 1,open
229811,546781,person,E. Alvarez,YouTube Data API v3,9379,Alvarez,fuzzy,otro_candidato_variante_con_credito,5438,Eligo Alvarez,2,"Fauna Crepuscular | Camina | composed | album || Fauna Crepuscular | Camina | composed | 8 || Fauna | Fauna | composed | 1 || Fauna | Fauna | composed | 10 || Fauna | Fauna | composed | 11 || Fauna | Fauna | composed | 13 || Fauna | Puño y Letra | composed | 8,10 || Fauna | Puño y Letra | composed | 9",open
229812,514625,person,E. Hidalgo,YouTube Data API v3,429,Jesus Hidalgo,fuzzy,candidato_equivocado_existe_credito_exacto,12551,E. Hidalgo,2,La Puta Eléctrica | Ladrón De Tu Amor | composed | album || La Puta Eléctrica | Ladrón De Tu Amor | written | album,open
229813,535300,person,E. Quintero,YouTube Data API v3,9084,E. Quintero,canonical_exact,candidato_correcto_credito_exacto,9084,E. Quintero,3,Willie Croes | La + De Las Partes | composed | 3,approved
229814,522493,person,E. Álvarez,YouTube Data API v3,5438,Eligo Alvarez,alias_exact,candidato_con_variante_y_credito,5438,Eligo Alvarez,2,"Fauna Crepuscular | Camina | composed | album || Fauna Crepuscular | Camina | composed | 8 || Fauna | Fauna | composed | 1 || Fauna | Fauna | composed | 10 || Fauna | Fauna | composed | 11 || Fauna | Fauna | composed | 13 || Fauna | Puño y Letra | composed | 8,10 || Fauna | Puño y Letra | composed | 9",approved
229815,515234,person,E.L. Rodríguez,YouTube Data API v3,9481,Ernesto Luis Rodríguez,alias_exact,candidato_con_variante_y_credito,9481,Ernesto Luis Rodríguez,4,Los Amigos Invisibles | En Una Noche Tan Linda Como Esta | composed | 2,approved
229816,516187,person,Ed Lopez,YouTube Data API v3,304,Ed Larez,fuzzy,candidato_equivocado_existe_credito_exacto,13085,Ed Lopez,1,Tomates Fritos | Hotel Miramar | graphic design | album || Tomates Fritos | Hotel Miramar | photo | album,open
229817,531440,person,Ed Tuton,YouTube Data API v3,7524,Ed Tuton,canonical_exact,sin_coincidencia_concluyente,,,0,Los Amigos Invisibles | The New Sound of The Venezuelan Gozadera | mixed | 8,open
229827,525206,person,Edgar Rendón,YouTube Data API v3,5684,Edgar Rendón,canonical_exact,candidato_correcto_credito_exacto,5684,Edgar Rendón,2,Pixel | Invítame | photos | album || Pixel | Pixel | photos | album || Pixel | Poco | photos | album,approved
229826,518052,person,Edgar Quinteor,YouTube Data API v3,12142,Edgar Winter,fuzzy,candidato_equivocado_existe_credito_exacto,13067,Edgar Quinteor,2,Los Impala | Impala's 66 | composed | 5,open
231980,518045,person,Rudy Marquez,YouTube Data API v3,3608,Rubén Márquez,fuzzy,candidato_equivocado_existe_credito_exacto,978,Rudy Márquez,5,"Azúcar, Cacao & Leche | Azúcar, Cacao & Leche Vol. 1 | composed | 3,10 || Los Impala | Impala's 66 | composed | 2,6 || Los Impala | Impala's 66 | composed | album || Los Impala | Impala's 66 | composed | 10 || Los Impala | ¡Estos Son Los Impala! | composed | album",open
229835,526257,person,Eduardo Gamondez,YouTube Data API v3,2401,Eduardo Gómez,fuzzy,candidato_equivocado_existe_credito_exacto,12851,Eduardo Gamondez,3,Various Artists | Se Llama Simón | photos | album,open
229836,530531,person,Eduardo Giolitti,YouTube Data API v3,7054,Eduardo Giolitti,canonical_exact,candidato_correcto_credito_exacto,7054,Eduardo Giolitti,3,Aditus | A Través De La Ventana | photos | album,approved
229837,527339,person,Eduardo Lopez,YouTube Data API v3,1101,Eduardo Lárez,fuzzy,candidato_equivocado_existe_credito_exacto,382,Eduardo López,1,Andreazulado | Apolo | graphic design | album || Andreazulado | Apolo | lead vocals recorded | album || Andreazulado | Apolo | photo | album || Buenaparte | La Caída De Lucy | graphic design | album || Buenaparte | La Caída De Lucy | photo | album || Caramelos De Cianuro | 8 | mixing assistant | album || Planeador | Barcelona 10C | concept art | album || Tomates Fritos | Hombre Bala | graphic design | album,open
229838,522985,person,Eduardo Rodriguez,YouTube Data API v3,786,Edgard Rodriguez,fuzzy,candidato_equivocado_existe_credito_exacto,1244,Eduardo Rodríguez,11,Franco De Vita | Voces A Mi Alrededor | assistant engineers | album || Ladies W.C. | Ladies W.C. | graphic design | album || Various Artists | El Alucinante Mundo Del Soul | graphic design | album || Vytas Brenner | Amazonia | executive production | album,open
229839,522873,person,Eduardo Sacco,YouTube Data API v3,6899,Eduardo Sacco,canonical_exact,candidato_correcto_credito_exacto,6899,Eduardo Sacco,3,Wahala | Homegrown | executive production | album,approved
229840,521667,person,Eduardo Saéz,YouTube Data API v3,1101,Eduardo Lárez,fuzzy,candidato_equivocado_existe_credito_exacto,2959,Eduardo Sáez,3,Dischord | The Constant Fear | drums recorded | album || Dischord | The Constant Fear | engineered | album || LaMueka | Conspirando En El Bar | drums recorded | album || Mantra | In Solitude... I'll Watch You Fall | drums recorded | album || Mochuelo | Un Tanto Más | drum tracks recorded | album || Viniloversus | Si No Nos Mata | drums tracks recorded | album,open
229841,514532,person,Eduardo Serrano,YouTube Data API v3,5081,Eduardo Serrano,canonical_exact,candidato_correcto_credito_exacto,5081,Eduardo Serrano,1,C4 Trío | C4 Trío | composed | 11 || Serenata Guayanesa | Vol. 2: Música Popular y Folklórica Venezolana | composed | 9 || Spiteri | Spiteri | composed | 4,approved
229842,517744,person,Edward Ramirez,YouTube Data API v3,5675,Edward Díaz,fuzzy,candidato_equivocado_existe_credito_exacto,930,Edward Ramírez,4,"C4 Trío | C4 Trío | composed | 12,14 || C4 Trío | C4 Trío | composed | 8 || Movida Acústica Urbana | Rock And Mau 2 | all arragements | album",open
229850,541063,person,Elio Ludovic Galin,YouTube Data API v3,4726,Elio Díaz,fuzzy,candidato_equivocado_existe_credito_exacto,13084,Elio Ludovic Galin,1,SMAG | EP | photos | album,open
229851,530459,person,Eliud Farías Penuela,YouTube Data API v3,5186,Ellud Farías Peñuela,fuzzy,candidato_equivocado_existe_credito_exacto,12609,Eliud Farías Penuela,2,Cinema Sun | Cinema Sun | graphic design | album,open
229852,534568,person,Elliot Levy,YouTube Data API v3,4621,Elliot Levy,canonical_exact,candidato_correcto_credito_exacto,4621,Elliot Levy,1,KRé | Ruido Doméstico | executive production | album,approved
229853,528145,person,Emigdio Simancas,YouTube Data API v3,5776,Emigdio Simancas,canonical_exact,candidato_correcto_credito_exacto,5776,Emigdio Simancas,1,Franco De Vita | Franco De Vita | photos | album,approved
229854,526567,person,Emiro Aguilar,YouTube Data API v3,6843,Emiro Aguilar,canonical_exact,sin_coincidencia_concluyente,,,1,Various Artists | U-Rock Discos | composed | 3,open
229855,514494,person,Ender Ramírez,YouTube Data API v3,3072,Ender Parra,fuzzy,candidato_equivocado_existe_credito_exacto,13105,Ender Ramírez,1,Various Artists | Venezuela Sin Fronteras | cd art | album,open
231981,528966,person,Rudy Pérez López,YouTube Data API v3,8236,Rudy Pérez,fuzzy,candidato_equivocado_existe_credito_exacto,12804,Rudy Pérez López,3,Témpano | Atabal–Yémal | recording assistant | album,open
229863,541025,person,Enrique Nuas Viniegra,YouTube Data API v3,8323,Enrique Madera,fuzzy,candidato_equivocado_existe_credito_exacto,12979,Enrique Nuas Viniegra,1,Various Artists | Tsee Mud... Bacro... LSD (1968-1971) | cover design | album,open
229864,538410,person,Enze Riveiro,YouTube Data API v3,9721,Enze Riveiro,canonical_exact,candidato_correcto_credito_exacto,9721,Enze Riveiro,1,Various Artists | La Otra Magia De Los 60 & 70 | composed | 6,approved
229865,533302,person,Enzo Brandi,YouTube Data API v3,5692,Enzo Furnari,fuzzy,candidato_equivocado_existe_credito_exacto,13059,Enzo Brandi,1,EntreNos | EntreNos | photo | album,open
229866,528165,person,Enzo Cassella,YouTube Data API v3,8300,Enzo Casella,fuzzy,candidato_equivocado_existe_credito_exacto,12746,Enzo Cassella,1,Radio Clip | Desde Cero | executive production | album,open
229867,517585,person,Enzo Napoli,YouTube Data API v3,7480,Enzo Soliani,fuzzy,candidato_equivocado_existe_credito_exacto,12687,Enzo Napoli,1,Levítico | Los Hijos Del Chino K-No | photo | album,open
229868,547644,person,Eric Peralta,YouTube Data API v3,9529,Eric Clapton,fuzzy,candidato_equivocado_existe_credito_exacto,12689,Eric Peralta,1,Liqüet | Liquet | photos | album,open
229828,530729,person,Edgar Silva,YouTube Data API v3,3825,Edgar Vivas,fuzzy,candidato_equivocado_existe_credito_exacto,12801,Edgar Silva,4,Mermelada Bunch | La Novela | additional recordings | album || Trance Nuance | Sílabas Eidéticas | recording assistant | album,open
229829,516118,person,Edgar Sánchez,YouTube Data API v3,2407,Edgard Sánchez,fuzzy,candidato_equivocado_existe_credito_exacto,12537,Edgar Sánchez,2,Elektra | Transformer | assistant recording | album,open
229830,544781,person,Edgar Villanueva,YouTube Data API v3,3825,Edgar Vivas,fuzzy,candidato_equivocado_existe_credito_exacto,13072,Edgar Villanueva,1,Nana Cadavieco | Sonó Así | graphic design | album,open
229831,535352,person,Edgard Alexander,YouTube Data API v3,4026,Edgar Alexander,fuzzy,candidato_equivocado_existe_credito_exacto,12992,Edgard Alexander,1,Willie Croes | La + De Las Partes | composed | 8,open
229832,540842,person,Eduardo Arcas,YouTube Data API v3,4176,Eduardo Arias,fuzzy,candidato_equivocado_existe_credito_exacto,12950,Eduardo Arcas,1,Okills | América Supersónica | composed | 8,open
229834,526689,person,Eduardo De La Mano,YouTube Data API v3,2022,Eduardo Daza,fuzzy,candidato_equivocado_existe_credito_exacto,12739,Eduardo De La Mano,1,Palmeras Kanibales | 13 Super Kañonazos Bailables | illustrations | album || Palmeras Kanibales | Siempre Comemos Con Hambre | illustrations | album,open
229843,529672,person,Edward Vera,YouTube Data API v3,5924,Eduardo Vera,fuzzy,candidato_equivocado_existe_credito_exacto,12592,Edward Vera,2,Babylon Motorhome | ComoCumbia | produced | 3,open
229844,523899,person,Efrain Torres,YouTube Data API v3,4918,Efrain Oscher,fuzzy,candidato_equivocado_existe_credito_exacto,12875,Efrain Torres,2,Yátu | Gandharva | assistant engineer | album,open
229845,528047,person,El Duende,YouTube Data API v3,7901,El Duende,canonical_exact,candidato_correcto_credito_exacto,7901,El Duende,2,Arkangel | Rock Nacional | photos | album,approved
229846,516797,person,El Pacto,YouTube Data API v3,4770,El Cuarto,fuzzy,sin_coincidencia_concluyente,,,0,Horacero | Fusil | composed | 9,open
229847,538382,person,El Zigui,YouTube Data API v3,9719,El Zigui,canonical_exact,candidato_correcto_credito_exacto,9719,El Zigui,2,Various Artists | La Otra Magia De Los 60 & 70 | composed | 3,approved
229848,514064,person,Elaine Minionis,YouTube Data API v3,8460,Elaine Minionis,canonical_exact,candidato_correcto_credito_exacto,8460,Elaine Minionis,2,Repe | Nada Más Ser | photos | album,approved
229849,523875,person,Elena Méndez,YouTube Data API v3,6260,Elena Méndez,canonical_exact,candidato_correcto_credito_exacto,6260,Elena Méndez,1,Yátu | Extraño Mundo | graphic design | album,approved
229857,532822,person,Eneresto Luis Rodriguez,YouTube Data API v3,9481,Ernesto Luis Rodríguez,fuzzy,candidato_equivocado_existe_credito_exacto,12933,Eneresto Luis Rodriguez,2,Juan Carlos Torrealba | No Voy Sin Ti | composed | 9,open
229858,526048,person,Enrique Añez,YouTube Data API v3,9214,Enrique Añez,canonical_exact,candidato_correcto_credito_exacto,9214,Enrique Añez,4,Ladies W.C. | Ladies W.C. | graphic design | album || Various Artists | El Alucinante Mundo Del Soul | graphic design | album,approved
229859,545189,person,Enrique Doza,YouTube Data API v3,6145,Enrique Doza,canonical_exact,sin_coincidencia_concluyente,,,1,La Leche | 45 | photos | album,open
229860,513311,person,Enrique Marquez,YouTube Data API v3,1638,Enrique Vásquez,fuzzy,sin_coincidencia_concluyente,,,0,Sónica | Lo Que Escribo Sobre Ti | model | album,open
229861,544362,person,Enrique Mattos,YouTube Data API v3,8624,Enrique Moros,fuzzy,candidato_equivocado_existe_credito_exacto,13074,Enrique Mattos,2,Sentimiento Muerto | Sin Sombra No Hay Luz | inside photos | album,open
229862,521694,person,Enrique Morales,YouTube Data API v3,8624,Enrique Moros,fuzzy,candidato_equivocado_existe_credito_exacto,12722,Enrique Morales,1,Mantra | In Solitude... I'll Watch You Fall | logos | album || Mantra | In Solitude... I'll Watch You Fall | symbols | album,open
229871,535671,person,Erik Galindo,YouTube Data API v3,4542,Erik Galindo,canonical_exact,candidato_correcto_credito_exacto,4542,Erik Galindo,3,Caramelos De Cianuro | 2LadosB | photos | album || Caramelos De Cianuro | Caramelos De Cianuro | photos | album,approved
229872,513463,person,Ernesto Duarte Brito,YouTube Data API v3,4944,Ernesto Rosa's Estudios,fuzzy,candidato_equivocado_existe_credito_exacto,13005,Ernesto Duarte Brito,1,Yordano | ¡Qué Lindas Son! | composed | 10,open
229873,513477,person,Ernesto Grenet,YouTube Data API v3,2810,Ernesto,fuzzy,candidato_equivocado_existe_credito_exacto,13006,Ernesto Grenet,1,Yordano | ¡Qué Lindas Son! | composed | 12,open
229875,517659,person,Ernesto Rangel,YouTube Data API v3,4935,Ernesto Rosa,fuzzy,candidato_equivocado_existe_credito_exacto,12593,Ernesto Rangel,1,C4 Trío | C4 Trío | executive production | album,open
229876,532277,person,Erwin Schäfer,YouTube Data API v3,2662,"Erwin ""Wincho"" Schäfer",fuzzy,candidato_con_variante_y_credito,2662,"Erwin ""Wincho"" Schäfer",1,Recipe Morado | Amor Grama | composed | 4,approved
229869,523168,person,Erick León,YouTube Data API v3,849,Eric Colón,fuzzy,candidato_equivocado_existe_credito_exacto,12781,Erick León,2,Sofía Insomnia | Breve Casi Eterno | graphic design | album,open
229870,533574,person,Ericson Rojas,YouTube Data API v3,9667,Eric Ramos,fuzzy,candidato_equivocado_existe_credito_exacto,12892,Ericson Rojas,1,Don Khumalo | De Vuelta Al Ska | logo | album,open
229897,518223,person,F. Batoni,YouTube Data API v3,7453,Batoni,fuzzy,candidato_equivocado_existe_credito_exacto,12878,F. Batoni,2,"Zapato 3 | Ecos Punzantes Del Ayer | composed | 4,5,8,10,11 || Zapato 3 | Ecos Punzantes Del Ayer | lyrics written | album || Zapato 3 | Entrada De Bala | lyrics written | album",open
229898,535314,person,F. Belisario,YouTube Data API v3,8497,F. Belisario,canonical_exact,candidato_correcto_credito_exacto,8497,F. Belisario,3,Willie Croes | La + De Las Partes | composed | 3,approved
229899,513086,person,F. Coral,YouTube Data API v3,2953,Facundo Coral,alias_exact,candidato_con_variante_y_credito,2953,Facundo Coral,2,Gillman | Escalofrío | composed | album,approved
229900,525634,person,F. De Paula Aguirre,YouTube Data API v3,3945,F. de P. Aguirre,fuzzy,candidato_equivocado_existe_credito_exacto,13088,F. De Paula Aguirre,1,Various Artists | Caracas 400 Gente En Ambiente | composed | 8,open
229901,526872,person,F. Díaz,YouTube Data API v3,519,"Francisco ""CoCo"" Díaz",alias_exact,sin_coincidencia_concluyente,,,3,Desorden Público | Estrellas Del Caos | composed | 3,open
229911,529544,person,Federico,YouTube Data API v3,528,Federico Dib,fuzzy,sin_coincidencia_concluyente,,,0,Torre De Marfíl | Ecos De La Tercera Realidad | written | 5,open
229912,524726,person,Federico Dueñas,YouTube Data API v3,9652,Federico Muñoz,fuzzy,candidato_equivocado_existe_credito_exacto,13021,Federico Dueñas,3,Ninah Mars | Alboom! | photos | album,open
229913,526727,person,Federico Fragalá,YouTube Data API v3,7658,Federico Fragalá,canonical_exact,candidato_correcto_credito_exacto,7658,Federico Fragalá,1,Andreazulado | Crónicas Del Sub | mastering assistant | album,approved
229914,523997,person,Federico Pacanis,YouTube Data API v3,8020,Federico Pacanis,canonical_exact,candidato_correcto_credito_exacto,8020,Federico Pacanis,2,Bacalao Men | Bacalao Men | executive production | album || Bacalao Men | Demos | executive production | album,approved
229915,519737,person,Felipe Di Lodovico,YouTube Data API v3,7994,Felipe di Lodovico,canonical_exact,candidato_correcto_credito_exacto,7994,Felipe di Lodovico,1,Bacalao Men | Bacalao Men | group photos | album || Bacalao Men | El Nuevo Bugalú | photos | album,approved
229916,533246,person,Felipe Doffiny,YouTube Data API v3,5648,Felipe Nevado,fuzzy,candidato_equivocado_existe_credito_exacto,12582,Felipe Doffiny,1,Almendra | Almendra | graphic design | album,open
229917,517865,person,Felipe Gutiérrez,YouTube Data API v3,8468,Felipe Gutiérrez,canonical_exact,candidato_correcto_credito_exacto,8468,Felipe Gutiérrez,6,Charliepapa | 20000 Leguas Cuadriláteras | recording assistants | album,approved
229918,514231,person,Felix Allueva,YouTube Data API v3,9504,Félix Luna,fuzzy,candidato_equivocado_existe_credito_exacto,12612,Felix Allueva,1,Dermis Tatú | III Festival Nuevas Bandas | executive production | album || Dermis Tatú | IV Festival Nuevas Bandas | executive production | album || Sentimiento Muerto | II Festival Nuevas Bandas | executive production | album || Various Artists | Encuentro En El Ruedo | executive producer | album || Various Artists | Nueva Onda Nueva Electronic Aldemaro | executive producer | album || Various Artists | Recuerdo De Mis 15 Años | executive producer | album,open
229927,517203,person,Fernández,YouTube Data API v3,8039,M. Fernández,fuzzy,sin_coincidencia_concluyente,,,3,Joystick | Lonchera | composed | album,open
229928,534414,person,Flores,YouTube Data API v3,8785,Flores Soláno,fuzzy,sin_coincidencia_concluyente,,,4,Palmeras Kanibales | La Ruta | composed | 13,open
229929,538549,person,Flores Soláno,YouTube Data API v3,8785,Flores Soláno,canonical_exact,candidato_correcto_credito_exacto,8785,Flores Soláno,1,Del Pez | Acción Es Carácter | cover art | album,approved
229931,536484,person,Fonotalento C.A,YouTube Data API v3,6889,Fonotalento C.A.,canonical_exact,candidato_correcto_credito_exacto,6889,Fonotalento C.A.,1,Colina | Colina | executive production | album,approved
229932,514287,person,Fran Beaufrand,YouTube Data API v3,4255,Fran Beaufrand,canonical_exact,candidato_correcto_credito_exacto,4255,Fran Beaufrand,1,Caramelos De Cianuro | Frisbee | photos | album || Caramelos De Cianuro | Himno Vinotinto | photos | album || Caramelos De Cianuro | Sanitarios | photos | album || E-óN | Ticket To Youkali | photos | album || La Nave | Astro | photos | album || Reyes | Futuro | clothing | album || Reyes | Futuro | photos | album || Vagos y Maleantes | Papidandeando | photos | album || Zapato 3 | Cápsula Para Volar | photos | album || Zapato 3 | Maya | photos | album,approved
229933,534734,person,Fran Beufrand,YouTube Data API v3,7566,Fran Beufrand,canonical_exact,candidato_correcto_credito_exacto,7566,Fran Beufrand,1,Los Amigos Invisibles | Commercial | photo | album,approved
229877,516963,person,Erza Arcia,YouTube Data API v3,4933,Erza Arcia,canonical_exact,candidato_correcto_credito_exacto,4933,Erza Arcia,1,Billy Se Fue | Ella | graphic design | album || Billy Se Fue | Ella | photo | album || Billy Se Fue | Todo No Es Suficiente | graphic design | album || Billy Se Fue | Todo No Es Suficiente | photo | album,approved
229878,536588,person,Esperanza Inciarte,YouTube Data API v3,5363,Esperanza Inciarte,canonical_exact,sin_coincidencia_concluyente,,,0,Decibel | BioSystem Hi-Fi | photos | album,open
229879,538159,person,Esteban Chacín,YouTube Data API v3,2214,Esteban García,fuzzy,candidato_equivocado_existe_credito_exacto,12943,Esteban Chacín,1,Lil Supa' | Serio | photos | album,open
229880,522067,person,Esteban Donado,YouTube Data API v3,6930,Esteban Medina,fuzzy,candidato_equivocado_existe_credito_exacto,12958,Esteban Donado,1,Pablo Dagnino | EÚS31: El Último Sentimiento Eléctrico | graphic design | album || Pablo Dagnino | EÚS: El Último Sentimiento Unplugged | graphic design | album,open
229902,545738,person,F. Holland,YouTube Data API v3,9121,F. Holland,canonical_exact,candidato_correcto_credito_exacto,9121,F. Holland,2,Various Artists | La Respuesta | composed | 8,approved
229903,538490,person,F. Migliacci,YouTube Data API v3,9733,F. Migliacci,canonical_exact,candidato_correcto_credito_exacto,9733,F. Migliacci,2,Various Artists | La Otra Magia De Los 60 & 70 | composed | 17,approved
229904,541806,person,Fabiana Arroyo,YouTube Data API v3,8365,Fabiana Arroyo,canonical_exact,candidato_correcto_credito_exacto,8365,Fabiana Arroyo,1,Luz Verde | Cinema 0 | photo | album,approved
229905,540884,person,Fabiana Comas,YouTube Data API v3,3916,Fabian Ross,fuzzy,candidato_equivocado_existe_credito_exacto,12953,Fabiana Comas,1,Okills | América Supersónica | styling assistant | album,open
229906,526169,person,Fabiana Paolini,YouTube Data API v3,1105,Fabiana Pesare,fuzzy,candidato_equivocado_existe_credito_exacto,12835,Fabiana Paolini,1,Various Artists | Festival Nuevas Bandas 20 Años En Vivo | graphic design | album,open
229907,540776,person,Fabio Patrigniani,YouTube Data API v3,4678,Fabio Martins,fuzzy,candidato_equivocado_existe_credito_exacto,12899,Fabio Patrigniani,1,Franco De Vita | Fuera De Este Mundo | strings recorded | album,open
229908,517638,person,Fabrizio Patassa,YouTube Data API v3,7114,Fabrizio Patassa,canonical_exact,candidato_correcto_credito_exacto,7114,Fabrizio Patassa,1,Témpano | El Tercer Lado | photo | album,approved
229909,543597,person,Fatima Parra,YouTube Data API v3,7903,Fatima Parra,canonical_exact,candidato_correcto_credito_exacto,7903,Fatima Parra,3,Arkangel | Arkangel | photos | album,approved
229910,522239,person,Fauna Crepuscular,YouTube Data API v3,9005,Fauna Crepuscular Brass Section,fuzzy,sin_coincidencia_concluyente,,,0,"Fauna Crepuscular | Camina | composed | 6 || Fauna | Puño y Letra | produced | 5,7,11,13",open
229919,533665,person,Felix Duque,YouTube Data API v3,3436,Felix Guerra,fuzzy,sin_coincidencia_concluyente,,,7,Radio Clip | Desde Cero | written | 10 || Radio Clip | Fuego En La Corriente | composed | 7 || Radio Clip | Fuego En La Corriente | composed | 1,open
229920,521750,person,Fernandez G,YouTube Data API v3,1099,Fernando Gómez,fuzzy,candidato_equivocado_existe_credito_exacto,12561,Fernandez G,3,Metrozubdivision | Answer Machine | composed | album || Metrozubdivision | Secrets | composed | album,open
229921,521744,person,Fernandez J.C.,YouTube Data API v3,6387,Fernando,fuzzy,candidato_equivocado_existe_credito_exacto,12560,Fernandez J.C.,3,Metrozubdivision | Answer Machine | composed | album || Metrozubdivision | Secrets | composed | album,open
229922,527532,person,Fernando Amendola,YouTube Data API v3,3628,Fernando Garmendia,fuzzy,candidato_equivocado_existe_credito_exacto,12717,Fernando Amendola,2,Malanga | Nadie Quiere Estar Solo | executive producer | album,open
229923,514088,person,"Fernando Carrasquel ""Crow""",YouTube Data API v3,2745,Fernando Carrasquel,fuzzy,sin_coincidencia_concluyente,,,0,LaMueka | Conspirando En El Bar | graphic design & illustration | album,open
229925,542426,person,Fernando Garcés,YouTube Data API v3,8635,Fernando Garcés,canonical_exact,candidato_correcto_credito_exacto,8635,Fernando Garcés,1,Various Artists | DJ Afro's Frequent Traveling Vol. 1 | radio department | album,approved
229926,512642,person,Fernando Venturini,YouTube Data API v3,1208,Fernando Fermín,fuzzy,candidato_equivocado_existe_credito_exacto,12557,Fernando Venturini,2,Los Gusanos | Del Barrio Sur | graphic design | album || Los Gusanos | Del Barrio Sur | photos | album || Los Gusanos | Días De Furia | graphic design | album || Los Gusanos | Días De Furia | photos | album,open
229937,526618,person,"Francisco ""Paco"" Puig",YouTube Data API v3,1978,"Francisco ""Paco"" Huidobro",fuzzy,candidato_equivocado_existe_credito_exacto,12871,"Francisco ""Paco"" Puig",1,Various Artists | U-Rock Discos | art direction | album,open
229938,540765,person,Francisco Gude,YouTube Data API v3,12236,Francisco Gómez,fuzzy,candidato_equivocado_existe_credito_exacto,12898,Francisco Gude,2,Franco De Vita | Fuera De Este Mundo | assistant engineers | album,open
229939,514419,person,Francisco Kiko Villanueva,YouTube Data API v3,3369,Francisco Villanueva,fuzzy,candidato_equivocado_existe_credito_exacto,13104,Francisco Kiko Villanueva,1,"Various Artists | Venezuela Sin Fronteras | mixed | 11,12 || Various Artists | Venezuela Sin Fronteras | recorded | 11,12",open
229934,541764,person,Francesco Spotorno,YouTube Data API v3,4421,Francesco Spotorno,canonical_exact,candidato_correcto_credito_exacto,4421,Francesco Spotorno,2,Desorden Público | En Vivo En El Teresa Carreño | inside photos | album,approved
229935,528566,person,Franchesco Guillén,YouTube Data API v3,6976,Francesco Guardione,fuzzy,candidato_equivocado_existe_credito_exacto,12799,Franchesco Guillén,2,Tomates Fritos | Odissey | recording assistants | album,open
229936,515304,person,"Francisco ""DJ"" Carpio",YouTube Data API v3,7560,Francisco Carpio,fuzzy,sin_coincidencia_concluyente,,,0,Los Amigos Invisibles | En Una Noche Tan Linda Como Esta | recorded live | album,open
229950,520751,person,Freddy De Bari,YouTube Data API v3,5722,Freddy Riera,fuzzy,candidato_equivocado_existe_credito_exacto,12999,Freddy De Bari,2,Yordano | Yordano | photos | album,open
229951,536077,person,Freddy R,YouTube Data API v3,2343,Freddy Reyna,fuzzy,candidato_equivocado_existe_credito_exacto,12646,Freddy R,2,Grand Bite | Al Borde Del Precipicio / No Moriré | written | 7,open
229952,518291,person,Fresa,YouTube Data API v3,6566,Fresa,canonical_exact,candidato_correcto_credito_exacto,6566,Fresa,1,"Subsonus | Grandes Razones, Fuertes Acciones | lyrics written | album",approved
229954,546218,person,Félix Gerardi,YouTube Data API v3,3436,Felix Guerra,fuzzy,candidato_equivocado_existe_credito_exacto,12822,Félix Gerardi,1,Various Artists | Aldemaro Desde Jazz / Jazz Desde Aldemaro | photos | album,open
229955,546266,person,Félix Madrigal,YouTube Data API v3,5072,Félix Gil,fuzzy,otro_candidato_variante_con_credito,11204,Felix Bablis Madrigal,1,Tisuby & Georgina | Ruleta Del Amor | composed | 11,open
229956,517091,person,G. Brooker,YouTube Data API v3,9342,Brooker,fuzzy,candidato_equivocado_existe_credito_exacto,12854,G. Brooker,3,Various Artists | Segunda Experiencia Psicotomimética | composed | 5,open
229957,545751,person,G. Gion,YouTube Data API v3,9244,G. Goffin,fuzzy,candidato_equivocado_existe_credito_exacto,12845,G. Gion,2,Various Artists | La Respuesta | composed | 10,open
229958,524131,person,G. Henríquez,YouTube Data API v3,7080,Henríquez,fuzzy,candidato_con_variante_y_credito,7080,Henríquez,4,"Aditus | En Concierto En Este País | composed | 1,3,6 || Aditus | En Concierto En Este País | composed | 4,9 || Aditus | En Concierto En Este País | composed | 7,14",open
229959,527474,person,G. Mardsen,YouTube Data API v3,8277,G. Mardsen,canonical_exact,candidato_correcto_credito_exacto,8277,G. Mardsen,1,Various Artists | Pop And Op Musical Gente En Ambiente | composed | 10,approved
229960,545677,person,G. Picozzi,YouTube Data API v3,2026,Giancarlo Picozzi,alias_exact,candidato_con_variante_y_credito,2026,Giancarlo Picozzi,2,"Various Artists | La Respuesta | composed | 3,7",approved
229972,527488,person,Gaspari,YouTube Data API v3,7247,Gaspar Díaz,fuzzy,sin_coincidencia_concluyente,,,0,Various Artists | Pop And Op Musical Gente En Ambiente | composed | 12,open
229973,521875,person,Gastaminza,YouTube Data API v3,9307,Gastaminza,canonical_exact,candidato_correcto_credito_exacto,9307,Gastaminza,6,"Poster | Despúes Del Frío | composed | 3,6",approved
229974,547016,person,Gelso Briceño,YouTube Data API v3,1061,Gelson Briceño,fuzzy,candidato_equivocado_existe_credito_exacto,13098,Gelso Briceño,2,Various Artists | Noveno Festival Nuevas Bandas | produced | 14,open
229976,529836,person,George Bruno,YouTube Data API v3,6630,George Marino,fuzzy,candidato_equivocado_existe_credito_exacto,12707,George Bruno,1,Los Impala | ¡Estos Son Los Impala! | composed | 11,open
229977,543481,person,George Marin,YouTube Data API v3,6630,George Marino,fuzzy,candidato_equivocado_existe_credito_exacto,12620,George Marin,2,Distrust | Cloned Messiah | lyrics arranged | album || Distrust | Cloned Messiah | lyrics written | album || Distrust | Cloned Messiah | vocals produced | album,open
229986,529435,person,Gil Sanson,YouTube Data API v3,2702,Gil Sansón,accent_only,candidato_correcto_credito_exacto,2702,Gil Sansón,2,Pacifica | .22 | photo | album || Spias | Símbolos Extraños | graphic design | album,approved
229987,514581,person,Gilberto López,YouTube Data API v3,3777,Gilberto Lazo,fuzzy,candidato_equivocado_existe_credito_exacto,12769,Gilberto López,1,Joystick | Lonchera | illustrations | 6 || Sentimiento Muerto | En Vivo Mata De Coco | graphic design | album,open
229988,537210,person,Gilberto Reboiledo,YouTube Data API v3,1691,Gilberto Rebolledo,fuzzy,candidato_equivocado_existe_credito_exacto,12607,Gilberto Reboiledo,1,Charliepapa | Quinta Giuliana | assistant producer | album,open
229989,526995,person,Giordano Di Marzo,YouTube Data API v3,4331,(Giordano Di Marzo),canonical_exact,candidato_correcto_credito_exacto,4331,(Giordano Di Marzo),1,"Los Amigos Invisibles | Superpop Venezuela | composed | 16 || Sietecuero | Rojo Sangre | composed | album || Various Artists | En Un Sótano De La Florida | composed | 2,7 || Yordano | De Sol A Sol | all lyrics | album",approved
229940,514913,person,Francisco López,YouTube Data API v3,5354,Francisco Pérez,fuzzy,candidato_equivocado_existe_credito_exacto,12790,Francisco López,1,Team Malín | Aparecieron | graphic design | album,open
229941,520776,person,Francisco Maciel,YouTube Data API v3,4714,Francisco Maciel,canonical_exact,candidato_correcto_credito_exacto,4714,Francisco Maciel,1,Julliet | ¿Quieren Rock? | mastered | album || Julliet | ¿Quieren Rock? | mixed | album || Julliet | ¿Quieren Rock? | recorded | album,approved
229942,523641,person,Francisco Nuñez,YouTube Data API v3,485,"Francisco ""Kiko"" Nuñez",fuzzy,candidato_con_variante_y_credito,485,"Francisco ""Kiko"" Nuñez",5,Desorden Público | Canto Popular De La Vida y Muerte | graphic design | album || Desorden Público | Desorden Público | cover | album || Desorden Público | Desorden Público | graphic design | album,approved
229943,540868,person,Franco Cerruti,YouTube Data API v3,2386,Francesco Tradardi,fuzzy,candidato_equivocado_existe_credito_exacto,12952,Franco Cerruti,2,Okills | América Supersónica | concept | album || Okills | América Supersónica | graphic design | album,open
229944,521078,person,Franco Cerruti Ardila,YouTube Data API v3,2344,Franco Carella,fuzzy,candidato_equivocado_existe_credito_exacto,12546,Franco Cerruti Ardila,5,Fuego Montevideo | Algo Tarde | artwork & graphic design | album || Fuego Montevideo | Todos y Todo | graphic design | album || Fuego Montevideo | Todos y Todo | photos | album,open
229945,534256,person,Franco Cerruti Ardilla,YouTube Data API v3,2344,Franco Carella,fuzzy,candidato_equivocado_existe_credito_exacto,12548,Franco Cerruti Ardilla,2,Fuego Montevideo | Algo Tarde | photos | album,open
229946,513631,person,Frank,YouTube Data API v3,12035,Frank,canonical_exact,candidato_correcto_credito_exacto,12035,Frank,2,Frank Quintero & Los Balzehaguaos | Despues De La Tormenta | composed | 8,approved
229947,539936,person,Frank Wilson,YouTube Data API v3,12120,Frank Mills,fuzzy,candidato_equivocado_existe_credito_exacto,12924,Frank Wilson,4,Henrique Lazo | Henrique Lazo | composed | 8,open
229948,538389,person,Franklin Mejías,YouTube Data API v3,7454,Franklin Mora,fuzzy,candidato_equivocado_existe_credito_exacto,9720,Franklin Mejias,2,Various Artists | La Otra Magia De Los 60 & 70 | composed | 3,open
229949,545147,person,Franklin Mora,YouTube Data API v3,7454,Franklin Mora,canonical_exact,candidato_correcto_credito_exacto,7454,Franklin Mora,2,Zapato 3 | La Última Cruzada | recorded live | album,approved
229961,534537,person,G.P.,YouTube Data API v3,9421,G. Paoli,fuzzy,sin_coincidencia_concluyente,,,1,Palmeras Kanibales | La Ruta | art | album || Palmeras Kanibales | La Ruta | concept | album,open
229962,529486,person,Gabi Valladares,YouTube Data API v3,7934,Gabi Valladares,canonical_exact,candidato_correcto_credito_exacto,7934,Gabi Valladares,1,Atkinson | Mota Foca | graphic design | album,approved
229963,512806,person,Gabi Valladares O,YouTube Data API v3,7934,Gabi Valladares,fuzzy,candidato_equivocado_existe_credito_exacto,12591,Gabi Valladares O,1,Atkinson | Colonia Para El Alma | art & graphic design | album,open
229964,514953,person,Gabriel Alvarez,YouTube Data API v3,5581,Gabriel Abreu,fuzzy,candidato_equivocado_existe_credito_exacto,186,Gabriel Álvarez,4,Malanga | Aunque Mueran Las Flores | additional engineers | album || Wahala | Buena Vibra Vol. III | recording assistant | album,open
229965,523677,person,Gabriel Fernández,YouTube Data API v3,1269,Gabriel Pérez,fuzzy,candidato_equivocado_existe_credito_exacto,12879,Gabriel Fernández,1,Americania | La Costura | recording assistant | album || Americania | Sigo | recording assistant | album,open
229966,520157,person,Gabriel Figuera,YouTube Data API v3,1176,Gabriel Figueira,fuzzy,candidato_equivocado_existe_credito_exacto,12947,Gabriel Figuera,3,Nana Cadavieco | Exposé | composed | 9,open
229967,514875,person,Gabriel Torrelles,YouTube Data API v3,8332,Gabriel Torres,fuzzy,candidato_equivocado_existe_credito_exacto,12541,Gabriel Torrelles,3,Famasloop | Sonó Así | executive production | album || La Vida Bohème | Sonó Así | executive production | album || Nana Cadavieco | Sonó Así | executive production | album || Pzoom | Sonó Así | executive production | album || Viniloversus | Sonó Así | executive producer | album,open
229968,520472,person,Gabriela Valladares,YouTube Data API v3,7520,Gabriela Valladares,canonical_exact,candidato_correcto_credito_exacto,7520,Gabriela Valladares,1,Los Amigos Invisibles | A Typical & Autoctonal Venezuelan Dance Band | photo | album,approved
229969,547204,person,Garman,YouTube Data API v3,9807,Harman,fuzzy,sin_coincidencia_concluyente,,,2,Los Beat3 | ¡En Vivo! | composed | 6,open
229970,539789,person,Garnica,YouTube Data API v3,9236,García,fuzzy,sin_coincidencia_concluyente,,,0,"Submarino | Demos | photo | album || Various Artists | Páramo Pictures ""Sentido"" | produced | 1,4",open
229971,529829,person,Gary Brooker,YouTube Data API v3,7076,Gary Bosco,fuzzy,candidato_equivocado_existe_credito_exacto,12706,Gary Brooker,2,Los Impala | ¡Estos Son Los Impala! | composed | 12,open
229978,518618,person,Gerd Baumgartner,YouTube Data API v3,8424,Gerd Baumgartner,canonical_exact,candidato_correcto_credito_exacto,8424,Gerd Baumgartner,2,Dimensión Latina | Una Dimensión De Éxitos | recorded | 2,approved
229979,532835,person,German Fleitas Beroes,YouTube Data API v3,12220,Germán Freites,fuzzy,candidato_equivocado_existe_credito_exacto,12934,German Fleitas Beroes,2,Juan Carlos Torrealba | No Voy Sin Ti | composed | 2,open
229980,525724,person,Germán Narvaez,YouTube Data API v3,1843,German Sanchez,fuzzy,candidato_equivocado_existe_credito_exacto,13092,Germán Narvaez,3,Various Artists | Caracas 400 Gente En Ambiente | recorded live | 17,open
229990,522108,person,Giovanni Troconis,YouTube Data API v3,5940,Giovanni Troconis,canonical_exact,candidato_correcto_credito_exacto,5940,Giovanni Troconis,1,Icaro | Icaro | graphic design | album,approved
229991,540890,person,Giselle,YouTube Data API v3,9880,Giles,fuzzy,sin_coincidencia_concluyente,,,1,Okills | América Supersónica | styling assistant | album,open
229992,519253,person,Giuliano Molgora,YouTube Data API v3,6088,Giuliano Lossio,fuzzy,candidato_equivocado_existe_credito_exacto,12811,Giuliano Molgora,1,"Témpano | En Reclamación | digital transfer | album || iX | Ora Pro Nobis | additional military band recordings | 6,7",open
229993,531199,person,Gleen Miler,YouTube Data API v3,10950,Glenn Miller,fuzzy,candidato_equivocado_existe_credito_exacto,12864,Gleen Miler,1,Various Artists | Show De Boleros | composed | 4,open
229994,531206,person,Gloria Estefan,YouTube Data API v3,9618,Gloria Estefan,canonical_exact,candidato_correcto_credito_exacto,9618,Gloria Estefan,1,Various Artists | Show De Boleros | composed | 5,approved
229995,547239,person,Goffin,YouTube Data API v3,9244,G. Goffin,fuzzy,sin_coincidencia_concluyente,,,0,Los Beat3 | ¡En Vivo! | composed | 11,open
229996,513130,person,"Gonzalo ""Cuero Negro"" Vivas",YouTube Data API v3,10108,Gonzalo Curiel,fuzzy,sin_coincidencia_concluyente,,,2,Gillman | Escalofrío | photos | album,open
229997,532714,person,Gonzalo Galavis,YouTube Data API v3,4144,Gonzalo Galavis,canonical_exact,candidato_correcto_credito_exacto,4144,Gonzalo Galavis,1,Colina | Colina | photos | album || Franco De Vita | Fantasía | photos | album || Sietecuero | Rojo Sangre | photos | album,approved
229998,531719,person,Gonzalo Galavís,YouTube Data API v3,6373,Gonzalo Vivas,fuzzy,candidato_equivocado_existe_credito_exacto,4144,Gonzalo Galavis,1,Colina | Colina | photos | album || Franco De Vita | Fantasía | photos | album || Sietecuero | Rojo Sangre | photos | album,open
229999,530537,person,Gonzalo Pulido,YouTube Data API v3,4885,Gonzalo Pulido,canonical_exact,candidato_correcto_credito_exacto,4885,Gonzalo Pulido,1,Aditus | A Través De La Ventana | graphic design & illustration | album,approved
232014,513415,person,Sergio de Kario,YouTube Data API v3,3534,Sergio Marín,fuzzy,candidato_equivocado_existe_credito_exacto,13001,Sergio de Kario,1,Yordano | ¡Qué Lindas Son! | composed | 3,open
230011,526969,person,Gustavo Alemán,YouTube Data API v3,8439,Gustavo Alemán,canonical_exact,candidato_correcto_credito_exacto,8439,Gustavo Alemán,3,Desorden Público | En Vivo En El Teresa Carreño | inside photos | album || Desorden Público | Estrellas Del Caos | photo | album,approved
230012,516263,person,Gustavo Dao,YouTube Data API v3,4017,Gustavo Dao,canonical_exact,candidato_correcto_credito_exacto,4017,Gustavo Dao,5,Los Buitres | Los Buitres | photo | album || Los Chevynovas | Música En Vara | photos | album || PP'S | Tercera Guerra Musical | photos | album,approved
230013,538821,person,Gustavo Marcano,YouTube Data API v3,5923,Gustavo Marcano,canonical_exact,sin_coincidencia_concluyente,,,0,Cunaguaro Soul | Cunaguaro Soul | Full Album || | photos | album,open
230014,527345,person,Gustavo Silva,YouTube Data API v3,4237,Gustavo Silva,canonical_exact,candidato_correcto_credito_exacto,4237,Gustavo Silva,1,Caramelos De Cianuro | 8 | photo art direction | album,approved
230015,526683,person,Gustavo Velásquez,YouTube Data API v3,3152,Gustavo Ovalles,fuzzy,candidato_equivocado_existe_credito_exacto,12738,Gustavo Velásquez,1,Palmeras Kanibales | 13 Super Kañonazos Bailables | graphic design | album,open
230016,517197,person,Gutiérrez,YouTube Data API v3,9882,Gutiérrez,canonical_exact,candidato_correcto_credito_exacto,9882,Gutiérrez,3,Joystick | Lonchera | composed | album,approved
230017,539438,person,Gárnica,YouTube Data API v3,9236,García,fuzzy,sin_coincidencia_concluyente,,,0,"Submarino | Demos | photo | album || Various Artists | Páramo Pictures ""Sentido"" | produced | 1,4",open
229981,530786,person,Germán Socorro,YouTube Data API v3,6503,Germán Socorro,canonical_exact,candidato_correcto_credito_exacto,6503,Germán Socorro,2,Sentencia | Sentencia | graphic design | album,approved
229982,521535,person,Germán Socorro M,YouTube Data API v3,6503,Germán Socorro,fuzzy,candidato_equivocado_existe_credito_exacto,12820,Germán Socorro M,1,Various Artists | 5to Festival Nuevas Bandas | graphic design | album,open
229983,537018,person,Gerry Goffin,YouTube Data API v3,12072,Gerry Goffin,canonical_exact,candidato_correcto_credito_exacto,12072,Gerry Goffin,4,Henry Stephen | Limón Limonero | composed | 4,approved
229984,524949,person,Ghian Wright,YouTube Data API v3,4280,Ghian Wright,canonical_exact,sin_coincidencia_concluyente,,,2,"Caramelos De Cianuro | Flor De Fuego | produced | album || Caramelos De Cianuro | Flor De Fuego | recording assistants | 2,3,8,10",open
229985,524392,person,Gianluigi Borreli,YouTube Data API v3,1582,Gianluigi Borrelli,fuzzy,candidato_equivocado_existe_credito_exacto,12690,Gianluigi Borreli,4,Los Alteregos | Lo Que Dejas Atrás | composed | album,open
230000,537105,person,Gordon Mills,YouTube Data API v3,10995,Gordon Mills,canonical_exact,candidato_correcto_credito_exacto,10995,Gordon Mills,2,Henry Stephen | Limón Limonero | composed | 10,approved
230001,545124,person,Graciela Zarikian,YouTube Data API v3,8832,Graciela Naranjo,fuzzy,candidato_equivocado_existe_credito_exacto,12988,Graciela Zarikian,1,Vytas Brenner | Vytas | makeup | album,open
230003,532339,person,Graphics,YouTube Data API v3,8650,Graphia Design,fuzzy,sin_coincidencia_concluyente,,,2,Caramelos De Cianuro | En Vivo | graphic design | album,open
230004,538483,person,Grasroot,YouTube Data API v3,9730,Grasroot,canonical_exact,candidato_correcto_credito_exacto,9730,Grasroot,1,Various Artists | La Otra Magia De Los 60 & 70 | composed | 15,approved
230005,540428,person,Gregorio,YouTube Data API v3,172,Gregorio Durán,fuzzy,sin_coincidencia_concluyente,,,3,Laberinto | Decada | written | 11 || Laberinto | Priority | composed | album,open
230006,528687,person,Guido Malandrino,YouTube Data API v3,8547,Guido Malandrino,canonical_exact,candidato_correcto_credito_exacto,8547,Guido Malandrino,1,Claroscuro | Miel | cover photo | album || Claroscuro | Supereterodino Sessions | cover photo | album || Claroscuro | Supereterodino | cover photo | album,approved
230007,534579,person,Guillermo Palladino,YouTube Data API v3,8975,Guillermo Machado,fuzzy,candidato_equivocado_existe_credito_exacto,12654,Guillermo Palladino,1,KRé | Ruido Doméstico | graphic design | album || KRé | Ruido Doméstico | photos | album,open
230008,521358,person,Guillermo Sanchez,YouTube Data API v3,8894,Guillermo Sanchez,canonical_exact,sin_coincidencia_concluyente,,,0,Desorden Público | ¿Dónde Está El Futuro? | recorded live | 11,open
230009,517991,person,Guillo Lefed,YouTube Data API v3,125,Guille,fuzzy,candidato_equivocado_existe_credito_exacto,13070,Guillo Lefed,6,Movida Acústica Urbana | Rock And Mau 2 | additional recordings | album,open
230010,527626,person,Gustavo Acevedo,YouTube Data API v3,3699,Gustavo Acevedo,canonical_exact,candidato_correcto_credito_exacto,3699,Gustavo Acevedo,1,Ladies W.C. | Ladies W.C. | photo | album,approved
230022,538423,person,Hank Williams,YouTube Data API v3,8346,Hank Williams,canonical_exact,candidato_correcto_credito_exacto,8346,Hank Williams,1,Various Artists | La Otra Magia De Los 60 & 70 | composed | 9,approved
230023,530798,person,Harold Escalona,YouTube Data API v3,12141,Harold Melvin,fuzzy,candidato_equivocado_existe_credito_exacto,12762,Harold Escalona,1,Sentencia | Sentencia | photos | album,open
230024,516609,person,Hary Febres,YouTube Data API v3,836,Harry Febres,fuzzy,candidato_equivocado_existe_credito_exacto,12543,Hary Febres,1,Fibonacci | Entre Versos Lo Adverso | composed | 5,open
230025,542679,person,Heberto Añez Duque,YouTube Data API v3,6693,Heberto Añez Duque,canonical_exact,candidato_correcto_credito_exacto,6693,Heberto Añez Duque,1,TLX | 33 Minutos y En Auto | guitars recorded | 4,approved
230026,521792,person,Hector Do Nascimento,YouTube Data API v3,2878,Hector Di Donna,fuzzy,candidato_equivocado_existe_credito_exacto,6614,Héctor Do Nascimento,4,Los Mentas | Dueño De Un Bar | graphic design | album || Los Mentas | Hasta Que Los Bares Nos Separen | graphic design | album || Los Mentas | Mundo Porno | graphic design | album || Los Mentas | Taguara's Forever | graphic design | album || Submarino | Submarino | graphic design | album,open
230027,543284,person,Hector Do Nascimiento,YouTube Data API v3,6614,Héctor Do Nascimento,fuzzy,candidato_equivocado_existe_credito_exacto,12662,Hector Do Nascimiento,1,La Cándida Virgen | Power of Pain | graphic design | album,open
230028,519752,person,Henk Keilman,YouTube Data API v3,7639,Henk Keilman,canonical_exact,candidato_correcto_credito_exacto,7639,Henk Keilman,1,Ananta | Wheels Of Time / Night And Daydream | executive production | album,approved
230018,526809,person,H. Ascóniga,YouTube Data API v3,1463,Hernán Ascóniga,alias_exact,candidato_con_variante_y_credito,1463,Hernán Ascóniga,4,Desorden Público | Estrellas Del Caos | composed | 10 || Desorden Público | Estrellas Del Caos | composed | 6,approved
230019,526795,person,H. Blanco,YouTube Data API v3,8881,Blanco,fuzzy,sin_coincidencia_concluyente,,,6,"Desorden Público | Estrellas Del Caos | composed | 10 || Desorden Público | Estrellas Del Caos | composed | 12 || Desorden Público | Estrellas Del Caos | composed | 14 || Desorden Público | Estrellas Del Caos | composed | 17 || Desorden Público | Estrellas Del Caos | composed | 2 || Desorden Público | Estrellas Del Caos | composed | 3 || Desorden Público | Estrellas Del Caos | composed | 4 || Desorden Público | Estrellas Del Caos | composed | 6 || Desorden Público | Estrellas Del Caos | composed | 7,8,9,13",open
230020,525703,person,H.L. Aute,YouTube Data API v3,8472,H.L. Baute,fuzzy,candidato_equivocado_existe_credito_exacto,13090,H.L. Aute,1,Various Artists | Caracas 400 Gente En Ambiente | composed | 16,open
230036,524181,person,Hirail Arias,YouTube Data API v3,7082,Hirail Arias,canonical_exact,candidato_correcto_credito_exacto,7082,Hirail Arias,2,Aditus | En Concierto En Este País | graphic design | album,approved
230037,535807,person,Holland,YouTube Data API v3,9121,F. Holland,fuzzy,sin_coincidencia_concluyente,,,0,Las Cuatro Monedas | Los Grandes Éxitos | composed | 6,open
230038,518817,person,Hugo Rivarola,YouTube Data API v3,5389,Hugo Rivarola,canonical_exact,candidato_correcto_credito_exacto,5389,Hugo Rivarola,1,"Dermis Tatú | La Violó, La Mató y La Picó | assistant engineer | album",approved
230039,521859,person,"Héctor ""El Pibe"" Forzano",YouTube Data API v3,5587,Héctor Forzano,fuzzy,candidato_con_variante_y_credito,5587,Héctor Forzano,1,Poster | Despúes Del Frío | production assistant | album,approved
230040,516569,person,Héctor Do Nascimento,YouTube Data API v3,6614,Héctor Do Nascimento,canonical_exact,candidato_correcto_credito_exacto,6614,Héctor Do Nascimento,4,Los Mentas | Dueño De Un Bar | graphic design | album || Los Mentas | Hasta Que Los Bares Nos Separen | graphic design | album || Los Mentas | Mundo Porno | graphic design | album || Los Mentas | Taguara's Forever | graphic design | album || Submarino | Submarino | graphic design | album,approved
230041,543261,person,Héctor Herrera,YouTube Data API v3,1169,Héctor Hernández,fuzzy,candidato_equivocado_existe_credito_exacto,12659,Héctor Herrera,2,La Cándida Virgen | Power of Pain | assistant engineer | album,open
230042,535333,person,Héctro Flores Osuna,YouTube Data API v3,5587,Héctor Forzano,fuzzy,candidato_equivocado_existe_credito_exacto,12991,Héctro Flores Osuna,1,Willie Croes | La + De Las Partes | composed | 4,open
230043,536296,person,I. Zabala,YouTube Data API v3,9954,Iñigo Zabala,alias_exact,candidato_con_variante_y_credito,9954,Iñigo Zabala,4,Témpano | Témpano | composed | 3,approved
230052,523553,person,Isabel de Umérez,YouTube Data API v3,9073,Isabel de Armas,fuzzy,candidato_equivocado_existe_credito_exacto,13078,Isabel de Umérez,2,Serenata Guayanesa | Vol. 2: Música Popular y Folklórica Venezolana | composed | 12,open
230053,530471,person,Isabelle Granger,YouTube Data API v3,5194,Isabella Granger,fuzzy,candidato_equivocado_existe_credito_exacto,12610,Isabelle Granger,1,Cinema Sun | Cinema Sun | photos | album,open
230054,520699,person,Ismael Aguirre,YouTube Data API v3,5036,Ismael Sauce,fuzzy,candidato_equivocado_existe_credito_exacto,12563,Ismael Aguirre,1,Okills | Reiniciando Transmisión | illustrations | album,open
230056,535542,person,Ivan Infante,YouTube Data API v3,536,Iván Infante,accent_only,candidato_correcto_credito_exacto,536,Iván Infante,3,Sónica | Huellas | executive production | album,approved
230057,543321,person,Iván Almaral,YouTube Data API v3,4705,Iván Alquati,fuzzy,candidato_equivocado_existe_credito_exacto,12583,Iván Almaral,1,Americania | Concierto En La Sala | graphic design | album,open
230058,545769,person,Iván Alquati,YouTube Data API v3,4705,Iván Alquati,canonical_exact,candidato_correcto_credito_exacto,4705,Iván Alquati,1,"Various Artists | La Respuesta | recorded | 3,5,8,10",approved
230066,545098,person,J. Betín,YouTube Data API v3,8743,J. Sebastian,fuzzy,candidato_equivocado_existe_credito_exacto,12985,J. Betín,1,Vytas Brenner | Vytas | composed | 8,open
230067,515164,person,J. Briceño,YouTube Data API v3,366,Julio Briceño,alias_exact,candidato_con_variante_y_credito,366,Julio Briceño,5,"Los Amigos Invisibles | En Una Noche Tan Linda Como Esta | composed | 3 || Los Amigos Invisibles | En Una Noche Tan Linda Como Esta | composed | 5,14",approved
230068,517133,person,J. Capaldi,YouTube Data API v3,9718,J. Capaldi,canonical_exact,candidato_correcto_credito_exacto,9718,J. Capaldi,2,Various Artists | La Otra Magia De Los 60 & 70 | composed | 1 || Various Artists | Segunda Experiencia Psicotomimética | composed | 10,approved
230069,545725,person,J. Jiménez,YouTube Data API v3,4702,"Jesús ""Moti"" Jiménez",alias_exact,candidato_con_variante_y_credito,4702,"Jesús ""Moti"" Jiménez",2,Various Artists | La Respuesta | composed | 6,approved
230070,513938,person,J. Olmedillo,YouTube Data API v3,505,Juan Olmedillo,fuzzy,candidato_equivocado_existe_credito_exacto,13111,J. Olmedillo,4,"Los Mentas | Reserva Añeja | lyrics written | album || Los Mentas | Sopa, Seco y Jugo | composed | album || Los Mentas | Sopa, Seco y Jugo | lyrics written | album || Los Mentas | Sopa, Seco y Jugo | written | 10 || Los Mentas | U.E.L.M: Unidad Educativa | composed | album",open
230071,515879,person,J. Ramírez,YouTube Data API v3,9515,J. Ramírez,canonical_exact,candidato_correcto_credito_exacto,9515,J. Ramírez,3,"Mermelada Bunch | Pum Pum | composed | 1 || Mermelada Bunch | Pum Pum | composed | 2,5 || Mermelada Bunch | Pum Pum | composed | 4,6,9 || Mermelada Bunch | Pum Pum | composed | 7,8",approved
230029,542604,person,Henry Loaiza,YouTube Data API v3,4665,Henry Loaiza,canonical_exact,sin_coincidencia_concluyente,,,0,Alfombra Roja | Pueblo Chico Infierno Grande | additional recordings | album,open
230030,512442,person,Henry Martinez,YouTube Data API v3,33,Henry Martínez,accent_only,candidato_correcto_credito_exacto,33,Henry Martínez,3,C4 Trío | C4 Trío | composed | 9 || Claudio Corsi | Aire y Mar | lyrics written | 3 || Juan Carlos Torrealba | No Voy Sin Ti | composed | 4 || Various Artists | En Un Sótano De La Florida | composed | 9 || Various Artists | En Un Sótano De La Florida | composed | 3,approved
230031,517705,person,Henry Martínez,YouTube Data API v3,33,Henry Martínez,canonical_exact,candidato_correcto_credito_exacto,33,Henry Martínez,3,C4 Trío | C4 Trío | composed | 9 || Claudio Corsi | Aire y Mar | lyrics written | 3 || Juan Carlos Torrealba | No Voy Sin Ti | composed | 4 || Various Artists | En Un Sótano De La Florida | composed | 9 || Various Artists | En Un Sótano De La Florida | composed | 3,approved
230032,526586,person,Henseli Rahn,YouTube Data API v3,1806,Hensli Rahn,fuzzy,candidato_equivocado_existe_credito_exacto,12870,Henseli Rahn,2,Various Artists | U-Rock Discos | composed | 5,open
230034,523941,person,Herman D. Gimbel,YouTube Data API v3,9803,Herman,fuzzy,candidato_equivocado_existe_credito_exacto,12702,Herman D. Gimbel,1,Los Impala | Impala Syndrome | executive producer | album,open
230035,515964,person,Hernández,YouTube Data API v3,6947,Hernán,fuzzy,sin_coincidencia_concluyente,,,2,Mermelada Bunch | Pum Pum | composed | 3,open
230044,530519,person,Ibarz Briedis,YouTube Data API v3,7050,Ibarz Briedis,canonical_exact,candidato_correcto_credito_exacto,7050,Ibarz Briedis,3,Aditus | A Través De La Ventana | photos | album,approved
230046,513436,person,Ignacio Piñeiro,YouTube Data API v3,351,Ignacio Padrón,fuzzy,candidato_equivocado_existe_credito_exacto,13004,Ignacio Piñeiro,1,Yordano | ¡Qué Lindas Son! | composed | 6 || Yordano | ¡Qué Lindas Son! | composed | 8,open
230047,512673,person,Ignacio Rojas,YouTube Data API v3,20,Ignacio Rojas,canonical_exact,candidato_correcto_credito_exacto,20,Ignacio Rojas,4,Tomates Fritos | Molly | overdubs recorded | album || Tomates Fritos | Molly | recorded | 8,approved
230048,513422,person,Ignacio Villa,YouTube Data API v3,5725,Ignacio Lares,fuzzy,candidato_equivocado_existe_credito_exacto,13002,Ignacio Villa,1,Yordano | ¡Qué Lindas Son! | composed | 4,open
230049,524732,person,Indra Rodríguez,YouTube Data API v3,4633,André Rodríguez,fuzzy,candidato_equivocado_existe_credito_exacto,13022,Indra Rodríguez,3,Ninah Mars | Alboom! | photos | album,open
230050,513498,person,Irene Turitto,YouTube Data API v3,7083,Irene Turitto,canonical_exact,candidato_correcto_credito_exacto,7083,Irene Turitto,2,Aditus | En Concierto En Este País | graphic design | album || Yordano | ¡Qué Lindas Son! | graphic design | album,approved
230051,544961,person,Irving Blanco,YouTube Data API v3,3723,Irving Blanco,canonical_exact,candidato_correcto_credito_exacto,3723,Irving Blanco,2,La Banana Voladora | Tan Sólo Una Sonrisa | graphic design | album,approved
230059,518197,person,Iván Bossio,YouTube Data API v3,1366,Ivan Taboski,fuzzy,candidato_equivocado_existe_credito_exacto,12589,Iván Bossio,1,Andreazulado | Despegue Eterno | photos | album,open
230060,543907,person,Iván Castillo,YouTube Data API v3,6162,Iván Castillo,canonical_exact,candidato_correcto_credito_exacto,6162,Iván Castillo,4,La Muy Bestia Pop | Deux Ex Machina | graphic design | album,approved
230061,536929,person,Iván Gabaldon,YouTube Data API v3,6747,Iván Gavaldón,fuzzy,candidato_equivocado_existe_credito_exacto,1020,Iván Gabaldón,2,"Dermis Tatú | EP | photos | album || Dermis Tatú | En Vivo Komotion / San Francisco | photos | album || Dermis Tatú | Inéditas | photos | album || Dermis Tatú | La Violó, La Mató y La Picó | photos | album || La Hermandad | Jai | inside photos | album || La Leche | 45 | photos | album || PAN | B-Sides: En Vivo En El Teatro Nacional | photos | album || PAN | En Vivo En El Teatro Nacional | photos | album || Pacífica | 01 | photo | album || Yátu | A Conciencia | photos | album || Yátu | Joroporoll | photos | album || Yátu | La Condición De Este Mundo | back cover | album || Yátu | La Condición De Este Mundo | group photos | album",open
230062,525188,person,Iván Iga,YouTube Data API v3,1160,Iván Higa,fuzzy,candidato_equivocado_existe_credito_exacto,12744,Iván Iga,1,Pixel | Invítame | recording assistant | album,open
230063,513717,person,Iván Larraguibel,YouTube Data API v3,5386,Iván Larraguibel,canonical_exact,candidato_correcto_credito_exacto,5386,Iván Larraguibel,3,"Dermis Tatú | EP | graphic design | album || Dermis Tatú | EP | photos | album || Dermis Tatú | En Vivo Komotion / San Francisco | graphic design | album || Dermis Tatú | En Vivo Komotion / San Francisco | photos | album || Dermis Tatú | Inéditas | graphic design | album || Dermis Tatú | Inéditas | photos | album || Dermis Tatú | La Violó, La Mató y La Picó | graphic design | album || Dermis Tatú | La Violó, La Mató y La Picó | photos | album || Various Artists | Zona De Obras: Venezuela | photos | album",approved
230064,528176,person,J. Acosta,YouTube Data API v3,9723,Acosta,fuzzy,candidato_equivocado_existe_credito_exacto,12747,J. Acosta,2,Radio Clip | Desde Cero | lyrics written | album,open
230065,541109,person,J. Aroutine,YouTube Data API v3,9358,Aroutine,fuzzy,candidato_equivocado_existe_credito_exacto,12963,J. Aroutine,5,"Planeador | Barcelona 10C | composed | 1,2 || Planeador | Barcelona 10C | composed | 10 || Planeador | Barcelona 10C | composed | 3,4,11 || Planeador | Barcelona 10C | composed | 5,6 || Planeador | Barcelona 10C | composed | 7,9 || Planeador | Barcelona 10C | composed | 8 || Planeador | Barcelona 10C | written | 3,4 || Planeador | Barcelona 10C | written | 5,11",open
230073,517063,person,J. Spiteri,YouTube Data API v3,9477,Spiteri,fuzzy,candidato_equivocado_existe_credito_exacto,12852,J. Spiteri,5,Spiteri | Spiteri | all themes arranged | album || Various Artists | Segunda Experiencia Psicotomimética | composed | 4,open
230074,540998,person,J. Toro,YouTube Data API v3,9359,Toro,fuzzy,candidato_equivocado_existe_credito_exacto,12978,J. Toro,1,Various Artists | Tsee Mud... Bacro... LSD (1968-1971) | lyrics | 8,open
230075,518247,person,J. Verdaguer,YouTube Data API v3,491,Jaime Verdaguer,alias_exact,candidato_con_variante_y_credito,491,Jaime Verdaguer,5,Radio Clip | Desde Cero | written | 13 || Zapato 3 | Ecos Punzantes Del Ayer | composed | 1 || Zapato 3 | Entrada De Bala | composed | album,approved
230077,515150,person,J.L. Pardo,YouTube Data API v3,7552,Joe Pardo,fuzzy,sin_coincidencia_concluyente,,,21,"Los Amigos Invisibles | En Una Noche Tan Linda Como Esta | composed | 2 || Los Amigos Invisibles | En Una Noche Tan Linda Como Esta | composed | 3 || Los Amigos Invisibles | En Una Noche Tan Linda Como Esta | composed | 4 || Los Amigos Invisibles | En Una Noche Tan Linda Como Esta | composed | 5,14 || Los Amigos Invisibles | En Una Noche Tan Linda Como Esta | composed | 6,7 || Los Amigos Invisibles | En Una Noche Tan Linda Como Esta | composed | 6,8,12,15 || Los Amigos Invisibles | En Una Noche Tan Linda Como Esta | composed | 9,11,13,14",open
230072,525682,person,J. Sosa,YouTube Data API v3,9268,P. Sosa,fuzzy,candidato_equivocado_existe_credito_exacto,13089,J. Sosa,1,Various Artists | Caracas 400 Gente En Ambiente | composed | 13,open
230089,537706,person,Jason Carmer,YouTube Data API v3,7530,Jason Carmer,canonical_exact,candidato_correcto_credito_exacto,7530,Jason Carmer,1,"Los Amigos Invisibles | Arepa 3000: A Venezuelan Journey Into Space | basic tracks recorded | album || Los Amigos Invisibles | Arepa 3000: A Venezuelan Journey Into Space | mixed | 4,6,8,9,14,16,19",approved
230090,546483,person,Jasper Bax,YouTube Data API v3,2437,Jasper Dankaart,fuzzy,candidato_equivocado_existe_credito_exacto,12674,Jasper Bax,1,Laberinto | Decada | graphic design | album,open
230091,539176,person,Javier Avellaneda,YouTube Data API v3,3361,"Javier Avellaneda ""Vieja""",fuzzy,candidato_con_variante_y_credito,3361,"Javier Avellaneda ""Vieja""",2,Zapato 3 | Separación | composed | 1,approved
230093,512843,person,Javier Gracia,YouTube Data API v3,2483,Javier García,fuzzy,candidato_equivocado_existe_credito_exacto,13064,Javier Gracia,1,Gasolina | EP | photo | album,open
230094,532477,person,Javier Gutiérrez,YouTube Data API v3,3705,Javier Gutiérrez,canonical_exact,candidato_correcto_credito_exacto,3705,Javier Gutiérrez,2,Los Oceánicos | Los Oceánicos | photos | album,approved
230099,522204,person,Jean Pier Felce,YouTube Data API v3,510,Jean Pierre Felce,fuzzy,candidato_equivocado_existe_credito_exacto,12894,Jean Pier Felce,1,El Clan Spiteri | Back To The 60's | graphic design | album,open
230100,546343,person,Jeff Hollie,YouTube Data API v3,2324,Jeff Poe,fuzzy,candidato_equivocado_existe_credito_exacto,12669,Jeff Hollie,2,"Laberinto | Decada | produced | 6,11",open
230101,529801,person,Jelena Ardila,YouTube Data API v3,6874,Juan Ardila,fuzzy,candidato_equivocado_existe_credito_exacto,13115,Jelena Ardila,1,Los Paranoias | Aquí Fue | photos | album || Los Paranoias | Lesslie Sessions | photos | album || Los Paranoias | Que Se Activen Las Alarmas | photos | album,open
230102,539451,person,Jeniffer Noya,YouTube Data API v3,7495,Jeniffer Noya,canonical_exact,candidato_correcto_credito_exacto,7495,Jeniffer Noya,1,Los Paranoias | Hey! Dónde Están Los Paranoias? | executive production | album,approved
230103,519680,person,Jennifer Dopazzo,YouTube Data API v3,2126,Jennifer Zea,fuzzy,candidato_equivocado_existe_credito_exacto,12642,Jennifer Dopazzo,2,Gaêlica | Ibérica & Latina | graphic design | album,open
230104,537424,person,Jennifer Noya,YouTube Data API v3,7495,Jeniffer Noya,fuzzy,candidato_equivocado_existe_credito_exacto,13113,Jennifer Noya,2,Los Paranoias | AAAH! Estos Son Los Paranoias! | executive production | album,open
230105,527374,person,Jeremy Ruiz,YouTube Data API v3,1912,"Jeremias ""Jeremy"" Ruiz",fuzzy,candidato_equivocado_existe_credito_exacto,12728,Jeremy Ruiz,2,Meganeura Monji | A Fragment Of My Mind | lyrics written | album || Meganeura Monji | A Fragment Of My Mind | lyrics written | 2,open
230117,515310,person,Jesús Noriega Jr,YouTube Data API v3,7561,Jesús Noriega Jr.,canonical_exact,sin_coincidencia_concluyente,,,0,Los Amigos Invisibles | En Una Noche Tan Linda Como Esta | recorded live | album,open
230118,540663,person,Jhonny Serra,YouTube Data API v3,1131,Johnny Serra,fuzzy,candidato_equivocado_existe_credito_exacto,12602,Jhonny Serra,2,Candy66 | Evolutio | assistant engineers | album,open
230120,532574,person,Jiménez,YouTube Data API v3,7916,Jiménez,canonical_exact,candidato_correcto_credito_exacto,7916,Jiménez,3,"Sentimiento Muerto | En Vivo Teatro Rafael Guinand | composed | 6,18 || Sentimiento Muerto | En Vivo Teatro Rafael Guinand | composed | 7",approved
230121,519921,person,Jo Semi,YouTube Data API v3,3822,Jo Semi,canonical_exact,sin_coincidencia_concluyente,,,0,Los Últimos Indocumentados | Los Últimos Indocumentados | photos | album,open
230130,535954,person,John Márquez,YouTube Data API v3,6794,John Márquez,canonical_exact,candidato_correcto_credito_exacto,6794,John Márquez,1,"Various Artists | Páramo Pictures ""Alma"" | photos | album || Various Artists | Páramo Pictures ""Sentido"" | photos | album || Various Artists | Páramo Pictures ""Vida"" | photos | album",approved
230131,535793,person,Johnny Nash,YouTube Data API v3,12149,Johnny Nash,canonical_exact,candidato_correcto_credito_exacto,12149,Johnny Nash,1,Las Cuatro Monedas | Los Grandes Éxitos | composed | 4,approved
230132,537004,person,Johnny Quiróz,YouTube Data API v3,1655,Johnny Cufiño,fuzzy,otro_candidato_variante_con_credito,10051,Johnny Quiros,5,Henry Stephen | Limón Limonero | composed | 3 || Henry Stephen | Limón Limonero | composed | 4 || Henry Stephen | Limón Limonero | composed | 8,open
230133,540550,person,Johnny Rivas,YouTube Data API v3,11922,Johnny Rivers,fuzzy,candidato_equivocado_existe_credito_exacto,13107,Johnny Rivas,1,Zapato 3 | Separación Tour | executive producer | album,open
230134,547218,person,Johnson,YouTube Data API v3,6669,Johnson,canonical_exact,candidato_correcto_credito_exacto,6669,Johnson,2,Los Beat3 | ¡En Vivo! | composed | 15,approved
230078,515227,person,J.V. Torrealba,YouTube Data API v3,4456,Juan Vicente Torrealba,alias_exact,candidato_con_variante_y_credito,4456,Juan Vicente Torrealba,4,Los Amigos Invisibles | En Una Noche Tan Linda Como Esta | composed | 2,approved
230080,537037,person,Jackie Edwards,YouTube Data API v3,11368,Jackie Edwards,canonical_exact,candidato_correcto_credito_exacto,11368,Jackie Edwards,1,Henry Stephen | Limón Limonero | composed | 5,approved
230081,513216,person,Jaime Beltrán,YouTube Data API v3,6615,Jaime Beltrán,canonical_exact,candidato_correcto_credito_exacto,6615,Jaime Beltrán,3,Luz Verde | Manual De Buenas Costumbres | photos | album || RC2 | Future Awaits | photos | album || Submarino | Submarino | graphic design | album || Submarino | Submarino | photos | album || Various Artists | El Subte Venezolano | photo | album,approved
230082,519731,person,Jaime Cruz,YouTube Data API v3,8025,Jaime Cruz,canonical_exact,candidato_correcto_credito_exacto,8025,Jaime Cruz,1,Bacalao Men | El Nuevo Bugalú | graphic design | album,approved
230083,538295,person,Jaime Marcano,YouTube Data API v3,6834,Jaime Marchiani,fuzzy,candidato_equivocado_existe_credito_exacto,13017,Jaime Marcano,1,Franco De Vita | Extranjero | production assistant | album,open
230084,533598,person,Jaime Verdager,YouTube Data API v3,491,Jaime Verdaguer,fuzzy,candidato_equivocado_existe_credito_exacto,12754,Jaime Verdager,6,"Radio Clip | Fuego En La Corriente | composed | 1 || Radio Clip | Fuego En La Corriente | composed | 10,12 || Radio Clip | Fuego En La Corriente | composed | 2,8 || Radio Clip | Fuego En La Corriente | lyrics | 1,2,8 || Radio Clip | Fuego En La Corriente | lyrics | 10,12",open
230087,525057,person,Jared Nugent,YouTube Data API v3,4295,Jared Nugent,canonical_exact,sin_coincidencia_concluyente,,,0,"Caramelos De Cianuro | Flor De Fuego | recording assistants | 4,7",open
230088,531521,person,Jarz,YouTube Data API v3,4926,Jarz,canonical_exact,candidato_correcto_credito_exacto,4926,Jarz,1,Billy Se Fue | Para Siempre | lyrics written | 2,approved
230108,517119,person,Jesse James,YouTube Data API v3,6085,Jessy Jaimes,fuzzy,candidato_equivocado_existe_credito_exacto,12858,Jesse James,1,Various Artists | Segunda Experiencia Psicotomimética | composed | 8,open
230109,520990,person,Jesus Acosta,YouTube Data API v3,9796,Jesús C.,fuzzy,candidato_equivocado_existe_credito_exacto,2042,Jesús Acosta,2,Radioclip | Brilla | composed | 10,open
230110,542504,person,Jesus Maduro R,YouTube Data API v3,7601,Jesús Mora,fuzzy,candidato_equivocado_existe_credito_exacto,12755,Jesus Maduro R,1,Radio Clip | Radio Clip | artwork & design | album,open
230111,525383,person,"Jesús ""Chuo"" Torrealba",YouTube Data API v3,9324,Jesús Alberto Contreras,fuzzy,candidato_equivocado_existe_credito_exacto,12733,"Jesús ""Chuo"" Torrealba",1,Mulato | De Aquí Pa' La Playa | cover illustration | album,open
230112,513124,person,Jesús A. Maduro,YouTube Data API v3,4387,Jesús A. Maduro,canonical_exact,candidato_correcto_credito_exacto,4387,Jesús A. Maduro,3,Gillman | Escalofrío | photos | album || Radio Clip | Donde Sopla El Viento | cover concept | album || Radio Clip | Donde Sopla El Viento | graphic design | album,approved
230113,521678,person,Jesús Cedeño,YouTube Data API v3,9025,Jesús Cedeño,canonical_exact,candidato_correcto_credito_exacto,9025,Jesús Cedeño,3,Mantra | In Solitude... I'll Watch You Fall | graphic design & art | album,approved
230114,528231,person,Jesús Maduro,YouTube Data API v3,4387,Jesús A. Maduro,fuzzy,candidato_equivocado_existe_credito_exacto,12751,Jesús Maduro,1,Radio Clip | Desde Cero | internal photos | album,open
230115,538147,person,Jesús Mesa,YouTube Data API v3,2830,Jesús Morales,fuzzy,candidato_equivocado_existe_credito_exacto,12942,Jesús Mesa,1,Lil Supa' | Serio | graphic design | album,open
230116,542415,person,Jesús Noriega,YouTube Data API v3,7561,Jesús Noriega Jr.,fuzzy,otro_candidato_variante_con_credito,8636,"Jesús ""Lalo"" Noriega",1,Various Artists | DJ Afro's Frequent Traveling Vol. 1 | field management | album,open
232016,545292,person,Silvia Aray,YouTube Data API v3,2928,Silvia Márquez,fuzzy,candidato_equivocado_existe_credito_exacto,12765,Silvia Aray,3,Sentimiento Muerto | Aunque Usted No Lo Quiera | photos | album,open
230122,515854,person,Joaquin Salim,YouTube Data API v3,8248,Joaquín Sabina,fuzzy,candidato_equivocado_existe_credito_exacto,12757,Joaquin Salim,2,Rawayana | Licencia Para Ser Libre | graphic design | album || Rawayana | RawayanaLand | graphic design | album || Rawayana | RawayanaLand | photos | album,open
230123,543901,person,Joaquín Urbina,YouTube Data API v3,6158,Joaquín Urbina,canonical_exact,candidato_correcto_credito_exacto,6158,Joaquín Urbina,4,La Muy Bestia Pop | Deux Ex Machina | graphic design | album,approved
230124,527128,person,Joe Rivera,YouTube Data API v3,3772,Jorge Viera,fuzzy,candidato_equivocado_existe_credito_exacto,12655,Joe Rivera,2,King Changó | King Changó | assistant engineers | album,open
230126,537720,person,Johaness Luley,YouTube Data API v3,7535,Johaness Luley,canonical_exact,candidato_correcto_credito_exacto,7535,Johaness Luley,2,Los Amigos Invisibles | Arepa 3000: A Venezuelan Journey Into Space | overdubs recorded | album,approved
230127,523002,person,"John ""J.T."" Thomas",YouTube Data API v3,273,John Thomas,fuzzy,candidato_con_variante_y_credito,273,John Thomas,7,Franco De Vita | Voces A Mi Alrededor | assistant engineers | album,approved
230135,529028,person,Jonas Cordero,YouTube Data API v3,817,Jason Carder,fuzzy,candidato_equivocado_existe_credito_exacto,12545,Jonás Cordero,1,1ra Edición | Tiempo De Actuar | photos | album || Fibonacci | Entre Versos Lo Adverso | photos | album,open
230136,532016,person,Jonathan Cabrera,YouTube Data API v3,2308,"Jonathan Cabrera ""Jhon""",fuzzy,candidato_con_variante_y_credito,2308,"Jonathan Cabrera ""Jhon""",4,"Ohmio | 6101 | concept | album || Ohmio | B-Sides: Del Lado De La Pintura | concept | album || Ohmio | Origami | composed | album || Ohmio | Origami | composed | 3,6,7,10 || Ohmio | Origami | concept art | album || Ohmio | Origami | lyrics written | album",approved
230147,522679,person,Jorge R. Castillo,YouTube Data API v3,8903,Jorge R. Castillo,canonical_exact,candidato_correcto_credito_exacto,8903,Jorge R. Castillo,1,Desorden Público | Diablo | photo | album,approved
230148,544712,person,Jorge Rivas,YouTube Data API v3,6884,Jorge Rivas,canonical_exact,candidato_correcto_credito_exacto,6884,Jorge Rivas,1,Vox | No Se Puede Ya Ocultar | executive production | album,approved
230149,546207,person,Jorge Rojas,YouTube Data API v3,5463,Jorge Rojas,canonical_exact,candidato_correcto_credito_exacto,5463,Jorge Rojas,1,Various Artists | Aldemaro Desde Jazz / Jazz Desde Aldemaro | all arrangements | album,approved
230150,512534,person,Jorge Troconis,YouTube Data API v3,2585,Jorge Cristo,fuzzy,candidato_equivocado_existe_credito_exacto,12888,Jorge Troconis,2,Claudio Corsi | Aire y Mar | graphic design | album,open
230151,517547,person,Jorge Vall,YouTube Data API v3,8127,Jorge Vilaf,fuzzy,candidato_equivocado_existe_credito_exacto,12775,Jorge Vall,2,Serenata Guayanesa | Vol. 1: Música Popular y Folklórica Venezolana | photos | album || Serenata Guayanesa | Vol. 2: Música Popular y Folklórica Venezolana | photo | album,open
230152,529749,person,Jose Morales,YouTube Data API v3,141,José I Morales,fuzzy,candidato_equivocado_existe_credito_exacto,13145,Jose Morales,1,"Various Artists | Borrachos y Bolingas Vol. 4 ""Todos Contra Todos"" | final cut | album || Various Artists | Borrachos y Bolingas Vol. 4 ""Todos Contra Todos"" | pre-master | album",open
230153,520360,person,Jose Morales @redromance93,YouTube Data API v3,6219,José Morao A.,fuzzy,sin_coincidencia_concluyente,,,0,Cangrejo | Inéditas | graphic design | album || Various Artists | Harakiri City: Tributo A Caramelos De Cianuro | graphic design | album,open
230154,522755,person,Jose Yepez,YouTube Data API v3,582,José R. Yepez,fuzzy,candidato_equivocado_existe_credito_exacto,12885,Jose Yepez,4,Claroscuro | El Viaje De Una Vida | photos | album,open
230155,547628,person,Joseline García,YouTube Data API v3,11916,José Luis García,fuzzy,candidato_equivocado_existe_credito_exacto,12688,Joseline García,2,Liqüet | Liquet | concept art | album || Liqüet | Liquet | graphic design | album,open
230156,529186,person,Joseluisrck,YouTube Data API v3,6513,José Luis,fuzzy,sin_coincidencia_concluyente,,,0,Fordelucs | Fotograma | remixed | 12,open
230161,531185,person,José Antonio Mendez,YouTube Data API v3,2826,José Antonio Bermúdez,fuzzy,candidato_equivocado_existe_credito_exacto,12862,José Antonio Mendez,1,Various Artists | Show De Boleros | composed | 2,open
230162,517175,person,José Antor,YouTube Data API v3,8376,José Antor,canonical_exact,candidato_correcto_credito_exacto,8376,José Antor,1,Various Artists | El Alucinante Mundo Del Soul | a | album || Various Artists | El Alucinante Mundo Del Soul | r | album || Various Artists | Pop And Op Musical Gente En Ambiente | a | album || Various Artists | Pop And Op Musical Gente En Ambiente | r | album || Various Artists | Segunda Experiencia Psicotomimética | a | album || Various Artists | Segunda Experiencia Psicotomimética | r | album,approved
230164,518590,person,José Barros,YouTube Data API v3,4005,José Barrios,fuzzy,candidato_equivocado_existe_credito_exacto,13038,José Barros,1,Dimensión Latina | Una Dimensión De Éxitos | composed | 14,open
230165,536676,person,José Dorantes,YouTube Data API v3,6634,José Dorantes,canonical_exact,sin_coincidencia_concluyente,,,0,Tarot | Tarot | photos | album,open
230166,528434,person,José E. Padrón,YouTube Data API v3,3168,José Lopera,fuzzy,candidato_equivocado_existe_credito_exacto,12972,José E. Padrón,3,Repe | Reset | photos | album,open
230167,520382,person,José Echezuría,YouTube Data API v3,6764,José Ruíz,fuzzy,sin_coincidencia_concluyente,,,6,"La Calle | A.T.C. | composed | album || La Calle | A.T.C. | composed | 9 || Radio Clip | Fuego En La Corriente | composed | 3,9 || Radio Clip | Fuego En La Corriente | composed | 6 || Sentimiento Muerto | Sin Sombra No Hay Luz | composed | 1 || Sentimiento Muerto | Sin Sombra No Hay Luz | composed | 9",open
230168,545821,person,José Estrada,YouTube Data API v3,7932,José Estrada,canonical_exact,candidato_correcto_credito_exacto,7932,José Estrada,1,Various Artists | La Respuesta | cover | album,approved
230176,539201,person,José Luis Morenza,YouTube Data API v3,7437,José Luis Morenza,canonical_exact,candidato_correcto_credito_exacto,7437,José Luis Morenza,1,Zapato 3 | Separación | assistant engineering | album,approved
230177,545105,person,José M. Rodríguez,YouTube Data API v3,167,José Rodríguez,fuzzy,candidato_equivocado_existe_credito_exacto,12986,José M. Rodríguez,1,Vytas Brenner | Vytas | composed | 9,open
230179,525440,person,José Manuel Roo,YouTube Data API v3,8719,José Manuel Orozco,fuzzy,candidato_equivocado_existe_credito_exacto,12817,José Manuel Roo,1,Ultrachic | Ultrachic | make-up artist | album,open
230180,519897,person,José Miguel Machado,YouTube Data API v3,6987,José Miguel Ahmad,fuzzy,otro_candidato_variante_con_credito,1210,"José Miguel Machado ""Jo Semi""",2,Los Últimos Indocumentados | Los Últimos Indocumentados | composed | album,open
230181,529863,person,José Miguel Rodríguez,YouTube Data API v3,323,José Miguel Pagé,fuzzy,candidato_equivocado_existe_credito_exacto,12708,José Miguel Rodríguez,1,Los Impala | ¡Estos Son Los Impala! | digital transfer | album || Los Impala | ¡Estos Son Los Impala! | restoration | album,open
230182,537474,person,José Miguel de Robertis Padua,YouTube Data API v3,2173,José Miguel De Robertis,fuzzy,candidato_equivocado_existe_credito_exacto,12649,José Miguel de Robertis Padua,1,Jacktürbo | Jackturbo | mastered | album || Jacktürbo | Jackturbo | mixed | album || Jacktürbo | Jackturbo | recorded | album,open
230188,540386,person,José Salazar,YouTube Data API v3,876,"José ""Pupy"" Salazar",fuzzy,candidato_con_variante_y_credito,876,"José ""Pupy"" Salazar",1,Various Artists | Simón Díaz Remixes | lyrics written | 9,approved
230129,514508,person,John Hawkis,YouTube Data API v3,273,John Thomas,fuzzy,candidato_equivocado_existe_credito_exacto,12530,John Hawkis,1,Spiteri | Spiteri | string arrangements | album,open
230137,519521,person,Jonathan Freitas,YouTube Data API v3,1565,Jonathan Farías,fuzzy,candidato_equivocado_existe_credito_exacto,13136,Jonathan Freitas,1,"Various Artists | Rock: ""El Compilado"" Vol. 2 | photos | album || Various Artists | Ska & Punk Venezuelan Bands Vol. 1 | cover | album",open
230138,516636,person,Jonathan Mora,YouTube Data API v3,6491,Jonathan Coa,fuzzy,candidato_equivocado_existe_credito_exacto,12544,Jonathan Mora,1,Fibonacci | Entre Versos Lo Adverso | graphic design | album,open
230139,537884,person,Jones,YouTube Data API v3,9398,Jones,canonical_exact,candidato_correcto_credito_exacto,9398,Jones,2,Desorden Público | Los Contrarios | composed | 9,approved
230140,519111,person,Jonny Serra,YouTube Data API v3,1131,Johnny Serra,fuzzy,sin_coincidencia_concluyente,,,0,Ninah Mars & The Stickfaces | This Is How We Pray | composed | 11,open
230141,516647,person,Jonás Cordero,YouTube Data API v3,817,Jason Carder,fuzzy,candidato_equivocado_existe_credito_exacto,12545,Jonás Cordero,1,1ra Edición | Tiempo De Actuar | photos | album || Fibonacci | Entre Versos Lo Adverso | photos | album,open
230142,529507,person,Jorge,YouTube Data API v3,6030,Jorge Cid,fuzzy,sin_coincidencia_concluyente,,,0,Torre De Marfíl | Ecos De La Tercera Realidad | lyrics written | album || Torre De Marfíl | Ecos De La Tercera Realidad | written | 6 || Torre De Marfíl | Ecos De La Tercera Realidad | written | 8,open
230143,525412,person,Jorge Divo,YouTube Data API v3,8095,Jorge Vivo,fuzzy,candidato_equivocado_existe_credito_exacto,12816,Jorge Divo,2,Ultrachic | Ultrachic | executive producers | album,open
230144,519686,person,Jorge Durán,YouTube Data API v3,7777,Jorge Urdaneta,fuzzy,candidato_equivocado_existe_credito_exacto,12643,Jorge Durán,2,Gaêlica | Ibérica & Latina | graphic design | album,open
230145,544742,person,Jorge García Crasto,YouTube Data API v3,6885,Jorge García C.,fuzzy,candidato_equivocado_existe_credito_exacto,12873,Jorge García Crasto,2,Vox | No Se Puede Ya Ocultar | photos | album,open
230146,529447,person,Jorge Gomez,YouTube Data API v3,928,Jorge Glem,fuzzy,candidato_equivocado_existe_credito_exacto,12567,Jorge Gomez,1,Spias | Símbolos Extraños | photo | album,open
230157,535779,person,José Alberto Iglesias,YouTube Data API v3,11936,José Alberto Mugrabi,fuzzy,candidato_equivocado_existe_credito_exacto,12678,José Alberto Iglesias,2,Las Cuatro Monedas | Los Grandes Éxitos | composed | 2,open
230158,530525,person,José Angrisano,YouTube Data API v3,7057,José Angrisano,canonical_exact,candidato_correcto_credito_exacto,7057,José Angrisano,3,Aditus | A Través De La Ventana | photos | album,approved
230159,528133,person,José Antonio Bastardo,YouTube Data API v3,1040,José Antonio Rojas,fuzzy,candidato_equivocado_existe_credito_exacto,13019,José Antonio Bastardo,2,Franco De Vita | Franco De Vita | mixing assistants | album,open
230160,528988,person,José Antonio Jurio,YouTube Data API v3,1040,José Antonio Rojas,fuzzy,candidato_equivocado_existe_credito_exacto,12805,José Antonio Jurio,3,Témpano | Atabal–Yémal | recording assistant | album,open
230169,542967,person,José H. Méndez,YouTube Data API v3,2753,José Mendez,fuzzy,candidato_equivocado_existe_credito_exacto,13013,José H. Méndez,2,Franco De Vita | Al Norte Del Sur | production assistant | album,open
230170,541267,person,José Henriquez,YouTube Data API v3,1377,José Riu,fuzzy,candidato_equivocado_existe_credito_exacto,1309,José Henríquez,4,"Culto Oculto | Blanco | art & design | album || Culto Oculto | Blanco | photos | album || Culto Oculto | Flotar No Es Más Que Existir, Un Movimiento Ondulatorio | photos | album || Slam Ballet | Filtra | photos | album",open
230171,512837,person,José Ignacio Morales,YouTube Data API v3,10991,José Ignacio Lares,fuzzy,candidato_equivocado_existe_credito_exacto,13063,José Ignacio Morales,1,Gasolina | EP | design | album,open
230172,521170,person,José La Roche,YouTube Data API v3,5796,José La Roche,canonical_exact,sin_coincidencia_concluyente,,,0,Julia | Combo Tropical Contemporáneo | drum assistants | album,open
230173,518520,person,José Lazo,YouTube Data API v3,2475,José Lozano,fuzzy,candidato_equivocado_existe_credito_exacto,13030,José Lazo,1,Dimensión Latina | Una Dimensión De Éxitos | composed | 2,open
230174,521139,person,"José Luis ""Caplis"" Chacín",YouTube Data API v3,483,"José Luis ""Caplís"" Chacín",accent_only,candidato_correcto_credito_exacto,483,"José Luis ""Caplís"" Chacín",1,"Desorden Público | ¿Dónde Está El Futuro? | mixed | 4,5,7,9,12,13,16,17,18 || Julia | Combo Tropical Contemporáneo | executive producer | album",approved
230175,529249,person,José Luis Chacín,YouTube Data API v3,483,"José Luis ""Caplís"" Chacín",fuzzy,candidato_con_variante_y_credito,483,"José Luis ""Caplís"" Chacín",7,Desorden Público | Canto Popular De La Vida y Muerte | composed | 17 || Desorden Público | Canto Popular De La Vida y Muerte | composed | 6 || Desorden Público | Canto Popular De La Vida y Muerte | lyrics | 4 || Desorden Público | Plomo Revienta | composed | 10 || Desorden Público | Plomo Revienta | composed | 12 || Desorden Público | Plomo Revienta | composed | 16,approved
230183,520574,person,José Ostos,YouTube Data API v3,9298,José Soto,fuzzy,candidato_equivocado_existe_credito_exacto,12531,José Ostos,2,"Americania | Estoy Afuera, Sal | concept art | album",open
230184,530762,person,José Pacheco,YouTube Data API v3,7761,José Pacheco,canonical_exact,candidato_correcto_credito_exacto,7761,José Pacheco,1,Mermelada Bunch | La Novela | graphic design & illustration | album,approved
230185,543665,person,José R. Goméz,YouTube Data API v3,486,José Romero,fuzzy,sin_coincidencia_concluyente,,,4,"Andreazulado | Andreazulado | composed | 3,6,7 || Andreazulado | Andreazulado | composed | 2 || Andreazulado | Despegue Eterno | composed | 4 || Andreazulado | Dolby | composed | 9",open
230189,532208,person,José Sangil,YouTube Data API v3,6683,José Rivas,fuzzy,sin_coincidencia_concluyente,,,0,Ricochet CCS | Volumen 13 | photos | album,open
230190,525505,person,José Sifontes,YouTube Data API v3,4386,José Sifontes,canonical_exact,sin_coincidencia_concluyente,,,0,Serenata Guayanesa | Vol. 3: Música Popular y Folklórica Venezolana | composed | 4,open
230191,517501,person,José Sinfontes,YouTube Data API v3,4386,José Sifontes,fuzzy,candidato_equivocado_existe_credito_exacto,12771,José Sinfontes,1,"Serenata Guayanesa | Vol. 1: Música Popular y Folklórica Venezolana | composed | 4,8",open
230192,524398,person,José Suarez,YouTube Data API v3,839,José Nuñez,fuzzy,candidato_equivocado_existe_credito_exacto,1584,José Suárez,4,Los Alteregos | Lo Que Dejas Atrás | composed | album || Los Alteregos | Lo Que Dejas Atrás | graphic design | album,open
230193,542961,person,José Sánchez Bello,YouTube Data API v3,9920,José Manzo,fuzzy,candidato_equivocado_existe_credito_exacto,13012,José Sánchez Bello,2,Franco De Vita | Al Norte Del Sur | production assistant | album,open
230194,518555,person,José Tovar,YouTube Data API v3,8376,José Antor,fuzzy,candidato_equivocado_existe_credito_exacto,13035,José Tovar,1,Dimensión Latina | Una Dimensión De Éxitos | composed | 8,open
230195,526560,person,José Vicente Aguilar,YouTube Data API v3,1802,"José Vicente Aguilar ""Chevy""",fuzzy,candidato_con_variante_y_credito,1802,"José Vicente Aguilar ""Chevy""",1,Various Artists | U-Rock Discos | composed | 3 || Various Artists | U-Rock Discos | composed | 4,approved
230203,516711,person,Juan Carlos Casado,YouTube Data API v3,4745,Juan Carlos Casañas,fuzzy,candidato_equivocado_existe_credito_exacto,12966,Juan Carlos Casado,1,RC2 | RC2 | photos | album,open
230204,516926,person,Juan Carlos Echeandía,YouTube Data API v3,6057,Juan Carlos Medina,fuzzy,candidato_equivocado_existe_credito_exacto,12819,Juan Carlos Echeandía,1,Vagos y Maleantes | Papidandeando | executive producer | album,open
230205,514735,person,Juan Carlos Nuñez,YouTube Data API v3,4033,Juan Pablo Núñez,fuzzy,candidato_equivocado_existe_credito_exacto,12859,Juan Carlos Nuñez,3,Various Artists | Segunda Experiencia Psicotomimética | arrangements | album || Various Artists | Viva Una Experiencia Psicotomimética | musical arragments | album,open
230206,538092,person,Juan Carlos Pérez Ozaeta,YouTube Data API v3,3670,Juan Carlos Pérez Ozaeta,canonical_exact,candidato_correcto_credito_exacto,3670,Juan Carlos Pérez Ozaeta,1,La Banana Voladora | La Banana Voladora | executive production | album || La Banana Voladora | Tan Sólo Una Sonrisa | executive production | album,approved
230207,530723,person,Juan Carlos Salas,YouTube Data API v3,5041,Juan Carlos Salas,canonical_exact,candidato_correcto_credito_exacto,5041,Juan Carlos Salas,4,Mermelada Bunch | La Novela | additional recordings | album,approved
230208,538650,person,Juan Ernesto Franzius,YouTube Data API v3,2327,Juan Carlos Perfetti,fuzzy,candidato_equivocado_existe_credito_exacto,12534,Juan Ernesto Franzius,2,Caramelos De Cianuro | Rubia Sol Morena Luna | animation | album || Caramelos De Cianuro | Rubia Sol Morena Luna | graphic design | album,open
230209,542052,person,Juan Fernández,YouTube Data API v3,5052,Juan Fernández,canonical_exact,candidato_correcto_credito_exacto,5052,Juan Fernández,1,Punto De Partida | No Te Lo Tomes A Mal | graphic design | album,approved
230210,523893,person,Juan Leon,YouTube Data API v3,5549,Juan López,fuzzy,candidato_equivocado_existe_credito_exacto,2780,Juan León,7,Mulato | De Aquí Pa' La Playa | assistant engineer | album || Mulato | Mulato | assistant engineer | album || Various Artists | Décimo Festival Nuevas Bandas | asistant engineers | album || Various Artists | Noveno Festival Nuevas Bandas | asistant engineers | album || Yátu | Gandharva | assistant engineer | album,open
230211,532296,person,Juan Litio,YouTube Data API v3,2732,Juan Belisario,fuzzy,candidato_equivocado_existe_credito_exacto,12758,Juan Litio,1,Recipe Morado | Amor Grama | photos | album,open
230225,531594,person,Juanma Trujillo,YouTube Data API v3,2599,Juan Castillo,fuzzy,candidato_equivocado_existe_credito_exacto,12712,Juanma Trujillo,2,"Majarete Sound Machine | Real, Orgánico y Baile | metal arrangements | album",open
230226,526239,person,Julia Carolina Ojeda,YouTube Data API v3,634,Julio García Maldonado,fuzzy,candidato_equivocado_existe_credito_exacto,12850,Julia Carolina Ojeda,1,Various Artists | Se Llama Simón | choral conductor | album,open
230227,547306,person,Julian Castillo,YouTube Data API v3,7037,Julian Castillo,canonical_exact,candidato_correcto_credito_exacto,7037,Julian Castillo,2,Los Beat3 | ¡En Vivo! | live sound | album,approved
230228,544698,person,"Julie ""XOXO""",YouTube Data API v3,397,Julio,fuzzy,sin_coincidencia_concluyente,,,1,"Various Artists | Venezuela Electrónica Vol. 3 ""Mestizo"" | photo | album",open
230230,540689,person,Juliet González,YouTube Data API v3,3581,Javier González,fuzzy,candidato_equivocado_existe_credito_exacto,12603,Juliet González,5,Candy66 | Evolutio | studio assistants | album,open
230231,526423,person,Julio Alonzo,YouTube Data API v3,6150,Julio Alonzo,canonical_exact,candidato_correcto_credito_exacto,6150,Julio Alonzo,3,Zapato 3 | Cápsula Para Volar | assistant engineers | album || Zapato 3 | Maya | assistant engineers | album,approved
230232,529492,person,Julio Castro,YouTube Data API v3,7937,Julio Castro,canonical_exact,sin_coincidencia_concluyente,,,0,Atkinson | Mota Foca | photos | album,open
230233,534956,person,Julio Serrano,YouTube Data API v3,307,Julio Rojas,fuzzy,candidato_equivocado_existe_credito_exacto,12814,Julio Serrano,1,Témpano | Pesadilla Sin Final | photos | album,open
230186,518155,person,José R. Gómez,YouTube Data API v3,3286,"José Rafael ""Cucaracha"" Gómez",alias_exact,candidato_con_variante_y_credito,3286,"José Rafael ""Cucaracha"" Gómez",4,"Andreazulado | Andreazulado | composed | 3,6,7 || Andreazulado | Andreazulado | composed | 2 || Andreazulado | Despegue Eterno | composed | 4 || Andreazulado | Dolby | composed | 9",approved
230187,543697,person,José Rafael Gómez,YouTube Data API v3,3286,"José Rafael ""Cucaracha"" Gómez",fuzzy,candidato_con_variante_y_credito,3286,"José Rafael ""Cucaracha"" Gómez",1,Andreazulado | Andreazulado | graphic design | album,approved
230196,516991,person,Juan Bautista Hernández Echezúria,YouTube Data API v3,6882,Juan Bautista Hernández Echezúria (Máscara Diseño),fuzzy,candidato_equivocado_existe_credito_exacto,13137,Juan Bautista Hernández Echezúria,2,Virtual Lakai | Paralelo: Más Allá De La Realidad | graphic design | album,open
230197,523887,person,Juan Bautista Lopez,YouTube Data API v3,6245,Juan Alzate,fuzzy,otro_candidato_variante_con_credito,1003,"Juan Bautista López ""Yátu""",1,Yátu | A Conciencia | composed | album || Yátu | Gandharva | lyrics and music composed | album,open
230198,546477,person,Juan Bonilla,YouTube Data API v3,11917,Juan Pablo,fuzzy,candidato_equivocado_existe_credito_exacto,12673,Juan Bonilla,2,Laberinto | Decada | photos | album,open
230199,543056,person,Juan Carlo Fernández,YouTube Data API v3,6249,Juan Carlos Pérez,fuzzy,candidato_equivocado_existe_credito_exacto,12967,Juan Carlo Fernández,1,Repe | Grandes Verdades De Repe | graphic design | album,open
230200,514052,person,"Juan Carlo Fernández ""Wancalo""",YouTube Data API v3,1664,Juan Carlo Zaccaro,fuzzy,candidato_equivocado_existe_credito_exacto,12969,"Juan Carlo Fernández ""Wancalo""",1,Repe | Nada Más Ser | graphic design | album,open
230201,544775,person,Juan Carlos Alzaibar,YouTube Data API v3,4195,Juan Carlos Ayala,fuzzy,candidato_equivocado_existe_credito_exacto,13071,Juan Carlos Alzaibar,1,Nana Cadavieco | Sonó Así | production assistant | album,open
230202,541512,person,Juan Carlos Araujo,YouTube Data API v3,8912,Juan Carlos Araujo,canonical_exact,candidato_correcto_credito_exacto,8912,Juan Carlos Araujo,2,Desorden Público | En Vivo En El Teresa Carreño | executive production | album,approved
230212,538948,person,Juan Lopez,YouTube Data API v3,2375,Juan Oropeza,fuzzy,candidato_equivocado_existe_credito_exacto,5549,Juan López,3,Los Amigos Invisibles | Superpop Venezuela | composed | 13,open
230213,526213,person,Juan Marcos Blanco,YouTube Data API v3,5337,Juan Carlos Marín,fuzzy,candidato_equivocado_existe_credito_exacto,12849,Juan Marcos Blanco,2,Various Artists | Se Llama Simón | execution | album || Various Artists | Se Llama Simón | general producer | album || Various Artists | Se Llama Simón | music direction | album || Various Artists | Se Llama Simón | orquestration | album,open
230214,534913,person,Juan Nascimento,YouTube Data API v3,5529,Juan Nascimento,canonical_exact,candidato_correcto_credito_exacto,5529,Juan Nascimento,1,El Rastro | Dioses Terrestres | inside photos | album,approved
230215,523581,person,Juan Pablo Ceballos,YouTube Data API v3,9361,Juan Pablo Bello,fuzzy,candidato_equivocado_existe_credito_exacto,13081,Juan Pablo Ceballos,1,Serenata Guayanesa | Vol. 2: Música Popular y Folklórica Venezolana | composed | 10,open
230216,538403,person,Juan Pardo Jr,YouTube Data API v3,8349,Juan Pardo Jr.,canonical_exact,candidato_correcto_credito_exacto,8349,Juan Pardo Jr.,1,Various Artists | La Otra Magia De Los 60 & 70 | composed | 5,approved
230217,527018,person,Juan Pedro Dipolo,YouTube Data API v3,3897,Juan P. Di Polo,fuzzy,candidato_equivocado_existe_credito_exacto,12993,Juan Pedro Dipolo,1,Yordano | De Sol A Sol | assistant | album,open
230218,517879,person,Juan Sebastián Rodríguez,YouTube Data API v3,8470,Juan Sebastián Rodríguez,canonical_exact,candidato_correcto_credito_exacto,8470,Juan Sebastián Rodríguez,6,Charliepapa | 20000 Leguas Cuadriláteras | recording assistants | album,approved
230219,523299,person,Juan Sucre,YouTube Data API v3,3895,Juan Sara,fuzzy,candidato_equivocado_existe_credito_exacto,12711,Juan Sucre,4,"Los Mesoneros | Indeleble | composed | 4,9 || Los Mesoneros | Indeleble | lyrics | 9",open
230220,536759,person,Juan Trujillo,YouTube Data API v3,2599,Juan Castillo,fuzzy,candidato_equivocado_existe_credito_exacto,12735,Juan Trujillo,2,Más Quejas | Basado En Hechos De La Vida Real | graphic design | album,open
230222,526308,person,Juan Vivas,YouTube Data API v3,5345,Juan Vivas,canonical_exact,candidato_correcto_credito_exacto,5345,Juan Vivas,2,Damper | Damper | art concept | album || Damper | Damper | graphic design | album,approved
230223,538656,person,Juancho Jab,YouTube Data API v3,1693,Juancho Azuaje,fuzzy,candidato_equivocado_existe_credito_exacto,12535,Juancho Jab,2,Caramelos De Cianuro | Rubia Sol Morena Luna | graphic design | album,open
230224,519990,person,Juancho Pérez,YouTube Data API v3,9044,Juan Pérez,fuzzy,candidato_equivocado_existe_credito_exacto,12574,Juancho Pérez,1,Wahala | Wahala | lyrics | 6,open
230235,517084,person,K. Reid,YouTube Data API v3,9344,Reid,fuzzy,candidato_equivocado_existe_credito_exacto,12853,K. Reid,3,Various Artists | Segunda Experiencia Psicotomimética | composed | 5,open
230236,517112,person,K. Richard,YouTube Data API v3,9801,Richard,fuzzy,candidato_equivocado_existe_credito_exacto,12857,K. Richard,2,Various Artists | Segunda Experiencia Psicotomimética | composed | 7,open
230237,513250,person,"Kail ""Plug"" Lovera",YouTube Data API v3,2235,Kail Lovera,fuzzy,candidato_con_variante_y_credito,2235,Kail Lovera,1,La Calle | A.T.C. | recording assistant | album || La Calle | B-Sides: A.T.C. | assistant engineer | album,approved
230234,517508,person,Julio Áñez,YouTube Data API v3,1428,Julio Anidez,fuzzy,candidato_equivocado_existe_credito_exacto,12772,Julio Áñez,1,Serenata Guayanesa | Vol. 1: Música Popular y Folklórica Venezolana | composed | 2,open
230246,535841,person,Kenny,YouTube Data API v3,6215,Kenny,canonical_exact,candidato_correcto_credito_exacto,6215,Kenny,3,Las Cuatro Monedas | Los Grandes Éxitos | composed | 12,approved
230247,516034,person,Kenny González,YouTube Data API v3,7548,Kenny González,canonical_exact,sin_coincidencia_concluyente,,,0,Los Amigos Invisibles | The Venezuelan Zing Son Vol. 1 | produced | album,open
230248,525887,person,Kiko Rikote,YouTube Data API v3,7321,Kiko Ricote,fuzzy,candidato_equivocado_existe_credito_exacto,12913,Kiko Rikote,1,Franco De Vita | Stop | photos | album,open
230249,547246,person,King,YouTube Data API v3,2455,King Django,fuzzy,sin_coincidencia_concluyente,,,0,Los Beat3 | ¡En Vivo! | composed | 11,open
230250,547284,person,Kinttero,YouTube Data API v3,7941,intro,fuzzy,sin_coincidencia_concluyente,,,1,Los Beat3 | ¡En Vivo! | mastered | album || Los Beat3 | ¡En Vivo! | mixed | album,open
232037,544908,person,The Cure,YouTube Data API v3,4920,The Breed,fuzzy,candidato_equivocado_existe_credito_exacto,12745,The Cure,1,Puck | Martínez | composed | 13 || Puck | Martínez | written | 13,open
230251,527351,person,Kris Alfaro,YouTube Data API v3,4243,Kris Alfaro,canonical_exact,candidato_correcto_credito_exacto,4243,Kris Alfaro,1,Caramelos De Cianuro | 8 | photo assistant | album,approved
230252,533942,person,Kurt Weill,YouTube Data API v3,85,Kurt Howell,fuzzy,candidato_equivocado_existe_credito_exacto,12623,Kurt Weill,3,E-óN | Ticket To Youkali | composed | 2 || E-óN | Ticket To Youkali | composed | 5,open
230255,536303,person,L. Bolin,YouTube Data API v3,1944,Luis Bolín,alias_exact,candidato_con_variante_y_credito,1944,Luis Bolín,4,Témpano | Témpano | composed | 3,approved
230256,515886,person,L. Colina,YouTube Data API v3,9516,L.Colina,canonical_exact,sin_coincidencia_concluyente,,,3,"Mermelada Bunch | Pum Pum | composed | 1 || Mermelada Bunch | Pum Pum | composed | 10 || Mermelada Bunch | Pum Pum | composed | 2,5 || Mermelada Bunch | Pum Pum | composed | 4,6,9 || Mermelada Bunch | Pum Pum | composed | 7,8",open
230257,539533,person,L. I. R,YouTube Data API v3,7496,L. I. R.,canonical_exact,candidato_correcto_credito_exacto,7496,L. I. R.,1,Los Paranoias | Hey! Dónde Están Los Paranoias? | graphic design | album,approved
230258,513560,person,La Comba Digital,YouTube Data API v3,8028,La Comba Digital,canonical_exact,candidato_correcto_credito_exacto,8028,La Comba Digital,1,Bacalao Men | Sabaneando | composed | 8,approved
230259,516790,person,La Leche,YouTube Data API v3,6148,La Leche,canonical_exact,candidato_correcto_credito_exacto,6148,La Leche,1,Horacero | Fusil | composed | 8 || La Leche | 45 | composed | album,approved
230260,531227,person,La Lupe,YouTube Data API v3,6148,La Leche,fuzzy,candidato_equivocado_existe_credito_exacto,12866,La Lupe,1,Various Artists | Show De Boleros | composed | 8,open
230275,538673,person,"Leandro Añez Grippa ""KPU""",YouTube Data API v3,5100,Leandro Perez,fuzzy,candidato_equivocado_existe_credito_exacto,13008,"Leandro Añez Grippa ""KPU""",1,"Canserbero | Guía Para La Acción | produced | 4,7,8,15",open
230276,518031,person,Lennon,YouTube Data API v3,9207,Lennon,canonical_exact,candidato_correcto_credito_exacto,9207,Lennon,4,"Arkangel | Rock Nacional | written | 11 || Los Beat3 | ¡En Vivo! | composed | album || Los Buitres | Los Buitres | composed | album || Los Impala | Impala's 66 | composed | 1,9,11 || Los Impala | Los Impala | composed | 2,8,10 || The Six | Los Six | composed | 10 || Various Artists | Caracas 400 Gente En Ambiente | composed | 3",approved
230277,517227,person,Lenny Salinas,YouTube Data API v3,5270,Lennin,fuzzy,candidato_equivocado_existe_credito_exacto,12929,Lenny Salinas,1,Joystick | Lonchera | illustrations | 2,open
230278,523744,person,Leo García,YouTube Data API v3,1704,Leonel García,fuzzy,candidato_equivocado_existe_credito_exacto,13025,Leo García,1,Oscar Fanega | Solo Bass | additional photos | album || Oscar Fanega | Solo Bass | photos | album,open
230279,542224,person,Leo Vieira,YouTube Data API v3,3714,de Oliveira,fuzzy,candidato_equivocado_existe_credito_exacto,12698,Leo Vieira,1,"Los Gusanos | El Ritual Del Vacilón | mixed | 1,2,5",open
230280,540556,person,Leonardo Ba,YouTube Data API v3,3954,Leonardo Borjas,fuzzy,candidato_equivocado_existe_credito_exacto,13108,Leonardo Ba,2,Zapato 3 | Separación Tour | digital transfer | album,open
230281,531638,person,Leonardo Blanco,YouTube Data API v3,3969,Leonardo Bracho,fuzzy,candidato_equivocado_existe_credito_exacto,12713,Leonardo Blanco,1,"Majarete Sound Machine | Real, Orgánico y Baile | makeup | album || Majarete Sound Machine | Real, Orgánico y Baile | style | album",open
230282,530577,person,Leonardo Colina,YouTube Data API v3,1230,Leonardo Molina,fuzzy,sin_coincidencia_concluyente,,,4,"Mermelada Bunch | La Novela | composed | 1,10 || Mermelada Bunch | La Novela | composed | 2,4 || Mermelada Bunch | La Novela | composed | 3,6,7,8 || Mermelada Bunch | La Novela | composed | 5 || Mermelada Bunch | La Novela | composed | 9",open
230283,538680,person,"Leonardo Diaz ""Afromack""",YouTube Data API v3,597,Leonardo Faría,fuzzy,candidato_equivocado_existe_credito_exacto,13009,"Leonardo Diaz ""Afromack""",1,"Canserbero | Guía Para La Acción | produced | 5,10,13,14",open
230284,512703,person,Leonardo González,YouTube Data API v3,5786,Leonardo González,canonical_exact,candidato_correcto_credito_exacto,5786,Leonardo González,4,Tomates Fritos | Molly | overdubs recorded | album,approved
230238,523115,person,Kara Flebes,YouTube Data API v3,1494,"Karina ""Kara"" Febles",fuzzy,candidato_equivocado_existe_credito_exacto,12778,Kara Flebes,3,Sofía Insomnia | Breve Casi Eterno | executive production | album,open
230239,523126,person,Karina Flebes Córdova,YouTube Data API v3,6571,Karina Febles Córdoba,fuzzy,candidato_equivocado_existe_credito_exacto,12779,Karina Flebes Córdova,2,"Sofía Insomnia | Breve Casi Eterno | composed | 2,3,6,7",open
230240,523133,person,Karina Fleves,YouTube Data API v3,5127,Karin Lemke,fuzzy,candidato_equivocado_existe_credito_exacto,12780,Karina Fleves,3,Sofía Insomnia | Breve Casi Eterno | composed | 5,open
230241,529210,person,Karina Gil,YouTube Data API v3,6829,Karina Gil,canonical_exact,candidato_correcto_credito_exacto,6829,Karina Gil,1,Fordelucs | Fotograma | makeup | album,approved
230242,520309,person,Karina Maristany,YouTube Data API v3,7353,Karina Nava,fuzzy,candidato_equivocado_existe_credito_exacto,12945,Karina Maristany,1,Luz Verde | Manual De Buenas Costumbres | photo producer | album,open
230243,529822,person,Keith Reid,YouTube Data API v3,9160,Keith Richards,fuzzy,candidato_equivocado_existe_credito_exacto,12705,Keith Reid,2,Los Impala | ¡Estos Son Los Impala! | composed | 12,open
230245,536471,person,Keloide,YouTube Data API v3,8918,Keloide.net,fuzzy,sin_coincidencia_concluyente,,,0,Famasloop | 3 Casas | design | album || KP9000 | KP9000 | graphic design | album,open
232027,525958,person,Steve Cropper,YouTube Data API v3,6714,Steve Corrao,fuzzy,candidato_equivocado_existe_credito_exacto,12830,Steve Cropper,2,Various Artists | El Alucinante Mundo Del Soul | composed | 3 || Various Artists | El Alucinante Mundo Del Soul | composed | 4,open
230253,526605,person,Kuámasi Gonzalez,YouTube Data API v3,2891,Kuámasi González Vidal,fuzzy,candidato_equivocado_existe_credito_exacto,1804,Kuámasi González,1,Various Artists | U-Rock Discos | composed | 6,open
230254,528219,person,L. Alcalá,YouTube Data API v3,6342,Lou Alcalá,fuzzy,candidato_equivocado_existe_credito_exacto,12749,L. Alcalá,2,Radio Clip | Desde Cero | graphic design | album,open
230261,516743,person,La Misma Gente,YouTube Data API v3,8763,La Misma Gente,canonical_exact,candidato_correcto_credito_exacto,8763,La Misma Gente,1,Horacero | Fusil | composed | 1 || La Misma Gente | Por Fin | graphic concept | album,approved
230262,520047,person,La Résistance,YouTube Data API v3,12393,La Riva,fuzzy,candidato_equivocado_existe_credito_exacto,13135,La Résistance,1,La Vida Bohème | En Vivo Plaza Alfredo Sadel | graphic design | album,open
230264,527467,person,Ladera,YouTube Data API v3,6677,Ladera,canonical_exact,candidato_correcto_credito_exacto,6677,Ladera,1,Various Artists | Pop And Op Musical Gente En Ambiente | composed | 9,approved
230265,527357,person,Lalo Hernández,YouTube Data API v3,4239,Lalo Hernández,canonical_exact,candidato_correcto_credito_exacto,4239,Lalo Hernández,1,Caramelos De Cianuro | 8 | photo | album,approved
230266,536096,person,Lanito,YouTube Data API v3,7513,LAI,fuzzy,sin_coincidencia_concluyente,,,1,Grand Bite | Al Borde Del Precipicio / No Moriré | written | 4,open
230267,533213,person,Larry Acosta,YouTube Data API v3,6757,Larry Bata,fuzzy,candidato_equivocado_existe_credito_exacto,12732,Larry Acosta,2,Mochuelo | Un Tanto Más | concept | album || Mochuelo | Un Tanto Más | photos | album || Mochuelo | Vendrán Por Ti | photos | album,open
230268,536244,person,Larry Alberto Acosta M,YouTube Data API v3,6757,Larry Bata,fuzzy,candidato_equivocado_existe_credito_exacto,12731,Larry Alberto Acosta M,1,Mochuelo | Mochuelo | graphic design | album || Mochuelo | Mochuelo | photo | album,open
230270,542995,person,Laureano Delgado,YouTube Data API v3,4566,Laureano Rangel,fuzzy,candidato_equivocado_existe_credito_exacto,13015,Laureano Delgado,2,Franco De Vita | Al Norte Del Sur | inside photos | album,open
230271,542635,person,Lauren Bianchi,YouTube Data API v3,4660,Lauren Bianchi,canonical_exact,candidato_correcto_credito_exacto,4660,Lauren Bianchi,1,Alfombra Roja | Pueblo Chico Infierno Grande | illustrations | album,approved
230272,524889,person,Lea Stagno,YouTube Data API v3,7462,Lea Stagno,canonical_exact,candidato_correcto_credito_exacto,7462,Lea Stagno,1,Solares | Loft | photo | album,approved
230273,545412,person,Leando Angarita,YouTube Data API v3,3421,"Leandro Angarita ""Lio""",fuzzy,candidato_equivocado_existe_credito_exacto,12742,Leando Angarita,2,Petrula | Oración Políglota Para Salvar Al Mundo | concept art | album,open
230274,545400,person,Leandro Angarita,YouTube Data API v3,3421,"Leandro Angarita ""Lio""",fuzzy,candidato_con_variante_y_credito,3421,"Leandro Angarita ""Lio""",1,Petrula | Oración Políglota Para Salvar Al Mundo | composed | album,approved
230288,537112,person,Les Reed,YouTube Data API v3,86,Les Reed,canonical_exact,candidato_correcto_credito_exacto,86,Les Reed,2,Henry Stephen | Limón Limonero | composed | 10,approved
230289,524986,person,LiBeRo lalzZo,YouTube Data API v3,4279,LiBeRo lalzZo,canonical_exact,candidato_correcto_credito_exacto,4279,LiBeRo lalzZo,11,Caramelos De Cianuro | 2LadosB | executive production | album || Caramelos De Cianuro | Caramelos De Cianuro | executive production | album || Caramelos De Cianuro | En Vivo | executive production | album || Caramelos De Cianuro | Flor De Fuego | executive production | album || Caramelos De Cianuro | Rubia Sol Morena Luna | executive production | album,approved
230285,529621,person,Leonardo Mattey,YouTube Data API v3,3068,Leonardo Márquez,fuzzy,candidato_equivocado_existe_credito_exacto,13129,Leonardo Mattey,1,Torre De Marfíl | Ecos De La Tercera Realidad | art direction | album,open
230286,518065,person,Leonel Rincón,YouTube Data API v3,1246,Leonel Carmona,fuzzy,candidato_equivocado_existe_credito_exacto,13128,Leonel Rincón,1,Soleà | EP | mastered | album || Soleà | EP | mixed | album || Soleà | EP | recorded | album,open
230287,517563,person,Leonora Curto,YouTube Data API v3,2842,Leonor,fuzzy,candidato_equivocado_existe_credito_exacto,12686,Leonora Curto,1,Levítico | Los Hijos Del Chino K-No | production assistant | album,open
230297,536622,person,Lopez,YouTube Data API v3,9871,López Lee,fuzzy,candidato_equivocado_existe_credito_exacto,9452,López,5,Tarot | Tarot | composed | album,open
230298,547042,person,Lorena González,YouTube Data API v3,7527,Veronica Gonzalez,fuzzy,candidato_equivocado_existe_credito_exacto,13099,Lorena González,5,Various Artists | Noveno Festival Nuevas Bandas | asistant engineers | album,open
230299,539568,person,Lorena Vogeler,YouTube Data API v3,2724,Lorenzo Leal,fuzzy,candidato_equivocado_existe_credito_exacto,12802,Lorena Vogeler,1,Tribu Ultravioleta | Piñata | graphic design | album,open
230300,538226,person,Lorenzo,YouTube Data API v3,4031,Lorenzo,canonical_exact,candidato_correcto_credito_exacto,4031,Lorenzo,2,Los Buitres | Historietas | photo | album,approved
230301,546336,person,Lorenzo Nesta,YouTube Data API v3,2724,Lorenzo Leal,fuzzy,candidato_equivocado_existe_credito_exacto,12668,Lorenzo Nesta,2,"Laberinto | Decada | produced | 6,11",open
230302,516804,person,Los Amigos Invisibles,YouTube Data API v3,7519,Los Amigos Invisibles,canonical_exact,candidato_correcto_credito_exacto,7519,Los Amigos Invisibles,3,"Dioslepague | Venus Mixes | produced | 6 || Horacero | Fusil | composed | 10 || Los Amigos Invisibles | Arepa 3000: A Venezuelan Journey Into Space | graphic design | album || Los Amigos Invisibles | Commercial | executive produced | album || Los Amigos Invisibles | En Una Noche Tan Linda Como Esta | composed | 10 || Los Amigos Invisibles | En Una Noche Tan Linda Como Esta | composed | 9,10,13 || Los Amigos Invisibles | Not So Commercial | executive production | album || Various Artists | Chillout Venezuela | executive produced | album || Various Artists | DJ Afro's Frequent Traveling Vol. 1 | executive produced | album || Various Artists | Dance Venezuela Vol. 1 | executive produced | album",approved
230303,542546,person,Los Grillos,YouTube Data API v3,9224,Los Brincos,fuzzy,candidato_equivocado_existe_credito_exacto,12647,Los Grillos,1,Grillos Mientras Tanto | Demos | composed | 3,open
230304,518109,person,Los Ilegales,YouTube Data API v3,11567,Los Kings,fuzzy,candidato_equivocado_existe_credito_exacto,13068,Los Ilegales,1,Malanga | Acústico | composed | 6,open
230305,547817,person,Los Mesoneros,YouTube Data API v3,7038,Los Enanitos Verdes,fuzzy,sin_coincidencia_concluyente,,,0,Masseratti 2lts | Covers.1 | composed | 6,open
230306,547831,person,Los Paranoias,YouTube Data API v3,12063,Los Payos,fuzzy,sin_coincidencia_concluyente,,,0,Masseratti 2lts | Covers.1 | composed | 8,open
232038,534136,person,The Shondells,YouTube Data API v3,12114,The Hollies,fuzzy,candidato_equivocado_existe_credito_exacto,12795,The Shondells,2,The Six | Los Six | composed | 4,open
230320,524580,person,Luis Boza,YouTube Data API v3,12184,Luis Bravo,fuzzy,candidato_equivocado_existe_credito_exacto,12536,Luis Boza,1,Chupi Lumpi | Una Oveja Más | photos | album,open
230321,517541,person,Luis Brito,YouTube Data API v3,4464,Luis Barreto,fuzzy,candidato_equivocado_existe_credito_exacto,12774,Luis Brito,2,Serenata Guayanesa | Vol. 1: Música Popular y Folklórica Venezolana | photos | album,open
230322,518976,person,Luis Felipe Guevara,YouTube Data API v3,8887,Luis Felipe Guevara,canonical_exact,candidato_correcto_credito_exacto,8887,Luis Felipe Guevara,1,Desorden Público | Allá Cayó | illustrations | album || Desorden Público | Plomo Revienta | illustrations | album || Desorden Público | Valle De Balas | illustrations | album,approved
230323,547602,person,Luis Felipe Quintanilla,YouTube Data API v3,5105,Luis Felipe Navarro,fuzzy,candidato_equivocado_existe_credito_exacto,13109,Luis Felipe Quintanilla,1,Circo Vulkano | El Reto | lfq | album,open
230324,523567,person,Luis Felipe Ramón,YouTube Data API v3,1661,Luis Felipe Román,fuzzy,candidato_equivocado_existe_credito_exacto,13080,Luis Felipe Ramón,1,Serenata Guayanesa | Vol. 2: Música Popular y Folklórica Venezolana | composed | 2,open
230325,527061,person,Luis Fragachán,YouTube Data API v3,1543,Luis Garban,fuzzy,candidato_equivocado_existe_credito_exacto,12554,Luis Fragachán,1,Los Crema Paraíso | El Debut | composed | 3,open
230326,514631,person,Luis Guillermo González,YouTube Data API v3,4205,Luis Guillermo González,canonical_exact,candidato_correcto_credito_exacto,4205,Luis Guillermo González,2,La Puta Eléctrica | Ladrón De Tu Amor | composed | album || La Puta Eléctrica | Ladrón De Tu Amor | written | album || Various Artists | En Un Sótano De La Florida | composed | 4,approved
230327,542624,person,Luis Henriquez,YouTube Data API v3,4661,Luis Henriquez,canonical_exact,candidato_correcto_credito_exacto,4661,Luis Henriquez,1,Alfombra Roja | Pueblo Chico Infierno Grande | graphic design | album,approved
230328,541518,person,Luis Hurtado,YouTube Data API v3,5656,Luis Hurtado,canonical_exact,candidato_correcto_credito_exacto,5656,Luis Hurtado,2,Desorden Público | En Vivo En El Teresa Carreño | executive production | album,approved
230290,534372,person,Liana Castillo,YouTube Data API v3,2496,Liana Malva Castillo,alias_exact,candidato_con_variante_y_credito,2496,Liana Malva Castillo,3,Le Merm | Deep Chill Sessions | composed | 5,approved
230291,522918,person,Liliana Sáenz,YouTube Data API v3,6901,Liliana Sáenz,canonical_exact,candidato_correcto_credito_exacto,6901,Liliana Sáenz,1,Wahala | Homegrown | graphic design | album || Wahala | Homegrown | photos | album,approved
230292,518541,person,Lino Frías,YouTube Data API v3,12030,Lino Borges,fuzzy,candidato_equivocado_existe_credito_exacto,13033,Lino Frías,1,Dimensión Latina | Una Dimensión De Éxitos | composed | 5,open
230295,533106,person,Liú Prato,YouTube Data API v3,12402,Liu Prato,accent_only,candidato_correcto_credito_exacto,12402,Liu Prato,2,Movida Acústica Urbana | Rock And Mau 2 | graphic design | album || Movida Acústica Urbana | Rock And Mau | graphic design & illustration | album || Pablo Gill | Suka Jazz En Directo | photos | album,approved
230296,540270,person,Lobo,YouTube Data API v3,8998,Lobo,canonical_exact,sin_coincidencia_concluyente,,,0,Dioslepague | Venus Mixes | mixed | 7,open
230309,514614,person,Louis Antony Generany,YouTube Data API v3,7468,Louis Antony Generany,canonical_exact,candidato_correcto_credito_exacto,7468,Louis Antony Generany,1,A'mbar | Love Maniac | graphic design | album,approved
230310,546415,person,Lourens,YouTube Data API v3,1791,Lourens Bood,fuzzy,sin_coincidencia_concluyente,,,1,"Laberinto | Decada | recorded | 3,7,9,10",open
230311,520194,person,Luber Mujica,YouTube Data API v3,4488,Luber Mujica,canonical_exact,candidato_correcto_credito_exacto,4488,Luber Mujica,2,Caramelos De Cianuro | En Vivo | photos | album || La Misma Gente | Somos Todos | cover | album || La Misma Gente | Somos Todos | tray photos | album || Los Paranoias | Hey! Dónde Están Los Paranoias? | photos | album || Nana Cadavieco | Exposé | photos | album,approved
230312,518562,person,Luciano Pozo,YouTube Data API v3,1817,Luciano Calello,fuzzy,candidato_equivocado_existe_credito_exacto,13036,Luciano Pozo,1,Dimensión Latina | Una Dimensión De Éxitos | composed | 9,open
230313,515614,person,Luis,YouTube Data API v3,9795,Luis,canonical_exact,candidato_correcto_credito_exacto,9795,Luis,3,"Famasloop | La Quema | composed | 1,7,10 || Famasloop | La Quema | composed | 2",approved
230314,531323,person,Luis A. Domínguez,YouTube Data API v3,2503,Luis Domingo,fuzzy,candidato_equivocado_existe_credito_exacto,13143,Luis A. Domínguez,1,Serenata Guayanesa | Vol. 4: Música Popular y Folklórica Venezolana | lyrics written | 3,open
230315,539976,person,Luis Alberto Jimenez,YouTube Data API v3,5742,Luis Celimene,fuzzy,candidato_equivocado_existe_credito_exacto,12558,Luis Alberto Jimenez,2,Los Mesoneros | EP | executive production | album || Los Mesoneros | No Puedes Ver | executive production | album,open
230316,547174,person,Luis Alegrett,YouTube Data API v3,869,Luis Maestre,fuzzy,candidato_equivocado_existe_credito_exacto,12695,Luis Alegrett,1,Los Beat3 | ¡En Vivo! | executive production | album,open
230317,512825,person,Luis Alejandro Rodríguez,YouTube Data API v3,10123,Luis E. Rodríguez,fuzzy,candidato_equivocado_existe_credito_exacto,13061,Luis Alejandro Rodríguez,2,Gasolina | EP | recorded live | album,open
230319,535909,person,Luis Arismendi,YouTube Data API v3,3845,Luis Arismendi,canonical_exact,candidato_correcto_credito_exacto,3845,Luis Arismendi,1,Las Cuatro Monedas | Los Grandes Éxitos | selection | album,approved
230332,522839,person,Luis Molina Pantin,YouTube Data API v3,9003,Luis Molina Pantín,accent_only,candidato_correcto_credito_exacto,9003,Luis Molina Pantín,3,Dioslepague | Venus Mixes | photos | album || La Corte | Código Demente | photos | album || La Corte | Imperia | photos | album,approved
230333,523775,person,Luis Montenegro,YouTube Data API v3,395,Luis Otero,fuzzy,candidato_equivocado_existe_credito_exacto,12796,Luis Montenegro,1,Todosantos | Aeropuerto | graphic design | album,open
230334,523560,person,Luis Morales Bance,YouTube Data API v3,161,Luis Morales,fuzzy,candidato_equivocado_existe_credito_exacto,13079,Luis Morales Bance,2,Serenata Guayanesa | Vol. 2: Música Popular y Folklórica Venezolana | composed | 12,open
230335,531330,person,Luis Olinto Medina,YouTube Data API v3,5810,Luis Pineda,fuzzy,candidato_equivocado_existe_credito_exacto,13144,Luis Olinto Medina,1,Serenata Guayanesa | Vol. 4: Música Popular y Folklórica Venezolana | lyrics written | 7,open
230336,534878,person,Luis Ortero,YouTube Data API v3,395,Luis Otero,fuzzy,candidato_equivocado_existe_credito_exacto,12626,Luis Ortero,2,"El Rastro | Dioses Terrestres | composed | 1,5,6,7",open
230337,545067,person,Luis Palencia,YouTube Data API v3,3983,Luis Palencia,canonical_exact,candidato_correcto_credito_exacto,3983,Luis Palencia,1,Mango Funk | El Nuevo Beat Del Tambor | graphic design | album,approved
230338,523905,person,Luis Ramirez,YouTube Data API v3,5390,Luis Ramirez,canonical_exact,candidato_correcto_credito_exacto,5390,Luis Ramirez,2,Mulato | Mulato | graphic design | album || Yátu | Gandharva | graphic design | album,approved
230339,539130,person,Luis Ramírez,YouTube Data API v3,3459,Luis Martinez,fuzzy,candidato_equivocado_existe_credito_exacto,5390,Luis Ramirez,2,Mulato | Mulato | graphic design | album || Yátu | Gandharva | graphic design | album,open
230340,516136,person,"Luis Salazar ""Stardust""",YouTube Data API v3,4162,Luis Salas,fuzzy,candidato_equivocado_existe_credito_exacto,12540,"Luis Salazar ""Stardust""",1,Elektra | Transformer | costume design | album,open
230329,543201,person,Luis Itanare,YouTube Data API v3,1558,Luis Irán,fuzzy,candidato_equivocado_existe_credito_exacto,12632,Luis Itanare,1,Famasloop | Casa 4 | illustrations | album,open
230330,535882,person,Luis Laguna,YouTube Data API v3,238,Luis Valbuena,fuzzy,candidato_equivocado_existe_credito_exacto,9453,Luís Laguna,1,Las Cuatro Monedas | Los Grandes Éxitos | composed | 16,open
230353,532950,person,Magdalena Fernández,YouTube Data API v3,4348,Magdalena Fernández,canonical_exact,candidato_correcto_credito_exacto,4348,Magdalena Fernández,1,20/20 | Sólo Dependo De Ti | graphic design | album,approved
230354,540736,person,Manny Benito,YouTube Data API v3,1420,Manny B.,fuzzy,candidato_equivocado_existe_credito_exacto,12897,Manny Benito,1,Franco De Vita | Fuera De Este Mundo | executive producer | album,open
230355,519503,person,Manu Meyna,YouTube Data API v3,5180,Manu Meyna,canonical_exact,candidato_correcto_credito_exacto,5180,Manu Meyna,1,Chulius & The Filarmónicos | MF* Radio | graphic design | album,approved
230356,520466,person,Manu Reyna,YouTube Data API v3,7518,Manu Reyna,canonical_exact,candidato_correcto_credito_exacto,7518,Manu Reyna,1,Los Amigos Invisibles | A Typical & Autoctonal Venezuelan Dance Band | graphic design | album,approved
230357,518548,person,Manuel Angel,YouTube Data API v3,959,Manuel Rangel,fuzzy,candidato_equivocado_existe_credito_exacto,13034,Manuel Angel,1,Dimensión Latina | Una Dimensión De Éxitos | composed | 7,open
230358,517751,person,Manuel González Ruiz,YouTube Data API v3,9083,Manuel González,fuzzy,candidato_equivocado_existe_credito_exacto,12598,Manuel González Ruiz,2,C4 Trío | C4 Trío | graphic design | album,open
230359,522621,person,Manuel Guerra,YouTube Data API v3,8905,Manuel Guerra,canonical_exact,candidato_correcto_credito_exacto,8905,Manuel Guerra,2,Desorden Público | Diablo | executive production | album,approved
230360,521214,person,Manuel Macias Delfino,YouTube Data API v3,133,Manuel Macías,fuzzy,candidato_equivocado_existe_credito_exacto,257,Manuel Macías Delfino (†),1,Liqüet | Nada Es Eterno | all lyricis written | album,open
230361,515340,person,"Manuel Martin ""Asteroide B612""",YouTube Data API v3,6185,Manuel Martin,fuzzy,candidato_con_variante_y_credito,6185,Manuel Martin,1,APIX | La Cápsula | graphic design | album,approved
230362,521427,person,Marcial Cabrera,YouTube Data API v3,5313,Mario Labarca,fuzzy,candidato_equivocado_existe_credito_exacto,12895,Marcial Cabrera,1,El Clan Spiteri | Back To The 60's | a/r | album || El Clan Spiteri | Back To The 60's | concept | album || El Clan Spiteri | Beatlemanías | graphic design | album || El Clan Spiteri | De Vuelta A Los 60s | concept | album || El Clan Spiteri | De Vuelta A Los 60s | graphic design | album || Spiteri | Spiteri | manager a | album || Spiteri | Spiteri | r | album,open
230376,529935,person,Mariela Vargas,YouTube Data API v3,4137,Mariela Vargas,canonical_exact,candidato_correcto_credito_exacto,4137,Mariela Vargas,1,Various Artists | Tributo Lo-Fi A Sentimiento Muerto | executive production | album,approved
230377,528422,person,Marielena Elverdin,YouTube Data API v3,8742,Mariela,fuzzy,candidato_equivocado_existe_credito_exacto,12970,Marielena Elverdin,3,Repe | Reset | photos | album,open
230378,533811,person,Marina Corina Rodríguez,YouTube Data API v3,1336,María José Rodríguez,fuzzy,candidato_equivocado_existe_credito_exacto,13094,Marina Corina Rodríguez,1,Various Artists | Caracas Underground | cover photo | album,open
230379,513671,person,Mario Alonso,YouTube Data API v3,6241,Mario Alfonso,fuzzy,candidato_equivocado_existe_credito_exacto,13152,Mario Alonso,1,Frank Quintero & Los Balzehaguaos | Despues De La Tormenta | recorded | 10,open
230380,516382,person,Mario Houben,YouTube Data API v3,9099,Mario,fuzzy,candidato_equivocado_existe_credito_exacto,12905,Mario Houben,1,Franco De Vita | Nada Es Igual | graphic design | album || Franco De Vita | Stop | graphic design | album,open
230381,543811,person,Mario Loaiza,YouTube Data API v3,2537,Mario Arias,fuzzy,candidato_equivocado_existe_credito_exacto,12665,Mario Loaiza,1,La Mosca Punk | Latinoamérica PunkHardcore | photos | album,open
230382,538364,person,Mario Tepedino,YouTube Data API v3,8351,María Tepedino,fuzzy,candidato_equivocado_existe_credito_exacto,12839,Mario Tepedino,2,Various Artists | La Otra Magia De Los 60 & 70 | executive production | album,open
230383,543790,person,Marisela Lagrav,YouTube Data API v3,7436,Marisela Lagrav,canonical_exact,candidato_correcto_credito_exacto,7436,Marisela Lagrav,1,"Zapato 3 | Amor, Furia y Languidez | group photos | album",approved
230384,532471,person,Marisol Gutiérrez,YouTube Data API v3,3706,Marisol Gutiérrez,canonical_exact,candidato_correcto_credito_exacto,3706,Marisol Gutiérrez,1,Los Oceánicos | Los Oceánicos | graphic design | album,approved
230385,538742,person,Maritza Pacheco,YouTube Data API v3,3447,Maritza,fuzzy,candidato_equivocado_existe_credito_exacto,12960,Maritza Pacheco,2,Pedro Manuel Bolívar | Aurora | executive production | album,open
230386,535834,person,Marlene,YouTube Data API v3,6216,Marlene,canonical_exact,candidato_correcto_credito_exacto,6216,Marlene,3,Las Cuatro Monedas | Los Grandes Éxitos | composed | 12,approved
230341,522633,person,Luis Sisinno,YouTube Data API v3,8908,Luis Sisinno,canonical_exact,candidato_correcto_credito_exacto,8908,Luis Sisinno,2,Desorden Público | Diablo | production coordinator | album,approved
230342,514741,person,Luis Weiner,YouTube Data API v3,8276,Luis Wiener,fuzzy,candidato_equivocado_existe_credito_exacto,12872,Luis Weiner,1,Various Artists | Viva Una Experiencia Psicotomimética | lights | album,open
230343,524520,person,Luisa Marcano,YouTube Data API v3,7461,Luisa Marcano,canonical_exact,candidato_correcto_credito_exacto,7461,Luisa Marcano,1,Solares | Cruel {Instinto De Morder} | graphic design | album,approved
230344,538701,person,"Luís Muños ""Gbec""",YouTube Data API v3,2765,"Luis Muños ""Gbec""",accent_only,candidato_correcto_credito_exacto,2765,"Luis Muños ""Gbec""",1,"Canserbero | Guía Para La Acción | produced | 2,11",approved
230345,541829,person,López Rossi,YouTube Data API v3,9452,López,fuzzy,candidato_equivocado_existe_credito_exacto,13134,López Rossi,2,Isa TKM | Isa TKM | composed | album || Isa TKM | Isa TKM | written | album,open
230346,513764,person,Lúber Mujica,YouTube Data API v3,4488,Luber Mujica,accent_only,candidato_correcto_credito_exacto,4488,Luber Mujica,2,Caramelos De Cianuro | En Vivo | photos | album || La Misma Gente | Somos Todos | cover | album || La Misma Gente | Somos Todos | tray photos | album || Los Paranoias | Hey! Dónde Están Los Paranoias? | photos | album || Nana Cadavieco | Exposé | photos | album,approved
230347,515157,person,M. Arcas,YouTube Data API v3,367,Mauricio Arcas,alias_exact,candidato_con_variante_y_credito,367,Mauricio Arcas,13,"Los Amigos Invisibles | En Una Noche Tan Linda Como Esta | composed | 2 || Los Amigos Invisibles | En Una Noche Tan Linda Como Esta | composed | 5,14 || Los Amigos Invisibles | En Una Noche Tan Linda Como Esta | composed | 9,11,13,14",approved
230348,517105,person,M. Jagger,YouTube Data API v3,9158,Mick Jagger,fuzzy,candidato_equivocado_existe_credito_exacto,12856,M. Jagger,2,Various Artists | Segunda Experiencia Psicotomimética | composed | 7,open
230349,536289,person,M. Martínez,YouTube Data API v3,1945,Mario Martínez,alias_exact,candidato_con_variante_y_credito,1945,Mario Martínez,7,Planeador | Barcelona 10C | composed | 10 || Témpano | Témpano | composed | 3,approved
230350,534110,person,M. Panzari,YouTube Data API v3,9351,M. Panzeri,fuzzy,candidato_equivocado_existe_credito_exacto,12793,M. Panzari,2,The Six | Los Six | composed | 8,open
230351,527439,person,M. Panzeri,YouTube Data API v3,9351,M. Panzeri,canonical_exact,candidato_correcto_credito_exacto,9351,M. Panzeri,3,Various Artists | Pop And Op Musical Gente En Ambiente | composed | 7,approved
230352,536316,person,M.R. Ouvelar,YouTube Data API v3,9441,M.R. Ouvelar,canonical_exact,candidato_correcto_credito_exacto,9441,M.R. Ouvelar,4,Témpano | Témpano | composed | 8,approved
230363,531289,person,Marco A. Rivera U,YouTube Data API v3,3341,Marco A. Ramirez,fuzzy,candidato_equivocado_existe_credito_exacto,13140,Marco A. Rivera U,1,Serenata Guayanesa | Vol. 4: Música Popular y Folklórica Venezolana | composed | 7,open
230364,514158,person,Marco Antonio Guerrier,YouTube Data API v3,2663,Marco Toro,fuzzy,candidato_equivocado_existe_credito_exacto,12619,Marco Antonio Guerrier,1,Dischord | The Constant Fear | photos | album,open
230365,522149,person,Marcos Banchero,YouTube Data API v3,3185,Marcelo Blanco,fuzzy,candidato_equivocado_existe_credito_exacto,12768,Marcos Banchero,1,Sentimiento Muerto | B-Side: El Amor Ya No Existe | photo | album || Sentimiento Muerto | El Amor Ya No Existe | photo | album,open
230366,544383,person,Marcos Mundarain,YouTube Data API v3,2937,Marcos Valera,fuzzy,candidato_equivocado_existe_credito_exacto,13075,Marcos Mundarain,1,Sentimiento Muerto | Sin Sombra No Hay Luz | fotolito gamma | album,open
230367,527239,person,Maria Consuelo Faria,YouTube Data API v3,7708,María Consuelo Armas,fuzzy,candidato_equivocado_existe_credito_exacto,12896,María Consuelo Faria,2,El Clan Spiteri | Beatlemanías | photos | album || Spiteri | Spiteri | photos | album,open
230368,520125,person,Mariana Cadavieco,YouTube Data API v3,1225,"Mariana ""Nana"" Cadavieco",fuzzy,candidato_con_variante_y_credito,1225,"Mariana ""Nana"" Cadavieco",6,"Nana Cadavieco | Exposé | composed | 1,7 || Nana Cadavieco | Exposé | composed | 2,3,5,6,8,10 || Nana Cadavieco | Exposé | composed | 4 || Nana Cadavieco | Exposé | composed | 9 || Todosantos | Aeropuerto | executive producer | album",approved
230369,520613,person,Marianela Vargas,YouTube Data API v3,4137,Mariela Vargas,fuzzy,candidato_equivocado_existe_credito_exacto,12824,Marianela Vargas,2,Various Artists | Caracas High Tech | executive production | album || Various Artists | Circuito NB1 | executive producer | album || Various Artists | Décimo Festival Nuevas Bandas | executive producer | album || Various Artists | El Pop Venezolano | executive production | album || Various Artists | El Subte Venezolano | executive production | album || Various Artists | Festival Nuevas Bandas Dosmiluno | executive production | album || Various Artists | Festival Nuevas Bandas: La Historia | executive production | album || Various Artists | Grabaciones Olvidadas | executive producer | album || Various Artists | Noveno Festival Nuevas Bandas | executive producer | album,open
230370,543001,person,Mariano De Tovar,YouTube Data API v3,453,Mariano Ast,fuzzy,candidato_equivocado_existe_credito_exacto,13016,Mariano De Tovar,2,Franco De Vita | Al Norte Del Sur | inside photos | album,open
230371,521390,person,Maribel,YouTube Data API v3,8892,Maribel,canonical_exact,candidato_correcto_credito_exacto,8892,Maribel,3,Desorden Público | ¿Dónde Está El Futuro? | graphic design | album,approved
230372,523911,person,Maribel Araujo,YouTube Data API v3,6511,Maribel Araujo,canonical_exact,candidato_correcto_credito_exacto,6511,Maribel Araujo,2,Mulato | Mulato | graphic design | album || Yátu | Gandharva | graphic design | album,approved
230373,542109,person,Maribel Mas,YouTube Data API v3,6214,Maribel Mas,canonical_exact,candidato_correcto_credito_exacto,6214,Maribel Mas,2,Lapamariposa | Lapamariposa | graphic design | album || Lapamariposa | Lapamariposa | photo | album,approved
230374,512486,person,Mariela Romero,YouTube Data API v3,7686,María E. Moreno,fuzzy,candidato_equivocado_existe_credito_exacto,12887,Mariela Romero,1,Claudio Corsi | Aire y Mar | lyrics written | 5,open
230387,542270,person,Marlon Lares,YouTube Data API v3,2832,"Marlon Morales ""Lou Fresco""",fuzzy,candidato_equivocado_existe_credito_exacto,12701,Marlon Lares,1,Los Gusanos | El Ritual Del Vacilón | inside photos | album,open
230388,538153,person,Marlon Morales,YouTube Data API v3,2832,"Marlon Morales ""Lou Fresco""",fuzzy,candidato_con_variante_y_credito,2832,"Marlon Morales ""Lou Fresco""",1,Lil Supa' | Serio | concept | album,approved
230389,527495,person,Marrocchi,YouTube Data API v3,7446,Mariachi,fuzzy,sin_coincidencia_concluyente,,,0,Various Artists | Pop And Op Musical Gente En Ambiente | composed | 12,open
230390,523738,person,Martin Allais,YouTube Data API v3,8482,Martín Morales,fuzzy,candidato_equivocado_existe_credito_exacto,13024,Martin Allais,1,Oscar Fanega | Solo Bass | solo visual sampling | album,open
230391,537563,person,Martinna Mas,YouTube Data API v3,9226,Martin,fuzzy,candidato_equivocado_existe_credito_exacto,12651,Martinna Mas,1,Jacktürbo | Jackturbo | model | album,open
230392,512390,person,Martín Imof,YouTube Data API v3,3149,Martín Imhof,fuzzy,candidato_equivocado_existe_credito_exacto,12570,Martín Imof,1,Sónica | SP Demos | graphic design | album,open
230393,535526,person,María,YouTube Data API v3,3447,Maritza,fuzzy,sin_coincidencia_concluyente,,,3,Sónica | Huellas | executive production | album,open
230394,526054,person,María A. Cámara De Freitas,YouTube Data API v3,8377,María A. Cámara De Freitas,canonical_exact,candidato_correcto_credito_exacto,8377,María A. Cámara De Freitas,2,Various Artists | El Alucinante Mundo Del Soul | production direction | album,approved
230395,543062,person,María Antonia Rodríguez,YouTube Data API v3,1336,María José Rodríguez,fuzzy,candidato_equivocado_existe_credito_exacto,12968,María Antonia Rodríguez,1,Repe | Grandes Verdades De Repe | photo | album,open
230396,521433,person,María Consuelo Faria,YouTube Data API v3,7708,María Consuelo Armas,fuzzy,candidato_equivocado_existe_credito_exacto,12896,María Consuelo Faria,2,El Clan Spiteri | Beatlemanías | photos | album || Spiteri | Spiteri | photos | album,open
230397,538186,person,"María Consuelo Fario ""La GoGo""",YouTube Data API v3,7708,María Consuelo Armas,fuzzy,candidato_equivocado_existe_credito_exacto,13138,"María Consuelo Fario ""La GoGo""",1,El Clan Spiteri | De Vuelta A Los 60s | photos | album,open
230398,544787,person,María E. Morón,YouTube Data API v3,7686,María E. Moreno,fuzzy,candidato_equivocado_existe_credito_exacto,13073,María E. Morón,1,Nana Cadavieco | Sonó Así | photos | album,open
230399,524326,person,María Elena Valdez,YouTube Data API v3,7752,María Elena Valdez,canonical_exact,candidato_correcto_credito_exacto,7752,María Elena Valdez,3,Témpano | Childhood's End / El Fin De La Infancia | illustrations | album || Témpano | Childhood's End / El Fin De La Infancia | photos | album || Témpano | The Agony And The Ecstasy | photos | album,approved
230413,530237,person,"Mauricio ""Enano"" Montero",YouTube Data API v3,7899,Mauricio Anton,fuzzy,candidato_equivocado_existe_credito_exacto,12826,"Mauricio ""Enano"" Montero",2,Various Artists | Chillout Venezuela | mixed | 12 || Various Artists | Chillout Venezuela | recorded | 12,open
230414,522761,person,Mauricio Amoroso,YouTube Data API v3,367,Mauricio Arcas,fuzzy,candidato_equivocado_existe_credito_exacto,12876,Mauricio Amoroso,4,Claroscuro | El Viaje De Una Vida | photos | album || Yátu | Gandharva | photo | album,open
230415,543608,person,Mauricio Anton,YouTube Data API v3,7899,Mauricio Anton,canonical_exact,candidato_correcto_credito_exacto,7899,Mauricio Anton,1,Arkangel | Arkangel | cover art | album,approved
230416,539119,person,Mauricio Bracamonte,YouTube Data API v3,3508,Mauricio Barroeta,fuzzy,candidato_equivocado_existe_credito_exacto,12946,Mauricio Bracamonte,2,Mulato | Mulato | assistant engineer | album,open
230417,521798,person,Mauricio Laluz,YouTube Data API v3,8834,Mauricio Silva,fuzzy,candidato_equivocado_existe_credito_exacto,13110,Mauricio Laluz,4,Los Mentas | Dueño De Un Bar | graphic design | album || Los Mentas | Dueño De Un Bar | photos | album || Los Mentas | Hasta Que Los Bares Nos Separen | graphic design | album || Los Mentas | Mundo Porno | graphic design | album || Los Mentas | Mundo Porno | photos | album || Los Mentas | Taguara's Forever | graphic design | album || Los Mentas | Taguara's Forever | photos | album,open
230418,525371,person,Mauricio Madrid,YouTube Data API v3,6182,Mauricio Madrid,canonical_exact,candidato_correcto_credito_exacto,6182,Mauricio Madrid,2,Lapamariposa | Lapamariposa | photos | album || Mulato | De Aquí Pa' La Playa | graphic design | album,approved
230419,514314,person,Mauro Giani,YouTube Data API v3,2863,Maurio Scavroni,fuzzy,candidato_equivocado_existe_credito_exacto,12982,Mauro Giani,1,Vytas Brenner | Hermanos | photos | album,open
230420,545523,person,Mauro Quiroga,YouTube Data API v3,2058,Mauro Trotta,fuzzy,candidato_equivocado_existe_credito_exacto,12784,Mauro Quiroga,1,Spias | Tres Cruces | photos | album,open
230421,543591,person,Mayra Parra,YouTube Data API v3,7895,Mayra Parra,canonical_exact,candidato_correcto_credito_exacto,7895,Mayra Parra,3,Arkangel | Arkangel | photos | album,approved
230422,518038,person,McCartney,YouTube Data API v3,9209,McCartney,canonical_exact,candidato_correcto_credito_exacto,9209,McCartney,4,"Arkangel | Rock Nacional | written | 11 || Los Beat3 | ¡En Vivo! | composed | album || Los Buitres | Los Buitres | composed | album || Los Impala | Impala's 66 | composed | 1,9,11 || Los Impala | Los Impala | composed | 2,8,10 || The Six | Los Six | composed | 10 || Various Artists | Caracas 400 Gente En Ambiente | composed | 3",approved
230423,522161,person,Memo Vogeler,YouTube Data API v3,7740,Memo Vogeler,canonical_exact,candidato_correcto_credito_exacto,7740,Memo Vogeler,1,Sentimiento Muerto | B-Side: El Amor Ya No Existe | inserts | album || Sentimiento Muerto | El Amor Ya No Existe | inserts | album,approved
230447,514262,person,Mike Boden,YouTube Data API v3,4250,Mike Boden,canonical_exact,candidato_correcto_credito_exacto,4250,Mike Boden,1,Caramelos De Cianuro | Frisbee | mixing assistant | album || Caramelos De Cianuro | Himno Vinotinto | mixing assistant | album || Caramelos De Cianuro | Sanitarios | mixing assistant | album,approved
230375,523030,person,Mariela Sosa,YouTube Data API v3,8742,Mariela,fuzzy,candidato_equivocado_existe_credito_exacto,12919,Mariela Sosa,1,Franco De Vita | Voces A Mi Alrededor | photos | album,open
230400,522954,person,María Elisa Alvarez,YouTube Data API v3,7752,María Elena Valdez,fuzzy,candidato_equivocado_existe_credito_exacto,12914,María Elisa Alvarez,1,Franco De Vita | Voces A Mi Alrededor | production coordinator | album,open
230401,544589,person,María Eugenia Zandoval,YouTube Data API v3,2263,María Eugenia Ibarra,fuzzy,candidato_equivocado_existe_credito_exacto,12565,María Eugenia Zandoval,2,Ricochet | Ahüzenciä | art | album,open
230402,538763,person,María Fernanda Leal,YouTube Data API v3,6913,María Fernanda Montero,fuzzy,candidato_equivocado_existe_credito_exacto,12961,María Fernanda Leal,1,Pedro Manuel Bolívar | Aurora | graphic design | album || Pedro Manuel Bolívar | Aurora | photos | album,open
230403,543078,person,María Gomez,YouTube Data API v3,7844,Mariana Gómez,fuzzy,candidato_equivocado_existe_credito_exacto,12614,María Gomez,1,Desorden Público | En Descomposición | executive production | album,open
230405,529399,person,"María Isabel ""Bubu"" Alvarez",YouTube Data API v3,8882,Maria Isabel,fuzzy,candidato_equivocado_existe_credito_exacto,12613,"María Isabel ""Bubu"" Alvarez",2,Desorden Público | Canto Popular De La Vida y Muerte | illustrations | album,open
230406,519876,person,María José Jijón,YouTube Data API v3,683,María José Serrano,fuzzy,candidato_equivocado_existe_credito_exacto,12719,María José Jijón,2,Malanga | Ta' Trancao | graphic design | album,open
230407,523539,person,María Luisa Escobar,YouTube Data API v3,4314,María Luisa Díaz,fuzzy,candidato_equivocado_existe_credito_exacto,13077,María Luisa Escobar,2,Serenata Guayanesa | Vol. 2: Música Popular y Folklórica Venezolana | composed | 4,open
230408,519539,person,María Virginia Mejía,YouTube Data API v3,3718,María Virginia Salinas,fuzzy,candidato_equivocado_existe_credito_exacto,13150,María Virginia Mejía,1,"Various Artists | Rock: ""El Compilado"" Vol. 2 | model | album",open
230409,544972,person,María Virginia Salinas,YouTube Data API v3,3718,María Virginia Salinas,canonical_exact,candidato_correcto_credito_exacto,3718,María Virginia Salinas,1,La Banana Voladora | Tan Sólo Una Sonrisa | assistant | album,approved
230410,533927,person,Matatigre,YouTube Data API v3,6776,Matatigre,canonical_exact,candidato_correcto_credito_exacto,6776,Matatigre,1,Tribop | Vol. 1 | graphic design & art concept | album,approved
230411,539410,person,Matzak,YouTube Data API v3,3447,Maritza,fuzzy,sin_coincidencia_concluyente,,,0,Garnica | Cae Nieve En Caracas | remixed | 9,open
230412,543924,person,Matías Pinto D'Lacoste,YouTube Data API v3,6160,Matías Pinto D´Lacoste,fuzzy,candidato_correcto_credito_exacto,6160,Matías Pinto D´Lacoste,2,La Muy Bestia Pop | Deux Ex Machina | photo | album,approved
230424,517209,person,Mena,YouTube Data API v3,9406,Mena,canonical_exact,candidato_correcto_credito_exacto,9406,Mena,3,Joystick | Lonchera | composed | album,approved
230426,519882,person,Michel Rivero,YouTube Data API v3,2488,Michael Barbiero,fuzzy,candidato_equivocado_existe_credito_exacto,12720,Michel Rivero,2,Malanga | Ta' Trancao | graphic design | album,open
230428,528538,person,Mickey,YouTube Data API v3,11970,Micky,fuzzy,sin_coincidencia_concluyente,,,1,"Tomates Fritos | Odissey | recorded live | 8,9,10,11 || Various Artists | Miércoles Insólitos | recorded live | album",open
230429,532860,person,Mickey Mata,YouTube Data API v3,6919,Mickey Mata,canonical_exact,candidato_correcto_credito_exacto,6919,Mickey Mata,1,Juan Carlos Torrealba | No Voy Sin Ti | artwork | album || Juan Carlos Torrealba | No Voy Sin Ti | photos | album,approved
230430,528041,person,Micky Mata,YouTube Data API v3,7898,Micky Mata,canonical_exact,candidato_correcto_credito_exacto,7898,Micky Mata,2,Arkangel | Rock Nacional | photos | album,approved
230431,520946,person,Migue Hernández,YouTube Data API v3,945,Miguel Hernández,fuzzy,candidato_equivocado_existe_credito_exacto,13124,Migue Hernández,2,Radioclip | Brilla | composed | 3,open
230432,521902,person,"Miguel ""Puyitas"" Varela",YouTube Data API v3,8399,Miguel Zavaleta,fuzzy,sin_coincidencia_concluyente,,,1,Poster | Despúes Del Frío | assistant engineer | album,open
230433,543846,person,Miguel Angel,YouTube Data API v3,4200,Miguel Antelo,fuzzy,candidato_equivocado_existe_credito_exacto,12666,Miguel Angel,1,"La Muy Bestia Pop | Deux Ex Machina | mixed | 1,2,4,7",open
230434,518964,person,Miguel Angel Alonso,YouTube Data API v3,3684,Miguel Angel Alonso,canonical_exact,candidato_correcto_credito_exacto,3684,Miguel Angel Alonso,3,Desorden Público | Allá Cayó | photos | album || Desorden Público | Plomo Revienta | photos | album || Desorden Público | Valle De Balas | photos | album,approved
230435,536228,person,Miguel Angel Caputo,YouTube Data API v3,5545,Miguel Angel Maduro,fuzzy,candidato_equivocado_existe_credito_exacto,12730,Miguel Angel Caputo,1,Mochuelo | Mochuelo | executive production | album,open
230436,519903,person,Miguel Angel Machado,YouTube Data API v3,1209,"Miguel Angel Machado ""Chivo""",fuzzy,candidato_con_variante_y_credito,1209,"Miguel Angel Machado ""Chivo""",2,Los Últimos Indocumentados | Los Últimos Indocumentados | composed | album,approved
230448,525819,person,Mike Couzi,YouTube Data API v3,666,Mike Couzzi,fuzzy,candidato_equivocado_existe_credito_exacto,12909,Mike Couzi,4,Franco De Vita | Stop | recording engineers | album,open
230449,537762,person,Mike Creswell,YouTube Data API v3,7537,Mike Creswell,canonical_exact,sin_coincidencia_concluyente,,,0,"Los Amigos Invisibles | Arepa 3000: A Venezuelan Journey Into Space | mixed | 2,3,5",open
230451,545245,person,Miriam Troconis,YouTube Data API v3,870,Miriam Espín,fuzzy,candidato_equivocado_existe_credito_exacto,12763,Miriam Troconis,3,Sentimiento Muerto | Aunque Usted No Lo Quiera | cover concept | album || Sentimiento Muerto | Aunque Usted No Lo Quiera | graphic design | album,open
230452,516130,person,Misael Sanchez,YouTube Data API v3,3768,Samuel Sánchez,fuzzy,candidato_equivocado_existe_credito_exacto,12539,Misael Sanchez,1,Elektra | Transformer | electronic equipment design | album,open
230454,523140,person,Moises Flores,YouTube Data API v3,3453,Moisés Szarf,fuzzy,candidato_equivocado_existe_credito_exacto,1496,Moisés Flores,6,"Sofía Insomnia | Breve Casi Eterno | composed | 5 || Sofía Insomnia | Breve Casi Eterno | composed | 1,4,8,9,10 || Sofía Insomnia | Breve Casi Eterno | executive production | album",open
230455,545835,person,Moises Szarf,YouTube Data API v3,1496,Moisés Flores,fuzzy,candidato_equivocado_existe_credito_exacto,3453,Moisés Szarf,1,"Ojo Fatuo | Ojo Fatuo | composed | 5,6,12",open
230456,525648,person,Monreal,YouTube Data API v3,9626,Moreán,fuzzy,sin_coincidencia_concluyente,,,1,Various Artists | Caracas 400 Gente En Ambiente | composed | 9,open
230457,515575,person,Mora,YouTube Data API v3,3696,Moraes,fuzzy,sin_coincidencia_concluyente,,,1,Famasloop | La Quema | written | 2,open
230458,546105,person,Morella Muñoz-Tebar,YouTube Data API v3,4820,Morella Muñoz-Tebar,canonical_exact,candidato_correcto_credito_exacto,4820,Morella Muñoz-Tebar,1,Los Astrolabios | Todo Es Rosa | photos | album,approved
230459,542832,person,Mr. Horny,YouTube Data API v3,7472,Mr. Renny,fuzzy,candidato_equivocado_existe_credito_exacto,12675,Mr. Horny,2,Laberinto | Freakeao | cover | album,open
230461,527453,person,Muriella,YouTube Data API v3,9353,Munella,fuzzy,sin_coincidencia_concluyente,,,4,The Six | Los Six | composed | 8 || Various Artists | Pop And Op Musical Gente En Ambiente | composed | 7,open
230463,545656,person,N. Scarola,YouTube Data API v3,3434,Nicky Scarola,alias_exact,candidato_con_variante_y_credito,3434,Nicky Scarola,2,"Various Artists | La Respuesta | composed | 1,9",approved
230464,544526,person,Nacho,YouTube Data API v3,7267,Nacho Maño,fuzzy,sin_coincidencia_concluyente,,,1,Ricochet | Ahüzenciä | lyrics | 2,open
230465,518873,person,Nacho Gala,YouTube Data API v3,1173,Nacho Arévalo,fuzzy,candidato_equivocado_existe_credito_exacto,12721,Nacho Gala,1,Malanga | Tren De Vuelta | assistant engineer | album || Tisuby & Georgina | Ruleta Del Amor | assistant engineer | album,open
230466,525731,person,Napoleon Bravo,YouTube Data API v3,8378,Napoleon Bravo,canonical_exact,candidato_correcto_credito_exacto,8378,Napoleon Bravo,3,Various Artists | Caracas 400 Gente En Ambiente | a | album || Various Artists | Caracas 400 Gente En Ambiente | r | album,approved
230479,516087,person,Niko Teneketcis,YouTube Data API v3,7547,Niko Teneketcis,canonical_exact,sin_coincidencia_concluyente,,,0,Los Amigos Invisibles | The Venezuelan Zing Son Vol. 1 | assistant engineers | album,open
230480,531528,person,Nilz,YouTube Data API v3,4927,Nilz,canonical_exact,candidato_correcto_credito_exacto,4927,Nilz,1,Billy Se Fue | Para Siempre | lyrics written | 3,approved
230482,540598,person,Noel Silva,YouTube Data API v3,2848,Angel Silva,fuzzy,candidato_equivocado_existe_credito_exacto,12601,Noel Silva,5,Candy66 | Evolutio | executive production | album,open
230483,531824,person,Noel Silva Dominguez,YouTube Data API v3,8927,Noel Davies,fuzzy,candidato_equivocado_existe_credito_exacto,12881,Noel Silva Dominguez,1,Candy66 | 5 Mundos | executive production | album,open
230484,525925,person,Norma Méndez,YouTube Data API v3,4771,Ramón Méndez,fuzzy,candidato_equivocado_existe_credito_exacto,12883,Norma Méndez,1,Caramelos De Cianuro | B-Sides: Miss Mujerzuela | model | album,open
230485,518280,person,Néstor Vincero,YouTube Data API v3,11881,Néstor Zavarce,fuzzy,candidato_equivocado_existe_credito_exacto,12785,Néstor Vincero,1,"Subsonus | Alias | executive production | album || Subsonus | Grandes Razones, Fuertes Acciones | executive producer | album",open
230486,535896,person,O'Brien,YouTube Data API v3,6213,O'Brien,canonical_exact,candidato_correcto_credito_exacto,6213,O'Brien,1,"Las Cuatro Monedas | Los Grandes Éxitos | lyrics | 10,11",approved
230437,527271,person,Miguel Angel Robaina,YouTube Data API v3,11027,Miguel Angel Landa,fuzzy,candidato_equivocado_existe_credito_exacto,12984,Miguel Angel Robaina,2,Vytas Brenner | La Ofrenda De Vytas Brenner | photos | album,open
230438,542713,person,Miguel D' Donato,YouTube Data API v3,6697,Miguel D' Donato,canonical_exact,sin_coincidencia_concluyente,,,0,"TLX | 33 Minutos y En Auto | mixed | 5,6,9",open
230439,512866,person,Miguel Gonzáles,YouTube Data API v3,2704,"Miguel Gonzáles ""El Enano""",alias_exact,candidato_con_variante_y_credito,2704,"Miguel Gonzáles ""El Enano""",1,"Caramelos De Cianuro | Harakiri City | composed | 3,5,13 || Various Artists | Harakiri City: Tributo A Caramelos De Cianuro | composed | 3,5,13",approved
230440,531261,person,Miguel Jaspe,YouTube Data API v3,8735,Miguel Jaimes,fuzzy,candidato_equivocado_existe_credito_exacto,12867,Miguel Jaspe,2,Various Artists | Show De Boleros | video master recordings | album,open
230441,513371,person,Miguel Karroum,YouTube Data API v3,2102,Miguel Porras,fuzzy,candidato_equivocado_existe_credito_exacto,12724,Miguel Karroum,1,Mata Rica | Pachanga Punk | photos | album || Mata Rica | Ritmo Revolución | photos | album,open
230442,513429,person,Miguel Mantamoros,YouTube Data API v3,3060,Miguel Toro,fuzzy,candidato_equivocado_existe_credito_exacto,13003,Miguel Mantamoros,1,Yordano | ¡Qué Lindas Son! | composed | 5,open
230443,537177,person,Miguel Rodríguez,YouTube Data API v3,8996,Miguel Rodríguez,canonical_exact,candidato_correcto_credito_exacto,8996,Miguel Rodríguez,2,Dioslepague | Música Para Los Apóstoles Madres | graphic design | album,approved
230444,526434,person,Miguel Vasquez,YouTube Data API v3,7448,Miguel Vasquez,canonical_exact,candidato_correcto_credito_exacto,7448,Miguel Vasquez,3,Zapato 3 | Cápsula Para Volar | graphic design | album || Zapato 3 | Maya | graphic design | album,approved
230445,535903,person,Miguel Ángel Jaimes,YouTube Data API v3,2500,Miguel Ahgel Mieres,fuzzy,candidato_equivocado_existe_credito_exacto,12682,Miguel Ángel Jaimes,1,Las Cuatro Monedas | Los Grandes Éxitos | graphic design | album,open
230467,537166,person,Nascuy Linares,YouTube Data API v3,8997,Nascuy Linares,canonical_exact,candidato_correcto_credito_exacto,8997,Nascuy Linares,1,Dioslepague | Música Para Los Apóstoles Madres | recording assistant | album,approved
230468,519613,person,Nathalie De Laet,YouTube Data API v3,8051,Nathalie De Laet RPM Artes Gráficas,fuzzy,candidato_equivocado_existe_credito_exacto,12954,Nathalie De Laet,1,Pablo Dagnino | Biorritmos | graphic design | album,open
230469,535786,person,Neil Diamond,YouTube Data API v3,9752,Neil Diamond,canonical_exact,candidato_correcto_credito_exacto,9752,Neil Diamond,1,Las Cuatro Monedas | Los Grandes Éxitos | composed | 3,approved
230470,537607,person,Nelson Garrido,YouTube Data API v3,8327,Nelson Garrido,canonical_exact,candidato_correcto_credito_exacto,8327,Nelson Garrido,1,Sentimiento Muerto | A La Hora Justa | photos | album || Sentimiento Muerto | Infecto De Afecto | photos | album,approved
230471,526202,person,Nestor Caballero,YouTube Data API v3,4608,Néstor Arguello,fuzzy,candidato_equivocado_existe_credito_exacto,12848,Nestor Caballero,1,Various Artists | Se Llama Simón | playright written | album,open
230472,538694,person,"Nestor Santana ""Nessr""",YouTube Data API v3,4524,Néstor Rosales,fuzzy,candidato_equivocado_existe_credito_exacto,13011,"Nestor Santana ""Nessr""",1,"Canserbero | Guía Para La Acción | produced | 6,16",open
230473,516124,person,Nestor Veitor,YouTube Data API v3,179,Nestor Toro,fuzzy,candidato_equivocado_existe_credito_exacto,12538,Nestor Veitor,2,Elektra | Transformer | assistant recording | album,open
230474,516257,person,Nestor Villasmil,YouTube Data API v3,4538,Nestor Villasmil,canonical_exact,candidato_correcto_credito_exacto,4538,Nestor Villasmil,7,Caramelos De Cianuro | 2LadosB | graphic design | album || Caramelos De Cianuro | Caramelos De Cianuro | graphic design | album || Los Chevynovas | Música En Vara | photos | album,approved
230475,515996,person,Nicolas Estrada,YouTube Data API v3,4052,Nicolas Boada,fuzzy,candidato_equivocado_existe_credito_exacto,12729,Nicolas Estrada,1,Mermelada Bunch | Pum Pum | composed | 11,open
230476,533075,person,Nicolas Folmer,YouTube Data API v3,8060,Nicolas Tovar,fuzzy,candidato_equivocado_existe_credito_exacto,13139,Nicolas Folmer,2,Pablo Gill | Suka Jazz En Directo | written | 5,open
230477,538687,person,"Nicolás Pappaterra ""NicoJP""",YouTube Data API v3,7181,Nicolás Alvarado,fuzzy,candidato_equivocado_existe_credito_exacto,13010,"Nicolás Pappaterra ""NicoJP""",1,Canserbero | Guía Para La Acción | produced | 1,open
230478,523750,person,Nicolás Volpe,YouTube Data API v3,3397,Nicolai Sarpe,fuzzy,candidato_equivocado_existe_credito_exacto,13026,Nicolás Volpe,1,Oscar Fanega | Solo Bass | luthier | album,open
230488,537144,person,Olga Trinidad Diez,YouTube Data API v3,8994,Olga Trinidad Diez y Riega,fuzzy,candidato_equivocado_existe_credito_exacto,12615,Olga Trinidad Diez,3,Dioslepague | Música Para Los Apóstoles Madres | executive production | album,open
230489,532483,person,Oliver Krisch,YouTube Data API v3,3707,Oliver Krisch,canonical_exact,candidato_correcto_credito_exacto,3707,Oliver Krisch,2,Los Oceánicos | Los Oceánicos | photos | album,approved
230524,522579,organization,Altos Studios,YouTube Data API v3,59,Altos Estudios,fuzzy,sin_coincidencia_concluyente,,,0,"Tomates Fritos | Tomates Fritos | mixed at | 5,12 || Tomates Fritos | Tomates Fritos | overdubs recorded at | album",open
230525,522580,organization,recording_studio,YouTube Data API v3,59,Altos Estudios,fuzzy,sin_contexto,,,0,,open
230526,522581,organization,"Puerto La Cruz, Venezuela",YouTube Data API v3,59,Altos Estudios,fuzzy,sin_contexto,,,0,,open
230527,519218,organization,Atabal Studios,YouTube Data API v3,1102,Atabal Productions,fuzzy,sin_coincidencia_concluyente,,,0,iX | Ora Pro Nobis | mixed at | album || iX | Ora Pro Nobis | recorded at | album || iX | Ora Pro Nobis | recorded | 5,open
230528,519219,organization,recording_studio,YouTube Data API v3,1102,Atabal Productions,fuzzy,sin_contexto,,,0,,open
230529,519220,organization,"Caracas, Venezuela",YouTube Data API v3,1102,Atabal Productions,fuzzy,sin_contexto,,,0,,open
230530,542209,organization,Audio Artist,YouTube Data API v3,303,Audio Artist 3000,fuzzy,sin_coincidencia_concluyente,,,0,Los Gusanos | El Ritual Del Vacilón | mixed at | 11 || Los Gusanos | El Ritual Del Vacilón | recorded at | 11,open
230531,542210,organization,recording_studio,YouTube Data API v3,303,Audio Artist 3000,fuzzy,sin_contexto,,,0,,open
230532,542211,organization,"Caracas, Venezuela",YouTube Data API v3,303,Audio Artist 3000,fuzzy,sin_contexto,,,0,,open
230533,521504,organization,Audio Artists Studios,YouTube Data API v3,303,Audio Artist 3000,fuzzy,sin_coincidencia_concluyente,,,0,"Various Artists | 5to Festival Nuevas Bandas | recorded at | 2,6,12,13,14,15",open
230534,521505,organization,recording_studio,YouTube Data API v3,303,Audio Artist 3000,fuzzy,sin_contexto,,,0,,open
230535,521506,organization,"Caracas, Venezuela",YouTube Data API v3,303,Audio Artist 3000,fuzzy,sin_contexto,,,0,,open
230536,522649,organization,Backstage Studio,YouTube Data API v3,163,Backstage Estudios Valencia,fuzzy,sin_coincidencia_concluyente,,,0,Desorden Público | Diablo | additional recordings at | album,open
230537,522650,organization,recording_studio,YouTube Data API v3,163,Backstage Estudios Valencia,fuzzy,sin_contexto,,,0,,open
230538,522651,organization,"Caracas, Venezuela",YouTube Data API v3,163,Backstage Estudios Valencia,fuzzy,sin_contexto,,,0,,open
230539,546291,organization,Balu' Balu' Studios,YouTube Data API v3,90,Balú Balú Studios,accent_only,candidato_correcto_credito_exacto,90,Balú Balú Studios,1,Tisuby & Georgina | Ruleta Del Amor | mixed at | album || Tisuby & Georgina | Ruleta Del Amor | recorded at | album,approved
230540,546292,organization,recording_studio,YouTube Data API v3,90,Balú Balú Studios,accent_only,sin_contexto,,,0,,open
230541,546293,organization,"Madrid, Spain",YouTube Data API v3,90,Balú Balú Studios,accent_only,sin_contexto,,,0,,open
230542,537911,organization,Brian Gadner Mastering,YouTube Data API v3,246,Brian Gardner Mastering,fuzzy,sin_coincidencia_concluyente,,,0,"Desorden Público | Los Contrarios | mastered at | 1,3,5,8,11,12,14",open
230543,537912,organization,recording_studio,YouTube Data API v3,246,Brian Gardner Mastering,fuzzy,sin_contexto,,,0,,open
230544,537913,organization,"Los Angeles, California",YouTube Data API v3,246,Brian Gardner Mastering,fuzzy,sin_contexto,,,0,,open
230546,544009,organization,recording_studio,YouTube Data API v3,383,CD Box Producciones,canonical_exact,sin_contexto,,,0,,open
230548,539392,organization,CHROMO Audiolab,YouTube Data API v3,67,Cromo Audio Lab,fuzzy,sin_coincidencia_concluyente,,,0,"1ra Edición | 1986 | rhodes recorded at | 6,12",open
230549,539393,organization,recording_studio,YouTube Data API v3,67,Cromo Audio Lab,fuzzy,sin_contexto,,,0,,open
230550,539394,organization,"Caracas, Venezuela",YouTube Data API v3,67,Cromo Audio Lab,fuzzy,sin_contexto,,,0,,open
230551,530124,organization,Casa Del Ritmo,YouTube Data API v3,1047,Casa De Claudio,fuzzy,sin_coincidencia_concluyente,,,0,Various Artists | Chillout Venezuela | mixed at | 7 || Various Artists | Chillout Venezuela | recorded at | 7,open
230552,530125,organization,recording_studio,YouTube Data API v3,1047,Casa De Claudio,fuzzy,sin_contexto,,,0,,open
230553,530126,organization,"Brooklyn, NYC",YouTube Data API v3,1047,Casa De Claudio,fuzzy,sin_contexto,,,0,,open
230554,530324,organization,Cromo Audio Estudios,YouTube Data API v3,67,Cromo Audio Lab,fuzzy,sin_coincidencia_concluyente,,,0,Various Artists | Chillout Venezuela | mixed at | 15 || Various Artists | Chillout Venezuela | recorded at | 15,open
230555,530325,organization,recording_studio,YouTube Data API v3,67,Cromo Audio Lab,fuzzy,sin_contexto,,,0,,open
230556,530326,organization,"Caracas, Venezuela",YouTube Data API v3,67,Cromo Audio Lab,fuzzy,sin_contexto,,,0,,open
230557,538521,organization,Cromo Audio Lab Studios,YouTube Data API v3,67,Cromo Audio Lab,fuzzy,sin_coincidencia_concluyente,,,0,Del Pez | Acción Es Carácter | mastered at | album || Del Pez | Acción Es Carácter | mixed at | album || Del Pez | Acción Es Carácter | recorded at | album,open
230558,538522,organization,recording_studio,YouTube Data API v3,67,Cromo Audio Lab,fuzzy,sin_contexto,,,0,,open
230559,538523,organization,"Caracas, Venezuela",YouTube Data API v3,67,Cromo Audio Lab,fuzzy,sin_contexto,,,0,,open
230560,524546,organization,Cromo AudioLab Studio,YouTube Data API v3,67,Cromo Audio Lab,fuzzy,sin_coincidencia_concluyente,,,0,Chupi Lumpi | Una Oveja Más | mastered at | album || Chupi Lumpi | Una Oveja Más | mixed at | album || Chupi Lumpi | Una Oveja Más | recorded at | album,open
230561,524547,organization,recording_studio,YouTube Data API v3,67,Cromo Audio Lab,fuzzy,sin_contexto,,,0,,open
230562,524548,organization,"Caracas, Venezuela",YouTube Data API v3,67,Cromo Audio Lab,fuzzy,sin_contexto,,,0,,open
230563,541564,organization,D2 Producciones,YouTube Data API v3,213,3D2 Producciones,fuzzy,sin_coincidencia_concluyente,,,1,"Desorden Público | En Vivo En El Teresa Carreño | mixed at | 13,14,15 || Desorden Público | En Vivo En El Teresa Carreño | mixed at | 16 || Desorden Público | En Vivo En El Teresa Carreño | produced at | 13,14,15 || Desorden Público | En Vivo En El Teresa Carreño | produced at | 16 || Desorden Público | En Vivo En El Teresa Carreño | recorded at | 13,14,15 || Desorden Público | En Vivo En El Teresa Carreño | recorded at | 16",open
230564,541565,organization,recording_studio,YouTube Data API v3,213,3D2 Producciones,fuzzy,sin_contexto,,,0,,open
230565,541566,organization,"Caracas, Venezuela",YouTube Data API v3,213,3D2 Producciones,fuzzy,sin_contexto,,,0,,open
230566,536545,organization,Digital Post Studios,YouTube Data API v3,220,Digital Atomic Studios,fuzzy,sin_coincidencia_concluyente,,,0,Decibel | BioSystem Hi-Fi | mixed at | 12 || Decibel | BioSystem Hi-Fi | recorded at | 12,open
230567,536546,organization,recording_studio,YouTube Data API v3,220,Digital Atomic Studios,fuzzy,sin_contexto,,,0,,open
230568,536547,organization,"Caracas, Venezuela",YouTube Data API v3,220,Digital Atomic Studios,fuzzy,sin_contexto,,,0,,open
230569,526482,organization,Estudio Arena,YouTube Data API v3,118,Estudios Panda,fuzzy,sin_coincidencia_concluyente,,,0,Agresión | Sur | samples recorded at | 6,open
230570,526483,organization,recording_studio,YouTube Data API v3,118,Estudios Panda,fuzzy,sin_contexto,,,0,,open
230571,526484,organization,"Maracay, Venezuela",YouTube Data API v3,118,Estudios Panda,fuzzy,sin_contexto,,,0,,open
230572,532435,organization,Estudio Audiosono,YouTube Data API v3,281,Estudios Sincrosonido,fuzzy,sin_coincidencia_concluyente,,,0,Ohmio | Origami | vocals recorded at | album,open
230573,532436,organization,recording_studio,YouTube Data API v3,281,Estudios Sincrosonido,fuzzy,sin_contexto,,,0,,open
230574,532437,organization,"Anzoátegui, Venezuela",YouTube Data API v3,281,Estudios Sincrosonido,fuzzy,sin_contexto,,,0,,open
230575,533751,organization,Estudio Buena Nota,YouTube Data API v3,206,Estudios Buena Nota,fuzzy,sin_coincidencia_concluyente,,,0,"Various Artists | Caracas Underground | mixed at | album || Various Artists | Caracas Underground | recorded at | album || Various Artists | Venezuela Sin Fronteras | mixed at | 11,12 || Various Artists | Venezuela Sin Fronteras | recorded at | 11,12",open
230576,533752,organization,recording_studio,YouTube Data API v3,206,Estudios Buena Nota,fuzzy,sin_contexto,,,0,,open
230577,533753,organization,"Caracas, Venezuela",YouTube Data API v3,206,Estudios Buena Nota,fuzzy,sin_contexto,,,0,,open
230578,514426,organization,Estudio Buenanota,YouTube Data API v3,206,Estudios Buena Nota,fuzzy,sin_coincidencia_concluyente,,,0,"Various Artists | Caracas Underground | mixed at | album || Various Artists | Caracas Underground | recorded at | album || Various Artists | Venezuela Sin Fronteras | mixed at | 11,12 || Various Artists | Venezuela Sin Fronteras | recorded at | 11,12",open
230579,514427,organization,recording_studio,YouTube Data API v3,206,Estudios Buena Nota,fuzzy,sin_contexto,,,0,,open
230580,514428,organization,"Caracas, Venezuela",YouTube Data API v3,206,Estudios Buena Nota,fuzzy,sin_contexto,,,0,,open
230609,518640,organization,recording_studio,YouTube Data API v3,336,Estudios Audiobeat,fuzzy,sin_contexto,,,0,,open
230610,518641,organization,"Caracas, Venezuela",YouTube Data API v3,336,Estudios Audiobeat,fuzzy,sin_contexto,,,0,,open
230611,516837,organization,Estudios La Montaña,YouTube Data API v3,111,Estudio La Montaña,fuzzy,sin_coincidencia_concluyente,,,0,Horacero | Fusil | mixed at | 11 || Horacero | Fusil | recorded at | 11,open
230612,516838,organization,recording_studio,YouTube Data API v3,111,Estudio La Montaña,fuzzy,sin_contexto,,,0,,open
230613,516839,organization,"Caracas, Venezuela",YouTube Data API v3,111,Estudio La Montaña,fuzzy,sin_contexto,,,0,,open
230614,537480,organization,Estudios Magda,YouTube Data API v3,118,Estudios Panda,fuzzy,sin_coincidencia_concluyente,,,0,Jacktürbo | Jackturbo | mastered at | album || Jacktürbo | Jackturbo | mixed at | album || Jacktürbo | Jackturbo | recorded at | album,open
230490,545467,person,Omar Sawaya,YouTube Data API v3,5614,Omar Amaya,fuzzy,otro_candidato_variante_con_credito,2145,Omar Naim Sawaya,2,Spias | Tres Cruces | written | 10,open
230493,527776,person,Orlando Alvarado,YouTube Data API v3,4141,Orlando Alvarado,canonical_exact,sin_coincidencia_concluyente,,,3,"Various Artists | Décimo Festival Nuevas Bandas | asistant engineers | album || Various Artists | Décimo Festival Nuevas Bandas | recorded live | album || Various Artists | Festival Nuevas Bandas Dosmiluno | mixed | 1,2,6,8,9 || Various Artists | Festival Nuevas Bandas Dosmiluno | mixed | 4 || Various Artists | Noveno Festival Nuevas Bandas | recorded live | album",open
230494,542853,person,Orlando Araujo,YouTube Data API v3,11565,Orlando Araujo,canonical_exact,candidato_correcto_credito_exacto,11565,Orlando Araujo,1,La Misma Gente | Por Fin | lyrics | 7,approved
230495,534517,person,Oscar Calle,YouTube Data API v3,4168,Oscar Aldrey,fuzzy,candidato_equivocado_existe_credito_exacto,12740,Oscar Calle,1,Palmeras Kanibales | La Ruta | composed | 12,open
230496,523732,person,Oscar Fanegas,YouTube Data API v3,2043,Oscar Fanega,fuzzy,candidato_equivocado_existe_credito_exacto,13023,Oscar Fanegas,1,Oscar Fanega | Solo Bass | composed | album,open
230581,514398,organization,Estudio Leonardo Rodríguez,YouTube Data API v3,250,Estudios Rodríguez,fuzzy,sin_coincidencia_concluyente,,,0,"Various Artists | Venezuela Sin Fronteras | mixed at | 3,4 || Various Artists | Venezuela Sin Fronteras | recorded at | 3,4",open
230582,514399,organization,recording_studio,YouTube Data API v3,250,Estudios Rodríguez,fuzzy,sin_contexto,,,0,,open
230583,514400,organization,"Mérida, Venezuela",YouTube Data API v3,250,Estudios Rodríguez,fuzzy,sin_contexto,,,0,,open
230584,540849,organization,Estudio Pararrayos,YouTube Data API v3,310,Estudios Troya,fuzzy,sin_coincidencia_concluyente,,,0,Famasloop | La Quema | executive production | album || Famasloop | La Quema | recording studios | album || Okills | América Supersónica | overdubbing recorded at | album,open
230585,540850,organization,recording_studio,YouTube Data API v3,310,Estudios Troya,fuzzy,sin_contexto,,,0,,open
230586,540851,organization,"Caracas, Venezuela",YouTube Data API v3,310,Estudios Troya,fuzzy,sin_contexto,,,0,,open
230587,530403,organization,Estudio Tulio Chuecos,YouTube Data API v3,239,Estudios Circus,fuzzy,sin_coincidencia_concluyente,,,0,Various Artists | Chillout Venezuela | mixed at | 18 || Various Artists | Chillout Venezuela | recorded at | 18,open
230588,530404,organization,recording_studio,YouTube Data API v3,239,Estudios Circus,fuzzy,sin_contexto,,,0,,open
230589,530405,organization,"Caracas, Venezuela",YouTube Data API v3,239,Estudios Circus,fuzzy,sin_contexto,,,0,,open
230590,533784,organization,Estudio de Emilio Mauri,YouTube Data API v3,344,Estudio El Mamut,fuzzy,sin_coincidencia_concluyente,,,0,"Various Artists | Caracas Underground | mixed at | 16,17",open
230591,533785,organization,recording_studio,YouTube Data API v3,344,Estudio El Mamut,fuzzy,sin_contexto,,,0,,open
230592,533786,organization,"Caracas, Venezuela",YouTube Data API v3,344,Estudio El Mamut,fuzzy,sin_contexto,,,0,,open
230593,532379,organization,Estudio de Rubén Gutiérrez,YouTube Data API v3,297,Estudios Del Este,fuzzy,sin_coincidencia_concluyente,,,0,Pixel | Pixel | drums recorded at | album || Pixel | Poco | drums recorded at | album,open
230594,532380,organization,recording_studio,YouTube Data API v3,297,Estudios Del Este,fuzzy,sin_contexto,,,0,,open
230595,532381,organization,"Caracas, Venezuela",YouTube Data API v3,297,Estudios Del Este,fuzzy,sin_contexto,,,0,,open
230599,530040,organization,Estudios Corao,YouTube Data API v3,263,Estudios Trak,fuzzy,sin_coincidencia_concluyente,,,0,Various Artists | Chillout Venezuela | mixed at | 3 || Various Artists | Chillout Venezuela | recorded at | 3,open
230600,530041,organization,recording_studio,YouTube Data API v3,263,Estudios Trak,fuzzy,sin_contexto,,,0,,open
230601,530042,organization,"Caracas, Venezuela",YouTube Data API v3,263,Estudios Trak,fuzzy,sin_contexto,,,0,,open
230602,543172,organization,Estudios El Pie,YouTube Data API v3,297,Estudios Del Este,fuzzy,sin_coincidencia_concluyente,,,0,Famasloop | Casa 4 | mixed at | album || Famasloop | Casa 4 | recording studios | album || Famasloop | La Quema | recording studios | album,open
230603,543173,organization,recording_studio,YouTube Data API v3,297,Estudios Del Este,fuzzy,sin_contexto,,,0,,open
230615,537481,organization,recording_studio,YouTube Data API v3,118,Estudios Panda,fuzzy,sin_contexto,,,0,,open
230616,537482,organization,"Monterrey, Mexico",YouTube Data API v3,118,Estudios Panda,fuzzy,sin_contexto,,,0,,open
230617,528948,organization,Estudios Odisea,YouTube Data API v3,336,Estudios Audiobeat,fuzzy,sin_coincidencia_concluyente,,,0,Témpano | Atabal–Yémal | mixed at | album || Témpano | Atabal–Yémal | recorded live at | album,open
230618,528949,organization,recording_studio,YouTube Data API v3,336,Estudios Audiobeat,fuzzy,sin_contexto,,,0,,open
230619,528950,organization,"Caracas, Venezuela",YouTube Data API v3,336,Estudios Audiobeat,fuzzy,sin_contexto,,,0,,open
230620,514453,organization,Estudios Rios,YouTube Data API v3,123,Estudios RM,fuzzy,sin_coincidencia_concluyente,,,0,"Various Artists | Venezuela Sin Fronteras | mixed at | 13,14 || Various Artists | Venezuela Sin Fronteras | recorded at | 13,14",open
230621,514454,organization,recording_studio,YouTube Data API v3,123,Estudios RM,fuzzy,sin_contexto,,,0,,open
230622,514455,organization,"Mérida, Venezuela",YouTube Data API v3,123,Estudios RM,fuzzy,sin_contexto,,,0,,open
230623,547387,organization,Estudios Sampling Records,YouTube Data API v3,296,Estudios Sardá,fuzzy,sin_coincidencia_concluyente,,,0,Mata Rica | Quémate | recorded at | album,open
230638,512665,organization,Grabaciones Del Este,YouTube Data API v3,115,Grabaciones Silvestres,fuzzy,sin_coincidencia_concluyente,,,0,Tomates Fritos | Molly | recorded at | album || Tomates Fritos | Molly | recorded at | 8,open
230639,512666,organization,recording_studio,YouTube Data API v3,115,Grabaciones Silvestres,fuzzy,sin_contexto,,,0,,open
230640,512667,organization,"Caracas, Venezuela",YouTube Data API v3,115,Grabaciones Silvestres,fuzzy,sin_contexto,,,0,,open
230641,530284,organization,Guatareno Estudios,YouTube Data API v3,1059,Entourage Studios,fuzzy,sin_coincidencia_concluyente,,,0,Various Artists | Chillout Venezuela | mixed at | 13 || Various Artists | Chillout Venezuela | recorded at | 13,open
230642,530285,organization,recording_studio,YouTube Data API v3,1059,Entourage Studios,fuzzy,sin_contexto,,,0,,open
230643,530286,organization,"Brooklyn, NYC",YouTube Data API v3,1059,Entourage Studios,fuzzy,sin_contexto,,,0,,open
230644,541603,organization,Human Production Studios,YouTube Data API v3,1066,Human Production,fuzzy,sin_coincidencia_concluyente,,,2,"Desorden Público | En Vivo En El Teresa Carreño | mixed at | 10,12 || Desorden Público | En Vivo En El Teresa Carreño | mixed at | 11,12,13",open
230645,541604,organization,recording_studio,YouTube Data API v3,1066,Human Production,fuzzy,sin_contexto,,,0,,open
230646,541605,organization,"Caracas, Venezuela",YouTube Data API v3,1066,Human Production,fuzzy,sin_contexto,,,0,,open
230647,547023,organization,"Ingenio Musical, Telearte",YouTube Data API v3,254,Ingenio Musical,fuzzy,sin_coincidencia_concluyente,,,0,Various Artists | Noveno Festival Nuevas Bandas | mixed at | album,open
230648,547024,organization,recording_studio,YouTube Data API v3,254,Ingenio Musical,fuzzy,sin_contexto,,,0,,open
230649,547025,organization,"Caracas, Venezuela",YouTube Data API v3,254,Ingenio Musical,fuzzy,sin_contexto,,,0,,open
230650,524813,organization,Jaime's Studio,YouTube Data API v3,289,Jam Studio,fuzzy,sin_coincidencia_concluyente,,,0,Yátu | La Condición De Este Mundo | keyboards recorded at | 2,open
230651,524814,organization,recording_studio,YouTube Data API v3,289,Jam Studio,fuzzy,sin_contexto,,,0,,open
230667,512905,organization,"Caracas, Venezuela",YouTube Data API v3,176,Mad Box's Studios,fuzzy,sin_contexto,,,0,,open
230668,533775,organization,Madbox Studios,YouTube Data API v3,176,Mad Box's Studios,fuzzy,sin_coincidencia_concluyente,,,1,"Various Artists | 5to Festival Nuevas Bandas | recorded at | 1 || Various Artists | Caracas Underground | drums recorded at | 14,15",open
230604,543174,organization,"Buenos Aires, Argentina",YouTube Data API v3,297,Estudios Del Este,fuzzy,sin_contexto,,,0,,open
230605,545776,organization,Estudios Kandra,YouTube Data API v3,118,Estudios Panda,fuzzy,sin_coincidencia_concluyente,,,0,"Various Artists | La Respuesta | recorded at | 3,5,8,10",open
230606,545777,organization,recording_studio,YouTube Data API v3,118,Estudios Panda,fuzzy,sin_contexto,,,0,,open
230607,545778,organization,"Caracas, Venezuela",YouTube Data API v3,118,Estudios Panda,fuzzy,sin_contexto,,,0,,open
230608,518639,organization,Estudios La Discoteca,YouTube Data API v3,336,Estudios Audiobeat,fuzzy,sin_coincidencia_concluyente,,,0,"Dimensión Latina | Una Dimensión De Éxitos | recorded at | 1,4,8,9 || Dimensión Latina | Una Dimensión De Éxitos | recorded at | 12,14",open
230624,547388,organization,recording_studio,YouTube Data API v3,296,Estudios Sardá,fuzzy,sin_contexto,,,0,,open
230625,547389,organization,"Valencia, Venezuela",YouTube Data API v3,296,Estudios Sardá,fuzzy,sin_contexto,,,0,,open
230626,517871,organization,Estudios Topetitud,YouTube Data API v3,250,Estudios Rodríguez,fuzzy,sin_coincidencia_concluyente,,,2,Charliepapa | 20000 Leguas Cuadriláteras | recording assistants at | album || Charliepapa | 20000 Leguas Cuadriláteras | recording studios | album,open
230627,517872,organization,recording_studio,YouTube Data API v3,250,Estudios Rodríguez,fuzzy,sin_contexto,,,0,,open
230628,517873,organization,"Distrito Federal, Mexico",YouTube Data API v3,250,Estudios Rodríguez,fuzzy,sin_contexto,,,0,,open
230629,521495,organization,Gophinata Studio,YouTube Data API v3,326,Gopinatha Studios,fuzzy,sin_coincidencia_concluyente,,,0,Various Artists | 5to Festival Nuevas Bandas | recorded at | 10,open
230630,521496,organization,recording_studio,YouTube Data API v3,326,Gopinatha Studios,fuzzy,sin_contexto,,,0,,open
230631,521497,organization,"Caracas, Venezuela",YouTube Data API v3,326,Gopinatha Studios,fuzzy,sin_contexto,,,0,,open
230632,521526,organization,Gophinata Studios,YouTube Data API v3,326,Gopinatha Studios,fuzzy,sin_coincidencia_concluyente,,,0,Various Artists | 5to Festival Nuevas Bandas | mixed at | 10,open
230633,521527,organization,recording_studio,YouTube Data API v3,326,Gopinatha Studios,fuzzy,sin_contexto,,,0,,open
230634,521528,organization,"Caracas, Venezuela",YouTube Data API v3,326,Gopinatha Studios,fuzzy,sin_contexto,,,0,,open
230635,528530,organization,Gopinath Studios,YouTube Data API v3,326,Gopinatha Studios,fuzzy,sin_coincidencia_concluyente,,,0,Tomates Fritos | Odissey | mastered at | album || Tomates Fritos | Odissey | mixed at | album || Tomates Fritos | Odissey | recorded at | album,open
230636,528531,organization,recording_studio,YouTube Data API v3,326,Gopinatha Studios,fuzzy,sin_contexto,,,0,,open
230637,528532,organization,Caracas,YouTube Data API v3,326,Gopinatha Studios,fuzzy,sin_contexto,,,0,,open
230652,524815,organization,"Orlando, FL",YouTube Data API v3,289,Jam Studio,fuzzy,sin_contexto,,,0,,open
230653,539760,organization,Jazzmania Studio,YouTube Data API v3,38,Jazzmania Studios,fuzzy,sin_coincidencia_concluyente,,,0,"Los Pixel | Lo Último Que Se Pierde | drum tracks recorded at | 4,7",open
230654,539761,organization,recording_studio,YouTube Data API v3,38,Jazzmania Studios,fuzzy,sin_contexto,,,0,,open
230655,539762,organization,"Caracas, Venezuela",YouTube Data API v3,38,Jazzmania Studios,fuzzy,sin_contexto,,,0,,open
230656,516879,organization,La Casita,YouTube Data API v3,324,La Casita (Troconis's House),fuzzy,sin_coincidencia_concluyente,,,0,PAN | Ensayo | mixed live at | album || PAN | Ensayo | recorded at | album,open
230657,516880,organization,recording_studio,YouTube Data API v3,324,La Casita (Troconis's House),fuzzy,sin_contexto,,,0,,open
230658,516881,organization,"Caracas, Venezuela",YouTube Data API v3,324,La Casita (Troconis's House),fuzzy,sin_contexto,,,0,,open
230669,533776,organization,recording_studio,YouTube Data API v3,176,Mad Box's Studios,fuzzy,sin_contexto,,,0,,open
230670,533777,organization,"Caracas, Venezuela",YouTube Data API v3,176,Mad Box's Studios,fuzzy,sin_contexto,,,0,,open
230671,528347,organization,Musical Virtual & Astaharzy Studios,YouTube Data API v3,1071,Musica Virtual Studios,fuzzy,sin_coincidencia_concluyente,,,0,OdraReg | God's Garden | adittional recordings at | album,open
230672,528348,organization,recording_studio,YouTube Data API v3,1071,Musica Virtual Studios,fuzzy,sin_contexto,,,0,,open
230673,528349,organization,"Caracas, Venezuela",YouTube Data API v3,1071,Musica Virtual Studios,fuzzy,sin_contexto,,,0,,open
230674,526662,organization,Play Station Digital,YouTube Data API v3,302,Play Station,fuzzy,sin_coincidencia_concluyente,,,0,"Palmeras Kanibales | 13 Super Kañonazos Bailables | mixed at | 5,9 || Palmeras Kanibales | 13 Super Kañonazos Bailables | recorded at | 5,9",open
230675,526663,organization,recording_studio,YouTube Data API v3,302,Play Station,fuzzy,sin_contexto,,,0,,open
230676,526664,organization,"Caracas, Venezuela",YouTube Data API v3,302,Play Station,fuzzy,sin_contexto,,,0,,open
230678,518791,organization,recording_studio,YouTube Data API v3,601,Producciones de La Montaña,canonical_exact,sin_contexto,,,0,,open
230694,524824,organization,"Miami, FL",YouTube Data API v3,155,Solares P&R,fuzzy,sin_contexto,,,0,,open
230695,516818,organization,SonoLab,YouTube Data API v3,967,Sonoplay,fuzzy,sin_coincidencia_concluyente,,,0,Horacero | Fusil | mixed at | album || Horacero | Fusil | recorded at | album,open
230696,516819,organization,recording_studio,YouTube Data API v3,967,Sonoplay,fuzzy,sin_contexto,,,0,,open
230697,516820,organization,"Caracas, Venezuela",YouTube Data API v3,967,Sonoplay,fuzzy,sin_contexto,,,0,,open
230698,527553,organization,Sonofolk Estudio,YouTube Data API v3,31,SonoFolk Estudios,fuzzy,sin_coincidencia_concluyente,,,0,Reciclaje | Excomulgado | mastered at | album || Reciclaje | Excomulgado | mixed at | album || Reciclaje | Excomulgado | recorded at | album,open
230699,527554,organization,recording_studio,YouTube Data API v3,31,SonoFolk Estudios,fuzzy,sin_contexto,,,0,,open
230700,527555,organization,"Caracas, Venezuela",YouTube Data API v3,31,SonoFolk Estudios,fuzzy,sin_contexto,,,0,,open
230701,530753,organization,Subsonic Studios,YouTube Data API v3,319,Subsonic,fuzzy,sin_coincidencia_concluyente,,,0,Mermelada Bunch | La Novela | mixed at | 11,open
230702,530754,organization,recording_studio,YouTube Data API v3,319,Subsonic,fuzzy,sin_contexto,,,0,,open
230703,530755,organization,"Maracaibo, Venezuela",YouTube Data API v3,319,Subsonic,fuzzy,sin_contexto,,,0,,open
230704,541660,organization,Tarareo Estudios,YouTube Data API v3,327,Tarareo Studios,fuzzy,sin_coincidencia_concluyente,,,2,"Desorden Público | En Vivo En El Teresa Carreño | mixed at | 2,8 || Desorden Público | En Vivo En El Teresa Carreño | mixed at | 6",open
230705,541661,organization,recording_studio,YouTube Data API v3,327,Tarareo Studios,fuzzy,sin_contexto,,,0,,open
230706,541662,organization,"Caracas, Venezuela",YouTube Data API v3,327,Tarareo Studios,fuzzy,sin_contexto,,,0,,open
230707,546019,organization,Teatro Terresa Carreño,YouTube Data API v3,1091,"Teatro Teresa Carreño, July 13-15",fuzzy,sin_coincidencia_concluyente,,,0,Various Artists | Festival Nuevas Bandas Dosmiluno | recorded live at | album,open
230708,546020,organization,recording_studio,YouTube Data API v3,1091,"Teatro Teresa Carreño, July 13-15",fuzzy,sin_contexto,,,0,,open
230724,522282,organization,"New York, NY",YouTube Data API v3,294,West West Side Music,fuzzy,sin_contexto,,,0,,open
230659,530179,organization,La Mecha Estudios,YouTube Data API v3,16,MECHA Estudios,article_variant,sin_coincidencia_concluyente,,,0,Various Artists | Chillout Venezuela | mixed at | 9 || Various Artists | Chillout Venezuela | recorded at | 9,open
230660,530180,organization,recording_studio,YouTube Data API v3,16,MECHA Estudios,article_variant,sin_contexto,,,0,,open
230661,530181,organization,"Caracas, Venezuela",YouTube Data API v3,16,MECHA Estudios,article_variant,sin_contexto,,,0,,open
230662,539839,organization,Latin World Studio,YouTube Data API v3,134,Latin World Studios,fuzzy,sin_coincidencia_concluyente,,,0,Iguanas De Trapo | Lunes | additional recordings at | album,open
230663,539840,organization,recording_studio,YouTube Data API v3,134,Latin World Studios,fuzzy,sin_contexto,,,0,,open
230664,539841,organization,"Caracas, Venezuela",YouTube Data API v3,134,Latin World Studios,fuzzy,sin_contexto,,,0,,open
230665,512903,organization,Madbox Studio,YouTube Data API v3,176,Mad Box's Studios,fuzzy,sin_coincidencia_concluyente,,,0,Caramelos De Cianuro | Harakiri City | mixed at | 8 || Caramelos De Cianuro | Harakiri City | recorded at | 8,open
230666,512904,organization,recording_studio,YouTube Data API v3,176,Mad Box's Studios,fuzzy,sin_contexto,,,0,,open
230680,546445,organization,R.A. Studios,YouTube Data API v3,237,RM Studios,fuzzy,sin_coincidencia_concluyente,,,0,"Laberinto | Decada | mixed at | 6,11 || Laberinto | Decada | recorded at | 6",open
230681,546446,organization,recording_studio,YouTube Data API v3,237,RM Studios,fuzzy,sin_contexto,,,0,,open
230682,546447,organization,"Amsterdam, Holland",YouTube Data API v3,237,RM Studios,fuzzy,sin_contexto,,,0,,open
230683,536525,organization,SR Estudios,YouTube Data API v3,301,Scape Studios,fuzzy,sin_coincidencia_concluyente,,,0,Decibel | BioSystem Hi-Fi | mixed at | album || Decibel | BioSystem Hi-Fi | recorded at | album,open
230684,536526,organization,recording_studio,YouTube Data API v3,301,Scape Studios,fuzzy,sin_contexto,,,0,,open
230685,536527,organization,"Maracaibo, Venezuela",YouTube Data API v3,301,Scape Studios,fuzzy,sin_contexto,,,0,,open
230686,524783,organization,Santa Monica Studios,YouTube Data API v3,316,Santa Mónica Studios,accent_only,candidato_correcto_credito_exacto,316,Santa Mónica Studios,1,Yátu | La Condición De Este Mundo | recorded at | album,approved
230687,524784,organization,recording_studio,YouTube Data API v3,316,Santa Mónica Studios,accent_only,sin_contexto,,,0,,open
230688,524785,organization,"Caracas, Venezuela",YouTube Data API v3,316,Santa Mónica Studios,accent_only,sin_contexto,,,0,,open
230689,538244,organization,Silver Avenue Studios,YouTube Data API v3,1084,Silver Avenue Records,fuzzy,sin_coincidencia_concluyente,,,0,Yátu | Inmortal | mixed at | album || Yátu | Inmortal | recorded at | album,open
230690,538245,organization,recording_studio,YouTube Data API v3,1084,Silver Avenue Records,fuzzy,sin_contexto,,,0,,open
230691,538246,organization,"Puerto Fijo, Venezuela",YouTube Data API v3,1084,Silver Avenue Records,fuzzy,sin_contexto,,,0,,open
230692,524822,organization,"Solares Studio, P&P",YouTube Data API v3,155,Solares P&R,fuzzy,sin_coincidencia_concluyente,,,0,Yátu | La Condición De Este Mundo | guitar solo recorded at | 2,open
230693,524823,organization,recording_studio,YouTube Data API v3,155,Solares P&R,fuzzy,sin_contexto,,,0,,open
230709,546021,organization,"Caracas, Venezuela",YouTube Data API v3,1091,"Teatro Teresa Carreño, July 13-15",fuzzy,sin_contexto,,,0,,open
230710,525474,organization,The Jack Studios,YouTube Data API v3,39,The Plant Studios,fuzzy,sin_coincidencia_concluyente,,,0,Jacktürbo | Jackturbo II | additional recordings at | album,open
230711,525475,organization,recording_studio,YouTube Data API v3,39,The Plant Studios,fuzzy,sin_contexto,,,0,,open
230712,525476,organization,"Barcelona, Spain",YouTube Data API v3,39,The Plant Studios,fuzzy,sin_contexto,,,0,,open
230725,532062,organization,World Beat Studio,YouTube Data API v3,93,Worldbeat Studios,fuzzy,sin_coincidencia_concluyente,,,0,King Changó | The Return of El Santo | mixed at | album || King Changó | The Return of El Santo | recorded at | album,open
230726,532063,organization,recording_studio,YouTube Data API v3,93,Worldbeat Studios,fuzzy,sin_contexto,,,0,,open
230727,532064,organization,"Calabasas, California",YouTube Data API v3,93,Worldbeat Studios,fuzzy,sin_contexto,,,0,,open
230728,531024,organization,World Beat Studios,YouTube Data API v3,93,Worldbeat Studios,article_variant,candidato_correcto_credito_exacto,93,Worldbeat Studios,2,Desorden Público | Plomo Revienta | additional recordings at | 18 || Desorden Público | Plomo Revienta | mixed at | 18 || Desorden Público | Plomo Revienta | recorded at | album,approved
230729,531025,organization,recording_studio,YouTube Data API v3,93,Worldbeat Studios,article_variant,sin_contexto,,,0,,open
230730,531026,organization,"Calabasas, California",YouTube Data API v3,93,Worldbeat Studios,article_variant,sin_contexto,,,0,,open
230732,536002,organization,recording_studio,YouTube Data API v3,448,Ariah Records,canonical_exact,sin_contexto,,,0,,open
230733,519477,organization,Blackbeans Studios,YouTube Data API v3,98,Black Beans Music Studios,fuzzy,sin_coincidencia_concluyente,,,3,Chulius & The Filarmónicos | MF* Radio | recording studios | album,open
230734,519478,organization,recording_studio,YouTube Data API v3,98,Black Beans Music Studios,fuzzy,sin_contexto,,,0,,open
230735,516541,organization,"Estudios Rodríguez (Mérida, Venezuela) &",YouTube Data API v3,250,Estudios Rodríguez,fuzzy,sin_coincidencia_concluyente,,,0,Submarino | Submarino | mixed at | 7,open
230736,516542,organization,recording_studio,YouTube Data API v3,250,Estudios Rodríguez,fuzzy,sin_contexto,,,0,,open
230752,540460,organization,recording_studio,YouTube Data API v3,408,Polygram Records,canonical_exact,sin_contexto,,,0,,open
230754,513152,organization,recording_studio,YouTube Data API v3,538,Progrock Records,canonical_exact,sin_contexto,,,0,,open
230755,515494,organization,Roadhouse Studios,YouTube Data API v3,202,Roadhouse Studio,fuzzy,sin_coincidencia_concluyente,,,0,Lebronch | De Chow | recording studios | album || Lebronch | Los Topinos Del Pan | pre-master recorded at | album || Lebronch | Todos Los Topinos De Lebronch | pre-master recorded at | album,open
230756,515495,organization,recording_studio,YouTube Data API v3,202,Roadhouse Studio,fuzzy,sin_contexto,,,0,,open
230758,533179,organization,recording_studio,YouTube Data API v3,433,Space Music Records,canonical_exact,sin_contexto,,,0,,open
230759,536411,organization,Tara Records,YouTube Data API v3,448,Ariah Records,fuzzy,sin_coincidencia_concluyente,,,0,Famasloop | 3 Casas | executive production | album,open
230760,536412,organization,recording_studio,YouTube Data API v3,448,Ariah Records,fuzzy,sin_contexto,,,0,,open
230761,525015,organization,The Pass Studios,YouTube Data API v3,39,The Plant Studios,fuzzy,sin_coincidencia_concluyente,,,0,"Caramelos De Cianuro | Flor De Fuego | recording studios | 2,3,8,10",open
230762,525016,organization,recording_studio,YouTube Data API v3,39,The Plant Studios,fuzzy,sin_contexto,,,0,,open
230763,525023,organization,The Village Studios,YouTube Data API v3,39,The Plant Studios,fuzzy,sin_coincidencia_concluyente,,,0,Caramelos De Cianuro | Flor De Fuego | recording studios | album,open
230764,525024,organization,recording_studio,YouTube Data API v3,39,The Plant Studios,fuzzy,sin_contexto,,,0,,open
230765,519484,organization,Tu Casa Studios,YouTube Data API v3,137,Tu Casa Studio,fuzzy,sin_coincidencia_concluyente,,,3,Chulius & The Filarmónicos | MF* Radio | recording studios | album,open
230766,519485,organization,recording_studio,YouTube Data API v3,137,Tu Casa Studio,fuzzy,sin_contexto,,,0,,open
230767,525914,person,3er Mundo,YouTube Data API v3,4234,3er Mundo,canonical_exact,candidato_correcto_credito_exacto,4234,3er Mundo,1,Caramelos De Cianuro | B-Sides: Miss Mujerzuela | graphic design | album || Caramelos De Cianuro | Miss Mujerzuela | graphic design | album || Los Astrolabios | Todo Es Rosa | graphic design | album,approved
230713,518071,organization,Tito Records,YouTube Data API v3,986,Dot Records,fuzzy,sin_coincidencia_concluyente,,,0,Soleà | EP | mastered at | album || Soleà | EP | mixed at | album || Soleà | EP | recorded at | album,open
230714,518072,organization,recording_studio,YouTube Data API v3,986,Dot Records,fuzzy,sin_contexto,,,0,,open
230715,518073,organization,"San Cristobal, Venezuela",YouTube Data API v3,986,Dot Records,fuzzy,sin_contexto,,,0,,open
230716,520782,organization,Tonalidad Mayor Estudios,YouTube Data API v3,199,Tonalidad Mayor Studio CA,fuzzy,sin_coincidencia_concluyente,,,0,Julliet | ¿Quieren Rock? | mastered at | album || Julliet | ¿Quieren Rock? | mixed at | album || Julliet | ¿Quieren Rock? | recorded at | album,open
230717,520783,organization,recording_studio,YouTube Data API v3,199,Tonalidad Mayor Studio CA,fuzzy,sin_contexto,,,0,,open
230718,520784,organization,"Caracas, Venezuela",YouTube Data API v3,199,Tonalidad Mayor Studio CA,fuzzy,sin_contexto,,,0,,open
230719,529472,organization,Tumbador,YouTube Data API v3,107,Tumbador Estudios,fuzzy,sin_coincidencia_concluyente,,,0,"Atkinson | Mota Foca | mixed at | 2,6",open
230720,529473,organization,recording_studio,YouTube Data API v3,107,Tumbador Estudios,fuzzy,sin_contexto,,,0,,open
230721,529474,organization,"Caracas, Venezuela",YouTube Data API v3,107,Tumbador Estudios,fuzzy,sin_contexto,,,0,,open
230722,522280,organization,West West Side/Deko Music,YouTube Data API v3,294,West West Side Music,fuzzy,sin_coincidencia_concluyente,,,0,"Fauna | Puño y Letra | mastered at | 5,7,11,13",open
230723,522281,organization,recording_studio,YouTube Data API v3,294,West West Side Music,fuzzy,sin_contexto,,,0,,open
230737,541421,organization,Fordelucs Estudios,YouTube Data API v3,195,Fordelucs Beats,fuzzy,sin_coincidencia_concluyente,,,2,Tomates Fritos | Hombre Bala | recording studios | album,open
230738,541422,organization,recording_studio,YouTube Data API v3,195,Fordelucs Beats,fuzzy,sin_contexto,,,0,,open
230739,519445,organization,Groove Studios,YouTube Data API v3,75,Gozon Studio,fuzzy,sin_coincidencia_concluyente,,,3,Chulius & The Filarmónicos | MF* Radio | recording studios | album,open
230740,519446,organization,recording_studio,YouTube Data API v3,75,Gozon Studio,fuzzy,sin_contexto,,,0,,open
230741,519470,organization,Guatanero Studios,YouTube Data API v3,1027,Guaco Estudios,fuzzy,sin_coincidencia_concluyente,,,3,"Chulius & The Filarmónicos | MF* Radio | mixed at | 4,6,9,10 || Chulius & The Filarmónicos | MF* Radio | recording studios | album",open
230742,519471,organization,recording_studio,YouTube Data API v3,1027,Guaco Estudios,fuzzy,sin_contexto,,,0,,open
230743,512500,organization,Human Productions,YouTube Data API v3,1066,Human Production,fuzzy,sin_coincidencia_concluyente,,,4,Claudio Corsi | Aire y Mar | recording studios | album,open
230744,512501,organization,recording_studio,YouTube Data API v3,1066,Human Production,fuzzy,sin_contexto,,,0,,open
230745,519057,organization,La Cosa Nostra Estudio,YouTube Data API v3,117,La Cosa Nostra Estudios,fuzzy,sin_coincidencia_concluyente,,,0,Viniloversus | Yunque / Los Que Fueron y Vinieron | recording studios | album,open
230746,519058,organization,recording_studio,YouTube Data API v3,117,La Cosa Nostra Estudios,fuzzy,sin_contexto,,,0,,open
230748,513244,organization,recording_studio,YouTube Data API v3,597,Ojo Rabioso Records,canonical_exact,sin_contexto,,,0,,open
230749,515555,organization,Pablo Estudio,YouTube Data API v3,264,ABL Estudios,fuzzy,sin_coincidencia_concluyente,,,0,Famasloop | La Quema | brass arragements | 3,open
230750,515556,organization,recording_studio,YouTube Data API v3,264,ABL Estudios,fuzzy,sin_contexto,,,0,,open
230774,544921,person,: Tao,YouTube Data API v3,4240,Tarot,fuzzy,sin_coincidencia_concluyente,,,0,Puck | Martínez | graphic design | album,open
230769,525620,person,D.Stevenson,YouTube Data API v3,9729,D. Stevenson,canonical_exact,candidato_correcto_credito_exacto,9729,D. Stevenson,3,Various Artists | Caracas 400 Gente En Ambiente | composed | 6 || Various Artists | La Otra Magia De Los 60 & 70 | composed | 14,approved
230770,538470,person,D. Stevenson,YouTube Data API v3,9729,D. Stevenson,canonical_exact,candidato_correcto_credito_exacto,9729,D. Stevenson,3,Various Artists | Caracas 400 Gente En Ambiente | composed | 6 || Various Artists | La Otra Magia De Los 60 & 70 | composed | 14,approved
230773,518799,person,100% Poindexther,YouTube Data API v3,9898,100% Poindexther,canonical_exact,candidato_correcto_credito_exacto,9898,100% Poindexther,2,Desorden Público | Estrellas Del Caos | photo | album || Dioslepague | Música Para Los Apóstoles Madres | photos | album || La Misma Gente | La Misma Gente | photos | album,approved
230788,533190,person,"Abraham Garcia ""Cangrejo""",YouTube Data API v3,1636,"Abraham ""Cangrejo"" García",fuzzy,sin_coincidencia_concluyente,,,0,Mochuelo | Un Tanto Más | composed | 11,open
230791,535553,person,Adrían Morales Demori,YouTube Data API v3,2118,Adrían Morales,fuzzy,candidato_equivocado_existe_credito_exacto,12568,Adrían Morales Demori,1,Sónica | Huellas | mastered | album || Sónica | Huellas | mixed | album || Sónica | Huellas | recorded | album,open
230792,539271,person,Agustín Bozzo,YouTube Data API v3,1813,Agustín González,fuzzy,candidato_equivocado_existe_credito_exacto,12777,Agustín Bozzo,2,Skin | Skin | executive producer | album,open
230793,532793,person,Agustín Méndez,YouTube Data API v3,8306,Agustín Verde,fuzzy,candidato_equivocado_existe_credito_exacto,12932,Agustín Méndez,1,Juan Carlos Torrealba | No Voy Sin Ti | executive production | album,open
230794,524468,person,Al Falcon,YouTube Data API v3,6204,Nayibel Falcón,fuzzy,candidato_equivocado_existe_credito_exacto,12584,Al Falcon,1,Ananta | Songs From The Future | composed | 3,open
230795,515563,person,Alain,YouTube Data API v3,710,Alain Gómez,fuzzy,sin_coincidencia_concluyente,,,4,"Famasloop | La Quema | composed | 1,7,10 || Famasloop | La Quema | composed | 2 || Famasloop | La Quema | composed | 5,6,8,9 || Famasloop | La Quema | lyrics written | album || Famasloop | La Quema | written | 2",open
230796,537326,person,Alan Arenas,YouTube Data API v3,2463,Alan Ward,fuzzy,candidato_equivocado_existe_credito_exacto,12760,Alan Arenas,1,Rodrigo Solo | No Estás Solo | assistant engineer | album,open
230798,540379,person,Alberto A. Torrealba,YouTube Data API v3,8712,Alberto Brito Landeau,fuzzy,candidato_equivocado_existe_credito_exacto,12977,Alberto A. Torrealba,1,"Various Artists | Simón Díaz Remixes | lyrics written | 2,6,10",open
230813,544863,person,Alejandro Capó,YouTube Data API v3,204,Alejandro Campos,fuzzy,candidato_equivocado_existe_credito_exacto,12836,Alejandro Capó,3,Various Artists | Grabaciones Olvidadas | graphic design | album,open
230814,526546,person,Alejandro Gómez,YouTube Data API v3,4179,Alejandro Florez,fuzzy,sin_coincidencia_concluyente,,,2,Various Artists | U-Rock Discos | composed | 1 || Various Artists | U-Rock Discos | composed | 2,open
230815,523179,person,Alejandro Iodice,YouTube Data API v3,6578,Alejandro Lodice,fuzzy,candidato_equivocado_existe_credito_exacto,12782,Alejandro Iodice,1,Sofía Insomnia | Breve Casi Eterno | photos | album,open
230816,523708,person,Alejandro Lecuna,YouTube Data API v3,3677,Alejandro Lucena,fuzzy,candidato_equivocado_existe_credito_exacto,13154,Alejandro Lecuna,1,Miguel Oldenburg | Memorias De Bravo Pueblo | creative direction | album,open
230817,538108,person,Alejandro Lucena,YouTube Data API v3,3677,Alejandro Lucena,canonical_exact,candidato_correcto_credito_exacto,3677,Alejandro Lucena,1,La Banana Voladora | La Banana Voladora | illustrations | album,approved
230818,525710,person,Alejandro López,YouTube Data API v3,4179,Alejandro Florez,fuzzy,candidato_equivocado_existe_credito_exacto,13091,Alejandro López,3,Various Artists | Caracas 400 Gente En Ambiente | recorded live | 17,open
230819,531760,person,Alejandro Page,YouTube Data API v3,7229,Alejandro Page,canonical_exact,candidato_correcto_credito_exacto,7229,Alejandro Page,1,Radio Clip | Donde Sopla El Viento | a | album || Radio Clip | Donde Sopla El Viento | r director | album || Radio Clip | Fuego En La Corriente | a | album || Radio Clip | Fuego En La Corriente | r director | album,approved
230820,521226,person,Alejandro Pietro C.,YouTube Data API v3,2605,Alejandro Pietro,fuzzy,candidato_equivocado_existe_credito_exacto,12552,Alejandro Pietro C.,1,Liqüet | Nada Es Eterno | concept | album || Liqüet | Nada Es Eterno | graphic design | album,open
230821,542533,person,Alejandro Ramírez,YouTube Data API v3,4654,Alejandro Ramírez,canonical_exact,sin_coincidencia_concluyente,,,1,Grillos Mientras Tanto | Demos | composed | 2 || Grillos Mientras Tanto | Demos | lyrics | 3,open
230822,515548,person,Alejandro Terrán,YouTube Data API v3,3460,Alejandro Serna,fuzzy,candidato_equivocado_existe_credito_exacto,12634,Alejandro Terrán,1,Famasloop | La Quema | string arragements | 10,open
230823,544533,person,Alex,YouTube Data API v3,8607,Alexis,fuzzy,sin_coincidencia_concluyente,,,0,Ricochet | Ahüzenciä | lyrics | 3,open
230824,516342,person,Alex Caballero,YouTube Data API v3,4468,Alexis Bello,fuzzy,candidato_equivocado_existe_credito_exacto,12902,Alex Caballero,3,Franco De Vita | Nada Es Igual | assistant engineers | album,open
230825,520977,person,Alex Mirones,YouTube Data API v3,5010,Alex Endo,fuzzy,candidato_equivocado_existe_credito_exacto,13125,Alex Mirones,2,Radioclip | Brilla | composed | 7,open
230826,547253,person,Alexander,YouTube Data API v3,598,Alexander Hung,fuzzy,sin_coincidencia_concluyente,,,0,Los Beat3 | ¡En Vivo! | composed | 10,open
230828,521844,person,Alexander Giraldo,YouTube Data API v3,5897,Alexander Ardila,fuzzy,candidato_equivocado_existe_credito_exacto,13056,Alexander Giraldo,1,Reciclaje | ¿Cuál Futuro? | photos | album,open
230831,531931,person,Alexis Mora,YouTube Data API v3,3381,Alexis Romero,fuzzy,candidato_equivocado_existe_credito_exacto,12663,Alexis Mora,1,La Hermandad | Jai | cover photo | album,open
230775,515122,person,A. Braithwithe,YouTube Data API v3,9492,A. Braithwithe,canonical_exact,candidato_correcto_credito_exacto,9492,A. Braithwithe,8,"Los Amigos Invisibles | En Una Noche Tan Linda Como Esta | composed | 11,12",approved
230776,515900,person,A. Espina,YouTube Data API v3,247,Agustín Espina,alias_exact,candidato_con_variante_y_credito,247,Agustín Espina,3,"Mermelada Bunch | Pum Pum | composed | 2,5 || Mermelada Bunch | Pum Pum | composed | 7,8",approved
230777,515260,person,A. Figueredo,YouTube Data API v3,9473,Figueredo,article_variant,sin_coincidencia_concluyente,,,4,Los Amigos Invisibles | En Una Noche Tan Linda Como Esta | composed | 4,open
230778,528225,person,A. Garavito,YouTube Data API v3,7974,A. García,fuzzy,candidato_equivocado_existe_credito_exacto,12750,A. Garavito,2,Radio Clip | Desde Cero | graphic design | album,open
230779,515893,person,A. Hernández,YouTube Data API v3,440,Saúl Hernandez,fuzzy,sin_coincidencia_concluyente,,,2,"Mermelada Bunch | Pum Pum | composed | 7,8",open
230780,512557,person,A. Londoño,YouTube Data API v3,11909,Mark London,fuzzy,candidato_equivocado_existe_credito_exacto,12577,A. Londoño,2,Agresión | Cultura 3 | lyrics written | album,open
230781,517070,person,A. Malave,YouTube Data API v3,9820,A. Mata,fuzzy,candidato_equivocado_existe_credito_exacto,5596,A. Malavé,3,Various Artists | Segunda Experiencia Psicotomimética | composed | 4,open
230782,545697,person,A. Pérez,YouTube Data API v3,7619,Iván Pérez,fuzzy,candidato_equivocado_existe_credito_exacto,12843,A. Pérez,2,Various Artists | La Respuesta | composed | 4,open
230783,518229,person,A. Segura,YouTube Data API v3,490,Álvaro Segura,alias_exact,candidato_con_variante_y_credito,490,Álvaro Segura,1,"Zapato 3 | Ecos Punzantes Del Ayer | lyrics written | 2,3,6,7,9",approved
230784,528182,person,A. Torres,YouTube Data API v3,7801,A. Torres,canonical_exact,candidato_correcto_credito_exacto,7801,A. Torres,7,Radio Clip | Desde Cero | lyrics written | album || Radio Clip | Desde Cero | written | 10 || Radio Clip | Desde Cero | written | 13 || Various Artists | La Respuesta | composed | 10 || Various Artists | La Respuesta | composed | 2,approved
230785,518660,person,A. Verde,YouTube Data API v3,9323,Laverde,fuzzy,candidato_equivocado_existe_credito_exacto,13042,A. Verde,3,"Dimensión Latina | Una Dimensión De Éxitos | recorded | 5,7,10,20",open
230799,525166,person,Alberto Barnola,YouTube Data API v3,322,Alberto J. Barnola,fuzzy,candidato_equivocado_existe_credito_exacto,12812,Alberto Barnola,1,Témpano | En Reclamación | logo artwork | album || Témpano | Pesadilla Sin Final | logo design | album || Témpano | Seducción Subliminal | logo artwork | album,open
230800,514827,person,Alberto Cabelllo,YouTube Data API v3,646,Alberto Cabello,fuzzy,candidato_equivocado_existe_credito_exacto,12770,Alberto Cabelllo,2,Sentimiento Muerto | Fin Del Cuento 1981-1993 | remastered | album || Sentimiento Muerto | Sin Sombra No Hay Luz | remastered | album,open
230801,513280,person,Alberto Campanie,YouTube Data API v3,11261,Alberto Acuña,fuzzy,candidato_equivocado_existe_credito_exacto,12983,Alberto Campanie,2,Vytas Brenner | Jayeche | photos | album || Vytas Brenner | La Ofrenda De Vytas Brenner | photos | album,open
230802,513401,person,Alberto Domínguez,YouTube Data API v3,8833,Alberto Domínguez,canonical_exact,candidato_correcto_credito_exacto,8833,Alberto Domínguez,1,Yordano | ¡Qué Lindas Son! | composed | 1,approved
230803,512691,person,Alberto Díaz Moreno,YouTube Data API v3,256,Alberto Díaz,fuzzy,candidato_equivocado_existe_credito_exacto,12798,Alberto Díaz Moreno,4,Tomates Fritos | Molly | overdubs recorded | album,open
230804,532702,person,Alberto Slesinger,YouTube Data API v3,10122,Alberto Slezyinger,fuzzy,candidato_equivocado_existe_credito_exacto,12776,Alberto Slesinger,2,Sietecuero | Rojo Sangre | composed | 8,open
230805,530172,person,Aldo Lamana,YouTube Data API v3,2151,"Aldo Lamanna ""DJ Lamaña""",fuzzy,candidato_equivocado_existe_credito_exacto,12825,Aldo Lamana,1,Various Artists | Chillout Venezuela | mixed | 9 || Various Artists | Chillout Venezuela | recorded | 9,open
230806,520016,person,Alejandra Abecasis,YouTube Data API v3,969,Alejandro Jess,fuzzy,candidato_equivocado_existe_credito_exacto,12576,Alejandra Abecasis,1,Wahala | Wahala | photos | album,open
230807,518302,person,Alejandra Luis,YouTube Data API v3,6649,Alejandra Silva,fuzzy,candidato_equivocado_existe_credito_exacto,12786,Alejandra Luis,1,"Subsonus | Grandes Razones, Fuertes Acciones | photos | album",open
230809,543507,person,Alejandro Alvarado,YouTube Data API v3,6345,Alejandro Calvo,fuzzy,candidato_equivocado_existe_credito_exacto,12621,Alejandro Alvarado,2,Distrust | Cloned Messiah | graphic design & artwork | album,open
230810,522132,person,Alejandro Avalis,YouTube Data API v3,6808,Alejandro Silva,fuzzy,candidato_equivocado_existe_credito_exacto,12766,Alejandro Avalis,1,Sentimiento Muerto | B-Side: El Amor Ya No Existe | assistant engineer | album || Sentimiento Muerto | El Amor Ya No Existe | assistant engineer | album,open
230811,519758,person,Alejandro Blancouribe,YouTube Data API v3,2077,Alejandro Bellorín,fuzzy,candidato_equivocado_existe_credito_exacto,4212,Alejandro Blanco Uribe,1,Ananta | Wheels Of Time / Night And Daydream | production assistant | album,open
232039,519078,person,The Stickfaces,YouTube Data API v3,12098,The Cascades,fuzzy,sin_coincidencia_concluyente,,,0,Ninah Mars & The Stickfaces | This Is How We Pray | composed | album || Ninah Mars & The Stickfaces | This Is How We Pray | produced | album,open
230836,544692,person,"Alfredo Loero Echeverria ""Chofa""",YouTube Data API v3,2464,Alfredo Lovero,fuzzy,candidato_equivocado_existe_credito_exacto,13101,"Alfredo Loero Echeverria ""Chofa""",1,"Various Artists | Venezuela Electrónica Vol. 3 ""Mestizo"" | photo | album",open
230837,522138,person,Alfredo Lois,YouTube Data API v3,8067,Alfredo Oliva,fuzzy,candidato_equivocado_existe_credito_exacto,12767,Alfredo Lois,1,Sentimiento Muerto | B-Side: El Amor Ya No Existe | graphic design & cover | album || Sentimiento Muerto | El Amor Ya No Existe | graphic design & cover | album,open
230832,514372,person,Alexis Rivas,YouTube Data API v3,5673,Alexis Saer,fuzzy,candidato_equivocado_existe_credito_exacto,13102,Alexis Rivas,1,"Various Artists | Páramo Pictures ""Alma"" | graphic design | album || Various Artists | Páramo Pictures ""Sentido"" | graphic design | album || Various Artists | Páramo Pictures ""Vida"" | graphic design | album || Various Artists | Venezuela Sin Fronteras | assistant producer | album || Various Artists | Venezuela Sin Fronteras | graphic design | album",open
230833,516336,person,Alfred Figueroa,YouTube Data API v3,2501,Alfredo Rojas,fuzzy,candidato_equivocado_existe_credito_exacto,12901,Alfred Figueroa,3,Franco De Vita | Nada Es Igual | assistant engineers | album,open
230834,525737,person,Alfredo Churión,YouTube Data API v3,5078,Alfredo Churión,canonical_exact,candidato_correcto_credito_exacto,5078,Alfredo Churión,3,Various Artists | Caracas 400 Gente En Ambiente | a | album || Various Artists | Caracas 400 Gente En Ambiente | r | album,approved
230835,531649,person,Alfredo Correia,YouTube Data API v3,2376,Alfredo Cabrera,fuzzy,candidato_equivocado_existe_credito_exacto,12714,Alfredo Correia,1,"Majarete Sound Machine | Real, Orgánico y Baile | art direction | album",open
230848,523719,person,América Maldonado,YouTube Data API v3,7491,Americania,fuzzy,candidato_equivocado_existe_credito_exacto,13155,América Maldonado,1,Miguel Oldenburg | Memorias De Bravo Pueblo | photo | album,open
230849,524720,person,Ana María Acero,YouTube Data API v3,12256,Ana María Chacón,fuzzy,candidato_equivocado_existe_credito_exacto,13020,Ana María Acero,3,Ninah Mars | Alboom! | graphic design & art direction | album || Ninah Mars | Alboom! | photos | album,open
230850,544875,person,Ana Sáenz,YouTube Data API v3,6901,Liliana Sáenz,fuzzy,candidato_equivocado_existe_credito_exacto,12838,Ana Sáenz,3,Various Artists | Grabaciones Olvidadas | graphic design | album,open
230852,523470,person,Anabella Ramirez,YouTube Data API v3,3607,Anabella,fuzzy,candidato_equivocado_existe_credito_exacto,6772,Anabella Ramírez,1,Tremolo Violenta | De Día Es Más Oscuro | graphic design | album,open
230853,530465,person,Andrea Benítez,YouTube Data API v3,5191,Andrea Benitez,accent_only,sin_coincidencia_concluyente,,,1,Cinema Sun | Cinema Sun | photos | album,open
230855,531732,person,Andres Otero,YouTube Data API v3,1507,Andrés Cordero,fuzzy,candidato_equivocado_existe_credito_exacto,13123,Andrés Otero,2,Pacífica | 01 | executive production | album || Pacífica | D'Art | executive producer | album,open
230856,523383,person,Andres Sucre,YouTube Data API v3,1359,Andrés Seger,fuzzy,sin_coincidencia_concluyente,,,4,"Los Mesoneros | Indeleble | composed | 5 || Los Mesoneros | Indeleble | lyrics | 2,5 || Los Mesoneros | Indeleble | lyrics | 9",open
230857,529022,person,Andres Ungaro,YouTube Data API v3,1380,Andrés Buitrago,fuzzy,candidato_equivocado_existe_credito_exacto,6570,Andrés Ungaro,1,1ra Edición | Tiempo De Actuar | graphic design | album || Fauna | Fauna | graphic design | album,open
230859,527134,person,Andrew Blanco,YouTube Data API v3,270,Andrés Blanco,fuzzy,candidato_equivocado_existe_credito_exacto,12656,Andrew Blanco,1,King Changó | King Changó | design | album,open
230860,516460,person,Andrés,YouTube Data API v3,3809,Andrés,canonical_exact,candidato_correcto_credito_exacto,3809,Andrés,2,Submarino | Submarino | composed | 3,approved
230874,526279,person,Anelys Rodríguez,YouTube Data API v3,4075,Ysmael Rodríguez,fuzzy,candidato_equivocado_existe_credito_exacto,13130,Anelys Rodríguez,1,Damper | Damper | manager | album,open
230875,537926,person,"Angel ""Taba"" Mora",YouTube Data API v3,8939,"Angel ""Taba"" Mora",canonical_exact,sin_coincidencia_concluyente,,,0,Desorden Público | Los Contrarios | photos | album,open
230876,525807,person,Angel Carrasco,YouTube Data API v3,4318,Angel Vargas,fuzzy,candidato_equivocado_existe_credito_exacto,12907,Angel Carrasco,2,Franco De Vita | Stop | executive producer | album,open
230880,512455,person,Angelo Sebastiano,YouTube Data API v3,8992,Angel Solano,fuzzy,candidato_equivocado_existe_credito_exacto,12886,Angelo Sebastiano,1,Claudio Corsi | Aire y Mar | lyrics written | 6,open
230881,526163,person,Ani Lozada,YouTube Data API v3,1157,Xavier Lozada,fuzzy,candidato_equivocado_existe_credito_exacto,12834,Ani Lozada,1,Various Artists | Festival Nuevas Bandas 20 Años En Vivo | assistant production | album,open
230882,542510,person,Anibal Morino,YouTube Data API v3,3874,Aníbal Murillo,fuzzy,candidato_equivocado_existe_credito_exacto,12756,Anibal Morino,1,Radio Clip | Radio Clip | photos | album,open
230883,533996,person,Anonymus,YouTube Data API v3,7364,Anónimo,fuzzy,sin_coincidencia_concluyente,,,0,"E-óN | Ticket To Youkali | composed | 10,11",open
230899,543460,person,Armando,YouTube Data API v3,9289,Armao,fuzzy,sin_coincidencia_concluyente,,,1,Masseratti 2lts | En Sabana Grande También Hay | composed | album,open
230900,519619,person,Armando Ayala,YouTube Data API v3,8141,Armando Avila,fuzzy,candidato_equivocado_existe_credito_exacto,12955,Armando Ayala,1,Pablo Dagnino | Biorritmos | graphic concept | album,open
230901,518632,person,Armando Benavides,YouTube Data API v3,5485,Armando Benavides,canonical_exact,candidato_correcto_credito_exacto,5485,Armando Benavides,3,"Dimensión Latina | Una Dimensión De Éxitos | recorded | 1,4,8,9 || Dimensión Latina | Una Dimensión De Éxitos | recorded | 12,14 || Dimensión Latina | Una Dimensión De Éxitos | recorded | 5,7,10,20",approved
230839,527175,person,Alpert,YouTube Data API v3,9476,Alpert,canonical_exact,candidato_correcto_credito_exacto,9476,Alpert,2,Spiteri | Spiteri | produced | album,approved
230842,528117,person,Alvaro Serrano,YouTube Data API v3,4972,Alvaro Torrens,fuzzy,candidato_equivocado_existe_credito_exacto,3272,Álvaro Serrano,2,Franco De Vita | Fantasía | art director | album || Franco De Vita | Franco De Vita | executive production | album || Various Artists | En Un Sótano De La Florida | graphic design | album,open
230843,542188,person,Alvaro Stuyck,YouTube Data API v3,490,Álvaro Segura,fuzzy,candidato_equivocado_existe_credito_exacto,12697,Alvaro Stuyck,1,Los Gusanos | El Ritual Del Vacilón | cover concept | album || Los Gusanos | El Ritual Del Vacilón | production coordinator | album,open
230844,533129,person,Alveiro Bolívar,YouTube Data API v3,8513,Alvaro Cova,fuzzy,candidato_equivocado_existe_credito_exacto,12684,Alveiro Bolívar,1,Levítico | Escuela Psicoanalítica | photos | album || Levítico | Levítico | photo | album,open
230845,531514,person,Alz,YouTube Data API v3,4929,Alz,canonical_exact,candidato_correcto_credito_exacto,4929,Alz,1,Billy Se Fue | Para Siempre | lyrics written | 1,approved
230846,537891,person,Alí Primera,YouTube Data API v3,5649,Alí Arrieta,fuzzy,candidato_equivocado_existe_credito_exacto,12890,Alí Primera,1,Desorden Público | Los Contrarios | composed | 12,open
230847,525172,person,Amelie Areco,YouTube Data API v3,9304,Ameli,fuzzy,candidato_equivocado_existe_credito_exacto,12815,Amelie Areco,1,Témpano | Seducción Subliminal | graphic design | album,open
230861,513300,person,"Andrés ""Gazoo"" Ungaro",YouTube Data API v3,2638,Andrés Guzmán,fuzzy,otro_candidato_variante_con_credito,6570,Andrés Ungaro,1,Sónica | Lo Que Escribo Sobre Ti | graphic design | album,open
230862,535621,person,"Andrés Astorga ""Dj Trujillo""",YouTube Data API v3,2634,"Andrés Astorga ""Trujillo""",fuzzy,sin_coincidencia_concluyente,,,0,Caramelos De Cianuro | 2LadosB | remixed | 9,open
230863,545054,person,Andrés Calamaro,YouTube Data API v3,4993,Andrés Salazar,fuzzy,candidato_equivocado_existe_credito_exacto,13153,Andrés Calamaro,1,Mango Funk | El Nuevo Beat Del Tambor | composed | 4 || Mango Funk | El Nuevo Beat Del Tambor | written | 4,open
230865,512831,person,Andrés Eduardo Rodríguez,YouTube Data API v3,1510,Andrés Eduardo Sucre,fuzzy,candidato_equivocado_existe_credito_exacto,13062,Andrés Eduardo Rodríguez,2,Gasolina | EP | recorded live | album,open
230869,536908,person,Andrés Otero,YouTube Data API v3,1507,Andrés Cordero,fuzzy,candidato_equivocado_existe_credito_exacto,13123,Andrés Otero,2,Pacífica | 01 | executive production | album || Pacífica | D'Art | executive producer | album,open
230870,538997,person,Andrés Quintana,YouTube Data API v3,9488,Andrés Quintana,canonical_exact,candidato_correcto_credito_exacto,9488,Andrés Quintana,2,Los Amigos Invisibles | Superpop Venezuela | composed | 15,approved
230872,547349,person,Andy Rodríguez,YouTube Data API v3,4633,André Rodríguez,fuzzy,candidato_equivocado_existe_credito_exacto,12980,Andy Rodríguez,2,Vytas Brenner | Amazonia | graphic design | album,open
230885,528237,person,Antonio Faro,YouTube Data API v3,808,Antonio Rayo,fuzzy,candidato_equivocado_existe_credito_exacto,12752,Antonio Faro,1,Radio Clip | Desde Cero | cover photos | album,open
230886,521729,person,Antonio Franco,YouTube Data API v3,533,Antonio Narciso,fuzzy,candidato_equivocado_existe_credito_exacto,12640,Antonio Franco,1,Fordelucs | Mundo | photos | album,open
230887,518611,person,Antonio González,YouTube Data API v3,6903,Antonio Rosales,fuzzy,candidato_equivocado_existe_credito_exacto,13041,Antonio González,2,Dimensión Latina | Una Dimensión De Éxitos | recorded | 2,open
230888,539277,person,Antonio Hernández,YouTube Data API v3,2695,Antonio Fernández,fuzzy,otro_candidato_variante_con_credito,3183,"Antonio Hernández ""Toy""",2,Skin | Skin | executive producer | album,open
230890,512590,person,Antonio J. Guzman,YouTube Data API v3,9293,Antonio Juan,fuzzy,candidato_equivocado_existe_credito_exacto,12578,Antonio J. Guzman,1,Agresión | Cultura 3 | band pictures | album,open
230891,524314,person,Antonio Juric,YouTube Data API v3,3477,Antonio Jauregui,fuzzy,candidato_equivocado_existe_credito_exacto,12808,Antonio Juric,2,Témpano | Childhood's End / El Fin De La Infancia | assistant engineers | album,open
230893,547549,person,Antonio Moubayed,YouTube Data API v3,316,Antonio Ave,fuzzy,candidato_equivocado_existe_credito_exacto,12940,Antonio Moubayed,3,Levítico | Reseteo | graphic design | album || Levítico | Reseteo | photos | album,open
230894,523532,person,Antonio Spinetti Dini,YouTube Data API v3,4161,Antonio Pinto,fuzzy,candidato_equivocado_existe_credito_exacto,13076,Antonio Spinetti Dini,2,Serenata Guayanesa | Vol. 2: Música Popular y Folklórica Venezolana | composed | 4,open
230895,543961,person,Aníbal Nuñez,YouTube Data API v3,12241,Tania Nunez,fuzzy,candidato_equivocado_existe_credito_exacto,12685,Aníbal Nuñez,1,Levítico | Levítico | live sound engineered | album,open
230896,521182,person,Aquiles Hadjis,YouTube Data API v3,935,Aquiles Báez,fuzzy,candidato_equivocado_existe_credito_exacto,12652,Aquiles Hadjis,1,Julia | Combo Tropical Contemporáneo | graphic design | album || Julia | Combo Tropical Contemporáneo | photography | album,open
230909,534492,person,Ascóniga,YouTube Data API v3,6042,Ascóniga,canonical_exact,candidato_correcto_credito_exacto,6042,Ascóniga,2,"Palmeras Kanibales | La Ruta | composed | 1,6",approved
230902,531220,person,Armando Manzanero,YouTube Data API v3,11327,Armando Manzanero,canonical_exact,candidato_correcto_credito_exacto,11327,Armando Manzanero,1,Various Artists | Show De Boleros | composed | 7 || Willie Croes | La + De Las Partes | composed | 6,approved
230903,523588,person,Armando Molero,YouTube Data API v3,7803,Armando Molero,canonical_exact,candidato_correcto_credito_exacto,7803,Armando Molero,1,Serenata Guayanesa | Vol. 2: Música Popular y Folklórica Venezolana | composed | 6,approved
230904,546998,person,Armando Rodríguez,YouTube Data API v3,11793,Armando Domínguez,fuzzy,candidato_equivocado_existe_credito_exacto,13096,Armando Rodríguez,5,Various Artists | Noveno Festival Nuevas Bandas | asistant engineers | album,open
230905,530804,person,Armando Toledano,YouTube Data API v3,7803,Armando Molero,fuzzy,candidato_equivocado_existe_credito_exacto,13146,Armando Toledano,1,"Various Artists | Venezuela Electrónica Vol. 1 | executive producer | album || Various Artists | Venezuela Electrónica Vol. 2 ""Blanco"" | executive production | album || Various Artists | Venezuela Electrónica Vol. 2 ""Verde"" | executive production | album",open
230907,517042,person,Arthur Conley,YouTube Data API v3,10203,Arthur Conley,canonical_exact,candidato_correcto_credito_exacto,10203,Arthur Conley,1,Henrique Lazo | Henrique Lazo | composed | 5 || Various Artists | El Alucinante Mundo Del Soul | composed | 7 || Various Artists | Segunda Experiencia Psicotomimética | composed | 1,approved
230908,513692,person,Arístides Silva,YouTube Data API v3,5717,Aristides Silva,accent_only,candidato_correcto_credito_exacto,5717,Aristides Silva,1,Fernando Yvosky | Dos Mundos | graphic design | album || Frank Quintero & Los Balzehaguaos | Despues De La Tormenta | graphic design | album || Frank Quintero & Los Balzehaguaos | Despues De La Tormenta | photo | album,approved
230921,547395,person,Bernardo Anzola,YouTube Data API v3,7698,Bernardo Arzola,fuzzy,candidato_equivocado_existe_credito_exacto,12726,Bernardo Anzola,1,Mata Rica | Quémate | drums recorded | album,open
230922,547267,person,Berry,YouTube Data API v3,5931,Berry,canonical_exact,candidato_correcto_credito_exacto,5931,Berry,1,Los Beat3 | ¡En Vivo! | composed | 5,approved
230923,537126,person,Berry Gordy,YouTube Data API v3,5931,Berry,fuzzy,candidato_equivocado_existe_credito_exacto,12927,Berry Gordy,1,Henry Stephen | Limón Limonero | composed | 12,open
230924,539915,person,Berry Gordy Jr.,YouTube Data API v3,5931,Berry,fuzzy,candidato_equivocado_existe_credito_exacto,12922,Berry Gordy Jr.,4,Henrique Lazo | Henrique Lazo | composed | 8,open
230926,537044,person,Bert Russell,YouTube Data API v3,10035,Bert Russell,canonical_exact,candidato_correcto_credito_exacto,10035,Bert Russell,2,Henry Stephen | Limón Limonero | composed | 6,approved
230927,533207,person,Besign,YouTube Data API v3,4465,Design,fuzzy,sin_coincidencia_concluyente,,,2,Mochuelo | Un Tanto Más | concept | album || Mochuelo | Un Tanto Más | graphic design | album,open
230930,525580,person,Billo Frómeta,YouTube Data API v3,8824,Billo Frómeta,canonical_exact,candidato_correcto_credito_exacto,8824,Billo Frómeta,1,Various Artists | Caracas 400 Gente En Ambiente | composed | 1,approved
230931,536131,person,Billy Cass,YouTube Data API v3,11251,Bill Chase,fuzzy,candidato_equivocado_existe_credito_exacto,13046,Billy Cass,1,Fauna Crepuscular | El Primero Siempre Es Rápido | photos | album,open
230945,536616,person,Brown,YouTube Data API v3,9320,Brown,canonical_exact,candidato_correcto_credito_exacto,9320,Brown,5,Tarot | Tarot | composed | album,approved
230946,516937,person,Budú,YouTube Data API v3,6977,Budu,accent_only,candidato_correcto_credito_exacto,6977,Budu,2,Vagos y Maleantes | Papidandeando | all lyrics | album,approved
230947,538430,person,Burt Bacharach,YouTube Data API v3,8273,Burt Bacharach,canonical_exact,candidato_correcto_credito_exacto,8273,Burt Bacharach,1,Various Artists | La Otra Magia De Los 60 & 70 | composed | 10,approved
230948,535855,person,Burt Bacharad,YouTube Data API v3,8273,Burt Bacharach,fuzzy,candidato_equivocado_existe_credito_exacto,12680,Burt Bacharad,2,Las Cuatro Monedas | Los Grandes Éxitos | composed | 13,open
230949,513944,person,C. Aray,YouTube Data API v3,9785,C. Garau,fuzzy,candidato_equivocado_existe_credito_exacto,13112,C. Aray,4,"Los Mentas | Sopa, Seco y Jugo | composed | album || Los Mentas | U.E.L.M: Unidad Educativa | composed | 1,11",open
230950,526829,person,C. Chacín,YouTube Data API v3,9897,C. Chacín,canonical_exact,candidato_correcto_credito_exacto,9897,C. Chacín,4,Desorden Público | Estrellas Del Caos | composed | 12 || Desorden Público | Estrellas Del Caos | composed | 14 || Desorden Público | Estrellas Del Caos | composed | 17,approved
230951,517814,person,C. Froideval,YouTube Data API v3,944,Camilo Froideval,alias_exact,candidato_con_variante_y_credito,944,Camilo Froideval,3,Charliepapa | 20000 Leguas Cuadriláteras | composed | 10,approved
230952,528212,person,C. Guzmán,YouTube Data API v3,9198,Guzmán,fuzzy,candidato_equivocado_existe_credito_exacto,12748,C. Guzmán,3,Radio Clip | Desde Cero | written | 13,open
230953,517802,person,C. Imperatori,YouTube Data API v3,183,Carlos Imperatori,alias_exact,candidato_con_variante_y_credito,183,Carlos Imperatori,3,Charliepapa | 20000 Leguas Cuadriláteras | composed | album || Charliepapa | 20000 Leguas Cuadriláteras | composed | 10,approved
230954,525627,person,C. Torres,YouTube Data API v3,9731,C. Torres,canonical_exact,candidato_correcto_credito_exacto,9731,C. Torres,3,Various Artists | Caracas 400 Gente En Ambiente | composed | 6 || Various Artists | La Otra Magia De Los 60 & 70 | composed | 14,approved
230956,532553,person,Cabello,YouTube Data API v3,12283,Ceballos,fuzzy,sin_coincidencia_concluyente,,,3,"Sentimiento Muerto | En Vivo Teatro Rafael Guinand | composed | 6,18 || Sentimiento Muerto | En Vivo Teatro Rafael Guinand | composed | 7",open
230969,522073,person,"Carlos ""Pichi"" Domínguez",YouTube Data API v3,350,Carlos Ignacio Márquez,fuzzy,sin_coincidencia_concluyente,,,1,Pablo Dagnino | EÚS31: El Último Sentimiento Eléctrico | photos | album || Pablo Dagnino | EÚS: El Último Sentimiento Unplugged | photos | album,open
230910,547810,person,Atkinson,YouTube Data API v3,7933,Atkinson,canonical_exact,candidato_correcto_credito_exacto,7933,Atkinson,1,Masseratti 2lts | Covers.1 | composed | 5,approved
230911,514869,person,Augusto Perdomo,YouTube Data API v3,6936,Augusto Córdoba,fuzzy,candidato_equivocado_existe_credito_exacto,13066,Augusto Perdomo,2,La Vida Bohème | Sonó Así | executive production | album || Pzoom | Sonó Así | executive production | album || Viniloversus | Sonó Así | executive producer | album,open
230912,525343,person,Augusto Perdono,YouTube Data API v3,4581,Augusto Bernard,fuzzy,candidato_equivocado_existe_credito_exacto,12542,Augusto Perdono,2,Famasloop | Sonó Así | executive production | album || Nana Cadavieco | Sonó Así | executive production | album,open
230913,525498,person,Augusto Ramos,YouTube Data API v3,5636,Augusto Rúan,fuzzy,candidato_equivocado_existe_credito_exacto,13082,Augusto Ramos,1,Serenata Guayanesa | Vol. 3: Música Popular y Folklórica Venezolana | composed | 7,open
230914,517098,person,B. Bacharach,YouTube Data API v3,8278,Bacharach,fuzzy,candidato_equivocado_existe_credito_exacto,12855,B. Bacharach,1,Various Artists | Segunda Experiencia Psicotomimética | composed | 6,open
230915,538497,person,B. Zambrini. R. Sini,YouTube Data API v3,9734,B. Zambrini,fuzzy,candidato_equivocado_existe_credito_exacto,12840,B. Zambrini. R. Sini,2,Various Artists | La Otra Magia De Los 60 & 70 | composed | 17,open
230916,539874,person,Barry,YouTube Data API v3,10435,Barry,canonical_exact,candidato_correcto_credito_exacto,10435,Barry,4,Henrique Lazo | Henrique Lazo | composed | 4,approved
230917,533123,person,Beatriz G. Sadeño,YouTube Data API v3,7757,Beatriz Gomez T.,fuzzy,candidato_equivocado_existe_credito_exacto,12683,Beatriz G. Sadeño,1,Levítico | Escuela Psicoanalítica | graphic design | album,open
230919,519567,person,Belisa Pulido,YouTube Data API v3,9908,Belisario,fuzzy,sin_coincidencia_concluyente,,,0,Reyes | Futuro | lyrics written | 4,open
230920,540422,person,Bernal,YouTube Data API v3,5235,Berni Anzola,fuzzy,sin_coincidencia_concluyente,,,2,Laberinto | Priority | composed | album,open
230932,547232,person,Blackwell,YouTube Data API v3,9593,Blackwell,canonical_exact,sin_coincidencia_concluyente,,,2,Los Beat3 | ¡En Vivo! | composed | 15,open
230933,526513,person,Blanca Torres,YouTube Data API v3,8881,Blanco,fuzzy,candidato_equivocado_existe_credito_exacto,12581,Blanca Torres,2,Agresión | Sur | photos | album,open
230934,526245,person,Bless,YouTube Data API v3,2569,Bless Killa,fuzzy,sin_coincidencia_concluyente,,,0,Various Artists | Se Llama Simón | graphic design | album,open
230935,524486,person,Bob Moore,YouTube Data API v3,11357,Bob Marley,fuzzy,candidato_equivocado_existe_credito_exacto,12586,Bob Moore,1,Ananta | Songs From The Future | cover | album,open
230936,518583,person,Bobby Capó,YouTube Data API v3,8826,Bobby Collazo,fuzzy,candidato_equivocado_existe_credito_exacto,13037,Bobby Capó,1,Dimensión Latina | Una Dimensión De Éxitos | composed | 13,open
230937,521568,person,Borges,YouTube Data API v3,9356,F. Borgues,fuzzy,sin_coincidencia_concluyente,,,2,"Mantra | In Solitude... I'll Watch You Fall | composed | album || Mantra | In Solitude... I'll Watch You Fall | composed | 1,2,7,12 || Mantra | In Solitude... I'll Watch You Fall | composed | 6 || Mantra | In Solitude... I'll Watch You Fall | composed | 8,11",open
230938,544869,person,Boris Felipe,YouTube Data API v3,10982,Boris Fomin,fuzzy,candidato_equivocado_existe_credito_exacto,12837,Boris Felipe,3,Various Artists | Grabaciones Olvidadas | graphic design | album,open
230939,512896,person,Boris Millan,YouTube Data API v3,10982,Boris Fomin,fuzzy,otro_candidato_variante_con_credito,2966,Boris Milan,1,Caramelos De Cianuro | Harakiri City | mixed | 8 || Caramelos De Cianuro | Harakiri City | recorded | 8,open
230941,539922,person,Brenda Holloway,YouTube Data API v3,6217,Brenda,fuzzy,candidato_equivocado_existe_credito_exacto,12923,Brenda Holloway,4,Henrique Lazo | Henrique Lazo | composed | 8,open
230943,514947,person,Brian Hernández,YouTube Data API v3,2506,Ramón Hernández,fuzzy,candidato_equivocado_existe_credito_exacto,12716,Brian Hernández,3,Malanga | Aunque Mueran Las Flores | additional engineers | album,open
230944,547211,person,Brianbert,YouTube Data API v3,7858,Brian Setzer,fuzzy,sin_coincidencia_concluyente,,,2,Los Beat3 | ¡En Vivo! | composed | 6,open
230959,534442,person,Calello,YouTube Data API v3,9203,Calello,canonical_exact,candidato_correcto_credito_exacto,9203,Calello,4,"Palmeras Kanibales | La Ruta | composed | 13 || Palmeras Kanibales | La Ruta | composed | 3,8,11 || Palmeras Kanibales | La Ruta | composed | 4,7 || Palmeras Kanibales | La Ruta | composed | 9",approved
230960,521562,person,Calma,YouTube Data API v3,1852,Campa,fuzzy,sin_coincidencia_concluyente,,,2,"Mantra | In Solitude... I'll Watch You Fall | composed | album || Mantra | In Solitude... I'll Watch You Fall | composed | 1,2,7,12 || Mantra | In Solitude... I'll Watch You Fall | composed | 6 || Mantra | In Solitude... I'll Watch You Fall | composed | 8,11",open
230964,547376,person,Caplis Chacín,YouTube Data API v3,1637,Carlos Chacín,fuzzy,candidato_equivocado_existe_credito_exacto,12725,Caplis Chacín,1,Mata Rica | Quémate | executive production | album,open
230965,547009,person,Caplís Chachín,YouTube Data API v3,1637,Carlos Chacín,fuzzy,candidato_equivocado_existe_credito_exacto,13097,Caplís Chachín,2,Various Artists | Noveno Festival Nuevas Bandas | produced | 14,open
230966,529557,person,Capocci,YouTube Data API v3,9777,Capoch,fuzzy,sin_coincidencia_concluyente,,,1,"Torre De Marfíl | Ecos De La Tercera Realidad | composed | 1,5 || Torre De Marfíl | Ecos De La Tercera Realidad | composed | 3 || Torre De Marfíl | Ecos De La Tercera Realidad | composed | 8",open
230970,537193,person,Carlos Burgos,YouTube Data API v3,1036,Carlos Barros,fuzzy,candidato_equivocado_existe_credito_exacto,12616,Carlos Burgos,1,Dioslepague | Música Para Los Apóstoles Madres | cover | album,open
230971,517248,person,Carlos Cadenas,YouTube Data API v3,6563,Carlos Cardona,fuzzy,candidato_equivocado_existe_credito_exacto,12930,Carlos Cadenas,1,Joystick | Lonchera | illustrations | 5,open
230972,547125,person,Carlos Carrillo,YouTube Data API v3,12197,Carlos Carrillo,canonical_exact,candidato_correcto_credito_exacto,12197,Carlos Carrillo,2,Rawayana | RawayanaLand | lyrics written | 6,approved
230973,534945,person,"Carlos David Díaz ""Chatto""",YouTube Data API v3,867,Carlos Avila,fuzzy,candidato_equivocado_existe_credito_exacto,12813,"Carlos David Díaz ""Chatto""",1,Témpano | Pesadilla Sin Final | graphic design | album,open
230974,545256,person,"Carlos E. ""Cayayo"" Troconis",YouTube Data API v3,608,"Carlos Eduardo ""Cayayo"" Troconis",fuzzy,candidato_equivocado_existe_credito_exacto,12764,"Carlos E. ""Cayayo"" Troconis",2,Sentimiento Muerto | Aunque Usted No Lo Quiera | cover concept | album || Sentimiento Muerto | Aunque Usted No Lo Quiera | illustrations | album,open
230975,519984,person,Carlos Eduardo Olavarría,YouTube Data API v3,1629,Carlos Eduardo Nahy,fuzzy,candidato_equivocado_existe_credito_exacto,12573,Carlos Eduardo Olavarría,1,Wahala | Wahala | legal adviser | album,open
230976,513540,person,Carlos Eduardo Troconis,YouTube Data API v3,8029,Carlos Eduardo Troconis,canonical_exact,candidato_correcto_credito_exacto,8029,Carlos Eduardo Troconis,3,Bacalao Men | Sabaneando | composed | 9 || Los Amigos Invisibles | Superpop Venezuela | composed | 12,approved
230977,521113,person,Carlos Espinoza,YouTube Data API v3,599,Carlos Mendoza,fuzzy,candidato_equivocado_existe_credito_exacto,12549,Carlos Espinoza,1,Fuego Montevideo | Algo Tarde | logo | album || Fuego Montevideo | Todos y Todo | logo | album,open
230978,536376,person,Carlos Fonseca,YouTube Data API v3,1800,Carlos Monserrate,fuzzy,candidato_equivocado_existe_credito_exacto,12981,Carlos Fonseca,1,Vytas Brenner | En Vivo! Ofrenda | recorded live | album,open
230992,523464,person,Carlos Más,YouTube Data API v3,4095,Carlos Ramos,fuzzy,candidato_equivocado_existe_credito_exacto,4865,Carlos Mas,1,Tremolo Violenta | De Día Es Más Oscuro | recording assistant | album,open
230993,517157,person,Carlos Piccini,YouTube Data API v3,639,Carlos Piocinini,fuzzy,candidato_equivocado_existe_credito_exacto,12860,Carlos Piccini,3,Various Artists | Segunda Experiencia Psicotomimética | arrangements | album,open
230994,534229,person,Carlos Poletto,YouTube Data API v3,1314,"Carlos Poletto ""Polo""",fuzzy,candidato_con_variante_y_credito,1314,"Carlos Poletto ""Polo""",1,Fuego Montevideo | Algo Tarde | lyrics written | album,approved
230996,532633,person,Carlos Represas,YouTube Data API v3,2011,Carlos Rivera,fuzzy,candidato_equivocado_existe_credito_exacto,12789,Carlos Represas,1,TLX | 33 Minutos y En Auto | written | 8 || TLX | Esplendor | written | 1,open
230997,534851,person,Carlos Reyes,YouTube Data API v3,5968,Carlos Robles,fuzzy,sin_coincidencia_concluyente,,,1,Claroscuro | Supereterodino Sessions | graphic design | album || Claroscuro | Supereterodino | graphic design | album,open
230998,531234,person,Carlos Santana,YouTube Data API v3,11024,Carlos Santana,canonical_exact,candidato_correcto_credito_exacto,11024,Carlos Santana,1,Various Artists | Show De Boleros | composed | 9,approved
231001,535365,person,Carlos Varela,YouTube Data API v3,4509,Carlos Varela,canonical_exact,candidato_correcto_credito_exacto,4509,Carlos Varela,1,Willie Croes | La + De Las Partes | composed | 2,approved
231002,525237,person,Carlos Vílchez,YouTube Data API v3,6625,Carlos J. Vilchez B,fuzzy,candidato_equivocado_existe_credito_exacto,6619,Carlos Vilchez,1,TLX | 33 Minutos y En Auto | vocals tracks recorded | album || TLX | Esplendor | vocals tracks recorded | album || TLX | Mirador | vocals tracks recorded | album,open
232040,527979,person,The Ventures,YouTube Data API v3,9910,Ventures,article_variant,candidato_equivocado_existe_credito_exacto,12704,The Ventures,3,Los Impala | Los Impala | composed | 12,open
231015,547560,person,Cesar Zerpa,YouTube Data API v3,4690,César Serpa,fuzzy,candidato_equivocado_existe_credito_exacto,12941,Cesar Zerpa,3,Levítico | Reseteo | photos | album,open
231016,537091,person,Charles Singleton,YouTube Data API v3,8253,Charles Santiago,fuzzy,candidato_equivocado_existe_credito_exacto,12925,Charles Singleton,3,Henry Stephen | Limón Limonero | composed | 9,open
231017,515399,person,Charlotte Lajarin,YouTube Data API v3,56,Charles Albertine,fuzzy,candidato_equivocado_existe_credito_exacto,12936,Charlotte Lajarin,2,Lebronch | De Chow | written | 1,open
231018,517522,person,Chelique Sarabia,YouTube Data API v3,57,Chelique Sarabia,canonical_exact,candidato_correcto_credito_exacto,57,Chelique Sarabia,1,Serenata Guayanesa | Vol. 1: Música Popular y Folklórica Venezolana | composed | 10,approved
231019,545455,person,Cheo Feliciano,YouTube Data API v3,8944,José Feliciano,fuzzy,candidato_equivocado_existe_credito_exacto,12783,Cheo Feliciano,1,"Spias | Tres Cruces | composed | 1,13",open
231020,541955,person,Chris Joss,YouTube Data API v3,7570,Chris Joss,canonical_exact,sin_coincidencia_concluyente,,,0,Los Amigos Invisibles | Not So Commercial | mixed | 3 || Los Amigos Invisibles | Not So Commercial | produced | 3,open
230967,540074,person,Caramelos De Cianuro,YouTube Data API v3,11865,Caramelo de la Fortuna,fuzzy,sin_coincidencia_concluyente,,,7,"Caramelos De Cianuro | 2LadosB | composed | album || Caramelos De Cianuro | 2LadosB | executive production | album || Caramelos De Cianuro | 8 | executive production | album || Caramelos De Cianuro | Caramelos De Cianuro | executive production | album || Caramelos De Cianuro | En Vivo | composed | album || Caramelos De Cianuro | En Vivo | executive production | album || Caramelos De Cianuro | Flor De Fuego | composed | album || Caramelos De Cianuro | Flor De Fuego | produced | 2,3,8,10 || Caramelos De Cianuro | Flor De Fuego | produced | 4,7 || Caramelos De Cianuro | Harakiri City | composed | album || Caramelos De Cianuro | Miss Mujerzuela | composed | album || Caramelos De Cianuro | Rubia Sol Morena Luna | executive production | album || Various Artists | Harakiri City: Tributo A Caramelos De Cianuro | composed | album",open
230968,539888,person,Carl Martin,YouTube Data API v3,3249,Carlos Martini,fuzzy,sin_coincidencia_concluyente,,,4,Henrique Lazo | Henrique Lazo | composed | 4,open
230982,536984,person,Carlos Imperial,YouTube Data API v3,11337,Carlos Imperial,canonical_exact,candidato_correcto_credito_exacto,11337,Carlos Imperial,2,Henry Stephen | Limón Limonero | composed | 1 || Henry Stephen | Limón Limonero | composed | 3 || Henry Stephen | Limón Limonero | composed | 8,approved
230983,528999,person,Carlos J. García,YouTube Data API v3,3052,Carlos Jorge García,fuzzy,candidato_equivocado_existe_credito_exacto,12806,Carlos J. García,1,Témpano | Atabal–Yémal | photos | album,open
230984,525225,person,Carlos Julio Vílchez,YouTube Data API v3,6619,Carlos Vilchez,fuzzy,candidato_equivocado_existe_credito_exacto,6295,Carlos Julio Vilchez,1,TLX | 33 Minutos y En Auto | mixed | 7 || TLX | 33 Minutos y En Auto | produced | 1 || TLX | 33 Minutos y En Auto | recorded | 7 || TLX | Esplendor | mixed | 3 || TLX | Esplendor | recorded | 3 || TLX | Mirador | produced | 1,open
230985,545434,person,Carlos Luís Sánchez,YouTube Data API v3,1797,Carlos Sánchez,fuzzy,candidato_equivocado_existe_credito_exacto,12743,Carlos Luís Sánchez,1,Petrula | Oración Políglota Para Salvar Al Mundo | cover art | album,open
230986,538317,person,Carlos Marques,YouTube Data API v3,6029,Carlos Márquez,fuzzy,candidato_equivocado_existe_credito_exacto,4214,Carlos Márques,1,Franco De Vita | Extranjero | photos | album || Mulato | De Aquí Pa' La Playa | photo | album || Poster | Despúes Del Frío | photos | album,open
230987,525389,person,Carlos Marqués,YouTube Data API v3,6029,Carlos Márquez,fuzzy,candidato_equivocado_existe_credito_exacto,4214,Carlos Márques,1,Franco De Vita | Extranjero | photos | album || Mulato | De Aquí Pa' La Playa | photo | album || Poster | Despúes Del Frío | photos | album,open
230988,520249,person,Carlos Mata,YouTube Data API v3,6612,Carlos Mata,canonical_exact,sin_coincidencia_concluyente,,,0,Subsonus | Alias | lyrics written | album,open
230990,526553,person,Carlos Moserratte,YouTube Data API v3,6022,Carlos Monserratte,fuzzy,candidato_equivocado_existe_credito_exacto,12869,Carlos Moserratte,1,Various Artists | U-Rock Discos | composed | 2,open
231003,531535,person,Carlz,YouTube Data API v3,4928,Carlz,canonical_exact,candidato_correcto_credito_exacto,4928,Carlz,1,Billy Se Fue | Para Siempre | lyrics written | 4,approved
231005,537011,person,Carol King,YouTube Data API v3,12071,Carol King,canonical_exact,candidato_correcto_credito_exacto,12071,Carol King,4,Henry Stephen | Limón Limonero | composed | 4,approved
231006,537435,person,Carolina Muñoz,YouTube Data API v3,6906,Carolina Guillermo,fuzzy,candidato_equivocado_existe_credito_exacto,13114,Carolina Muñoz,1,Los Paranoias | AAAH! Estos Son Los Paranoias! | photos | album,open
231008,538437,person,Cassia,YouTube Data API v3,9722,Cassia,canonical_exact,candidato_correcto_credito_exacto,9722,Cassia,3,Various Artists | La Otra Magia De Los 60 & 70 | composed | 12,approved
231009,524221,person,Castillo,YouTube Data API v3,7079,Castillo,canonical_exact,candidato_correcto_credito_exacto,7079,Castillo,5,"Témpano | Atabal–Yémal | composed | 1,8 || Témpano | Atabal–Yémal | composed | 2,6 || Témpano | Atabal–Yémal | composed | 3 || Témpano | Atabal–Yémal | composed | 5 || Témpano | Atabal–Yémal | composed | 9 || Témpano | Childhood's End / El Fin De La Infancia | composed | 2 || Témpano | Childhood's End / El Fin De La Infancia | composed | 4,6 || Témpano | Childhood's End / El Fin De La Infancia | composed | 8",approved
231010,518597,person,Catalino Parra,YouTube Data API v3,8066,Catalina Pineda,fuzzy,candidato_equivocado_existe_credito_exacto,13039,Catalino Parra,1,Dimensión Latina | Una Dimensión De Éxitos | composed | 16,open
231011,522037,person,Cecilia Acosta,YouTube Data API v3,12284,Cecilia Acosta Mayoral,fuzzy,candidato_equivocado_existe_credito_exacto,12956,Cecilia Acosta,1,Los Pixel | Lo Último Que Se Pierde | executive producer | album || Pablo Dagnino | EÚS31: El Último Sentimiento Eléctrico | executive production | album || Pablo Dagnino | EÚS: El Último Sentimiento Unplugged | executive production | album,open
231012,523764,person,Cesar Elster,YouTube Data API v3,1398,César Keiter,fuzzy,candidato_equivocado_existe_credito_exacto,7508,César Elster,2,"Americania | Estoy Afuera, Sal | executive production | album || Americania | Otra Tarde Más | creative direction | album || La Vida Bohème | En Vivo Plaza Alfredo Sadel | executive | album || La Vida Bohème | En Vivo Plaza Alfredo Sadel | general production | album || La Vida Bohème | Nuestra | executive production | album || Los Mesoneros | EP | creative direction | album || Los Mesoneros | No Puedes Ver | creative direction | album || Todosantos | Aeropuerto | executive producer | album",open
231013,518604,person,Cesar Monges,YouTube Data API v3,1043,César Monje,fuzzy,candidato_equivocado_existe_credito_exacto,13040,Cesar Monges,1,"Dimensión Latina | Una Dimensión De Éxitos | composed | 12,15",open
231014,534716,person,Cesar Sogbe,YouTube Data API v3,829,César Sosa,fuzzy,candidato_equivocado_existe_credito_exacto,211,César Sogbe,1,"Desorden Público | Plomo Revienta | mixed | 5,6 || Los Amigos Invisibles | Commercial | mixed | 2",open
231028,518338,person,"Cindy Catoni ""Cindyrella""",YouTube Data API v3,5348,Cindy Catoni,fuzzy,candidato_con_variante_y_credito,5348,Cindy Catoni,3,PapaShanty Saund System | Ashanty Granpa | photos | album,approved
231029,516777,person,Claroscuro,YouTube Data API v3,8542,Claroscuro,canonical_exact,candidato_correcto_credito_exacto,8542,Claroscuro,1,Claroscuro | El Viaje De Una Vida | composed | album || Dioslepague | Venus Mixes | mixed | 4 || Dioslepague | Venus Mixes | produced | 4 || Horacero | Fusil | composed | 6,approved
231031,517770,person,Claudia Rodríguez,YouTube Data API v3,885,Claudio Ramírez,fuzzy,candidato_equivocado_existe_credito_exacto,12599,Claudia Rodríguez,2,C4 Trío | C4 Trío | photos | album || Gaêlica | Ibérica & Latina | photos | album,open
231033,531178,person,Claudio Estrada Baez,YouTube Data API v3,4550,Claudia Suárez,fuzzy,candidato_equivocado_existe_credito_exacto,12861,Claudio Estrada Baez,1,Various Artists | Show De Boleros | composed | 1,open
231021,527418,person,Chris White,YouTube Data API v3,11488,Chris White,canonical_exact,candidato_correcto_credito_exacto,11488,Chris White,1,Various Artists | Pop And Op Musical Gente En Ambiente | composed | 2,approved
231023,535293,person,Christina Amphett,YouTube Data API v3,262,Christian Estepa,fuzzy,candidato_equivocado_existe_credito_exacto,12990,Christina Amphett,3,Willie Croes | La + De Las Partes | composed | 10,open
231024,515387,person,Christopher Urbina,YouTube Data API v3,703,Cristopher Urbina,fuzzy,candidato_equivocado_existe_credito_exacto,12935,Christopher Urbina,1,Lebronch | De Chow | lyrics written | album,open
231025,517672,person,Chucho Valdéz,YouTube Data API v3,3680,Chucho,fuzzy,candidato_equivocado_existe_credito_exacto,12594,Chucho Valdéz,1,C4 Trío | C4 Trío | composed | 2,open
231026,521408,person,Chuy,YouTube Data API v3,8893,Chuy,canonical_exact,candidato_correcto_credito_exacto,8893,Chuy,1,Desorden Público | ¿Dónde Está El Futuro? | illustrations | album,approved
231051,517692,person,César Prato,YouTube Data API v3,5178,César Prieto,fuzzy,candidato_equivocado_existe_credito_exacto,12595,César Prato,1,C4 Trío | C4 Trío | composed | 7 || Serenata Guayanesa | Vol. 3: Música Popular y Folklórica Venezolana | composed | 3,open
231052,525801,person,César Pulido,YouTube Data API v3,5178,César Prieto,fuzzy,candidato_equivocado_existe_credito_exacto,12906,César Pulido,2,Franco De Vita | Stop | executive producer | album,open
231054,539244,person,César Somoza,YouTube Data API v3,9900,César Mazo,fuzzy,sin_coincidencia_concluyente,,,2,Resistencia | Hecho En Venezuela | lyrics | 3,open
231056,515143,person,D. Borg,YouTube Data API v3,9497,D. Borg,canonical_exact,candidato_correcto_credito_exacto,9497,D. Borg,8,"Los Amigos Invisibles | En Una Noche Tan Linda Como Esta | composed | 11,12",approved
231057,526802,person,D. Sarmiento,YouTube Data API v3,481,Danel Sarmiento,alias_exact,candidato_con_variante_y_credito,481,Danel Sarmiento,6,Desorden Público | Estrellas Del Caos | composed | 17 || Desorden Público | Estrellas Del Caos | composed | 2 || Desorden Público | Estrellas Del Caos | composed | 3 || Desorden Público | Estrellas Del Caos | composed | 6,approved
231058,515919,person,D. Schlesinger,YouTube Data API v3,2223,David Schlesinger,alias_exact,candidato_con_variante_y_credito,2223,David Schlesinger,3,"Mermelada Bunch | Pum Pum | composed | 1 || Mermelada Bunch | Pum Pum | composed | 2,5",approved
231059,540517,person,D.J. Muú,YouTube Data API v3,856,DJ Muu,fuzzy,candidato_correcto_credito_exacto,856,DJ Muu,2,La Corte | Código Demente | associate producers | album,approved
231060,536991,person,D.R,YouTube Data API v3,3764,D.R.,canonical_exact,candidato_correcto_credito_exacto,3764,D.R.,1,Henry Stephen | Limón Limonero | composed | 2,approved
231061,533568,person,D.S.S.S.S.M,YouTube Data API v3,12294,D. S. S. S,fuzzy,sin_coincidencia_concluyente,,,0,Don Khumalo | De Vuelta Al Ska | photos | album,open
231063,527211,person,DJ Ernie Guacharaca,YouTube Data API v3,1895,Ernie Guacharaca,fuzzy,candidato_equivocado_existe_credito_exacto,13149,DJ Ernie Guacharaca,1,"Spiteri | Spiteri | remixed | 12,13,14",open
231064,546399,person,Daan van der Elskenat,YouTube Data API v3,1793,Daan van der Elksen,fuzzy,candidato_equivocado_existe_credito_exacto,12670,Daan van der Elskenat,1,"Laberinto | Decada | recorded | 1,2,4,5,8",open
231065,532560,person,Dagnino,YouTube Data API v3,1062,Dani,fuzzy,sin_coincidencia_concluyente,,,2,Sentimiento Muerto | En Vivo Teatro Rafael Guinand | composed | 7,open
231066,543513,person,Dalny Rago,YouTube Data API v3,5539,Dainy Rago,fuzzy,candidato_equivocado_existe_credito_exacto,12622,Dalny Rago,1,Distrust | Cloned Messiah | band photos | album,open
231067,537508,person,Daniel A. Landaeta,YouTube Data API v3,6349,Daniel Avilán,fuzzy,candidato_equivocado_existe_credito_exacto,12650,Daniel A. Landaeta,2,Jacktürbo | Jackturbo | drum tracks recorded | album,open
231069,518142,person,Daniel Benarroch,YouTube Data API v3,5500,Daniel Berroa,fuzzy,candidato_equivocado_existe_credito_exacto,12587,Daniel Benarroch,1,Andreazulado | Despegue Eterno | composed | 3,open
231071,523414,person,Daniel Fernandez,YouTube Data API v3,1255,Daniel Hernández,fuzzy,candidato_equivocado_existe_credito_exacto,2723,Daniel Fernández,2,"Cangrejo | Inéditas | mastered | 1,2 || Cangrejo | Inéditas | mixed | 1,2 || Cangrejo | Inéditas | recorded | 1,2 || Caramelos De Cianuro | B-Side: Harakiri City | mastered | album || Caramelos De Cianuro | B-Side: Harakiri City | mixed | album || Caramelos De Cianuro | B-Side: Harakiri City | recorded | album || Caramelos De Cianuro | La Historia: Grandes Éxitos | mastered | 3,6,9 || Caramelos De Cianuro | La Historia: Grandes Éxitos | mixed | 3,6,9 || Caramelos De Cianuro | La Historia: Grandes Éxitos | recorded | 3,6,9 || Desorden Público | ¿Dónde Está El Futuro? | mixed | 2 || Desorden Público | ¿Dónde Está El Futuro? | recorded | 2 || Franco De Vita | Fuera De Este Mundo | assistant engineers | album",open
231072,524320,person,Daniel Landaeta,YouTube Data API v3,6234,Daniel Andreotti,fuzzy,candidato_equivocado_existe_credito_exacto,12809,Daniel Landaeta,2,Témpano | Childhood's End / El Fin De La Infancia | assistant engineers | album,open
231074,530200,person,"Daniel Medina ""El Niño""",YouTube Data API v3,3020,Daniel Medina,fuzzy,candidato_con_variante_y_credito,3020,Daniel Medina,1,Various Artists | Chillout Venezuela | mixed | 10 || Various Artists | Chillout Venezuela | recorded | 10,approved
231088,516864,person,David Cabrera,YouTube Data API v3,6790,David Arraya,fuzzy,candidato_equivocado_existe_credito_exacto,12648,David Cabrera,1,Horacero | Fusil | photos | album,open
231089,520745,person,David Gutiérrez,YouTube Data API v3,5257,David Guti,fuzzy,candidato_equivocado_existe_credito_exacto,12998,David Gutiérrez,2,Yordano | Yordano | photos | album,open
231091,513353,person,David Lasca,YouTube Data API v3,4830,David L.,fuzzy,sin_coincidencia_concluyente,,,1,Mata Rica | Pachanga Punk | recording assistant | album,open
231092,526768,person,David Mendoza G,YouTube Data API v3,2728,David Peña,fuzzy,candidato_equivocado_existe_credito_exacto,12868,David Mendoza G,1,Various Artists | Sonicosubte | graphic design | album,open
231034,542264,person,Claudio Napolitano,YouTube Data API v3,9466,Claudio Atilano,fuzzy,candidato_equivocado_existe_credito_exacto,12700,Claudio Napolitano,1,Los Gusanos | El Ritual Del Vacilón | cover photo | album,open
231036,538969,person,Clothaire,YouTube Data API v3,9485,Clothaire,canonical_exact,candidato_correcto_credito_exacto,9485,Clothaire,3,Los Amigos Invisibles | Superpop Venezuela | composed | 14,approved
231037,525866,person,Colin Michaels,YouTube Data API v3,2567,Colina,fuzzy,candidato_equivocado_existe_credito_exacto,12912,Colin Michaels,2,Franco De Vita | Stop | assistant engineer | album,open
232041,520693,person,Thomas Bonnieux,YouTube Data API v3,5929,Thomas,fuzzy,candidato_equivocado_existe_credito_exacto,12562,Thomas Bonnieux,1,Okills | Reiniciando Transmisión | graphic design | album,open
231038,535875,person,Connie Méndez,YouTube Data API v3,11810,Connie Méndez,canonical_exact,candidato_correcto_credito_exacto,11810,Connie Méndez,1,Las Cuatro Monedas | Los Grandes Éxitos | composed | 15,approved
231039,542930,person,Control X,YouTube Data API v3,6453,Control X,canonical_exact,candidato_correcto_credito_exacto,6453,Control X,1,Salpachino | Reina Contra La Máquina | graphic design & illustration | album,approved
231040,519293,person,Corina González,YouTube Data API v3,7527,Veronica Gonzalez,fuzzy,candidato_equivocado_existe_credito_exacto,12550,Corina González,1,Headweiler | Dynamicas | graphic design | album || Headweiler | Dynamicas | photos | album,open
231041,526018,person,Correa,YouTube Data API v3,9885,Contreras,fuzzy,sin_coincidencia_concluyente,,,1,Various Artists | El Alucinante Mundo Del Soul | composed | 10,open
231042,546558,person,Creatium C.A.,YouTube Data API v3,5224,Creatium,fuzzy,candidato_equivocado_existe_credito_exacto,12874,Creatium C.A.,1,Wahala | Buena Vibra Vol. III | graphic design | album,open
231043,512942,person,Cristian Vigliano,YouTube Data API v3,4999,Christian Vizcaíno,fuzzy,candidato_equivocado_existe_credito_exacto,12605,Cristian Vigliano,1,Caramelos De Cianuro | B-Side: Harakiri City | illustrations | album || Caramelos De Cianuro | Harakiri City | illustrations | album || Caramelos De Cianuro | Sin Avisar | illustrations | album,open
231044,538396,person,Cristobal Duarte,YouTube Data API v3,8345,Cristobal Duarte,canonical_exact,candidato_correcto_credito_exacto,8345,Cristobal Duarte,1,Various Artists | La Otra Magia De Los 60 & 70 | composed | 4,approved
231045,539238,person,César A. Somoza,YouTube Data API v3,2943,César Alberto Somoza,fuzzy,candidato_equivocado_existe_credito_exacto,12759,César A. Somoza,1,Resistencia | Hecho En Venezuela | all lyrics | album,open
231046,522732,person,César Anidez,YouTube Data API v3,4917,César Díaz,fuzzy,candidato_equivocado_existe_credito_exacto,12884,César Anidez,2,Claroscuro | B-Sides: El Viaje De Una Vida | assistant engineer | album || Claroscuro | El Viaje De Una Vida | assistant engineer | album,open
231049,515699,person,César Elizer,YouTube Data API v3,1398,César Keiter,fuzzy,candidato_equivocado_existe_credito_exacto,12638,César Elizer,3,Famasloop | La Quema | concept art | album,open
231075,531776,person,Daniel Melero,YouTube Data API v3,2414,Daniel Moser,fuzzy,candidato_equivocado_existe_credito_exacto,12753,Daniel Melero,1,Radio Clip | Donde Sopla El Viento | composed | 8,open
231076,531556,person,Daniel Novoa @RuidoBlanco,YouTube Data API v3,2746,Daniel Davila,fuzzy,sin_coincidencia_concluyente,,,0,Billy Se Fue | Para Siempre | photos | album,open
231077,535628,person,"Daniel Pereira ""Danny Deep""",YouTube Data API v3,8987,Daniel Puelma Day,fuzzy,candidato_equivocado_existe_credito_exacto,12533,"Daniel Pereira ""Danny Deep""",1,Caramelos De Cianuro | 2LadosB | remixed | 10 || Caramelos De Cianuro | Rubia Sol Morena Luna | remixed | 2,open
231078,534075,person,Daniel Starke,YouTube Data API v3,4510,Daniel Saa,fuzzy,candidato_equivocado_existe_credito_exacto,12571,Daniel Starke,1,Telegrama | Apto Para Tí | recording assistant | album,open
231079,517900,person,Daniel Velasco A,YouTube Data API v3,8473,Daniel Velasco A.,canonical_exact,candidato_correcto_credito_exacto,8473,Daniel Velasco A.,1,Charliepapa | 20000 Leguas Cuadriláteras | graphic design | album,approved
231080,520068,person,Daniel Yánes,YouTube Data API v3,1220,"Daniel Yánes ""Krusty""",fuzzy,candidato_con_variante_y_credito,1220,"Daniel Yánes ""Krusty""",1,Desiderata | Desiderata | lyrics written | album,approved
231081,524094,person,Daniela Erminy,YouTube Data API v3,8781,Daniela Fermin,fuzzy,candidato_equivocado_existe_credito_exacto,12627,Daniela Erminy,1,EntreNos | Entre Dos Mundos | photo | album || Wahala | Buena Vibra Vol. III | photos | album,open
231082,513222,person,Daniela Troconis,YouTube Data API v3,5885,Daniel Coronel,fuzzy,candidato_equivocado_existe_credito_exacto,12944,Daniela Troconis,3,Luz Verde | Manual De Buenas Costumbres | graphic design | album || RC2 | Future Awaits | graphic design | album || RC2 | Future Awaits | photos | album,open
231083,516705,person,Daniela Troconis Daly,YouTube Data API v3,5885,Daniel Coronel,fuzzy,candidato_equivocado_existe_credito_exacto,12965,Daniela Troconis Daly,1,RC2 | RC2 | graphic design | album,open
231084,533291,person,Daniella Mogollones,YouTube Data API v3,7425,Daniella Morales,fuzzy,candidato_equivocado_existe_credito_exacto,13058,Daniella Mogollones,2,EntreNos | EntreNos | graphic design | album,open
231085,525902,person,Danny Harrel,YouTube Data API v3,4228,Danny Harrell,fuzzy,candidato_equivocado_existe_credito_exacto,12606,Danny Harrel,2,Caramelos De Cianuro | B-Sides: Miss Mujerzuela | asistan engineers | album || Caramelos De Cianuro | Miss Mujerzuela | asistan engineers | album,open
231094,517169,person,Dayagraphics,YouTube Data API v3,8372,Dayagraphics,canonical_exact,candidato_correcto_credito_exacto,8372,Dayagraphics,4,Various Artists | Caracas 400 Gente En Ambiente | graphic design | album || Various Artists | El Alucinante Mundo Del Soul | graphic design | album || Various Artists | Pop And Op Musical Gente En Ambiente | graphic design | album || Various Artists | Segunda Experiencia Psicotomimética | graphic design | album,approved
231095,539779,person,Dayana Díaz,YouTube Data API v3,4517,Dayan Abad,fuzzy,sin_coincidencia_concluyente,,,0,Los Pixel | Lo Último Que Se Pierde | montage | album,open
231096,532022,person,Dayani Adames,YouTube Data API v3,4517,Dayan Abad,fuzzy,candidato_equivocado_existe_credito_exacto,12949,Dayani Adames,2,Ohmio | 6101 | concept | album || Ohmio | B-Sides: Del Lado De La Pintura | graphic design | album,open
231097,532010,person,Dayanni Adames,YouTube Data API v3,4517,Dayan Abad,fuzzy,candidato_equivocado_existe_credito_exacto,12948,Dayanni Adames,2,Ohmio | 6101 | graphic design | album || Ohmio | Origami | concept art | album || Ohmio | Origami | graphic design | album,open
231098,538451,person,Debout,YouTube Data API v3,9728,Debout,canonical_exact,candidato_correcto_credito_exacto,9728,Debout,3,Various Artists | La Otra Magia De Los 60 & 70 | composed | 12,approved
231099,527986,person,Dee,YouTube Data API v3,9909,Dee,canonical_exact,candidato_correcto_credito_exacto,9909,Dee,2,Los Impala | Los Impala | composed | 7,approved
231113,517975,person,Diego Paredes,YouTube Data API v3,5977,Diego Andrea,fuzzy,candidato_equivocado_existe_credito_exacto,13069,Diego Paredes,6,Movida Acústica Urbana | Rock And Mau 2 | additional recordings | album,open
231114,522043,person,Diego Suárez,YouTube Data API v3,1007,Diego Márquez,fuzzy,candidato_equivocado_existe_credito_exacto,12957,Diego Suárez,1,Pablo Dagnino | EÚS31: El Último Sentimiento Eléctrico | mixed | album || Pablo Dagnino | EÚS31: El Último Sentimiento Eléctrico | recorded live | album || Pablo Dagnino | EÚS: El Último Sentimiento Unplugged | mixed | album || Pablo Dagnino | EÚS: El Último Sentimiento Unplugged | recorded live | album,open
231115,542896,person,Diez,YouTube Data API v3,7097,Diquez,fuzzy,sin_coincidencia_concluyente,,,0,Los Pixel | En Vivo | graphic design | album,open
231117,535923,person,Dioslepague,YouTube Data API v3,9000,Dios Le Pague,article_variant,candidato_correcto_credito_exacto,9000,Dios Le Pague,1,"Dioslepague | Música Para Los Apóstoles Madres | composed | album || Dioslepague | Venus Mixes | composed | album || Dioslepague | Venus Mixes | produced | 8 || Various Artists | Páramo Pictures ""Vida"" | produced | 1,4",approved
231118,514104,person,Discohord,YouTube Data API v3,9022,Dischord,fuzzy,sin_coincidencia_concluyente,,,0,Dischord | The Constant Fear | lyrics written | album,open
231119,517731,person,Dizzie Gillespie,YouTube Data API v3,9412,Dizzy Gillespie,fuzzy,candidato_equivocado_existe_credito_exacto,12597,Dizzie Gillespie,1,C4 Trío | C4 Trío | composed | 13,open
231122,525669,person,Don Black,YouTube Data API v3,8264,Don Black,canonical_exact,candidato_correcto_credito_exacto,8264,Don Black,1,Various Artists | Caracas 400 Gente En Ambiente | composed | 11,approved
231139,545582,person,Ed Will,YouTube Data API v3,9015,Ed Vill,fuzzy,candidato_equivocado_existe_credito_exacto,12976,Ed Will,1,Sónica | Tarde o Temprano | graphic design & illustrations | album,open
231140,525965,person,Eddie Floyd,YouTube Data API v3,1053,Eddie Fontana,fuzzy,candidato_equivocado_existe_credito_exacto,12831,Eddie Floyd,2,Various Artists | El Alucinante Mundo Del Soul | composed | 3,open
231141,537098,person,Eddie Sneyder,YouTube Data API v3,3287,Eddie Cisneros,fuzzy,candidato_equivocado_existe_credito_exacto,12926,Eddie Sneyder,3,Henry Stephen | Limón Limonero | composed | 9,open
231142,514205,person,Edgar Alexander,YouTube Data API v3,4026,Edgar Alexander,canonical_exact,candidato_correcto_credito_exacto,4026,Edgar Alexander,3,"Azúcar, Cacao & Leche | Azúcar, Cacao & Leche Vol. 1 | composed | 3,10",approved
231144,520739,person,Edgar Espinosa,YouTube Data API v3,2307,Edgar Espinoza,fuzzy,candidato_equivocado_existe_credito_exacto,12997,Edgar Espinosa,1,Yordano | Yordano | recording assistant | album,open
231146,518052,person,Edgar Quinteor,YouTube Data API v3,12142,Edgar Winter,fuzzy,candidato_equivocado_existe_credito_exacto,13067,Edgar Quinteor,2,Los Impala | Impala's 66 | composed | 5,open
231148,530729,person,Edgar Silva,YouTube Data API v3,3825,Edgar Vivas,fuzzy,candidato_equivocado_existe_credito_exacto,12801,Edgar Silva,4,Mermelada Bunch | La Novela | additional recordings | album || Trance Nuance | Sílabas Eidéticas | recording assistant | album,open
231149,516118,person,Edgar Sánchez,YouTube Data API v3,2407,Edgard Sánchez,fuzzy,candidato_equivocado_existe_credito_exacto,12537,Edgar Sánchez,2,Elektra | Transformer | assistant recording | album,open
231150,544781,person,Edgar Villanueva,YouTube Data API v3,3825,Edgar Vivas,fuzzy,candidato_equivocado_existe_credito_exacto,13072,Edgar Villanueva,1,Nana Cadavieco | Sonó Así | graphic design | album,open
231151,535352,person,Edgard Alexander,YouTube Data API v3,4026,Edgar Alexander,fuzzy,candidato_equivocado_existe_credito_exacto,12992,Edgard Alexander,1,Willie Croes | La + De Las Partes | composed | 8,open
231086,521766,person,Dave Palmer,YouTube Data API v3,6313,Dave Poler,fuzzy,candidato_equivocado_existe_credito_exacto,12891,Dave Palmer,2,Dogon | Redunjusta | remixed | album,open
231100,519190,person,Della Noce,YouTube Data API v3,11804,Delano,fuzzy,candidato_equivocado_existe_credito_exacto,12807,Della Noce,6,"Témpano | Childhood's End / El Fin De La Infancia | composed | 3 || Témpano | Childhood's End / El Fin De La Infancia | composed | 4,6 || Témpano | Childhood's End / El Fin De La Infancia | composed | 8 || iX | Ora Pro Nobis | written | 10",open
231101,528844,person,Della Noche,YouTube Data API v3,11804,Delano,fuzzy,candidato_equivocado_existe_credito_exacto,12803,Della Noche,4,"Témpano | Atabal–Yémal | composed | 1,8 || Témpano | Atabal–Yémal | composed | 3 || Témpano | Atabal–Yémal | composed | 4 || Témpano | Atabal–Yémal | composed | 9",open
231102,531830,person,Dennis Mattei,YouTube Data API v3,3352,Dennis Mattey,fuzzy,candidato_equivocado_existe_credito_exacto,12882,Dennis Mattei,2,Candy66 | 5 Mundos | assistant engineer | album,open
231103,513033,person,Dermis Tatú,YouTube Data API v3,5385,Dermis Tatú,canonical_exact,candidato_correcto_credito_exacto,5385,Dermis Tatú,2,"Cunaguaro Soul | Bienvenidos A Este Viaje | composed | 5 || Dermis Tatú | EP | graphic design | album || Dermis Tatú | En Vivo Komotion / San Francisco | graphic design | album || Dermis Tatú | Inéditas | graphic design | album || Dermis Tatú | La Violó, La Mató y La Picó | composed | album || Dermis Tatú | La Violó, La Mató y La Picó | graphic design | album || Horacero | Fusil | composed | 7 || Recipe Morado | Amor Grama | composed | 7",approved
231105,532392,person,DesignXpress,YouTube Data API v3,8356,DesignXpress,canonical_exact,candidato_correcto_credito_exacto,8356,DesignXpress,1,Pixel | Pixel | graphic design | album || Pixel | Poco | graphic design | album || Sentimiento Muerto | Sin Sombra No Hay Luz | montage | album || Sentimiento Muerto | Sin Sombra No Hay Luz | redesign | album,approved
231106,525662,person,Detto Mariano,YouTube Data API v3,9754,Detto Mariano,canonical_exact,candidato_correcto_credito_exacto,9754,Detto Mariano,2,Various Artists | Caracas 400 Gente En Ambiente | composed | 10,approved
231107,514168,person,Diane Arbus,YouTube Data API v3,12136,Diana Ross,fuzzy,candidato_equivocado_existe_credito_exacto,12974,Diane Arbus,2,Sónica | Once | photo | album,open
231108,518186,person,"Diego ""Martín"" Guerrero",YouTube Data API v3,3784,Diego Marin,fuzzy,candidato_equivocado_existe_credito_exacto,12588,"Diego ""Martín"" Guerrero",1,Andreazulado | Despegue Eterno | assistant mastering | album,open
231109,521101,person,Diego Alejandro García,YouTube Data API v3,12301,Diego Alejandro García @BonkDesign,fuzzy,candidato_equivocado_existe_credito_exacto,12547,Diego Alejandro García,4,Fuego Montevideo | Algo Tarde | artwork & graphic design | album || Fuego Montevideo | Todos y Todo | photos | album,open
231110,524637,person,Diego Di Marcantonio,YouTube Data API v3,3784,Diego Marin,fuzzy,sin_coincidencia_concluyente,,,0,Los Pixel | Cuanto Cuesta | photo | album,open
231111,540862,person,Diego García,YouTube Data API v3,5852,Diego Gazmuri,fuzzy,candidato_equivocado_existe_credito_exacto,12951,Diego García,2,Okills | América Supersónica | concept | album || Okills | América Supersónica | graphic design | album,open
231124,540907,person,Don Úngaro,YouTube Data API v3,6568,Don Ungaro,accent_only,candidato_correcto_credito_exacto,6568,Don Ungaro,2,Okills | América Supersónica | photos | album || Okills | Reiniciando Transmisión | fotos | album || Rawayana | RawayanaLand | graphic design | album || Rawayana | RawayanaLand | photos | album,approved
231125,525587,person,Donaldson Brown,YouTube Data API v3,8017,Donaldson,fuzzy,candidato_equivocado_existe_credito_exacto,13086,Donaldson Brown,1,Various Artists | Caracas 400 Gente En Ambiente | composed | 2,open
231126,538444,person,Dossena,YouTube Data API v3,9725,Dossena,canonical_exact,candidato_correcto_credito_exacto,9725,Dossena,3,Various Artists | La Otra Magia De Los 60 & 70 | composed | 12,approved
231127,546992,person,Douglas Pérez,YouTube Data API v3,1429,Douglas Mendez,fuzzy,candidato_equivocado_existe_credito_exacto,13095,Douglas Pérez,5,Various Artists | Noveno Festival Nuevas Bandas | asistant engineers | album,open
231128,513164,person,Duque Misle,YouTube Data API v3,9446,Duque,fuzzy,candidato_equivocado_existe_credito_exacto,12964,Duque Misle,2,RC2 | Future Awaits | composed | album,open
231129,544723,person,Durban La Verde,YouTube Data API v3,1546,Durban Laverde,article_variant,candidato_correcto_credito_exacto,1546,Durban Laverde,1,Levítico | Los Hijos Del Chino K-No | composed | 4 || Levítico | Los Hijos Del Chino K-No | musical producer | album || Los Gusanos | El Ritual Del Vacilón | musical direction | album || Vox | No Se Puede Ya Ocultar | composed | 4,approved
231130,546788,person,E. Aldrey,YouTube Data API v3,9002,E. Aldrey,canonical_exact,sin_coincidencia_concluyente,,,0,Fauna | Fauna | composed | 1,open
231131,546781,person,E. Alvarez,YouTube Data API v3,9379,Alvarez,fuzzy,otro_candidato_variante_con_credito,5438,Eligo Alvarez,2,"Fauna Crepuscular | Camina | composed | album || Fauna Crepuscular | Camina | composed | 8 || Fauna | Fauna | composed | 1 || Fauna | Fauna | composed | 10 || Fauna | Fauna | composed | 11 || Fauna | Fauna | composed | 13 || Fauna | Puño y Letra | composed | 8,10 || Fauna | Puño y Letra | composed | 9",open
231132,514625,person,E. Hidalgo,YouTube Data API v3,429,Jesus Hidalgo,fuzzy,candidato_equivocado_existe_credito_exacto,12551,E. Hidalgo,2,La Puta Eléctrica | Ladrón De Tu Amor | composed | album || La Puta Eléctrica | Ladrón De Tu Amor | written | album,open
231133,535300,person,E. Quintero,YouTube Data API v3,9084,E. Quintero,canonical_exact,candidato_correcto_credito_exacto,9084,E. Quintero,3,Willie Croes | La + De Las Partes | composed | 3,approved
231134,522493,person,E. Álvarez,YouTube Data API v3,5438,Eligo Alvarez,alias_exact,candidato_con_variante_y_credito,5438,Eligo Alvarez,2,"Fauna Crepuscular | Camina | composed | album || Fauna Crepuscular | Camina | composed | 8 || Fauna | Fauna | composed | 1 || Fauna | Fauna | composed | 10 || Fauna | Fauna | composed | 11 || Fauna | Fauna | composed | 13 || Fauna | Puño y Letra | composed | 8,10 || Fauna | Puño y Letra | composed | 9",approved
231135,515234,person,E.L. Rodríguez,YouTube Data API v3,9481,Ernesto Luis Rodríguez,alias_exact,candidato_con_variante_y_credito,9481,Ernesto Luis Rodríguez,4,Los Amigos Invisibles | En Una Noche Tan Linda Como Esta | composed | 2,approved
231136,516187,person,Ed Lopez,YouTube Data API v3,304,Ed Larez,fuzzy,candidato_equivocado_existe_credito_exacto,13085,Ed Lopez,1,Tomates Fritos | Hotel Miramar | graphic design | album || Tomates Fritos | Hotel Miramar | photo | album,open
231152,540842,person,Eduardo Arcas,YouTube Data API v3,4176,Eduardo Arias,fuzzy,candidato_equivocado_existe_credito_exacto,12950,Eduardo Arcas,1,Okills | América Supersónica | composed | 8,open
231153,538962,person,Eduardo Cabello,YouTube Data API v3,9484,Eduardo Cabello,canonical_exact,candidato_correcto_credito_exacto,9484,Eduardo Cabello,3,Los Amigos Invisibles | Superpop Venezuela | composed | 13,approved
231154,526689,person,Eduardo De La Mano,YouTube Data API v3,2022,Eduardo Daza,fuzzy,candidato_equivocado_existe_credito_exacto,12739,Eduardo De La Mano,1,Palmeras Kanibales | 13 Super Kañonazos Bailables | illustrations | album || Palmeras Kanibales | Siempre Comemos Con Hambre | illustrations | album,open
231155,526257,person,Eduardo Gamondez,YouTube Data API v3,2401,Eduardo Gómez,fuzzy,candidato_equivocado_existe_credito_exacto,12851,Eduardo Gamondez,3,Various Artists | Se Llama Simón | photos | album,open
231157,527339,person,Eduardo Lopez,YouTube Data API v3,1101,Eduardo Lárez,fuzzy,candidato_equivocado_existe_credito_exacto,382,Eduardo López,1,Andreazulado | Apolo | graphic design | album || Andreazulado | Apolo | lead vocals recorded | album || Andreazulado | Apolo | photo | album || Buenaparte | La Caída De Lucy | graphic design | album || Buenaparte | La Caída De Lucy | photo | album || Caramelos De Cianuro | 8 | mixing assistant | album || Planeador | Barcelona 10C | concept art | album || Tomates Fritos | Hombre Bala | graphic design | album,open
231158,522985,person,Eduardo Rodriguez,YouTube Data API v3,786,Edgard Rodriguez,fuzzy,candidato_equivocado_existe_credito_exacto,1244,Eduardo Rodríguez,11,Franco De Vita | Voces A Mi Alrededor | assistant engineers | album || Ladies W.C. | Ladies W.C. | graphic design | album || Various Artists | El Alucinante Mundo Del Soul | graphic design | album || Vytas Brenner | Amazonia | executive production | album,open
231160,521667,person,Eduardo Saéz,YouTube Data API v3,1101,Eduardo Lárez,fuzzy,candidato_equivocado_existe_credito_exacto,2959,Eduardo Sáez,3,Dischord | The Constant Fear | drums recorded | album || Dischord | The Constant Fear | engineered | album || LaMueka | Conspirando En El Bar | drums recorded | album || Mantra | In Solitude... I'll Watch You Fall | drums recorded | album || Mochuelo | Un Tanto Más | drum tracks recorded | album || Viniloversus | Si No Nos Mata | drums tracks recorded | album,open
231174,526567,person,Emiro Aguilar,YouTube Data API v3,6843,Emiro Aguilar,canonical_exact,sin_coincidencia_concluyente,,,1,Various Artists | U-Rock Discos | composed | 3,open
231175,514494,person,Ender Ramírez,YouTube Data API v3,3072,Ender Parra,fuzzy,candidato_equivocado_existe_credito_exacto,13105,Ender Ramírez,1,Various Artists | Venezuela Sin Fronteras | cd art | album,open
231176,523601,person,Eneas Perdomo,YouTube Data API v3,7352,Eneas Perdomo,canonical_exact,candidato_correcto_credito_exacto,7352,Eneas Perdomo,1,Serenata Guayanesa | Vol. 2: Música Popular y Folklórica Venezolana | composed | 7,approved
231177,532822,person,Eneresto Luis Rodriguez,YouTube Data API v3,9481,Ernesto Luis Rodríguez,fuzzy,candidato_equivocado_existe_credito_exacto,12933,Eneresto Luis Rodriguez,2,Juan Carlos Torrealba | No Voy Sin Ti | composed | 9,open
231180,513311,person,Enrique Marquez,YouTube Data API v3,1638,Enrique Vásquez,fuzzy,sin_coincidencia_concluyente,,,0,Sónica | Lo Que Escribo Sobre Ti | model | album,open
231181,544362,person,Enrique Mattos,YouTube Data API v3,8624,Enrique Moros,fuzzy,candidato_equivocado_existe_credito_exacto,13074,Enrique Mattos,2,Sentimiento Muerto | Sin Sombra No Hay Luz | inside photos | album,open
231182,521694,person,Enrique Morales,YouTube Data API v3,8624,Enrique Moros,fuzzy,candidato_equivocado_existe_credito_exacto,12722,Enrique Morales,1,Mantra | In Solitude... I'll Watch You Fall | logos | album || Mantra | In Solitude... I'll Watch You Fall | symbols | album,open
231183,541025,person,Enrique Nuas Viniegra,YouTube Data API v3,8323,Enrique Madera,fuzzy,candidato_equivocado_existe_credito_exacto,12979,Enrique Nuas Viniegra,1,Various Artists | Tsee Mud... Bacro... LSD (1968-1971) | cover design | album,open
231199,538159,person,Esteban Chacín,YouTube Data API v3,2214,Esteban García,fuzzy,candidato_equivocado_existe_credito_exacto,12943,Esteban Chacín,1,Lil Supa' | Serio | photos | album,open
231200,522067,person,Esteban Donado,YouTube Data API v3,6930,Esteban Medina,fuzzy,candidato_equivocado_existe_credito_exacto,12958,Esteban Donado,1,Pablo Dagnino | EÚS31: El Último Sentimiento Eléctrico | graphic design | album || Pablo Dagnino | EÚS: El Último Sentimiento Unplugged | graphic design | album,open
231217,518223,person,F. Batoni,YouTube Data API v3,7453,Batoni,fuzzy,candidato_equivocado_existe_credito_exacto,12878,F. Batoni,2,"Zapato 3 | Ecos Punzantes Del Ayer | composed | 4,5,8,10,11 || Zapato 3 | Ecos Punzantes Del Ayer | lyrics written | album || Zapato 3 | Entrada De Bala | lyrics written | album",open
231218,535314,person,F. Belisario,YouTube Data API v3,8497,F. Belisario,canonical_exact,candidato_correcto_credito_exacto,8497,F. Belisario,3,Willie Croes | La + De Las Partes | composed | 3,approved
231219,513086,person,F. Coral,YouTube Data API v3,2953,Facundo Coral,alias_exact,candidato_con_variante_y_credito,2953,Facundo Coral,2,Gillman | Escalofrío | composed | album,approved
231220,525634,person,F. De Paula Aguirre,YouTube Data API v3,3945,F. de P. Aguirre,fuzzy,candidato_equivocado_existe_credito_exacto,13088,F. De Paula Aguirre,1,Various Artists | Caracas 400 Gente En Ambiente | composed | 8,open
231236,533246,person,Felipe Doffiny,YouTube Data API v3,5648,Felipe Nevado,fuzzy,candidato_equivocado_existe_credito_exacto,12582,Felipe Doffiny,1,Almendra | Almendra | graphic design | album,open
231238,514231,person,Felix Allueva,YouTube Data API v3,9504,Félix Luna,fuzzy,candidato_equivocado_existe_credito_exacto,12612,Felix Allueva,1,Dermis Tatú | III Festival Nuevas Bandas | executive production | album || Dermis Tatú | IV Festival Nuevas Bandas | executive production | album || Sentimiento Muerto | II Festival Nuevas Bandas | executive production | album || Various Artists | Encuentro En El Ruedo | executive producer | album || Various Artists | Nueva Onda Nueva Electronic Aldemaro | executive producer | album || Various Artists | Recuerdo De Mis 15 Años | executive producer | album,open
231239,533665,person,Felix Duque,YouTube Data API v3,3436,Felix Guerra,fuzzy,sin_coincidencia_concluyente,,,7,Radio Clip | Desde Cero | written | 10 || Radio Clip | Fuego En La Corriente | composed | 7 || Radio Clip | Fuego En La Corriente | composed | 1,open
231162,517744,person,Edward Ramirez,YouTube Data API v3,5675,Edward Díaz,fuzzy,candidato_equivocado_existe_credito_exacto,930,Edward Ramírez,4,"C4 Trío | C4 Trío | composed | 12,14 || C4 Trío | C4 Trío | composed | 8 || Movida Acústica Urbana | Rock And Mau 2 | all arragements | album",open
231163,529672,person,Edward Vera,YouTube Data API v3,5924,Eduardo Vera,fuzzy,candidato_equivocado_existe_credito_exacto,12592,Edward Vera,2,Babylon Motorhome | ComoCumbia | produced | 3,open
231164,523899,person,Efrain Torres,YouTube Data API v3,4918,Efrain Oscher,fuzzy,candidato_equivocado_existe_credito_exacto,12875,Efrain Torres,2,Yátu | Gandharva | assistant engineer | album,open
231165,528047,person,El Duende,YouTube Data API v3,7901,El Duende,canonical_exact,candidato_correcto_credito_exacto,7901,El Duende,2,Arkangel | Rock Nacional | photos | album,approved
231166,516797,person,El Pacto,YouTube Data API v3,4770,El Cuarto,fuzzy,sin_coincidencia_concluyente,,,0,Horacero | Fusil | composed | 9,open
231167,538382,person,El Zigui,YouTube Data API v3,9719,El Zigui,canonical_exact,candidato_correcto_credito_exacto,9719,El Zigui,2,Various Artists | La Otra Magia De Los 60 & 70 | composed | 3,approved
231170,541063,person,Elio Ludovic Galin,YouTube Data API v3,4726,Elio Díaz,fuzzy,candidato_equivocado_existe_credito_exacto,13084,Elio Ludovic Galin,1,SMAG | EP | photos | album,open
231171,530459,person,Eliud Farías Penuela,YouTube Data API v3,5186,Ellud Farías Peñuela,fuzzy,candidato_equivocado_existe_credito_exacto,12609,Eliud Farías Penuela,2,Cinema Sun | Cinema Sun | graphic design | album,open
232072,533341,person,Vanessa Rodríguez M.,YouTube Data API v3,684,Vanessa Rodríguez,fuzzy,candidato_equivocado_existe_credito_exacto,12600,Vanessa Rodríguez M.,2,Cabezón Key | Cabezón Key | graphic design | album,open
231185,533302,person,Enzo Brandi,YouTube Data API v3,5692,Enzo Furnari,fuzzy,candidato_equivocado_existe_credito_exacto,13059,Enzo Brandi,1,EntreNos | EntreNos | photo | album,open
231186,528165,person,Enzo Cassella,YouTube Data API v3,8300,Enzo Casella,fuzzy,candidato_equivocado_existe_credito_exacto,12746,Enzo Cassella,1,Radio Clip | Desde Cero | executive production | album,open
231187,517585,person,Enzo Napoli,YouTube Data API v3,7480,Enzo Soliani,fuzzy,candidato_equivocado_existe_credito_exacto,12687,Enzo Napoli,1,Levítico | Los Hijos Del Chino K-No | photo | album,open
231188,547644,person,Eric Peralta,YouTube Data API v3,9529,Eric Clapton,fuzzy,candidato_equivocado_existe_credito_exacto,12689,Eric Peralta,1,Liqüet | Liquet | photos | album,open
231189,523168,person,Erick León,YouTube Data API v3,849,Eric Colón,fuzzy,candidato_equivocado_existe_credito_exacto,12781,Erick León,2,Sofía Insomnia | Breve Casi Eterno | graphic design | album,open
231190,533574,person,Ericson Rojas,YouTube Data API v3,9667,Eric Ramos,fuzzy,candidato_equivocado_existe_credito_exacto,12892,Ericson Rojas,1,Don Khumalo | De Vuelta Al Ska | logo | album,open
231192,513463,person,Ernesto Duarte Brito,YouTube Data API v3,4944,Ernesto Rosa's Estudios,fuzzy,candidato_equivocado_existe_credito_exacto,13005,Ernesto Duarte Brito,1,Yordano | ¡Qué Lindas Son! | composed | 10,open
231193,513477,person,Ernesto Grenet,YouTube Data API v3,2810,Ernesto,fuzzy,candidato_equivocado_existe_credito_exacto,13006,Ernesto Grenet,1,Yordano | ¡Qué Lindas Son! | composed | 12,open
231194,538895,person,Ernesto Luis Rodríguez,YouTube Data API v3,9481,Ernesto Luis Rodríguez,canonical_exact,candidato_correcto_credito_exacto,9481,Ernesto Luis Rodríguez,2,Los Amigos Invisibles | Superpop Venezuela | composed | 7,approved
231195,517659,person,Ernesto Rangel,YouTube Data API v3,4935,Ernesto Rosa,fuzzy,candidato_equivocado_existe_credito_exacto,12593,Ernesto Rangel,1,C4 Trío | C4 Trío | executive production | album,open
231196,532277,person,Erwin Schäfer,YouTube Data API v3,2662,"Erwin ""Wincho"" Schäfer",fuzzy,candidato_con_variante_y_credito,2662,"Erwin ""Wincho"" Schäfer",1,Recipe Morado | Amor Grama | composed | 4,approved
231221,526872,person,F. Díaz,YouTube Data API v3,519,"Francisco ""CoCo"" Díaz",alias_exact,sin_coincidencia_concluyente,,,3,Desorden Público | Estrellas Del Caos | composed | 3,open
231222,545738,person,F. Holland,YouTube Data API v3,9121,F. Holland,canonical_exact,candidato_correcto_credito_exacto,9121,F. Holland,2,Various Artists | La Respuesta | composed | 8,approved
231223,538490,person,F. Migliacci,YouTube Data API v3,9733,F. Migliacci,canonical_exact,candidato_correcto_credito_exacto,9733,F. Migliacci,2,Various Artists | La Otra Magia De Los 60 & 70 | composed | 17,approved
231225,540884,person,Fabiana Comas,YouTube Data API v3,3916,Fabian Ross,fuzzy,candidato_equivocado_existe_credito_exacto,12953,Fabiana Comas,1,Okills | América Supersónica | styling assistant | album,open
231226,526169,person,Fabiana Paolini,YouTube Data API v3,1105,Fabiana Pesare,fuzzy,candidato_equivocado_existe_credito_exacto,12835,Fabiana Paolini,1,Various Artists | Festival Nuevas Bandas 20 Años En Vivo | graphic design | album,open
231240,521750,person,Fernandez G,YouTube Data API v3,1099,Fernando Gómez,fuzzy,candidato_equivocado_existe_credito_exacto,12561,Fernandez G,3,Metrozubdivision | Answer Machine | composed | album || Metrozubdivision | Secrets | composed | album,open
231241,521744,person,Fernandez J.C.,YouTube Data API v3,6387,Fernando,fuzzy,candidato_equivocado_existe_credito_exacto,12560,Fernandez J.C.,3,Metrozubdivision | Answer Machine | composed | album || Metrozubdivision | Secrets | composed | album,open
231242,527532,person,Fernando Amendola,YouTube Data API v3,3628,Fernando Garmendia,fuzzy,candidato_equivocado_existe_credito_exacto,12717,Fernando Amendola,2,Malanga | Nadie Quiere Estar Solo | executive producer | album,open
231243,514088,person,"Fernando Carrasquel ""Crow""",YouTube Data API v3,2745,Fernando Carrasquel,fuzzy,sin_coincidencia_concluyente,,,0,LaMueka | Conspirando En El Bar | graphic design & illustration | album,open
231244,536348,person,Fernando De Diego,YouTube Data API v3,7222,Fernando de Diego,canonical_exact,candidato_correcto_credito_exacto,7222,Fernando de Diego,1,Témpano | Témpano | composed | 2,approved
231256,515304,person,"Francisco ""DJ"" Carpio",YouTube Data API v3,7560,Francisco Carpio,fuzzy,sin_coincidencia_concluyente,,,0,Los Amigos Invisibles | En Una Noche Tan Linda Como Esta | recorded live | album,open
231257,526618,person,"Francisco ""Paco"" Puig",YouTube Data API v3,1978,"Francisco ""Paco"" Huidobro",fuzzy,candidato_equivocado_existe_credito_exacto,12871,"Francisco ""Paco"" Puig",1,Various Artists | U-Rock Discos | art direction | album,open
231258,540765,person,Francisco Gude,YouTube Data API v3,12236,Francisco Gómez,fuzzy,candidato_equivocado_existe_credito_exacto,12898,Francisco Gude,2,Franco De Vita | Fuera De Este Mundo | assistant engineers | album,open
231259,514419,person,Francisco Kiko Villanueva,YouTube Data API v3,3369,Francisco Villanueva,fuzzy,candidato_equivocado_existe_credito_exacto,13104,Francisco Kiko Villanueva,1,"Various Artists | Venezuela Sin Fronteras | mixed | 11,12 || Various Artists | Venezuela Sin Fronteras | recorded | 11,12",open
231260,514913,person,Francisco López,YouTube Data API v3,5354,Francisco Pérez,fuzzy,candidato_equivocado_existe_credito_exacto,12790,Francisco López,1,Team Malín | Aparecieron | graphic design | album,open
231262,523641,person,Francisco Nuñez,YouTube Data API v3,485,"Francisco ""Kiko"" Nuñez",fuzzy,candidato_con_variante_y_credito,485,"Francisco ""Kiko"" Nuñez",5,Desorden Público | Canto Popular De La Vida y Muerte | graphic design | album || Desorden Público | Desorden Público | cover | album || Desorden Público | Desorden Público | graphic design | album,approved
231263,540868,person,Franco Cerruti,YouTube Data API v3,2386,Francesco Tradardi,fuzzy,candidato_equivocado_existe_credito_exacto,12952,Franco Cerruti,2,Okills | América Supersónica | concept | album || Okills | América Supersónica | graphic design | album,open
231264,521078,person,Franco Cerruti Ardila,YouTube Data API v3,2344,Franco Carella,fuzzy,candidato_equivocado_existe_credito_exacto,12546,Franco Cerruti Ardila,5,Fuego Montevideo | Algo Tarde | artwork & graphic design | album || Fuego Montevideo | Todos y Todo | graphic design | album || Fuego Montevideo | Todos y Todo | photos | album,open
231265,534256,person,Franco Cerruti Ardilla,YouTube Data API v3,2344,Franco Carella,fuzzy,candidato_equivocado_existe_credito_exacto,12548,Franco Cerruti Ardilla,2,Fuego Montevideo | Algo Tarde | photos | album,open
231266,513631,person,Frank,YouTube Data API v3,12035,Frank,canonical_exact,candidato_correcto_credito_exacto,12035,Frank,2,Frank Quintero & Los Balzehaguaos | Despues De La Tormenta | composed | 8,approved
231267,539936,person,Frank Wilson,YouTube Data API v3,12120,Frank Mills,fuzzy,candidato_equivocado_existe_credito_exacto,12924,Frank Wilson,4,Henrique Lazo | Henrique Lazo | composed | 8,open
231268,538389,person,Franklin Mejías,YouTube Data API v3,7454,Franklin Mora,fuzzy,candidato_equivocado_existe_credito_exacto,9720,Franklin Mejias,2,Various Artists | La Otra Magia De Los 60 & 70 | composed | 3,open
231283,512806,person,Gabi Valladares O,YouTube Data API v3,7934,Gabi Valladares,fuzzy,candidato_equivocado_existe_credito_exacto,12591,Gabi Valladares O,1,Atkinson | Colonia Para El Alma | art & graphic design | album,open
231284,514953,person,Gabriel Alvarez,YouTube Data API v3,5581,Gabriel Abreu,fuzzy,candidato_equivocado_existe_credito_exacto,186,Gabriel Álvarez,4,Malanga | Aunque Mueran Las Flores | additional engineers | album || Wahala | Buena Vibra Vol. III | recording assistant | album,open
231285,523677,person,Gabriel Fernández,YouTube Data API v3,1269,Gabriel Pérez,fuzzy,candidato_equivocado_existe_credito_exacto,12879,Gabriel Fernández,1,Americania | La Costura | recording assistant | album || Americania | Sigo | recording assistant | album,open
231286,520157,person,Gabriel Figuera,YouTube Data API v3,1176,Gabriel Figueira,fuzzy,candidato_equivocado_existe_credito_exacto,12947,Gabriel Figuera,3,Nana Cadavieco | Exposé | composed | 9,open
231287,514875,person,Gabriel Torrelles,YouTube Data API v3,8332,Gabriel Torres,fuzzy,candidato_equivocado_existe_credito_exacto,12541,Gabriel Torrelles,3,Famasloop | Sonó Así | executive production | album || La Vida Bohème | Sonó Así | executive production | album || Nana Cadavieco | Sonó Así | executive production | album || Pzoom | Sonó Así | executive production | album || Viniloversus | Sonó Así | executive producer | album,open
231289,547204,person,Garman,YouTube Data API v3,9807,Harman,fuzzy,sin_coincidencia_concluyente,,,2,Los Beat3 | ¡En Vivo! | composed | 6,open
231290,539789,person,Garnica,YouTube Data API v3,9236,García,fuzzy,sin_coincidencia_concluyente,,,0,"Submarino | Demos | photo | album || Various Artists | Páramo Pictures ""Sentido"" | produced | 1,4",open
231227,540776,person,Fabio Patrigniani,YouTube Data API v3,4678,Fabio Martins,fuzzy,candidato_equivocado_existe_credito_exacto,12899,Fabio Patrigniani,1,Franco De Vita | Fuera De Este Mundo | strings recorded | album,open
231230,522239,person,Fauna Crepuscular,YouTube Data API v3,9005,Fauna Crepuscular Brass Section,fuzzy,sin_coincidencia_concluyente,,,0,"Fauna Crepuscular | Camina | composed | 6 || Fauna | Puño y Letra | produced | 5,7,11,13",open
231231,529544,person,Federico,YouTube Data API v3,528,Federico Dib,fuzzy,sin_coincidencia_concluyente,,,0,Torre De Marfíl | Ecos De La Tercera Realidad | written | 5,open
231232,524726,person,Federico Dueñas,YouTube Data API v3,9652,Federico Muñoz,fuzzy,candidato_equivocado_existe_credito_exacto,13021,Federico Dueñas,3,Ninah Mars | Alboom! | photos | album,open
231246,512642,person,Fernando Venturini,YouTube Data API v3,1208,Fernando Fermín,fuzzy,candidato_equivocado_existe_credito_exacto,12557,Fernando Venturini,2,Los Gusanos | Del Barrio Sur | graphic design | album || Los Gusanos | Del Barrio Sur | photos | album || Los Gusanos | Días De Furia | graphic design | album || Los Gusanos | Días De Furia | photos | album,open
231247,517203,person,Fernández,YouTube Data API v3,8039,M. Fernández,fuzzy,sin_coincidencia_concluyente,,,3,Joystick | Lonchera | composed | album,open
231248,534414,person,Flores,YouTube Data API v3,8785,Flores Soláno,fuzzy,sin_coincidencia_concluyente,,,4,Palmeras Kanibales | La Ruta | composed | 13,open
231250,538863,person,Folklore del Callao,YouTube Data API v3,9478,Folklore del Callao,canonical_exact,candidato_correcto_credito_exacto,9478,Folklore del Callao,2,Los Amigos Invisibles | Superpop Venezuela | composed | 3,approved
231251,536484,person,Fonotalento C.A,YouTube Data API v3,6889,Fonotalento C.A.,canonical_exact,candidato_correcto_credito_exacto,6889,Fonotalento C.A.,1,Colina | Colina | executive production | album,approved
231253,534734,person,Fran Beufrand,YouTube Data API v3,7566,Fran Beufrand,canonical_exact,candidato_correcto_credito_exacto,7566,Fran Beufrand,1,Los Amigos Invisibles | Commercial | photo | album,approved
231255,528566,person,Franchesco Guillén,YouTube Data API v3,6976,Francesco Guardione,fuzzy,candidato_equivocado_existe_credito_exacto,12799,Franchesco Guillén,2,Tomates Fritos | Odissey | recording assistants | album,open
231270,520751,person,Freddy De Bari,YouTube Data API v3,5722,Freddy Riera,fuzzy,candidato_equivocado_existe_credito_exacto,12999,Freddy De Bari,2,Yordano | Yordano | photos | album,open
231271,536077,person,Freddy R,YouTube Data API v3,2343,Freddy Reyna,fuzzy,candidato_equivocado_existe_credito_exacto,12646,Freddy R,2,Grand Bite | Al Borde Del Precipicio / No Moriré | written | 7,open
231272,518291,person,Fresa,YouTube Data API v3,6566,Fresa,canonical_exact,candidato_correcto_credito_exacto,6566,Fresa,1,"Subsonus | Grandes Razones, Fuertes Acciones | lyrics written | album",approved
231274,546218,person,Félix Gerardi,YouTube Data API v3,3436,Felix Guerra,fuzzy,candidato_equivocado_existe_credito_exacto,12822,Félix Gerardi,1,Various Artists | Aldemaro Desde Jazz / Jazz Desde Aldemaro | photos | album,open
231275,546266,person,Félix Madrigal,YouTube Data API v3,5072,Félix Gil,fuzzy,otro_candidato_variante_con_credito,11204,Felix Bablis Madrigal,1,Tisuby & Georgina | Ruleta Del Amor | composed | 11,open
231276,517091,person,G. Brooker,YouTube Data API v3,9342,Brooker,fuzzy,candidato_equivocado_existe_credito_exacto,12854,G. Brooker,3,Various Artists | Segunda Experiencia Psicotomimética | composed | 5,open
231277,545751,person,G. Gion,YouTube Data API v3,9244,G. Goffin,fuzzy,candidato_equivocado_existe_credito_exacto,12845,G. Gion,2,Various Artists | La Respuesta | composed | 10,open
231278,524131,person,G. Henríquez,YouTube Data API v3,7080,Henríquez,fuzzy,candidato_con_variante_y_credito,7080,Henríquez,4,"Aditus | En Concierto En Este País | composed | 1,3,6 || Aditus | En Concierto En Este País | composed | 4,9 || Aditus | En Concierto En Este País | composed | 7,14",open
231279,527474,person,G. Mardsen,YouTube Data API v3,8277,G. Mardsen,canonical_exact,candidato_correcto_credito_exacto,8277,G. Mardsen,1,Various Artists | Pop And Op Musical Gente En Ambiente | composed | 10,approved
231280,545677,person,G. Picozzi,YouTube Data API v3,2026,Giancarlo Picozzi,alias_exact,candidato_con_variante_y_credito,2026,Giancarlo Picozzi,2,"Various Artists | La Respuesta | composed | 3,7",approved
231281,534537,person,G.P.,YouTube Data API v3,9421,G. Paoli,fuzzy,sin_coincidencia_concluyente,,,1,Palmeras Kanibales | La Ruta | art | album || Palmeras Kanibales | La Ruta | concept | album,open
231296,529836,person,George Bruno,YouTube Data API v3,6630,George Marino,fuzzy,candidato_equivocado_existe_credito_exacto,12707,George Bruno,1,Los Impala | ¡Estos Son Los Impala! | composed | 11,open
231297,543481,person,George Marin,YouTube Data API v3,6630,George Marino,fuzzy,candidato_equivocado_existe_credito_exacto,12620,George Marin,2,Distrust | Cloned Messiah | lyrics arranged | album || Distrust | Cloned Messiah | lyrics written | album || Distrust | Cloned Messiah | vocals produced | album,open
231299,532835,person,German Fleitas Beroes,YouTube Data API v3,12220,Germán Freites,fuzzy,candidato_equivocado_existe_credito_exacto,12934,German Fleitas Beroes,2,Juan Carlos Torrealba | No Voy Sin Ti | composed | 2,open
231291,529829,person,Gary Brooker,YouTube Data API v3,7076,Gary Bosco,fuzzy,candidato_equivocado_existe_credito_exacto,12706,Gary Brooker,2,Los Impala | ¡Estos Son Los Impala! | composed | 12,open
231292,527488,person,Gaspari,YouTube Data API v3,7247,Gaspar Díaz,fuzzy,sin_coincidencia_concluyente,,,0,Various Artists | Pop And Op Musical Gente En Ambiente | composed | 12,open
231293,521875,person,Gastaminza,YouTube Data API v3,9307,Gastaminza,canonical_exact,candidato_correcto_credito_exacto,9307,Gastaminza,6,"Poster | Despúes Del Frío | composed | 3,6",approved
231294,547016,person,Gelso Briceño,YouTube Data API v3,1061,Gelson Briceño,fuzzy,candidato_equivocado_existe_credito_exacto,13098,Gelso Briceño,2,Various Artists | Noveno Festival Nuevas Bandas | produced | 14,open
231321,545124,person,Graciela Zarikian,YouTube Data API v3,8832,Graciela Naranjo,fuzzy,candidato_equivocado_existe_credito_exacto,12988,Graciela Zarikian,1,Vytas Brenner | Vytas | makeup | album,open
231323,532339,person,Graphics,YouTube Data API v3,8650,Graphia Design,fuzzy,sin_coincidencia_concluyente,,,2,Caramelos De Cianuro | En Vivo | graphic design | album,open
231324,538483,person,Grasroot,YouTube Data API v3,9730,Grasroot,canonical_exact,candidato_correcto_credito_exacto,9730,Grasroot,1,Various Artists | La Otra Magia De Los 60 & 70 | composed | 15,approved
231325,540428,person,Gregorio,YouTube Data API v3,172,Gregorio Durán,fuzzy,sin_coincidencia_concluyente,,,3,Laberinto | Decada | written | 11 || Laberinto | Priority | composed | album,open
231327,534579,person,Guillermo Palladino,YouTube Data API v3,8975,Guillermo Machado,fuzzy,candidato_equivocado_existe_credito_exacto,12654,Guillermo Palladino,1,KRé | Ruido Doméstico | graphic design | album || KRé | Ruido Doméstico | photos | album,open
231329,517991,person,Guillo Lefed,YouTube Data API v3,125,Guille,fuzzy,candidato_equivocado_existe_credito_exacto,13070,Guillo Lefed,6,Movida Acústica Urbana | Rock And Mau 2 | additional recordings | album,open
232108,512774,person,Wincho,YouTube Data API v3,174,Wincho Schäfer,fuzzy,sin_coincidencia_concluyente,,,2,Atkinson | Colonia Para El Alma | mixed | album || Atkinson | Colonia Para El Alma | recorded live | album,open
231331,526969,person,Gustavo Alemán,YouTube Data API v3,8439,Gustavo Alemán,canonical_exact,candidato_correcto_credito_exacto,8439,Gustavo Alemán,3,Desorden Público | En Vivo En El Teresa Carreño | inside photos | album || Desorden Público | Estrellas Del Caos | photo | album,approved
231335,526683,person,Gustavo Velásquez,YouTube Data API v3,3152,Gustavo Ovalles,fuzzy,candidato_equivocado_existe_credito_exacto,12738,Gustavo Velásquez,1,Palmeras Kanibales | 13 Super Kañonazos Bailables | graphic design | album,open
231336,517197,person,Gutiérrez,YouTube Data API v3,9882,Gutiérrez,canonical_exact,candidato_correcto_credito_exacto,9882,Gutiérrez,3,Joystick | Lonchera | composed | album,approved
231337,539438,person,Gárnica,YouTube Data API v3,9236,García,fuzzy,sin_coincidencia_concluyente,,,0,"Submarino | Demos | photo | album || Various Artists | Páramo Pictures ""Sentido"" | produced | 1,4",open
231338,526809,person,H. Ascóniga,YouTube Data API v3,1463,Hernán Ascóniga,alias_exact,candidato_con_variante_y_credito,1463,Hernán Ascóniga,4,Desorden Público | Estrellas Del Caos | composed | 10 || Desorden Público | Estrellas Del Caos | composed | 6,approved
231339,526795,person,H. Blanco,YouTube Data API v3,8881,Blanco,fuzzy,sin_coincidencia_concluyente,,,6,"Desorden Público | Estrellas Del Caos | composed | 10 || Desorden Público | Estrellas Del Caos | composed | 12 || Desorden Público | Estrellas Del Caos | composed | 14 || Desorden Público | Estrellas Del Caos | composed | 17 || Desorden Público | Estrellas Del Caos | composed | 2 || Desorden Público | Estrellas Del Caos | composed | 3 || Desorden Público | Estrellas Del Caos | composed | 4 || Desorden Público | Estrellas Del Caos | composed | 6 || Desorden Público | Estrellas Del Caos | composed | 7,8,9,13",open
231340,525703,person,H.L. Aute,YouTube Data API v3,8472,H.L. Baute,fuzzy,candidato_equivocado_existe_credito_exacto,13090,H.L. Aute,1,Various Artists | Caracas 400 Gente En Ambiente | composed | 16,open
232109,534103,person,Winston Mandelbum,YouTube Data API v3,2487,"Winston Mandelblúm ""Winsman""",fuzzy,candidato_equivocado_existe_credito_exacto,12792,Winston Mandelbum,2,"The Six | Los Six | composed | 1,3 || The Six | Los Six | composed | 5",open
231361,543261,person,Héctor Herrera,YouTube Data API v3,1169,Héctor Hernández,fuzzy,candidato_equivocado_existe_credito_exacto,12659,Héctor Herrera,2,La Cándida Virgen | Power of Pain | assistant engineer | album,open
231362,535333,person,Héctro Flores Osuna,YouTube Data API v3,5587,Héctor Forzano,fuzzy,candidato_equivocado_existe_credito_exacto,12991,Héctro Flores Osuna,1,Willie Croes | La + De Las Partes | composed | 4,open
231363,536296,person,I. Zabala,YouTube Data API v3,9954,Iñigo Zabala,alias_exact,candidato_con_variante_y_credito,9954,Iñigo Zabala,4,Témpano | Témpano | composed | 3,approved
231366,513436,person,Ignacio Piñeiro,YouTube Data API v3,351,Ignacio Padrón,fuzzy,candidato_equivocado_existe_credito_exacto,13004,Ignacio Piñeiro,1,Yordano | ¡Qué Lindas Son! | composed | 6 || Yordano | ¡Qué Lindas Son! | composed | 8,open
231368,513422,person,Ignacio Villa,YouTube Data API v3,5725,Ignacio Lares,fuzzy,candidato_equivocado_existe_credito_exacto,13002,Ignacio Villa,1,Yordano | ¡Qué Lindas Son! | composed | 4,open
231369,524732,person,Indra Rodríguez,YouTube Data API v3,4633,André Rodríguez,fuzzy,candidato_equivocado_existe_credito_exacto,13022,Indra Rodríguez,3,Ninah Mars | Alboom! | photos | album,open
231372,523553,person,Isabel de Umérez,YouTube Data API v3,9073,Isabel de Armas,fuzzy,candidato_equivocado_existe_credito_exacto,13078,Isabel de Umérez,2,Serenata Guayanesa | Vol. 2: Música Popular y Folklórica Venezolana | composed | 12,open
231373,530471,person,Isabelle Granger,YouTube Data API v3,5194,Isabella Granger,fuzzy,candidato_equivocado_existe_credito_exacto,12610,Isabelle Granger,1,Cinema Sun | Cinema Sun | photos | album,open
231300,525724,person,Germán Narvaez,YouTube Data API v3,1843,German Sanchez,fuzzy,candidato_equivocado_existe_credito_exacto,13092,Germán Narvaez,3,Various Artists | Caracas 400 Gente En Ambiente | recorded live | 17,open
231302,521535,person,Germán Socorro M,YouTube Data API v3,6503,Germán Socorro,fuzzy,candidato_equivocado_existe_credito_exacto,12820,Germán Socorro M,1,Various Artists | 5to Festival Nuevas Bandas | graphic design | album,open
231305,524392,person,Gianluigi Borreli,YouTube Data API v3,1582,Gianluigi Borrelli,fuzzy,candidato_equivocado_existe_credito_exacto,12690,Gianluigi Borreli,4,Los Alteregos | Lo Que Dejas Atrás | composed | album,open
231306,529435,person,Gil Sanson,YouTube Data API v3,2702,Gil Sansón,accent_only,candidato_correcto_credito_exacto,2702,Gil Sansón,2,Pacifica | .22 | photo | album || Spias | Símbolos Extraños | graphic design | album,approved
231307,514581,person,Gilberto López,YouTube Data API v3,3777,Gilberto Lazo,fuzzy,candidato_equivocado_existe_credito_exacto,12769,Gilberto López,1,Joystick | Lonchera | illustrations | 6 || Sentimiento Muerto | En Vivo Mata De Coco | graphic design | album,open
231308,537210,person,Gilberto Reboiledo,YouTube Data API v3,1691,Gilberto Rebolledo,fuzzy,candidato_equivocado_existe_credito_exacto,12607,Gilberto Reboiledo,1,Charliepapa | Quinta Giuliana | assistant producer | album,open
231309,526995,person,Giordano Di Marzo,YouTube Data API v3,4331,(Giordano Di Marzo),canonical_exact,candidato_correcto_credito_exacto,4331,(Giordano Di Marzo),1,"Los Amigos Invisibles | Superpop Venezuela | composed | 16 || Sietecuero | Rojo Sangre | composed | album || Various Artists | En Un Sótano De La Florida | composed | 2,7 || Yordano | De Sol A Sol | all lyrics | album",approved
231311,540890,person,Giselle,YouTube Data API v3,9880,Giles,fuzzy,sin_coincidencia_concluyente,,,1,Okills | América Supersónica | styling assistant | album,open
231312,519253,person,Giuliano Molgora,YouTube Data API v3,6088,Giuliano Lossio,fuzzy,candidato_equivocado_existe_credito_exacto,12811,Giuliano Molgora,1,"Témpano | En Reclamación | digital transfer | album || iX | Ora Pro Nobis | additional military band recordings | 6,7",open
231313,531199,person,Gleen Miler,YouTube Data API v3,10950,Glenn Miller,fuzzy,candidato_equivocado_existe_credito_exacto,12864,Gleen Miler,1,Various Artists | Show De Boleros | composed | 4,open
231315,547239,person,Goffin,YouTube Data API v3,9244,G. Goffin,fuzzy,sin_coincidencia_concluyente,,,0,Los Beat3 | ¡En Vivo! | composed | 11,open
231316,513130,person,"Gonzalo ""Cuero Negro"" Vivas",YouTube Data API v3,10108,Gonzalo Curiel,fuzzy,sin_coincidencia_concluyente,,,2,Gillman | Escalofrío | photos | album,open
231318,531719,person,Gonzalo Galavís,YouTube Data API v3,6373,Gonzalo Vivas,fuzzy,candidato_equivocado_existe_credito_exacto,4144,Gonzalo Galavis,1,Colina | Colina | photos | album || Franco De Vita | Fantasía | photos | album || Sietecuero | Rojo Sangre | photos | album,open
231341,535862,person,Hal David,YouTube Data API v3,9555,Hal David,canonical_exact,candidato_correcto_credito_exacto,9555,Hal David,2,Las Cuatro Monedas | Los Grandes Éxitos | composed | 13,approved
231343,530798,person,Harold Escalona,YouTube Data API v3,12141,Harold Melvin,fuzzy,candidato_equivocado_existe_credito_exacto,12762,Harold Escalona,1,Sentencia | Sentencia | photos | album,open
231344,516609,person,Hary Febres,YouTube Data API v3,836,Harry Febres,fuzzy,candidato_equivocado_existe_credito_exacto,12543,Hary Febres,1,Fibonacci | Entre Versos Lo Adverso | composed | 5,open
231346,521792,person,Hector Do Nascimento,YouTube Data API v3,2878,Hector Di Donna,fuzzy,candidato_equivocado_existe_credito_exacto,6614,Héctor Do Nascimento,4,Los Mentas | Dueño De Un Bar | graphic design | album || Los Mentas | Hasta Que Los Bares Nos Separen | graphic design | album || Los Mentas | Mundo Porno | graphic design | album || Los Mentas | Taguara's Forever | graphic design | album || Submarino | Submarino | graphic design | album,open
231347,543284,person,Hector Do Nascimiento,YouTube Data API v3,6614,Héctor Do Nascimento,fuzzy,candidato_equivocado_existe_credito_exacto,12662,Hector Do Nascimiento,1,La Cándida Virgen | Power of Pain | graphic design | album,open
231350,512442,person,Henry Martinez,YouTube Data API v3,33,Henry Martínez,accent_only,candidato_correcto_credito_exacto,33,Henry Martínez,3,C4 Trío | C4 Trío | composed | 9 || Claudio Corsi | Aire y Mar | lyrics written | 3 || Juan Carlos Torrealba | No Voy Sin Ti | composed | 4 || Various Artists | En Un Sótano De La Florida | composed | 9 || Various Artists | En Un Sótano De La Florida | composed | 3,approved
231352,526586,person,Henseli Rahn,YouTube Data API v3,1806,Hensli Rahn,fuzzy,candidato_equivocado_existe_credito_exacto,12870,Henseli Rahn,2,Various Artists | U-Rock Discos | composed | 5,open
231353,513176,person,Heraclio Fernández,YouTube Data API v3,7377,Heraclio Fernández,canonical_exact,candidato_correcto_credito_exacto,7377,Heraclio Fernández,1,RC2 | Future Awaits | composed | 5,approved
231354,523941,person,Herman D. Gimbel,YouTube Data API v3,9803,Herman,fuzzy,candidato_equivocado_existe_credito_exacto,12702,Herman D. Gimbel,1,Los Impala | Impala Syndrome | executive producer | album,open
231355,515964,person,Hernández,YouTube Data API v3,6947,Hernán,fuzzy,sin_coincidencia_concluyente,,,2,Mermelada Bunch | Pum Pum | composed | 3,open
231357,535807,person,Holland,YouTube Data API v3,9121,F. Holland,fuzzy,sin_coincidencia_concluyente,,,0,Las Cuatro Monedas | Los Grandes Éxitos | composed | 6,open
231359,521859,person,"Héctor ""El Pibe"" Forzano",YouTube Data API v3,5587,Héctor Forzano,fuzzy,candidato_con_variante_y_credito,5587,Héctor Forzano,1,Poster | Despúes Del Frío | production assistant | album,approved
231374,520699,person,Ismael Aguirre,YouTube Data API v3,5036,Ismael Sauce,fuzzy,candidato_equivocado_existe_credito_exacto,12563,Ismael Aguirre,1,Okills | Reiniciando Transmisión | illustrations | album,open
231382,525188,person,Iván Iga,YouTube Data API v3,1160,Iván Higa,fuzzy,candidato_equivocado_existe_credito_exacto,12744,Iván Iga,1,Pixel | Invítame | recording assistant | album,open
231384,528176,person,J. Acosta,YouTube Data API v3,9723,Acosta,fuzzy,candidato_equivocado_existe_credito_exacto,12747,J. Acosta,2,Radio Clip | Desde Cero | lyrics written | album,open
231385,541109,person,J. Aroutine,YouTube Data API v3,9358,Aroutine,fuzzy,candidato_equivocado_existe_credito_exacto,12963,J. Aroutine,5,"Planeador | Barcelona 10C | composed | 1,2 || Planeador | Barcelona 10C | composed | 10 || Planeador | Barcelona 10C | composed | 3,4,11 || Planeador | Barcelona 10C | composed | 5,6 || Planeador | Barcelona 10C | composed | 7,9 || Planeador | Barcelona 10C | composed | 8 || Planeador | Barcelona 10C | written | 3,4 || Planeador | Barcelona 10C | written | 5,11",open
231386,545098,person,J. Betín,YouTube Data API v3,8743,J. Sebastian,fuzzy,candidato_equivocado_existe_credito_exacto,12985,J. Betín,1,Vytas Brenner | Vytas | composed | 8,open
231387,515164,person,J. Briceño,YouTube Data API v3,366,Julio Briceño,alias_exact,candidato_con_variante_y_credito,366,Julio Briceño,5,"Los Amigos Invisibles | En Una Noche Tan Linda Como Esta | composed | 3 || Los Amigos Invisibles | En Una Noche Tan Linda Como Esta | composed | 5,14",approved
231388,517133,person,J. Capaldi,YouTube Data API v3,9718,J. Capaldi,canonical_exact,candidato_correcto_credito_exacto,9718,J. Capaldi,2,Various Artists | La Otra Magia De Los 60 & 70 | composed | 1 || Various Artists | Segunda Experiencia Psicotomimética | composed | 10,approved
231389,545725,person,J. Jiménez,YouTube Data API v3,4702,"Jesús ""Moti"" Jiménez",alias_exact,candidato_con_variante_y_credito,4702,"Jesús ""Moti"" Jiménez",2,Various Artists | La Respuesta | composed | 6,approved
231390,513938,person,J. Olmedillo,YouTube Data API v3,505,Juan Olmedillo,fuzzy,candidato_equivocado_existe_credito_exacto,13111,J. Olmedillo,4,"Los Mentas | Reserva Añeja | lyrics written | album || Los Mentas | Sopa, Seco y Jugo | composed | album || Los Mentas | Sopa, Seco y Jugo | lyrics written | album || Los Mentas | Sopa, Seco y Jugo | written | 10 || Los Mentas | U.E.L.M: Unidad Educativa | composed | album",open
232110,514077,person,Wishkey Co,YouTube Data API v3,6155,Whiskey CO.,fuzzy,candidato_equivocado_existe_credito_exacto,12667,Wishkey Co,2,LaMueka | Conspirando En El Bar | executive production | album,open
231403,538295,person,Jaime Marcano,YouTube Data API v3,6834,Jaime Marchiani,fuzzy,candidato_equivocado_existe_credito_exacto,13017,Jaime Marcano,1,Franco De Vita | Extranjero | production assistant | album,open
231404,533598,person,Jaime Verdager,YouTube Data API v3,491,Jaime Verdaguer,fuzzy,candidato_equivocado_existe_credito_exacto,12754,Jaime Verdager,6,"Radio Clip | Fuego En La Corriente | composed | 1 || Radio Clip | Fuego En La Corriente | composed | 10,12 || Radio Clip | Fuego En La Corriente | composed | 2,8 || Radio Clip | Fuego En La Corriente | lyrics | 1,2,8 || Radio Clip | Fuego En La Corriente | lyrics | 10,12",open
232111,527188,person,Wiston Sela,YouTube Data API v3,2986,Wiston Mandelblum,fuzzy,candidato_equivocado_existe_credito_exacto,13147,Wiston Sela,1,"Spiteri | Spiteri | produced | 2,3,14",open
231408,531521,person,Jarz,YouTube Data API v3,4926,Jarz,canonical_exact,candidato_correcto_credito_exacto,4926,Jarz,1,Billy Se Fue | Para Siempre | lyrics written | 2,approved
231410,546483,person,Jasper Bax,YouTube Data API v3,2437,Jasper Dankaart,fuzzy,candidato_equivocado_existe_credito_exacto,12674,Jasper Bax,1,Laberinto | Decada | graphic design | album,open
231411,539176,person,Javier Avellaneda,YouTube Data API v3,3361,"Javier Avellaneda ""Vieja""",fuzzy,candidato_con_variante_y_credito,3361,"Javier Avellaneda ""Vieja""",2,Zapato 3 | Separación | composed | 1,approved
232132,524665,person,Álvaro León,YouTube Data API v3,628,Álvaro Falcón,fuzzy,candidato_equivocado_existe_credito_exacto,13132,Álvaro León,2,Babylon Motorhome | Viva La G.A.N.Ya! | artwork | album || Babylon Motorhome | Viva La G.A.N.Ya! | concept | album,open
231419,522204,person,Jean Pier Felce,YouTube Data API v3,510,Jean Pierre Felce,fuzzy,candidato_equivocado_existe_credito_exacto,12894,Jean Pier Felce,1,El Clan Spiteri | Back To The 60's | graphic design | album,open
231420,546343,person,Jeff Hollie,YouTube Data API v3,2324,Jeff Poe,fuzzy,candidato_equivocado_existe_credito_exacto,12669,Jeff Hollie,2,"Laberinto | Decada | produced | 6,11",open
231421,529801,person,Jelena Ardila,YouTube Data API v3,6874,Juan Ardila,fuzzy,candidato_equivocado_existe_credito_exacto,13115,Jelena Ardila,1,Los Paranoias | Aquí Fue | photos | album || Los Paranoias | Lesslie Sessions | photos | album || Los Paranoias | Que Se Activen Las Alarmas | photos | album,open
232133,527082,person,Ángel Chirinos,YouTube Data API v3,1958,Angie Chirino,fuzzy,candidato_equivocado_existe_credito_exacto,12555,Ángel Chirinos,1,Los Crema Paraíso | El Debut | composed | 6,open
231430,542504,person,Jesus Maduro R,YouTube Data API v3,7601,Jesús Mora,fuzzy,candidato_equivocado_existe_credito_exacto,12755,Jesus Maduro R,1,Radio Clip | Radio Clip | artwork & design | album,open
231431,525383,person,"Jesús ""Chuo"" Torrealba",YouTube Data API v3,9324,Jesús Alberto Contreras,fuzzy,candidato_equivocado_existe_credito_exacto,12733,"Jesús ""Chuo"" Torrealba",1,Mulato | De Aquí Pa' La Playa | cover illustration | album,open
231375,538955,person,Israele Levi,YouTube Data API v3,9483,Israele Levi,canonical_exact,candidato_correcto_credito_exacto,9483,Israele Levi,3,Los Amigos Invisibles | Superpop Venezuela | composed | 13,approved
231376,535542,person,Ivan Infante,YouTube Data API v3,536,Iván Infante,accent_only,candidato_correcto_credito_exacto,536,Iván Infante,3,Sónica | Huellas | executive production | album,approved
231377,543321,person,Iván Almaral,YouTube Data API v3,4705,Iván Alquati,fuzzy,candidato_equivocado_existe_credito_exacto,12583,Iván Almaral,1,Americania | Concierto En La Sala | graphic design | album,open
231379,518197,person,Iván Bossio,YouTube Data API v3,1366,Ivan Taboski,fuzzy,candidato_equivocado_existe_credito_exacto,12589,Iván Bossio,1,Andreazulado | Despegue Eterno | photos | album,open
231381,536929,person,Iván Gabaldon,YouTube Data API v3,6747,Iván Gavaldón,fuzzy,candidato_equivocado_existe_credito_exacto,1020,Iván Gabaldón,2,"Dermis Tatú | EP | photos | album || Dermis Tatú | En Vivo Komotion / San Francisco | photos | album || Dermis Tatú | Inéditas | photos | album || Dermis Tatú | La Violó, La Mató y La Picó | photos | album || La Hermandad | Jai | inside photos | album || La Leche | 45 | photos | album || PAN | B-Sides: En Vivo En El Teatro Nacional | photos | album || PAN | En Vivo En El Teatro Nacional | photos | album || Pacífica | 01 | photo | album || Yátu | A Conciencia | photos | album || Yátu | Joroporoll | photos | album || Yátu | La Condición De Este Mundo | back cover | album || Yátu | La Condición De Este Mundo | group photos | album",open
231391,515879,person,J. Ramírez,YouTube Data API v3,9515,J. Ramírez,canonical_exact,candidato_correcto_credito_exacto,9515,J. Ramírez,3,"Mermelada Bunch | Pum Pum | composed | 1 || Mermelada Bunch | Pum Pum | composed | 2,5 || Mermelada Bunch | Pum Pum | composed | 4,6,9 || Mermelada Bunch | Pum Pum | composed | 7,8",approved
231392,525682,person,J. Sosa,YouTube Data API v3,9268,P. Sosa,fuzzy,candidato_equivocado_existe_credito_exacto,13089,J. Sosa,1,Various Artists | Caracas 400 Gente En Ambiente | composed | 13,open
231393,517063,person,J. Spiteri,YouTube Data API v3,9477,Spiteri,fuzzy,candidato_equivocado_existe_credito_exacto,12852,J. Spiteri,5,Spiteri | Spiteri | all themes arranged | album || Various Artists | Segunda Experiencia Psicotomimética | composed | 4,open
231394,540998,person,J. Toro,YouTube Data API v3,9359,Toro,fuzzy,candidato_equivocado_existe_credito_exacto,12978,J. Toro,1,Various Artists | Tsee Mud... Bacro... LSD (1968-1971) | lyrics | 8,open
231395,518247,person,J. Verdaguer,YouTube Data API v3,491,Jaime Verdaguer,alias_exact,candidato_con_variante_y_credito,491,Jaime Verdaguer,5,Radio Clip | Desde Cero | written | 13 || Zapato 3 | Ecos Punzantes Del Ayer | composed | 1 || Zapato 3 | Entrada De Bala | composed | album,approved
231396,515208,person,J.L. Alva,YouTube Data API v3,7559,J.L. Alva,canonical_exact,candidato_correcto_credito_exacto,7559,J.L. Alva,3,Los Amigos Invisibles | En Una Noche Tan Linda Como Esta | composed | 3,approved
231397,515150,person,J.L. Pardo,YouTube Data API v3,7552,Joe Pardo,fuzzy,sin_coincidencia_concluyente,,,21,"Los Amigos Invisibles | En Una Noche Tan Linda Como Esta | composed | 2 || Los Amigos Invisibles | En Una Noche Tan Linda Como Esta | composed | 3 || Los Amigos Invisibles | En Una Noche Tan Linda Como Esta | composed | 4 || Los Amigos Invisibles | En Una Noche Tan Linda Como Esta | composed | 5,14 || Los Amigos Invisibles | En Una Noche Tan Linda Como Esta | composed | 6,7 || Los Amigos Invisibles | En Una Noche Tan Linda Como Esta | composed | 6,8,12,15 || Los Amigos Invisibles | En Una Noche Tan Linda Como Esta | composed | 9,11,13,14",open
231398,515227,person,J.V. Torrealba,YouTube Data API v3,4456,Juan Vicente Torrealba,alias_exact,candidato_con_variante_y_credito,4456,Juan Vicente Torrealba,4,Los Amigos Invisibles | En Una Noche Tan Linda Como Esta | composed | 2,approved
231405,529843,person,James Brown,YouTube Data API v3,4531,James Brown,canonical_exact,candidato_correcto_credito_exacto,4531,James Brown,1,"Caramelos De Cianuro | 2LadosB | mixed | 6 || Caramelos De Cianuro | Caramelos De Cianuro | mixed | 1,2,11 || Los Impala | ¡Estos Son Los Impala! | composed | 9",approved
232131,526989,person,Álvaro González,YouTube Data API v3,7444,Alvaro Rangel,fuzzy,candidato_equivocado_existe_credito_exacto,3596,Alvaro González,1,Yordano | De Sol A Sol | executive producer | album || Yordano | Yordano | inside photos | album,open
231412,516362,person,Javier Garza,YouTube Data API v3,8086,Javier Garza,canonical_exact,candidato_correcto_credito_exacto,8086,Javier Garza,1,Franco De Vita | Nada Es Igual | mixed | 6,approved
231413,512843,person,Javier Gracia,YouTube Data API v3,2483,Javier García,fuzzy,candidato_equivocado_existe_credito_exacto,13064,Javier Gracia,1,Gasolina | EP | photo | album,open
231415,536323,person,Javier Losada,YouTube Data API v3,9443,Javier Losada,canonical_exact,candidato_correcto_credito_exacto,9443,Javier Losada,4,Témpano | Témpano | composed | 8,approved
231416,519997,person,Javier Marín,YouTube Data API v3,5266,Javier Marín,canonical_exact,candidato_correcto_credito_exacto,5266,Javier Marín,1,"Wahala | Wahala | lyrics | 1,5",approved
231423,519680,person,Jennifer Dopazzo,YouTube Data API v3,2126,Jennifer Zea,fuzzy,candidato_equivocado_existe_credito_exacto,12642,Jennifer Dopazzo,2,Gaêlica | Ibérica & Latina | graphic design | album,open
231424,537424,person,Jennifer Noya,YouTube Data API v3,7495,Jeniffer Noya,fuzzy,candidato_equivocado_existe_credito_exacto,13113,Jennifer Noya,2,Los Paranoias | AAAH! Estos Son Los Paranoias! | executive production | album,open
231425,527374,person,Jeremy Ruiz,YouTube Data API v3,1912,"Jeremias ""Jeremy"" Ruiz",fuzzy,candidato_equivocado_existe_credito_exacto,12728,Jeremy Ruiz,2,Meganeura Monji | A Fragment Of My Mind | lyrics written | album || Meganeura Monji | A Fragment Of My Mind | lyrics written | 2,open
231426,533050,person,Jerome Kern,YouTube Data API v3,10132,Jerome Kern,canonical_exact,candidato_correcto_credito_exacto,10132,Jerome Kern,2,Pablo Gill | Suka Jazz En Directo | written | 2,approved
231427,517049,person,Jerry Fuller,YouTube Data API v3,5018,Jerry Fuller,canonical_exact,candidato_correcto_credito_exacto,5018,Jerry Fuller,2,Henrique Lazo | Henrique Lazo | composed | 2 || Various Artists | Segunda Experiencia Psicotomimética | composed | 2,approved
231432,513124,person,Jesús A. Maduro,YouTube Data API v3,4387,Jesús A. Maduro,canonical_exact,candidato_correcto_credito_exacto,4387,Jesús A. Maduro,3,Gillman | Escalofrío | photos | album || Radio Clip | Donde Sopla El Viento | cover concept | album || Radio Clip | Donde Sopla El Viento | graphic design | album,approved
231434,528231,person,Jesús Maduro,YouTube Data API v3,4387,Jesús A. Maduro,fuzzy,candidato_equivocado_existe_credito_exacto,12751,Jesús Maduro,1,Radio Clip | Desde Cero | internal photos | album,open
231435,538147,person,Jesús Mesa,YouTube Data API v3,2830,Jesús Morales,fuzzy,candidato_equivocado_existe_credito_exacto,12942,Jesús Mesa,1,Lil Supa' | Serio | graphic design | album,open
231436,542415,person,Jesús Noriega,YouTube Data API v3,7561,Jesús Noriega Jr.,fuzzy,otro_candidato_variante_con_credito,8636,"Jesús ""Lalo"" Noriega",1,Various Artists | DJ Afro's Frequent Traveling Vol. 1 | field management | album,open
231437,515310,person,Jesús Noriega Jr,YouTube Data API v3,7561,Jesús Noriega Jr.,canonical_exact,sin_coincidencia_concluyente,,,0,Los Amigos Invisibles | En Una Noche Tan Linda Como Esta | recorded live | album,open
231438,540663,person,Jhonny Serra,YouTube Data API v3,1131,Johnny Serra,fuzzy,candidato_equivocado_existe_credito_exacto,12602,Jhonny Serra,2,Candy66 | Evolutio | assistant engineers | album,open
231439,540434,person,Jimmy Page,YouTube Data API v3,9543,Jimmy Page,canonical_exact,candidato_correcto_credito_exacto,9543,Jimmy Page,2,Laberinto | Priority | composed | 10,approved
231452,537004,person,Johnny Quiróz,YouTube Data API v3,1655,Johnny Cufiño,fuzzy,otro_candidato_variante_con_credito,10051,Johnny Quiros,5,Henry Stephen | Limón Limonero | composed | 3 || Henry Stephen | Limón Limonero | composed | 4 || Henry Stephen | Limón Limonero | composed | 8,open
231453,540550,person,Johnny Rivas,YouTube Data API v3,11922,Johnny Rivers,fuzzy,candidato_equivocado_existe_credito_exacto,13107,Johnny Rivas,1,Zapato 3 | Separación Tour | executive producer | album,open
231456,532016,person,Jonathan Cabrera,YouTube Data API v3,2308,"Jonathan Cabrera ""Jhon""",fuzzy,candidato_con_variante_y_credito,2308,"Jonathan Cabrera ""Jhon""",4,"Ohmio | 6101 | concept | album || Ohmio | B-Sides: Del Lado De La Pintura | concept | album || Ohmio | Origami | composed | album || Ohmio | Origami | composed | 3,6,7,10 || Ohmio | Origami | concept art | album || Ohmio | Origami | lyrics written | album",approved
231457,519521,person,Jonathan Freitas,YouTube Data API v3,1565,Jonathan Farías,fuzzy,candidato_equivocado_existe_credito_exacto,13136,Jonathan Freitas,1,"Various Artists | Rock: ""El Compilado"" Vol. 2 | photos | album || Various Artists | Ska & Punk Venezuelan Bands Vol. 1 | cover | album",open
231458,516636,person,Jonathan Mora,YouTube Data API v3,6491,Jonathan Coa,fuzzy,candidato_equivocado_existe_credito_exacto,12544,Jonathan Mora,1,Fibonacci | Entre Versos Lo Adverso | graphic design | album,open
231459,537884,person,Jones,YouTube Data API v3,9398,Jones,canonical_exact,candidato_correcto_credito_exacto,9398,Jones,2,Desorden Público | Los Contrarios | composed | 9,approved
231464,519686,person,Jorge Durán,YouTube Data API v3,7777,Jorge Urdaneta,fuzzy,candidato_equivocado_existe_credito_exacto,12643,Jorge Durán,2,Gaêlica | Ibérica & Latina | graphic design | album,open
231465,544742,person,Jorge García Crasto,YouTube Data API v3,6885,Jorge García C.,fuzzy,candidato_equivocado_existe_credito_exacto,12873,Jorge García Crasto,2,Vox | No Se Puede Ya Ocultar | photos | album,open
231466,529447,person,Jorge Gomez,YouTube Data API v3,928,Jorge Glem,fuzzy,candidato_equivocado_existe_credito_exacto,12567,Jorge Gomez,1,Spias | Símbolos Extraños | photo | album,open
231467,522679,person,Jorge R. Castillo,YouTube Data API v3,8903,Jorge R. Castillo,canonical_exact,candidato_correcto_credito_exacto,8903,Jorge R. Castillo,1,Desorden Público | Diablo | photo | album,approved
231479,528133,person,José Antonio Bastardo,YouTube Data API v3,1040,José Antonio Rojas,fuzzy,candidato_equivocado_existe_credito_exacto,13019,José Antonio Bastardo,2,Franco De Vita | Franco De Vita | mixing assistants | album,open
231480,528988,person,José Antonio Jurio,YouTube Data API v3,1040,José Antonio Rojas,fuzzy,candidato_equivocado_existe_credito_exacto,12805,José Antonio Jurio,3,Témpano | Atabal–Yémal | recording assistant | album,open
231481,531185,person,José Antonio Mendez,YouTube Data API v3,2826,José Antonio Bermúdez,fuzzy,candidato_equivocado_existe_credito_exacto,12862,José Antonio Mendez,1,Various Artists | Show De Boleros | composed | 2,open
232135,517453,person,Ángel Álvarez,YouTube Data API v3,6593,Manuel Alvarez,fuzzy,candidato_equivocado_existe_credito_exacto,12893,Ángel Álvarez,1,Edgar Jiménez | Con El Sentimiento Muerto | graphic design & cover | album,open
231494,521139,person,"José Luis ""Caplis"" Chacín",YouTube Data API v3,483,"José Luis ""Caplís"" Chacín",accent_only,candidato_correcto_credito_exacto,483,"José Luis ""Caplís"" Chacín",1,"Desorden Público | ¿Dónde Está El Futuro? | mixed | 4,5,7,9,12,13,16,17,18 || Julia | Combo Tropical Contemporáneo | executive producer | album",approved
231428,517119,person,Jesse James,YouTube Data API v3,6085,Jessy Jaimes,fuzzy,candidato_equivocado_existe_credito_exacto,12858,Jesse James,1,Various Artists | Segunda Experiencia Psicotomimética | composed | 8,open
231429,520990,person,Jesus Acosta,YouTube Data API v3,9796,Jesús C.,fuzzy,candidato_equivocado_existe_credito_exacto,2042,Jesús Acosta,2,Radioclip | Brilla | composed | 10,open
231440,532574,person,Jiménez,YouTube Data API v3,7916,Jiménez,canonical_exact,candidato_correcto_credito_exacto,7916,Jiménez,3,"Sentimiento Muerto | En Vivo Teatro Rafael Guinand | composed | 6,18 || Sentimiento Muerto | En Vivo Teatro Rafael Guinand | composed | 7",approved
231442,515854,person,Joaquin Salim,YouTube Data API v3,8248,Joaquín Sabina,fuzzy,candidato_equivocado_existe_credito_exacto,12757,Joaquin Salim,2,Rawayana | Licencia Para Ser Libre | graphic design | album || Rawayana | RawayanaLand | graphic design | album || Rawayana | RawayanaLand | photos | album,open
231444,527128,person,Joe Rivera,YouTube Data API v3,3772,Jorge Viera,fuzzy,candidato_equivocado_existe_credito_exacto,12655,Joe Rivera,2,King Changó | King Changó | assistant engineers | album,open
231445,529850,person,Joe Tex,YouTube Data API v3,10201,Joe Tex,canonical_exact,candidato_correcto_credito_exacto,10201,Joe Tex,1,"Los Impala | ¡Estos Son Los Impala! | composed | 5,8",approved
231447,523002,person,"John ""J.T."" Thomas",YouTube Data API v3,273,John Thomas,fuzzy,candidato_con_variante_y_credito,273,John Thomas,7,Franco De Vita | Voces A Mi Alrededor | assistant engineers | album,approved
231448,537119,person,John Gummoe,YouTube Data API v3,12073,John Gummoe,canonical_exact,candidato_correcto_credito_exacto,12073,John Gummoe,1,Henry Stephen | Limón Limonero | composed | 11,approved
231449,514508,person,John Hawkis,YouTube Data API v3,273,John Thomas,fuzzy,candidato_equivocado_existe_credito_exacto,12530,John Hawkis,1,Spiteri | Spiteri | string arrangements | album,open
231454,547218,person,Johnson,YouTube Data API v3,6669,Johnson,canonical_exact,candidato_correcto_credito_exacto,6669,Johnson,2,Los Beat3 | ¡En Vivo! | composed | 15,approved
231455,529028,person,Jonas Cordero,YouTube Data API v3,817,Jason Carder,fuzzy,candidato_equivocado_existe_credito_exacto,12545,Jonás Cordero,1,1ra Edición | Tiempo De Actuar | photos | album || Fibonacci | Entre Versos Lo Adverso | photos | album,open
231460,519111,person,Jonny Serra,YouTube Data API v3,1131,Johnny Serra,fuzzy,sin_coincidencia_concluyente,,,0,Ninah Mars & The Stickfaces | This Is How We Pray | composed | 11,open
231461,516647,person,Jonás Cordero,YouTube Data API v3,817,Jason Carder,fuzzy,candidato_equivocado_existe_credito_exacto,12545,Jonás Cordero,1,1ra Edición | Tiempo De Actuar | photos | album || Fibonacci | Entre Versos Lo Adverso | photos | album,open
231462,529507,person,Jorge,YouTube Data API v3,6030,Jorge Cid,fuzzy,sin_coincidencia_concluyente,,,0,Torre De Marfíl | Ecos De La Tercera Realidad | lyrics written | album || Torre De Marfíl | Ecos De La Tercera Realidad | written | 6 || Torre De Marfíl | Ecos De La Tercera Realidad | written | 8,open
231463,525412,person,Jorge Divo,YouTube Data API v3,8095,Jorge Vivo,fuzzy,candidato_equivocado_existe_credito_exacto,12816,Jorge Divo,2,Ultrachic | Ultrachic | executive producers | album,open
231470,512534,person,Jorge Troconis,YouTube Data API v3,2585,Jorge Cristo,fuzzy,candidato_equivocado_existe_credito_exacto,12888,Jorge Troconis,2,Claudio Corsi | Aire y Mar | graphic design | album,open
231471,517547,person,Jorge Vall,YouTube Data API v3,8127,Jorge Vilaf,fuzzy,candidato_equivocado_existe_credito_exacto,12775,Jorge Vall,2,Serenata Guayanesa | Vol. 1: Música Popular y Folklórica Venezolana | photos | album || Serenata Guayanesa | Vol. 2: Música Popular y Folklórica Venezolana | photo | album,open
231472,529749,person,Jose Morales,YouTube Data API v3,141,José I Morales,fuzzy,candidato_equivocado_existe_credito_exacto,13145,Jose Morales,1,"Various Artists | Borrachos y Bolingas Vol. 4 ""Todos Contra Todos"" | final cut | album || Various Artists | Borrachos y Bolingas Vol. 4 ""Todos Contra Todos"" | pre-master | album",open
231473,520360,person,Jose Morales @redromance93,YouTube Data API v3,6219,José Morao A.,fuzzy,sin_coincidencia_concluyente,,,0,Cangrejo | Inéditas | graphic design | album || Various Artists | Harakiri City: Tributo A Caramelos De Cianuro | graphic design | album,open
231474,522755,person,Jose Yepez,YouTube Data API v3,582,José R. Yepez,fuzzy,candidato_equivocado_existe_credito_exacto,12885,Jose Yepez,4,Claroscuro | El Viaje De Una Vida | photos | album,open
231475,547628,person,Joseline García,YouTube Data API v3,11916,José Luis García,fuzzy,candidato_equivocado_existe_credito_exacto,12688,Joseline García,2,Liqüet | Liquet | concept art | album || Liqüet | Liquet | graphic design | album,open
231476,529186,person,Joseluisrck,YouTube Data API v3,6513,José Luis,fuzzy,sin_coincidencia_concluyente,,,0,Fordelucs | Fotograma | remixed | 12,open
231477,535779,person,José Alberto Iglesias,YouTube Data API v3,11936,José Alberto Mugrabi,fuzzy,candidato_equivocado_existe_credito_exacto,12678,José Alberto Iglesias,2,Las Cuatro Monedas | Los Grandes Éxitos | composed | 2,open
232134,526285,person,Ángel Moreno,YouTube Data API v3,2239,Angelo Moore,fuzzy,candidato_equivocado_existe_credito_exacto,5343,Angel Moreno,1,Damper | Damper | drums recorded | album,open
231482,517175,person,José Antor,YouTube Data API v3,8376,José Antor,canonical_exact,candidato_correcto_credito_exacto,8376,José Antor,1,Various Artists | El Alucinante Mundo Del Soul | a | album || Various Artists | El Alucinante Mundo Del Soul | r | album || Various Artists | Pop And Op Musical Gente En Ambiente | a | album || Various Artists | Pop And Op Musical Gente En Ambiente | r | album || Various Artists | Segunda Experiencia Psicotomimética | a | album || Various Artists | Segunda Experiencia Psicotomimética | r | album,approved
231495,529249,person,José Luis Chacín,YouTube Data API v3,483,"José Luis ""Caplís"" Chacín",fuzzy,candidato_con_variante_y_credito,483,"José Luis ""Caplís"" Chacín",7,Desorden Público | Canto Popular De La Vida y Muerte | composed | 17 || Desorden Público | Canto Popular De La Vida y Muerte | composed | 6 || Desorden Público | Canto Popular De La Vida y Muerte | lyrics | 4 || Desorden Público | Plomo Revienta | composed | 10 || Desorden Público | Plomo Revienta | composed | 12 || Desorden Público | Plomo Revienta | composed | 16,approved
231497,545105,person,José M. Rodríguez,YouTube Data API v3,167,José Rodríguez,fuzzy,candidato_equivocado_existe_credito_exacto,12986,José M. Rodríguez,1,Vytas Brenner | Vytas | composed | 9,open
231498,515019,person,José Manuel Guzmán,YouTube Data API v3,9330,José Manuel Guzmán,canonical_exact,candidato_correcto_credito_exacto,9330,José Manuel Guzmán,2,Sur Carabela | Debut | composed | 9,approved
231499,525440,person,José Manuel Roo,YouTube Data API v3,8719,José Manuel Orozco,fuzzy,candidato_equivocado_existe_credito_exacto,12817,José Manuel Roo,1,Ultrachic | Ultrachic | make-up artist | album,open
231500,519897,person,José Miguel Machado,YouTube Data API v3,6987,José Miguel Ahmad,fuzzy,otro_candidato_variante_con_credito,1210,"José Miguel Machado ""Jo Semi""",2,Los Últimos Indocumentados | Los Últimos Indocumentados | composed | album,open
231501,529863,person,José Miguel Rodríguez,YouTube Data API v3,323,José Miguel Pagé,fuzzy,candidato_equivocado_existe_credito_exacto,12708,José Miguel Rodríguez,1,Los Impala | ¡Estos Son Los Impala! | digital transfer | album || Los Impala | ¡Estos Son Los Impala! | restoration | album,open
231502,537474,person,José Miguel de Robertis Padua,YouTube Data API v3,2173,José Miguel De Robertis,fuzzy,candidato_equivocado_existe_credito_exacto,12649,José Miguel de Robertis Padua,1,Jacktürbo | Jackturbo | mastered | album || Jacktürbo | Jackturbo | mixed | album || Jacktürbo | Jackturbo | recorded | album,open
231503,520574,person,José Ostos,YouTube Data API v3,9298,José Soto,fuzzy,candidato_equivocado_existe_credito_exacto,12531,José Ostos,2,"Americania | Estoy Afuera, Sal | concept art | album",open
231505,543665,person,José R. Goméz,YouTube Data API v3,486,José Romero,fuzzy,sin_coincidencia_concluyente,,,4,"Andreazulado | Andreazulado | composed | 3,6,7 || Andreazulado | Andreazulado | composed | 2 || Andreazulado | Despegue Eterno | composed | 4 || Andreazulado | Dolby | composed | 9",open
231506,518155,person,José R. Gómez,YouTube Data API v3,3286,"José Rafael ""Cucaracha"" Gómez",alias_exact,candidato_con_variante_y_credito,3286,"José Rafael ""Cucaracha"" Gómez",4,"Andreazulado | Andreazulado | composed | 3,6,7 || Andreazulado | Andreazulado | composed | 2 || Andreazulado | Despegue Eterno | composed | 4 || Andreazulado | Dolby | composed | 9",approved
231521,544775,person,Juan Carlos Alzaibar,YouTube Data API v3,4195,Juan Carlos Ayala,fuzzy,candidato_equivocado_existe_credito_exacto,13071,Juan Carlos Alzaibar,1,Nana Cadavieco | Sonó Así | production assistant | album,open
231523,516711,person,Juan Carlos Casado,YouTube Data API v3,4745,Juan Carlos Casañas,fuzzy,candidato_equivocado_existe_credito_exacto,12966,Juan Carlos Casado,1,RC2 | RC2 | photos | album,open
231524,516926,person,Juan Carlos Echeandía,YouTube Data API v3,6057,Juan Carlos Medina,fuzzy,candidato_equivocado_existe_credito_exacto,12819,Juan Carlos Echeandía,1,Vagos y Maleantes | Papidandeando | executive producer | album,open
231525,514735,person,Juan Carlos Nuñez,YouTube Data API v3,4033,Juan Pablo Núñez,fuzzy,candidato_equivocado_existe_credito_exacto,12859,Juan Carlos Nuñez,3,Various Artists | Segunda Experiencia Psicotomimética | arrangements | album || Various Artists | Viva Una Experiencia Psicotomimética | musical arragments | album,open
231528,538650,person,Juan Ernesto Franzius,YouTube Data API v3,2327,Juan Carlos Perfetti,fuzzy,candidato_equivocado_existe_credito_exacto,12534,Juan Ernesto Franzius,2,Caramelos De Cianuro | Rubia Sol Morena Luna | animation | album || Caramelos De Cianuro | Rubia Sol Morena Luna | graphic design | album,open
231530,523893,person,Juan Leon,YouTube Data API v3,5549,Juan López,fuzzy,candidato_equivocado_existe_credito_exacto,2780,Juan León,7,Mulato | De Aquí Pa' La Playa | assistant engineer | album || Mulato | Mulato | assistant engineer | album || Various Artists | Décimo Festival Nuevas Bandas | asistant engineers | album || Various Artists | Noveno Festival Nuevas Bandas | asistant engineers | album || Yátu | Gandharva | assistant engineer | album,open
231531,532296,person,Juan Litio,YouTube Data API v3,2732,Juan Belisario,fuzzy,candidato_equivocado_existe_credito_exacto,12758,Juan Litio,1,Recipe Morado | Amor Grama | photos | album,open
231532,538948,person,Juan Lopez,YouTube Data API v3,2375,Juan Oropeza,fuzzy,candidato_equivocado_existe_credito_exacto,5549,Juan López,3,Los Amigos Invisibles | Superpop Venezuela | composed | 13,open
231533,526213,person,Juan Marcos Blanco,YouTube Data API v3,5337,Juan Carlos Marín,fuzzy,candidato_equivocado_existe_credito_exacto,12849,Juan Marcos Blanco,2,Various Artists | Se Llama Simón | execution | album || Various Artists | Se Llama Simón | general producer | album || Various Artists | Se Llama Simón | music direction | album || Various Artists | Se Llama Simón | orquestration | album,open
231535,523581,person,Juan Pablo Ceballos,YouTube Data API v3,9361,Juan Pablo Bello,fuzzy,candidato_equivocado_existe_credito_exacto,13081,Juan Pablo Ceballos,1,Serenata Guayanesa | Vol. 2: Música Popular y Folklórica Venezolana | composed | 10,open
231536,538403,person,Juan Pardo Jr,YouTube Data API v3,8349,Juan Pardo Jr.,canonical_exact,candidato_correcto_credito_exacto,8349,Juan Pardo Jr.,1,Various Artists | La Otra Magia De Los 60 & 70 | composed | 5,approved
231537,527018,person,Juan Pedro Dipolo,YouTube Data API v3,3897,Juan P. Di Polo,fuzzy,candidato_equivocado_existe_credito_exacto,12993,Juan Pedro Dipolo,1,Yordano | De Sol A Sol | assistant | album,open
231539,523299,person,Juan Sucre,YouTube Data API v3,3895,Juan Sara,fuzzy,candidato_equivocado_existe_credito_exacto,12711,Juan Sucre,4,"Los Mesoneros | Indeleble | composed | 4,9 || Los Mesoneros | Indeleble | lyrics | 9",open
231483,538923,person,José Armenteros,YouTube Data API v3,9482,José Armenteros,canonical_exact,candidato_correcto_credito_exacto,9482,José Armenteros,2,Los Amigos Invisibles | Superpop Venezuela | composed | 10,approved
231484,518590,person,José Barros,YouTube Data API v3,4005,José Barrios,fuzzy,candidato_equivocado_existe_credito_exacto,13038,José Barros,1,Dimensión Latina | Una Dimensión De Éxitos | composed | 14,open
231486,528434,person,José E. Padrón,YouTube Data API v3,3168,José Lopera,fuzzy,candidato_equivocado_existe_credito_exacto,12972,José E. Padrón,3,Repe | Reset | photos | album,open
231487,520382,person,José Echezuría,YouTube Data API v3,6764,José Ruíz,fuzzy,sin_coincidencia_concluyente,,,6,"La Calle | A.T.C. | composed | album || La Calle | A.T.C. | composed | 9 || Radio Clip | Fuego En La Corriente | composed | 3,9 || Radio Clip | Fuego En La Corriente | composed | 6 || Sentimiento Muerto | Sin Sombra No Hay Luz | composed | 1 || Sentimiento Muerto | Sin Sombra No Hay Luz | composed | 9",open
231489,542967,person,José H. Méndez,YouTube Data API v3,2753,José Mendez,fuzzy,candidato_equivocado_existe_credito_exacto,13013,José H. Méndez,2,Franco De Vita | Al Norte Del Sur | production assistant | album,open
231490,541267,person,José Henriquez,YouTube Data API v3,1377,José Riu,fuzzy,candidato_equivocado_existe_credito_exacto,1309,José Henríquez,4,"Culto Oculto | Blanco | art & design | album || Culto Oculto | Blanco | photos | album || Culto Oculto | Flotar No Es Más Que Existir, Un Movimiento Ondulatorio | photos | album || Slam Ballet | Filtra | photos | album",open
231491,512837,person,José Ignacio Morales,YouTube Data API v3,10991,José Ignacio Lares,fuzzy,candidato_equivocado_existe_credito_exacto,13063,José Ignacio Morales,1,Gasolina | EP | design | album,open
231492,521170,person,José La Roche,YouTube Data API v3,5796,José La Roche,canonical_exact,sin_coincidencia_concluyente,,,0,Julia | Combo Tropical Contemporáneo | drum assistants | album,open
231493,518520,person,José Lazo,YouTube Data API v3,2475,José Lozano,fuzzy,candidato_equivocado_existe_credito_exacto,13030,José Lazo,1,Dimensión Latina | Una Dimensión De Éxitos | composed | 2,open
231507,543697,person,José Rafael Gómez,YouTube Data API v3,3286,"José Rafael ""Cucaracha"" Gómez",fuzzy,candidato_con_variante_y_credito,3286,"José Rafael ""Cucaracha"" Gómez",1,Andreazulado | Andreazulado | graphic design | album,approved
231508,540386,person,José Salazar,YouTube Data API v3,876,"José ""Pupy"" Salazar",fuzzy,candidato_con_variante_y_credito,876,"José ""Pupy"" Salazar",1,Various Artists | Simón Díaz Remixes | lyrics written | 9,approved
231509,532208,person,José Sangil,YouTube Data API v3,6683,José Rivas,fuzzy,sin_coincidencia_concluyente,,,0,Ricochet CCS | Volumen 13 | photos | album,open
231510,525505,person,José Sifontes,YouTube Data API v3,4386,José Sifontes,canonical_exact,sin_coincidencia_concluyente,,,0,Serenata Guayanesa | Vol. 3: Música Popular y Folklórica Venezolana | composed | 4,open
231511,517501,person,José Sinfontes,YouTube Data API v3,4386,José Sifontes,fuzzy,candidato_equivocado_existe_credito_exacto,12771,José Sinfontes,1,"Serenata Guayanesa | Vol. 1: Música Popular y Folklórica Venezolana | composed | 4,8",open
231512,524398,person,José Suarez,YouTube Data API v3,839,José Nuñez,fuzzy,candidato_equivocado_existe_credito_exacto,1584,José Suárez,4,Los Alteregos | Lo Que Dejas Atrás | composed | album || Los Alteregos | Lo Que Dejas Atrás | graphic design | album,open
231513,542961,person,José Sánchez Bello,YouTube Data API v3,9920,José Manzo,fuzzy,candidato_equivocado_existe_credito_exacto,13012,José Sánchez Bello,2,Franco De Vita | Al Norte Del Sur | production assistant | album,open
231514,518555,person,José Tovar,YouTube Data API v3,8376,José Antor,fuzzy,candidato_equivocado_existe_credito_exacto,13035,José Tovar,1,Dimensión Latina | Una Dimensión De Éxitos | composed | 8,open
231515,526560,person,José Vicente Aguilar,YouTube Data API v3,1802,"José Vicente Aguilar ""Chevy""",fuzzy,candidato_con_variante_y_credito,1802,"José Vicente Aguilar ""Chevy""",1,Various Artists | U-Rock Discos | composed | 3 || Various Artists | U-Rock Discos | composed | 4,approved
231516,516991,person,Juan Bautista Hernández Echezúria,YouTube Data API v3,6882,Juan Bautista Hernández Echezúria (Máscara Diseño),fuzzy,candidato_equivocado_existe_credito_exacto,13137,Juan Bautista Hernández Echezúria,2,Virtual Lakai | Paralelo: Más Allá De La Realidad | graphic design | album,open
231517,523887,person,Juan Bautista Lopez,YouTube Data API v3,6245,Juan Alzate,fuzzy,otro_candidato_variante_con_credito,1003,"Juan Bautista López ""Yátu""",1,Yátu | A Conciencia | composed | album || Yátu | Gandharva | lyrics and music composed | album,open
231518,546477,person,Juan Bonilla,YouTube Data API v3,11917,Juan Pablo,fuzzy,candidato_equivocado_existe_credito_exacto,12673,Juan Bonilla,2,Laberinto | Decada | photos | album,open
231519,543056,person,Juan Carlo Fernández,YouTube Data API v3,6249,Juan Carlos Pérez,fuzzy,candidato_equivocado_existe_credito_exacto,12967,Juan Carlo Fernández,1,Repe | Grandes Verdades De Repe | graphic design | album,open
231520,514052,person,"Juan Carlo Fernández ""Wancalo""",YouTube Data API v3,1664,Juan Carlo Zaccaro,fuzzy,candidato_equivocado_existe_credito_exacto,12969,"Juan Carlo Fernández ""Wancalo""",1,Repe | Nada Más Ser | graphic design | album,open
231546,526239,person,Julia Carolina Ojeda,YouTube Data API v3,634,Julio García Maldonado,fuzzy,candidato_equivocado_existe_credito_exacto,12850,Julia Carolina Ojeda,1,Various Artists | Se Llama Simón | choral conductor | album,open
231548,544698,person,"Julie ""XOXO""",YouTube Data API v3,397,Julio,fuzzy,sin_coincidencia_concluyente,,,1,"Various Artists | Venezuela Electrónica Vol. 3 ""Mestizo"" | photo | album",open
231540,536759,person,Juan Trujillo,YouTube Data API v3,2599,Juan Castillo,fuzzy,candidato_equivocado_existe_credito_exacto,12735,Juan Trujillo,2,Más Quejas | Basado En Hechos De La Vida Real | graphic design | album,open
231541,532809,person,Juan Vicente Torrealba,YouTube Data API v3,4456,Juan Vicente Torrealba,canonical_exact,candidato_correcto_credito_exacto,4456,Juan Vicente Torrealba,4,"Juan Carlos Torrealba | No Voy Sin Ti | composed | 1,5,8,10 || Juan Carlos Torrealba | No Voy Sin Ti | composed | 2 || Juan Carlos Torrealba | No Voy Sin Ti | composed | 9 || Los Amigos Invisibles | Superpop Venezuela | composed | 7",approved
231543,538656,person,Juancho Jab,YouTube Data API v3,1693,Juancho Azuaje,fuzzy,candidato_equivocado_existe_credito_exacto,12535,Juancho Jab,2,Caramelos De Cianuro | Rubia Sol Morena Luna | graphic design | album,open
231544,519990,person,Juancho Pérez,YouTube Data API v3,9044,Juan Pérez,fuzzy,candidato_equivocado_existe_credito_exacto,12574,Juancho Pérez,1,Wahala | Wahala | lyrics | 6,open
231545,531594,person,Juanma Trujillo,YouTube Data API v3,2599,Juan Castillo,fuzzy,candidato_equivocado_existe_credito_exacto,12712,Juanma Trujillo,2,"Majarete Sound Machine | Real, Orgánico y Baile | metal arrangements | album",open
231559,523133,person,Karina Fleves,YouTube Data API v3,5127,Karin Lemke,fuzzy,candidato_equivocado_existe_credito_exacto,12780,Karina Fleves,3,Sofía Insomnia | Breve Casi Eterno | composed | 5,open
231561,520309,person,Karina Maristany,YouTube Data API v3,7353,Karina Nava,fuzzy,candidato_equivocado_existe_credito_exacto,12945,Karina Maristany,1,Luz Verde | Manual De Buenas Costumbres | photo producer | album,open
231562,529822,person,Keith Reid,YouTube Data API v3,9160,Keith Richards,fuzzy,candidato_equivocado_existe_credito_exacto,12705,Keith Reid,2,Los Impala | ¡Estos Son Los Impala! | composed | 12,open
231563,526004,person,Keith Richards,YouTube Data API v3,9160,Keith Richards,canonical_exact,candidato_correcto_credito_exacto,9160,Keith Richards,2,Various Artists | El Alucinante Mundo Del Soul | composed | 9,approved
231564,536471,person,Keloide,YouTube Data API v3,8918,Keloide.net,fuzzy,sin_coincidencia_concluyente,,,0,Famasloop | 3 Casas | design | album || KP9000 | KP9000 | graphic design | album,open
231565,535841,person,Kenny,YouTube Data API v3,6215,Kenny,canonical_exact,candidato_correcto_credito_exacto,6215,Kenny,3,Las Cuatro Monedas | Los Grandes Éxitos | composed | 12,approved
231567,525887,person,Kiko Rikote,YouTube Data API v3,7321,Kiko Ricote,fuzzy,candidato_equivocado_existe_credito_exacto,12913,Kiko Rikote,1,Franco De Vita | Stop | photos | album,open
231568,547246,person,King,YouTube Data API v3,2455,King Django,fuzzy,sin_coincidencia_concluyente,,,0,Los Beat3 | ¡En Vivo! | composed | 11,open
231569,547284,person,Kinttero,YouTube Data API v3,7941,intro,fuzzy,sin_coincidencia_concluyente,,,1,Los Beat3 | ¡En Vivo! | mastered | album || Los Beat3 | ¡En Vivo! | mixed | album,open
231582,527467,person,Ladera,YouTube Data API v3,6677,Ladera,canonical_exact,candidato_correcto_credito_exacto,6677,Ladera,1,Various Artists | Pop And Op Musical Gente En Ambiente | composed | 9,approved
231584,536096,person,Lanito,YouTube Data API v3,7513,LAI,fuzzy,sin_coincidencia_concluyente,,,1,Grand Bite | Al Borde Del Precipicio / No Moriré | written | 4,open
231585,533213,person,Larry Acosta,YouTube Data API v3,6757,Larry Bata,fuzzy,candidato_equivocado_existe_credito_exacto,12732,Larry Acosta,2,Mochuelo | Un Tanto Más | concept | album || Mochuelo | Un Tanto Más | photos | album || Mochuelo | Vendrán Por Ti | photos | album,open
231586,536244,person,Larry Alberto Acosta M,YouTube Data API v3,6757,Larry Bata,fuzzy,candidato_equivocado_existe_credito_exacto,12731,Larry Alberto Acosta M,1,Mochuelo | Mochuelo | graphic design | album || Mochuelo | Mochuelo | photo | album,open
231587,517515,person,Laudelino Mejías,YouTube Data API v3,7378,Laudelino Mejías,canonical_exact,candidato_correcto_credito_exacto,7378,Laudelino Mejías,1,Serenata Guayanesa | Vol. 1: Música Popular y Folklórica Venezolana | composed | 7,approved
231588,542995,person,Laureano Delgado,YouTube Data API v3,4566,Laureano Rangel,fuzzy,candidato_equivocado_existe_credito_exacto,13015,Laureano Delgado,2,Franco De Vita | Al Norte Del Sur | inside photos | album,open
231591,545412,person,Leando Angarita,YouTube Data API v3,3421,"Leandro Angarita ""Lio""",fuzzy,candidato_equivocado_existe_credito_exacto,12742,Leando Angarita,2,Petrula | Oración Políglota Para Salvar Al Mundo | concept art | album,open
231592,545400,person,Leandro Angarita,YouTube Data API v3,3421,"Leandro Angarita ""Lio""",fuzzy,candidato_con_variante_y_credito,3421,"Leandro Angarita ""Lio""",1,Petrula | Oración Políglota Para Salvar Al Mundo | composed | album,approved
231593,538673,person,"Leandro Añez Grippa ""KPU""",YouTube Data API v3,5100,Leandro Perez,fuzzy,candidato_equivocado_existe_credito_exacto,13008,"Leandro Añez Grippa ""KPU""",1,"Canserbero | Guía Para La Acción | produced | 4,7,8,15",open
231549,540689,person,Juliet González,YouTube Data API v3,3581,Javier González,fuzzy,candidato_equivocado_existe_credito_exacto,12603,Juliet González,5,Candy66 | Evolutio | studio assistants | album,open
231552,534956,person,Julio Serrano,YouTube Data API v3,307,Julio Rojas,fuzzy,candidato_equivocado_existe_credito_exacto,12814,Julio Serrano,1,Témpano | Pesadilla Sin Final | photos | album,open
231553,517508,person,Julio Áñez,YouTube Data API v3,1428,Julio Anidez,fuzzy,candidato_equivocado_existe_credito_exacto,12772,Julio Áñez,1,Serenata Guayanesa | Vol. 1: Música Popular y Folklórica Venezolana | composed | 2,open
231554,517084,person,K. Reid,YouTube Data API v3,9344,Reid,fuzzy,candidato_equivocado_existe_credito_exacto,12853,K. Reid,3,Various Artists | Segunda Experiencia Psicotomimética | composed | 5,open
231555,517112,person,K. Richard,YouTube Data API v3,9801,Richard,fuzzy,candidato_equivocado_existe_credito_exacto,12857,K. Richard,2,Various Artists | Segunda Experiencia Psicotomimética | composed | 7,open
231556,513250,person,"Kail ""Plug"" Lovera",YouTube Data API v3,2235,Kail Lovera,fuzzy,candidato_con_variante_y_credito,2235,Kail Lovera,1,La Calle | A.T.C. | recording assistant | album || La Calle | B-Sides: A.T.C. | assistant engineer | album,approved
231557,523115,person,Kara Flebes,YouTube Data API v3,1494,"Karina ""Kara"" Febles",fuzzy,candidato_equivocado_existe_credito_exacto,12778,Kara Flebes,3,Sofía Insomnia | Breve Casi Eterno | executive production | album,open
231558,523126,person,Karina Flebes Córdova,YouTube Data API v3,6571,Karina Febles Córdoba,fuzzy,candidato_equivocado_existe_credito_exacto,12779,Karina Flebes Córdova,2,"Sofía Insomnia | Breve Casi Eterno | composed | 2,3,6,7",open
231571,533942,person,Kurt Weill,YouTube Data API v3,85,Kurt Howell,fuzzy,candidato_equivocado_existe_credito_exacto,12623,Kurt Weill,3,E-óN | Ticket To Youkali | composed | 2 || E-óN | Ticket To Youkali | composed | 5,open
231572,526605,person,Kuámasi Gonzalez,YouTube Data API v3,2891,Kuámasi González Vidal,fuzzy,candidato_equivocado_existe_credito_exacto,1804,Kuámasi González,1,Various Artists | U-Rock Discos | composed | 6,open
231573,528219,person,L. Alcalá,YouTube Data API v3,6342,Lou Alcalá,fuzzy,candidato_equivocado_existe_credito_exacto,12749,L. Alcalá,2,Radio Clip | Desde Cero | graphic design | album,open
231574,536303,person,L. Bolin,YouTube Data API v3,1944,Luis Bolín,alias_exact,candidato_con_variante_y_credito,1944,Luis Bolín,4,Témpano | Témpano | composed | 3,approved
231575,515886,person,L. Colina,YouTube Data API v3,9516,L.Colina,canonical_exact,sin_coincidencia_concluyente,,,3,"Mermelada Bunch | Pum Pum | composed | 1 || Mermelada Bunch | Pum Pum | composed | 10 || Mermelada Bunch | Pum Pum | composed | 2,5 || Mermelada Bunch | Pum Pum | composed | 4,6,9 || Mermelada Bunch | Pum Pum | composed | 7,8",open
231576,539533,person,L. I. R,YouTube Data API v3,7496,L. I. R.,canonical_exact,candidato_correcto_credito_exacto,7496,L. I. R.,1,Los Paranoias | Hey! Dónde Están Los Paranoias? | graphic design | album,approved
231577,513560,person,La Comba Digital,YouTube Data API v3,8028,La Comba Digital,canonical_exact,candidato_correcto_credito_exacto,8028,La Comba Digital,1,Bacalao Men | Sabaneando | composed | 8,approved
231578,516790,person,La Leche,YouTube Data API v3,6148,La Leche,canonical_exact,candidato_correcto_credito_exacto,6148,La Leche,1,Horacero | Fusil | composed | 8 || La Leche | 45 | composed | album,approved
231579,531227,person,La Lupe,YouTube Data API v3,6148,La Leche,fuzzy,candidato_equivocado_existe_credito_exacto,12866,La Lupe,1,Various Artists | Show De Boleros | composed | 8,open
231580,516743,person,La Misma Gente,YouTube Data API v3,8763,La Misma Gente,canonical_exact,candidato_correcto_credito_exacto,8763,La Misma Gente,1,Horacero | Fusil | composed | 1 || La Misma Gente | Por Fin | graphic concept | album,approved
231581,520047,person,La Résistance,YouTube Data API v3,12393,La Riva,fuzzy,candidato_equivocado_existe_credito_exacto,13135,La Résistance,1,La Vida Bohème | En Vivo Plaza Alfredo Sadel | graphic design | album,open
231594,518031,person,Lennon,YouTube Data API v3,9207,Lennon,canonical_exact,candidato_correcto_credito_exacto,9207,Lennon,4,"Arkangel | Rock Nacional | written | 11 || Los Beat3 | ¡En Vivo! | composed | album || Los Buitres | Los Buitres | composed | album || Los Impala | Impala's 66 | composed | 1,9,11 || Los Impala | Los Impala | composed | 2,8,10 || The Six | Los Six | composed | 10 || Various Artists | Caracas 400 Gente En Ambiente | composed | 3",approved
231595,517227,person,Lenny Salinas,YouTube Data API v3,5270,Lennin,fuzzy,candidato_equivocado_existe_credito_exacto,12929,Lenny Salinas,1,Joystick | Lonchera | illustrations | 2,open
231596,523744,person,Leo García,YouTube Data API v3,1704,Leonel García,fuzzy,candidato_equivocado_existe_credito_exacto,13025,Leo García,1,Oscar Fanega | Solo Bass | additional photos | album || Oscar Fanega | Solo Bass | photos | album,open
231597,542224,person,Leo Vieira,YouTube Data API v3,3714,de Oliveira,fuzzy,candidato_equivocado_existe_credito_exacto,12698,Leo Vieira,1,"Los Gusanos | El Ritual Del Vacilón | mixed | 1,2,5",open
231598,540556,person,Leonardo Ba,YouTube Data API v3,3954,Leonardo Borjas,fuzzy,candidato_equivocado_existe_credito_exacto,13108,Leonardo Ba,2,Zapato 3 | Separación Tour | digital transfer | album,open
231599,531638,person,Leonardo Blanco,YouTube Data API v3,3969,Leonardo Bracho,fuzzy,candidato_equivocado_existe_credito_exacto,12713,Leonardo Blanco,1,"Majarete Sound Machine | Real, Orgánico y Baile | makeup | album || Majarete Sound Machine | Real, Orgánico y Baile | style | album",open
231607,524986,person,LiBeRo lalzZo,YouTube Data API v3,4279,LiBeRo lalzZo,canonical_exact,candidato_correcto_credito_exacto,4279,LiBeRo lalzZo,11,Caramelos De Cianuro | 2LadosB | executive production | album || Caramelos De Cianuro | Caramelos De Cianuro | executive production | album || Caramelos De Cianuro | En Vivo | executive production | album || Caramelos De Cianuro | Flor De Fuego | executive production | album || Caramelos De Cianuro | Rubia Sol Morena Luna | executive production | album,approved
231608,534372,person,Liana Castillo,YouTube Data API v3,2496,Liana Malva Castillo,alias_exact,candidato_con_variante_y_credito,2496,Liana Malva Castillo,3,Le Merm | Deep Chill Sessions | composed | 5,approved
231610,518541,person,Lino Frías,YouTube Data API v3,12030,Lino Borges,fuzzy,candidato_equivocado_existe_credito_exacto,13033,Lino Frías,1,Dimensión Latina | Una Dimensión De Éxitos | composed | 5,open
231612,527966,person,Little Richard,YouTube Data API v3,9906,Little Richard,canonical_exact,candidato_correcto_credito_exacto,9906,Little Richard,2,Los Impala | Los Impala | composed | 1,approved
231613,533106,person,Liú Prato,YouTube Data API v3,12402,Liu Prato,accent_only,candidato_correcto_credito_exacto,12402,Liu Prato,2,Movida Acústica Urbana | Rock And Mau 2 | graphic design | album || Movida Acústica Urbana | Rock And Mau | graphic design & illustration | album || Pablo Gill | Suka Jazz En Directo | photos | album,approved
231614,540270,person,Lobo,YouTube Data API v3,8998,Lobo,canonical_exact,sin_coincidencia_concluyente,,,0,Dioslepague | Venus Mixes | mixed | 7,open
231615,536622,person,Lopez,YouTube Data API v3,9871,López Lee,fuzzy,candidato_equivocado_existe_credito_exacto,9452,López,5,Tarot | Tarot | composed | album,open
231616,547042,person,Lorena González,YouTube Data API v3,7527,Veronica Gonzalez,fuzzy,candidato_equivocado_existe_credito_exacto,13099,Lorena González,5,Various Artists | Noveno Festival Nuevas Bandas | asistant engineers | album,open
231617,539568,person,Lorena Vogeler,YouTube Data API v3,2724,Lorenzo Leal,fuzzy,candidato_equivocado_existe_credito_exacto,12802,Lorena Vogeler,1,Tribu Ultravioleta | Piñata | graphic design | album,open
232136,518527,person,Ñico Saquito,YouTube Data API v3,8688,Nico Araujo,fuzzy,candidato_equivocado_existe_credito_exacto,13031,Ñico Saquito,1,Dimensión Latina | Una Dimensión De Éxitos | composed | 3,open
231630,518562,person,Luciano Pozo,YouTube Data API v3,1817,Luciano Calello,fuzzy,candidato_equivocado_existe_credito_exacto,13036,Luciano Pozo,1,Dimensión Latina | Una Dimensión De Éxitos | composed | 9,open
231631,515614,person,Luis,YouTube Data API v3,9795,Luis,canonical_exact,candidato_correcto_credito_exacto,9795,Luis,3,"Famasloop | La Quema | composed | 1,7,10 || Famasloop | La Quema | composed | 2",approved
231632,531323,person,Luis A. Domínguez,YouTube Data API v3,2503,Luis Domingo,fuzzy,candidato_equivocado_existe_credito_exacto,13143,Luis A. Domínguez,1,Serenata Guayanesa | Vol. 4: Música Popular y Folklórica Venezolana | lyrics written | 3,open
231633,539976,person,Luis Alberto Jimenez,YouTube Data API v3,5742,Luis Celimene,fuzzy,candidato_equivocado_existe_credito_exacto,12558,Luis Alberto Jimenez,2,Los Mesoneros | EP | executive production | album || Los Mesoneros | No Puedes Ver | executive production | album,open
231634,547174,person,Luis Alegrett,YouTube Data API v3,869,Luis Maestre,fuzzy,candidato_equivocado_existe_credito_exacto,12695,Luis Alegrett,1,Los Beat3 | ¡En Vivo! | executive production | album,open
231635,512825,person,Luis Alejandro Rodríguez,YouTube Data API v3,10123,Luis E. Rodríguez,fuzzy,candidato_equivocado_existe_credito_exacto,13061,Luis Alejandro Rodríguez,2,Gasolina | EP | recorded live | album,open
231636,538902,person,Luis Alva,YouTube Data API v3,4203,Luis Alva,canonical_exact,candidato_correcto_credito_exacto,4203,Luis Alva,1,Los Amigos Invisibles | Superpop Venezuela | composed | 8,approved
231638,524580,person,Luis Boza,YouTube Data API v3,12184,Luis Bravo,fuzzy,candidato_equivocado_existe_credito_exacto,12536,Luis Boza,1,Chupi Lumpi | Una Oveja Más | photos | album,open
231639,517541,person,Luis Brito,YouTube Data API v3,4464,Luis Barreto,fuzzy,candidato_equivocado_existe_credito_exacto,12774,Luis Brito,2,Serenata Guayanesa | Vol. 1: Música Popular y Folklórica Venezolana | photos | album,open
231641,547602,person,Luis Felipe Quintanilla,YouTube Data API v3,5105,Luis Felipe Navarro,fuzzy,candidato_equivocado_existe_credito_exacto,13109,Luis Felipe Quintanilla,1,Circo Vulkano | El Reto | lfq | album,open
231642,523567,person,Luis Felipe Ramón,YouTube Data API v3,1661,Luis Felipe Román,fuzzy,candidato_equivocado_existe_credito_exacto,13080,Luis Felipe Ramón,1,Serenata Guayanesa | Vol. 2: Música Popular y Folklórica Venezolana | composed | 2,open
231657,539130,person,Luis Ramírez,YouTube Data API v3,3459,Luis Martinez,fuzzy,candidato_equivocado_existe_credito_exacto,5390,Luis Ramirez,2,Mulato | Mulato | graphic design | album || Yátu | Gandharva | graphic design | album,open
231658,516136,person,"Luis Salazar ""Stardust""",YouTube Data API v3,4162,Luis Salas,fuzzy,candidato_equivocado_existe_credito_exacto,12540,"Luis Salazar ""Stardust""",1,Elektra | Transformer | costume design | album,open
231660,514741,person,Luis Weiner,YouTube Data API v3,8276,Luis Wiener,fuzzy,candidato_equivocado_existe_credito_exacto,12872,Luis Weiner,1,Various Artists | Viva Una Experiencia Psicotomimética | lights | album,open
231662,538701,person,"Luís Muños ""Gbec""",YouTube Data API v3,2765,"Luis Muños ""Gbec""",accent_only,candidato_correcto_credito_exacto,2765,"Luis Muños ""Gbec""",1,"Canserbero | Guía Para La Acción | produced | 2,11",approved
231663,541829,person,López Rossi,YouTube Data API v3,9452,López,fuzzy,candidato_equivocado_existe_credito_exacto,13134,López Rossi,2,Isa TKM | Isa TKM | composed | album || Isa TKM | Isa TKM | written | album,open
231664,513764,person,Lúber Mujica,YouTube Data API v3,4488,Luber Mujica,accent_only,candidato_correcto_credito_exacto,4488,Luber Mujica,2,Caramelos De Cianuro | En Vivo | photos | album || La Misma Gente | Somos Todos | cover | album || La Misma Gente | Somos Todos | tray photos | album || Los Paranoias | Hey! Dónde Están Los Paranoias? | photos | album || Nana Cadavieco | Exposé | photos | album,approved
231600,530577,person,Leonardo Colina,YouTube Data API v3,1230,Leonardo Molina,fuzzy,sin_coincidencia_concluyente,,,4,"Mermelada Bunch | La Novela | composed | 1,10 || Mermelada Bunch | La Novela | composed | 2,4 || Mermelada Bunch | La Novela | composed | 3,6,7,8 || Mermelada Bunch | La Novela | composed | 5 || Mermelada Bunch | La Novela | composed | 9",open
231601,538680,person,"Leonardo Diaz ""Afromack""",YouTube Data API v3,597,Leonardo Faría,fuzzy,candidato_equivocado_existe_credito_exacto,13009,"Leonardo Diaz ""Afromack""",1,"Canserbero | Guía Para La Acción | produced | 5,10,13,14",open
231603,529621,person,Leonardo Mattey,YouTube Data API v3,3068,Leonardo Márquez,fuzzy,candidato_equivocado_existe_credito_exacto,13129,Leonardo Mattey,1,Torre De Marfíl | Ecos De La Tercera Realidad | art direction | album,open
231604,518065,person,Leonel Rincón,YouTube Data API v3,1246,Leonel Carmona,fuzzy,candidato_equivocado_existe_credito_exacto,13128,Leonel Rincón,1,Soleà | EP | mastered | album || Soleà | EP | mixed | album || Soleà | EP | recorded | album,open
231605,517563,person,Leonora Curto,YouTube Data API v3,2842,Leonor,fuzzy,candidato_equivocado_existe_credito_exacto,12686,Leonora Curto,1,Levítico | Los Hijos Del Chino K-No | production assistant | album,open
231618,538226,person,Lorenzo,YouTube Data API v3,4031,Lorenzo,canonical_exact,candidato_correcto_credito_exacto,4031,Lorenzo,2,Los Buitres | Historietas | photo | album,approved
231619,546336,person,Lorenzo Nesta,YouTube Data API v3,2724,Lorenzo Leal,fuzzy,candidato_equivocado_existe_credito_exacto,12668,Lorenzo Nesta,2,"Laberinto | Decada | produced | 6,11",open
231620,516804,person,Los Amigos Invisibles,YouTube Data API v3,7519,Los Amigos Invisibles,canonical_exact,candidato_correcto_credito_exacto,7519,Los Amigos Invisibles,3,"Dioslepague | Venus Mixes | produced | 6 || Horacero | Fusil | composed | 10 || Los Amigos Invisibles | Arepa 3000: A Venezuelan Journey Into Space | graphic design | album || Los Amigos Invisibles | Commercial | executive produced | album || Los Amigos Invisibles | En Una Noche Tan Linda Como Esta | composed | 10 || Los Amigos Invisibles | En Una Noche Tan Linda Como Esta | composed | 9,10,13 || Los Amigos Invisibles | Not So Commercial | executive production | album || Various Artists | Chillout Venezuela | executive produced | album || Various Artists | DJ Afro's Frequent Traveling Vol. 1 | executive produced | album || Various Artists | Dance Venezuela Vol. 1 | executive produced | album",approved
231621,542546,person,Los Grillos,YouTube Data API v3,9224,Los Brincos,fuzzy,candidato_equivocado_existe_credito_exacto,12647,Los Grillos,1,Grillos Mientras Tanto | Demos | composed | 3,open
231622,518109,person,Los Ilegales,YouTube Data API v3,11567,Los Kings,fuzzy,candidato_equivocado_existe_credito_exacto,13068,Los Ilegales,1,Malanga | Acústico | composed | 6,open
231623,547817,person,Los Mesoneros,YouTube Data API v3,7038,Los Enanitos Verdes,fuzzy,sin_coincidencia_concluyente,,,0,Masseratti 2lts | Covers.1 | composed | 6,open
231624,547831,person,Los Paranoias,YouTube Data API v3,12063,Los Payos,fuzzy,sin_coincidencia_concluyente,,,0,Masseratti 2lts | Covers.1 | composed | 8,open
231626,539908,person,Lou Josie,YouTube Data API v3,12015,Lou Josie,canonical_exact,candidato_correcto_credito_exacto,12015,Lou Josie,2,Henrique Lazo | Henrique Lazo | composed | 7,approved
231628,546415,person,Lourens,YouTube Data API v3,1791,Lourens Bood,fuzzy,sin_coincidencia_concluyente,,,1,"Laberinto | Decada | recorded | 3,7,9,10",open
231643,527061,person,Luis Fragachán,YouTube Data API v3,1543,Luis Garban,fuzzy,candidato_equivocado_existe_credito_exacto,12554,Luis Fragachán,1,Los Crema Paraíso | El Debut | composed | 3,open
231647,543201,person,Luis Itanare,YouTube Data API v3,1558,Luis Irán,fuzzy,candidato_equivocado_existe_credito_exacto,12632,Luis Itanare,1,Famasloop | Casa 4 | illustrations | album,open
231648,535882,person,Luis Laguna,YouTube Data API v3,238,Luis Valbuena,fuzzy,candidato_equivocado_existe_credito_exacto,9453,Luís Laguna,1,Las Cuatro Monedas | Los Grandes Éxitos | composed | 16,open
231649,531282,person,Luis Mariano Rivera,YouTube Data API v3,7348,Luis Mariano Rivera,canonical_exact,candidato_correcto_credito_exacto,7348,Luis Mariano Rivera,1,Serenata Guayanesa | Vol. 4: Música Popular y Folklórica Venezolana | composed | 11,approved
231650,522839,person,Luis Molina Pantin,YouTube Data API v3,9003,Luis Molina Pantín,accent_only,candidato_correcto_credito_exacto,9003,Luis Molina Pantín,3,Dioslepague | Venus Mixes | photos | album || La Corte | Código Demente | photos | album || La Corte | Imperia | photos | album,approved
231651,523775,person,Luis Montenegro,YouTube Data API v3,395,Luis Otero,fuzzy,candidato_equivocado_existe_credito_exacto,12796,Luis Montenegro,1,Todosantos | Aeropuerto | graphic design | album,open
231652,523560,person,Luis Morales Bance,YouTube Data API v3,161,Luis Morales,fuzzy,candidato_equivocado_existe_credito_exacto,13079,Luis Morales Bance,2,Serenata Guayanesa | Vol. 2: Música Popular y Folklórica Venezolana | composed | 12,open
231653,531330,person,Luis Olinto Medina,YouTube Data API v3,5810,Luis Pineda,fuzzy,candidato_equivocado_existe_credito_exacto,13144,Luis Olinto Medina,1,Serenata Guayanesa | Vol. 4: Música Popular y Folklórica Venezolana | lyrics written | 7,open
231654,534878,person,Luis Ortero,YouTube Data API v3,395,Luis Otero,fuzzy,candidato_equivocado_existe_credito_exacto,12626,Luis Ortero,2,"El Rastro | Dioses Terrestres | composed | 1,5,6,7",open
231668,534110,person,M. Panzari,YouTube Data API v3,9351,M. Panzeri,fuzzy,candidato_equivocado_existe_credito_exacto,12793,M. Panzari,2,The Six | Los Six | composed | 8,open
231669,527439,person,M. Panzeri,YouTube Data API v3,9351,M. Panzeri,canonical_exact,candidato_correcto_credito_exacto,9351,M. Panzeri,3,Various Artists | Pop And Op Musical Gente En Ambiente | composed | 7,approved
231665,515157,person,M. Arcas,YouTube Data API v3,367,Mauricio Arcas,alias_exact,candidato_con_variante_y_credito,367,Mauricio Arcas,13,"Los Amigos Invisibles | En Una Noche Tan Linda Como Esta | composed | 2 || Los Amigos Invisibles | En Una Noche Tan Linda Como Esta | composed | 5,14 || Los Amigos Invisibles | En Una Noche Tan Linda Como Esta | composed | 9,11,13,14",approved
231666,517105,person,M. Jagger,YouTube Data API v3,9158,Mick Jagger,fuzzy,candidato_equivocado_existe_credito_exacto,12856,M. Jagger,2,Various Artists | Segunda Experiencia Psicotomimética | composed | 7,open
231667,536289,person,M. Martínez,YouTube Data API v3,1945,Mario Martínez,alias_exact,candidato_con_variante_y_credito,1945,Mario Martínez,7,Planeador | Barcelona 10C | composed | 10 || Témpano | Témpano | composed | 3,approved
231680,521427,person,Marcial Cabrera,YouTube Data API v3,5313,Mario Labarca,fuzzy,candidato_equivocado_existe_credito_exacto,12895,Marcial Cabrera,1,El Clan Spiteri | Back To The 60's | a/r | album || El Clan Spiteri | Back To The 60's | concept | album || El Clan Spiteri | Beatlemanías | graphic design | album || El Clan Spiteri | De Vuelta A Los 60s | concept | album || El Clan Spiteri | De Vuelta A Los 60s | graphic design | album || Spiteri | Spiteri | manager a | album || Spiteri | Spiteri | r | album,open
231681,531289,person,Marco A. Rivera U,YouTube Data API v3,3341,Marco A. Ramirez,fuzzy,candidato_equivocado_existe_credito_exacto,13140,Marco A. Rivera U,1,Serenata Guayanesa | Vol. 4: Música Popular y Folklórica Venezolana | composed | 7,open
231682,514158,person,Marco Antonio Guerrier,YouTube Data API v3,2663,Marco Toro,fuzzy,candidato_equivocado_existe_credito_exacto,12619,Marco Antonio Guerrier,1,Dischord | The Constant Fear | photos | album,open
231683,522149,person,Marcos Banchero,YouTube Data API v3,3185,Marcelo Blanco,fuzzy,candidato_equivocado_existe_credito_exacto,12768,Marcos Banchero,1,Sentimiento Muerto | B-Side: El Amor Ya No Existe | photo | album || Sentimiento Muerto | El Amor Ya No Existe | photo | album,open
231684,544383,person,Marcos Mundarain,YouTube Data API v3,2937,Marcos Valera,fuzzy,candidato_equivocado_existe_credito_exacto,13075,Marcos Mundarain,1,Sentimiento Muerto | Sin Sombra No Hay Luz | fotolito gamma | album,open
231685,527239,person,Maria Consuelo Faria,YouTube Data API v3,7708,María Consuelo Armas,fuzzy,candidato_equivocado_existe_credito_exacto,12896,María Consuelo Faria,2,El Clan Spiteri | Beatlemanías | photos | album || Spiteri | Spiteri | photos | album,open
231686,520125,person,Mariana Cadavieco,YouTube Data API v3,1225,"Mariana ""Nana"" Cadavieco",fuzzy,candidato_con_variante_y_credito,1225,"Mariana ""Nana"" Cadavieco",6,"Nana Cadavieco | Exposé | composed | 1,7 || Nana Cadavieco | Exposé | composed | 2,3,5,6,8,10 || Nana Cadavieco | Exposé | composed | 4 || Nana Cadavieco | Exposé | composed | 9 || Todosantos | Aeropuerto | executive producer | album",approved
231687,520613,person,Marianela Vargas,YouTube Data API v3,4137,Mariela Vargas,fuzzy,candidato_equivocado_existe_credito_exacto,12824,Marianela Vargas,2,Various Artists | Caracas High Tech | executive production | album || Various Artists | Circuito NB1 | executive producer | album || Various Artists | Décimo Festival Nuevas Bandas | executive producer | album || Various Artists | El Pop Venezolano | executive production | album || Various Artists | El Subte Venezolano | executive production | album || Various Artists | Festival Nuevas Bandas Dosmiluno | executive production | album || Various Artists | Festival Nuevas Bandas: La Historia | executive production | album || Various Artists | Grabaciones Olvidadas | executive producer | album || Various Artists | Noveno Festival Nuevas Bandas | executive producer | album,open
231688,543001,person,Mariano De Tovar,YouTube Data API v3,453,Mariano Ast,fuzzy,candidato_equivocado_existe_credito_exacto,13016,Mariano De Tovar,2,Franco De Vita | Al Norte Del Sur | inside photos | album,open
231689,521390,person,Maribel,YouTube Data API v3,8892,Maribel,canonical_exact,candidato_correcto_credito_exacto,8892,Maribel,3,Desorden Público | ¿Dónde Está El Futuro? | graphic design | album,approved
231692,512486,person,Mariela Romero,YouTube Data API v3,7686,María E. Moreno,fuzzy,candidato_equivocado_existe_credito_exacto,12887,Mariela Romero,1,Claudio Corsi | Aire y Mar | lyrics written | 5,open
231706,538153,person,Marlon Morales,YouTube Data API v3,2832,"Marlon Morales ""Lou Fresco""",fuzzy,candidato_con_variante_y_credito,2832,"Marlon Morales ""Lou Fresco""",1,Lil Supa' | Serio | concept | album,approved
231707,527495,person,Marrocchi,YouTube Data API v3,7446,Mariachi,fuzzy,sin_coincidencia_concluyente,,,0,Various Artists | Pop And Op Musical Gente En Ambiente | composed | 12,open
231708,523738,person,Martin Allais,YouTube Data API v3,8482,Martín Morales,fuzzy,candidato_equivocado_existe_credito_exacto,13024,Martin Allais,1,Oscar Fanega | Solo Bass | solo visual sampling | album,open
231709,537563,person,Martinna Mas,YouTube Data API v3,9226,Martin,fuzzy,candidato_equivocado_existe_credito_exacto,12651,Martinna Mas,1,Jacktürbo | Jackturbo | model | album,open
231710,512390,person,Martín Imof,YouTube Data API v3,3149,Martín Imhof,fuzzy,candidato_equivocado_existe_credito_exacto,12570,Martín Imof,1,Sónica | SP Demos | graphic design | album,open
231711,535526,person,María,YouTube Data API v3,3447,Maritza,fuzzy,sin_coincidencia_concluyente,,,3,Sónica | Huellas | executive production | album,open
231712,526054,person,María A. Cámara De Freitas,YouTube Data API v3,8377,María A. Cámara De Freitas,canonical_exact,candidato_correcto_credito_exacto,8377,María A. Cámara De Freitas,2,Various Artists | El Alucinante Mundo Del Soul | production direction | album,approved
231713,543062,person,María Antonia Rodríguez,YouTube Data API v3,1336,María José Rodríguez,fuzzy,candidato_equivocado_existe_credito_exacto,12968,María Antonia Rodríguez,1,Repe | Grandes Verdades De Repe | photo | album,open
231714,521433,person,María Consuelo Faria,YouTube Data API v3,7708,María Consuelo Armas,fuzzy,candidato_equivocado_existe_credito_exacto,12896,María Consuelo Faria,2,El Clan Spiteri | Beatlemanías | photos | album || Spiteri | Spiteri | photos | album,open
231715,538186,person,"María Consuelo Fario ""La GoGo""",YouTube Data API v3,7708,María Consuelo Armas,fuzzy,candidato_equivocado_existe_credito_exacto,13138,"María Consuelo Fario ""La GoGo""",1,El Clan Spiteri | De Vuelta A Los 60s | photos | album,open
231716,544787,person,María E. Morón,YouTube Data API v3,7686,María E. Moreno,fuzzy,candidato_equivocado_existe_credito_exacto,13073,María E. Morón,1,Nana Cadavieco | Sonó Así | photos | album,open
231718,522954,person,María Elisa Alvarez,YouTube Data API v3,7752,María Elena Valdez,fuzzy,candidato_equivocado_existe_credito_exacto,12914,María Elisa Alvarez,1,Franco De Vita | Voces A Mi Alrededor | production coordinator | album,open
231672,540736,person,Manny Benito,YouTube Data API v3,1420,Manny B.,fuzzy,candidato_equivocado_existe_credito_exacto,12897,Manny Benito,1,Franco De Vita | Fuera De Este Mundo | executive producer | album,open
231675,518548,person,Manuel Angel,YouTube Data API v3,959,Manuel Rangel,fuzzy,candidato_equivocado_existe_credito_exacto,13034,Manuel Angel,1,Dimensión Latina | Una Dimensión De Éxitos | composed | 7,open
231676,517751,person,Manuel González Ruiz,YouTube Data API v3,9083,Manuel González,fuzzy,candidato_equivocado_existe_credito_exacto,12598,Manuel González Ruiz,2,C4 Trío | C4 Trío | graphic design | album,open
231678,521214,person,Manuel Macias Delfino,YouTube Data API v3,133,Manuel Macías,fuzzy,candidato_equivocado_existe_credito_exacto,257,Manuel Macías Delfino (†),1,Liqüet | Nada Es Eterno | all lyricis written | album,open
231679,515340,person,"Manuel Martin ""Asteroide B612""",YouTube Data API v3,6185,Manuel Martin,fuzzy,candidato_con_variante_y_credito,6185,Manuel Martin,1,APIX | La Cápsula | graphic design | album,approved
231693,523030,person,Mariela Sosa,YouTube Data API v3,8742,Mariela,fuzzy,candidato_equivocado_existe_credito_exacto,12919,Mariela Sosa,1,Franco De Vita | Voces A Mi Alrededor | photos | album,open
231695,528422,person,Marielena Elverdin,YouTube Data API v3,8742,Mariela,fuzzy,candidato_equivocado_existe_credito_exacto,12970,Marielena Elverdin,3,Repe | Reset | photos | album,open
231696,533811,person,Marina Corina Rodríguez,YouTube Data API v3,1336,María José Rodríguez,fuzzy,candidato_equivocado_existe_credito_exacto,13094,Marina Corina Rodríguez,1,Various Artists | Caracas Underground | cover photo | album,open
231697,513671,person,Mario Alonso,YouTube Data API v3,6241,Mario Alfonso,fuzzy,candidato_equivocado_existe_credito_exacto,13152,Mario Alonso,1,Frank Quintero & Los Balzehaguaos | Despues De La Tormenta | recorded | 10,open
231698,516382,person,Mario Houben,YouTube Data API v3,9099,Mario,fuzzy,candidato_equivocado_existe_credito_exacto,12905,Mario Houben,1,Franco De Vita | Nada Es Igual | graphic design | album || Franco De Vita | Stop | graphic design | album,open
231699,543811,person,Mario Loaiza,YouTube Data API v3,2537,Mario Arias,fuzzy,candidato_equivocado_existe_credito_exacto,12665,Mario Loaiza,1,La Mosca Punk | Latinoamérica PunkHardcore | photos | album,open
231700,538364,person,Mario Tepedino,YouTube Data API v3,8351,María Tepedino,fuzzy,candidato_equivocado_existe_credito_exacto,12839,Mario Tepedino,2,Various Artists | La Otra Magia De Los 60 & 70 | executive production | album,open
231703,538742,person,Maritza Pacheco,YouTube Data API v3,3447,Maritza,fuzzy,candidato_equivocado_existe_credito_exacto,12960,Maritza Pacheco,2,Pedro Manuel Bolívar | Aurora | executive production | album,open
231704,535834,person,Marlene,YouTube Data API v3,6216,Marlene,canonical_exact,candidato_correcto_credito_exacto,6216,Marlene,3,Las Cuatro Monedas | Los Grandes Éxitos | composed | 12,approved
231705,542270,person,Marlon Lares,YouTube Data API v3,2832,"Marlon Morales ""Lou Fresco""",fuzzy,candidato_equivocado_existe_credito_exacto,12701,Marlon Lares,1,Los Gusanos | El Ritual Del Vacilón | inside photos | album,open
231719,544589,person,María Eugenia Zandoval,YouTube Data API v3,2263,María Eugenia Ibarra,fuzzy,candidato_equivocado_existe_credito_exacto,12565,María Eugenia Zandoval,2,Ricochet | Ahüzenciä | art | album,open
231720,538763,person,María Fernanda Leal,YouTube Data API v3,6913,María Fernanda Montero,fuzzy,candidato_equivocado_existe_credito_exacto,12961,María Fernanda Leal,1,Pedro Manuel Bolívar | Aurora | graphic design | album || Pedro Manuel Bolívar | Aurora | photos | album,open
231721,543078,person,María Gomez,YouTube Data API v3,7844,Mariana Gómez,fuzzy,candidato_equivocado_existe_credito_exacto,12614,María Gomez,1,Desorden Público | En Descomposición | executive production | album,open
231722,513408,person,María Grever,YouTube Data API v3,8817,María Grever,canonical_exact,candidato_correcto_credito_exacto,8817,María Grever,1,Yordano | ¡Qué Lindas Son! | composed | 2,approved
231723,529399,person,"María Isabel ""Bubu"" Alvarez",YouTube Data API v3,8882,Maria Isabel,fuzzy,candidato_equivocado_existe_credito_exacto,12613,"María Isabel ""Bubu"" Alvarez",2,Desorden Público | Canto Popular De La Vida y Muerte | illustrations | album,open
231724,519876,person,María José Jijón,YouTube Data API v3,683,María José Serrano,fuzzy,candidato_equivocado_existe_credito_exacto,12719,María José Jijón,2,Malanga | Ta' Trancao | graphic design | album,open
231725,523539,person,María Luisa Escobar,YouTube Data API v3,4314,María Luisa Díaz,fuzzy,candidato_equivocado_existe_credito_exacto,13077,María Luisa Escobar,2,Serenata Guayanesa | Vol. 2: Música Popular y Folklórica Venezolana | composed | 4,open
231726,519539,person,María Virginia Mejía,YouTube Data API v3,3718,María Virginia Salinas,fuzzy,candidato_equivocado_existe_credito_exacto,13150,María Virginia Mejía,1,"Various Artists | Rock: ""El Compilado"" Vol. 2 | model | album",open
231728,533927,person,Matatigre,YouTube Data API v3,6776,Matatigre,canonical_exact,candidato_correcto_credito_exacto,6776,Matatigre,1,Tribop | Vol. 1 | graphic design & art concept | album,approved
231729,539410,person,Matzak,YouTube Data API v3,3447,Maritza,fuzzy,sin_coincidencia_concluyente,,,0,Garnica | Cae Nieve En Caracas | remixed | 9,open
231731,530237,person,"Mauricio ""Enano"" Montero",YouTube Data API v3,7899,Mauricio Anton,fuzzy,candidato_equivocado_existe_credito_exacto,12826,"Mauricio ""Enano"" Montero",2,Various Artists | Chillout Venezuela | mixed | 12 || Various Artists | Chillout Venezuela | recorded | 12,open
231732,522761,person,Mauricio Amoroso,YouTube Data API v3,367,Mauricio Arcas,fuzzy,candidato_equivocado_existe_credito_exacto,12876,Mauricio Amoroso,4,Claroscuro | El Viaje De Una Vida | photos | album || Yátu | Gandharva | photo | album,open
231734,539119,person,Mauricio Bracamonte,YouTube Data API v3,3508,Mauricio Barroeta,fuzzy,candidato_equivocado_existe_credito_exacto,12946,Mauricio Bracamonte,2,Mulato | Mulato | assistant engineer | album,open
231735,521798,person,Mauricio Laluz,YouTube Data API v3,8834,Mauricio Silva,fuzzy,candidato_equivocado_existe_credito_exacto,13110,Mauricio Laluz,4,Los Mentas | Dueño De Un Bar | graphic design | album || Los Mentas | Dueño De Un Bar | photos | album || Los Mentas | Hasta Que Los Bares Nos Separen | graphic design | album || Los Mentas | Mundo Porno | graphic design | album || Los Mentas | Mundo Porno | photos | album || Los Mentas | Taguara's Forever | graphic design | album || Los Mentas | Taguara's Forever | photos | album,open
231737,514314,person,Mauro Giani,YouTube Data API v3,2863,Maurio Scavroni,fuzzy,candidato_equivocado_existe_credito_exacto,12982,Mauro Giani,1,Vytas Brenner | Hermanos | photos | album,open
231738,545523,person,Mauro Quiroga,YouTube Data API v3,2058,Mauro Trotta,fuzzy,candidato_equivocado_existe_credito_exacto,12784,Mauro Quiroga,1,Spias | Tres Cruces | photos | album,open
231740,518038,person,McCartney,YouTube Data API v3,9209,McCartney,canonical_exact,candidato_correcto_credito_exacto,9209,McCartney,4,"Arkangel | Rock Nacional | written | 11 || Los Beat3 | ¡En Vivo! | composed | album || Los Buitres | Los Buitres | composed | album || Los Impala | Impala's 66 | composed | 1,9,11 || Los Impala | Los Impala | composed | 2,8,10 || The Six | Los Six | composed | 10 || Various Artists | Caracas 400 Gente En Ambiente | composed | 3",approved
231753,536228,person,Miguel Angel Caputo,YouTube Data API v3,5545,Miguel Angel Maduro,fuzzy,candidato_equivocado_existe_credito_exacto,12730,Miguel Angel Caputo,1,Mochuelo | Mochuelo | executive production | album,open
231754,519903,person,Miguel Angel Machado,YouTube Data API v3,1209,"Miguel Angel Machado ""Chivo""",fuzzy,candidato_con_variante_y_credito,1209,"Miguel Angel Machado ""Chivo""",2,Los Últimos Indocumentados | Los Últimos Indocumentados | composed | album,approved
231755,527271,person,Miguel Angel Robaina,YouTube Data API v3,11027,Miguel Angel Landa,fuzzy,candidato_equivocado_existe_credito_exacto,12984,Miguel Angel Robaina,2,Vytas Brenner | La Ofrenda De Vytas Brenner | photos | album,open
231756,542713,person,Miguel D' Donato,YouTube Data API v3,6697,Miguel D' Donato,canonical_exact,sin_coincidencia_concluyente,,,0,"TLX | 33 Minutos y En Auto | mixed | 5,6,9",open
231757,512866,person,Miguel Gonzáles,YouTube Data API v3,2704,"Miguel Gonzáles ""El Enano""",alias_exact,candidato_con_variante_y_credito,2704,"Miguel Gonzáles ""El Enano""",1,"Caramelos De Cianuro | Harakiri City | composed | 3,5,13 || Various Artists | Harakiri City: Tributo A Caramelos De Cianuro | composed | 3,5,13",approved
231758,531261,person,Miguel Jaspe,YouTube Data API v3,8735,Miguel Jaimes,fuzzy,candidato_equivocado_existe_credito_exacto,12867,Miguel Jaspe,2,Various Artists | Show De Boleros | video master recordings | album,open
231759,513371,person,Miguel Karroum,YouTube Data API v3,2102,Miguel Porras,fuzzy,candidato_equivocado_existe_credito_exacto,12724,Miguel Karroum,1,Mata Rica | Pachanga Punk | photos | album || Mata Rica | Ritmo Revolución | photos | album,open
231760,513429,person,Miguel Mantamoros,YouTube Data API v3,3060,Miguel Toro,fuzzy,candidato_equivocado_existe_credito_exacto,13003,Miguel Mantamoros,1,Yordano | ¡Qué Lindas Son! | composed | 5,open
231763,535903,person,Miguel Ángel Jaimes,YouTube Data API v3,2500,Miguel Ahgel Mieres,fuzzy,candidato_equivocado_existe_credito_exacto,12682,Miguel Ángel Jaimes,1,Las Cuatro Monedas | Los Grandes Éxitos | graphic design | album,open
231764,518576,person,Miguelito Valdéz,YouTube Data API v3,8829,Miguelito Valdéz,canonical_exact,candidato_correcto_credito_exacto,8829,Miguelito Valdéz,1,Dimensión Latina | Una Dimensión De Éxitos | composed | 11,approved
231789,538694,person,"Nestor Santana ""Nessr""",YouTube Data API v3,4524,Néstor Rosales,fuzzy,candidato_equivocado_existe_credito_exacto,13011,"Nestor Santana ""Nessr""",1,"Canserbero | Guía Para La Acción | produced | 6,16",open
231790,516124,person,Nestor Veitor,YouTube Data API v3,179,Nestor Toro,fuzzy,candidato_equivocado_existe_credito_exacto,12538,Nestor Veitor,2,Elektra | Transformer | assistant recording | album,open
231792,515996,person,Nicolas Estrada,YouTube Data API v3,4052,Nicolas Boada,fuzzy,candidato_equivocado_existe_credito_exacto,12729,Nicolas Estrada,1,Mermelada Bunch | Pum Pum | composed | 11,open
231793,533075,person,Nicolas Folmer,YouTube Data API v3,8060,Nicolas Tovar,fuzzy,candidato_equivocado_existe_credito_exacto,13139,Nicolas Folmer,2,Pablo Gill | Suka Jazz En Directo | written | 5,open
231794,538687,person,"Nicolás Pappaterra ""NicoJP""",YouTube Data API v3,7181,Nicolás Alvarado,fuzzy,candidato_equivocado_existe_credito_exacto,13010,"Nicolás Pappaterra ""NicoJP""",1,Canserbero | Guía Para La Acción | produced | 1,open
231795,523750,person,Nicolás Volpe,YouTube Data API v3,3397,Nicolai Sarpe,fuzzy,candidato_equivocado_existe_credito_exacto,13026,Nicolás Volpe,1,Oscar Fanega | Solo Bass | luthier | album,open
231730,543924,person,Matías Pinto D'Lacoste,YouTube Data API v3,6160,Matías Pinto D´Lacoste,fuzzy,candidato_correcto_credito_exacto,6160,Matías Pinto D´Lacoste,2,La Muy Bestia Pop | Deux Ex Machina | photo | album,approved
231742,517209,person,Mena,YouTube Data API v3,9406,Mena,canonical_exact,candidato_correcto_credito_exacto,9406,Mena,3,Joystick | Lonchera | composed | album,approved
231743,535820,person,Michel Fugain,YouTube Data API v3,9673,Michel Fugain,canonical_exact,candidato_correcto_credito_exacto,9673,Michel Fugain,2,Las Cuatro Monedas | Los Grandes Éxitos | composed | 9,approved
231744,519882,person,Michel Rivero,YouTube Data API v3,2488,Michael Barbiero,fuzzy,candidato_equivocado_existe_credito_exacto,12720,Michel Rivero,2,Malanga | Ta' Trancao | graphic design | album,open
231745,525997,person,Mick Jagger,YouTube Data API v3,9158,Mick Jagger,canonical_exact,candidato_correcto_credito_exacto,9158,Mick Jagger,2,Various Artists | El Alucinante Mundo Del Soul | composed | 9,approved
231746,528538,person,Mickey,YouTube Data API v3,11970,Micky,fuzzy,sin_coincidencia_concluyente,,,1,"Tomates Fritos | Odissey | recorded live | 8,9,10,11 || Various Artists | Miércoles Insólitos | recorded live | album",open
231749,520946,person,Migue Hernández,YouTube Data API v3,945,Miguel Hernández,fuzzy,candidato_equivocado_existe_credito_exacto,13124,Migue Hernández,2,Radioclip | Brilla | composed | 3,open
231750,521902,person,"Miguel ""Puyitas"" Varela",YouTube Data API v3,8399,Miguel Zavaleta,fuzzy,sin_coincidencia_concluyente,,,1,Poster | Despúes Del Frío | assistant engineer | album,open
231751,543846,person,Miguel Angel,YouTube Data API v3,4200,Miguel Antelo,fuzzy,candidato_equivocado_existe_credito_exacto,12666,Miguel Angel,1,"La Muy Bestia Pop | Deux Ex Machina | mixed | 1,2,4,7",open
231766,525819,person,Mike Couzi,YouTube Data API v3,666,Mike Couzzi,fuzzy,candidato_equivocado_existe_credito_exacto,12909,Mike Couzi,4,Franco De Vita | Stop | recording engineers | album,open
231767,537762,person,Mike Creswell,YouTube Data API v3,7537,Mike Creswell,canonical_exact,sin_coincidencia_concluyente,,,0,"Los Amigos Invisibles | Arepa 3000: A Venezuelan Journey Into Space | mixed | 2,3,5",open
231768,539943,person,Mike Kennedy,YouTube Data API v3,11640,Mike Kennedy,canonical_exact,candidato_correcto_credito_exacto,11640,Mike Kennedy,3,Henrique Lazo | Henrique Lazo | composed | 9,approved
231769,545245,person,Miriam Troconis,YouTube Data API v3,870,Miriam Espín,fuzzy,candidato_equivocado_existe_credito_exacto,12763,Miriam Troconis,3,Sentimiento Muerto | Aunque Usted No Lo Quiera | cover concept | album || Sentimiento Muerto | Aunque Usted No Lo Quiera | graphic design | album,open
231770,516130,person,Misael Sanchez,YouTube Data API v3,3768,Samuel Sánchez,fuzzy,candidato_equivocado_existe_credito_exacto,12539,Misael Sanchez,1,Elektra | Transformer | electronic equipment design | album,open
231772,523140,person,Moises Flores,YouTube Data API v3,3453,Moisés Szarf,fuzzy,candidato_equivocado_existe_credito_exacto,1496,Moisés Flores,6,"Sofía Insomnia | Breve Casi Eterno | composed | 5 || Sofía Insomnia | Breve Casi Eterno | composed | 1,4,8,9,10 || Sofía Insomnia | Breve Casi Eterno | executive production | album",open
231773,545835,person,Moises Szarf,YouTube Data API v3,1496,Moisés Flores,fuzzy,candidato_equivocado_existe_credito_exacto,3453,Moisés Szarf,1,"Ojo Fatuo | Ojo Fatuo | composed | 5,6,12",open
231774,525648,person,Monreal,YouTube Data API v3,9626,Moreán,fuzzy,sin_coincidencia_concluyente,,,1,Various Artists | Caracas 400 Gente En Ambiente | composed | 9,open
231775,515575,person,Mora,YouTube Data API v3,3696,Moraes,fuzzy,sin_coincidencia_concluyente,,,1,Famasloop | La Quema | written | 2,open
231777,542832,person,Mr. Horny,YouTube Data API v3,7472,Mr. Renny,fuzzy,candidato_equivocado_existe_credito_exacto,12675,Mr. Horny,2,Laberinto | Freakeao | cover | album,open
231779,527453,person,Muriella,YouTube Data API v3,9353,Munella,fuzzy,sin_coincidencia_concluyente,,,4,The Six | Los Six | composed | 8 || Various Artists | Pop And Op Musical Gente En Ambiente | composed | 7,open
231780,545656,person,N. Scarola,YouTube Data API v3,3434,Nicky Scarola,alias_exact,candidato_con_variante_y_credito,3434,Nicky Scarola,2,"Various Artists | La Respuesta | composed | 1,9",approved
231781,544526,person,Nacho,YouTube Data API v3,7267,Nacho Maño,fuzzy,sin_coincidencia_concluyente,,,1,Ricochet | Ahüzenciä | lyrics | 2,open
231782,518873,person,Nacho Gala,YouTube Data API v3,1173,Nacho Arévalo,fuzzy,candidato_equivocado_existe_credito_exacto,12721,Nacho Gala,1,Malanga | Tren De Vuelta | assistant engineer | album || Tisuby & Georgina | Ruleta Del Amor | assistant engineer | album,open
231783,525731,person,Napoleon Bravo,YouTube Data API v3,8378,Napoleon Bravo,canonical_exact,candidato_correcto_credito_exacto,8378,Napoleon Bravo,3,Various Artists | Caracas 400 Gente En Ambiente | a | album || Various Artists | Caracas 400 Gente En Ambiente | r | album,approved
231785,519613,person,Nathalie De Laet,YouTube Data API v3,8051,Nathalie De Laet RPM Artes Gráficas,fuzzy,candidato_equivocado_existe_credito_exacto,12954,Nathalie De Laet,1,Pablo Dagnino | Biorritmos | graphic design | album,open
231797,531528,person,Nilz,YouTube Data API v3,4927,Nilz,canonical_exact,candidato_correcto_credito_exacto,4927,Nilz,1,Billy Se Fue | Para Siempre | lyrics written | 3,approved
231798,538976,person,Nino Ferrer,YouTube Data API v3,9489,Nino Ferrer,canonical_exact,candidato_correcto_credito_exacto,9489,Nino Ferrer,3,Los Amigos Invisibles | Superpop Venezuela | composed | 14,approved
231799,540598,person,Noel Silva,YouTube Data API v3,2848,Angel Silva,fuzzy,candidato_equivocado_existe_credito_exacto,12601,Noel Silva,5,Candy66 | Evolutio | executive production | album,open
231800,531824,person,Noel Silva Dominguez,YouTube Data API v3,8927,Noel Davies,fuzzy,candidato_equivocado_existe_credito_exacto,12881,Noel Silva Dominguez,1,Candy66 | 5 Mundos | executive production | album,open
231801,525925,person,Norma Méndez,YouTube Data API v3,4771,Ramón Méndez,fuzzy,candidato_equivocado_existe_credito_exacto,12883,Norma Méndez,1,Caramelos De Cianuro | B-Sides: Miss Mujerzuela | model | album,open
231813,523732,person,Oscar Fanegas,YouTube Data API v3,2043,Oscar Fanega,fuzzy,candidato_equivocado_existe_credito_exacto,13023,Oscar Fanegas,1,Oscar Fanega | Solo Bass | composed | album,open
231815,517364,person,Oswaldo Cintron,YouTube Data API v3,5871,Oswaldo Pinto,fuzzy,candidato_equivocado_existe_credito_exacto,4628,Oswaldo Cintrón,2,The Asbestos | Alzheimer | art & graphic design | album || The Asbestos | Alzheimer | concept | album || The Asbestos | Waking The Nightmares | art & graphic design | album || The Asbestos | Waking The Nightmares | concept | album,open
231821,515136,person,P. Harmsworth,YouTube Data API v3,9495,P. Hamsworth,fuzzy,candidato_equivocado_existe_credito_exacto,12692,P. Harmsworth,8,"Los Amigos Invisibles | En Una Noche Tan Linda Como Esta | composed | 11,12",open
231828,515715,person,Pablo Iranzo,YouTube Data API v3,2713,Pablo Martínez,fuzzy,candidato_equivocado_existe_credito_exacto,12532,Pablo Iranzo,2,"Americania | Otra Tarde Más | graphic design | album || Famasloop | La Quema | graphic design | album || KP9000 | KP9000 | illustrations | album || La Vida Bohème | Nuestra | art & graphic design | album || Los Mesoneros | EP | graphic design | album || Los Mesoneros | No Puedes Ver | graphic design | album || Majarete Sound Machine | Real, Orgánico y Baile | graphic design | album",open
231829,547465,person,Pablo Souto,YouTube Data API v3,4744,Pablo Solano,fuzzy,candidato_equivocado_existe_credito_exacto,12653,Pablo Souto,4,KP9000 | KP9000 | photos | album,open
231830,517077,person,Pace,YouTube Data API v3,9087,Pace,canonical_exact,candidato_correcto_credito_exacto,9087,Pace,3,Various Artists | Segunda Experiencia Psicotomimética | composed | 5,approved
231831,541390,person,Pachi Jiménez,YouTube Data API v3,4128,Pachi Jiménez,canonical_exact,candidato_correcto_credito_exacto,4128,Pachi Jiménez,1,Tomates Fritos | Hombre Bala | composed | 7,approved
231832,516764,person,Pacífica,YouTube Data API v3,6731,Pacífica,canonical_exact,candidato_correcto_credito_exacto,6731,Pacífica,2,Horacero | Fusil | composed | 4 || Pacífica | 01 | composed | album || Pacífica | D'Art | cover concept | album,approved
231835,518316,person,PapaShanty SaundSystem,YouTube Data API v3,1015,PapaShanty,fuzzy,sin_coincidencia_concluyente,,,0,PapaShanty Saund System | Ashanty Granpa | composed | album,open
231847,525446,person,Paula Salina,YouTube Data API v3,4799,Paula SantaCruz,fuzzy,candidato_equivocado_existe_credito_exacto,12818,Paula Salina,1,Ultrachic | Ultrachic | model | album,open
231848,513170,person,Paz,YouTube Data API v3,8674,Pa,fuzzy,sin_coincidencia_concluyente,,,2,RC2 | Future Awaits | composed | album,open
231849,534023,person,Paúl Suescun,YouTube Data API v3,3556,Paul Stein,fuzzy,candidato_equivocado_existe_credito_exacto,8923,Paul Suescún,1,Desorden Público | Estrellas Del Caos | recording assistant | album || E-óN | Ticket To Youkali | assistant engineer | album,open
231850,531005,person,"Pedro ""Boxer"" Itriago",YouTube Data API v3,259,Pedro Itriago,fuzzy,candidato_con_variante_y_credito,259,Pedro Itriago,1,Desorden Público | Plomo Revienta | recorded | 18,approved
231852,526624,person,Pedro Fajardo,YouTube Data API v3,4936,Pedro Padrón,fuzzy,candidato_equivocado_existe_credito_exacto,12791,Pedro Fajardo,1,The Last April | The Last April | graphic design | album || Various Artists | U-Rock Discos | graphic design | album,open
231853,513757,person,Pedro Francisco Lizardo,YouTube Data API v3,1870,Pedro Alfonzo,fuzzy,candidato_equivocado_existe_credito_exacto,12664,Pedro Francisco Lizardo,1,La Misma Gente | Somos Todos | lyrics written | 6,open
231855,538736,person,Pedro José Bolívar,YouTube Data API v3,6441,Pedro Bolivar,fuzzy,candidato_equivocado_existe_credito_exacto,12959,Pedro José Bolívar,2,Pedro Manuel Bolívar | Aurora | executive production | album,open
231856,523869,person,Pedro Leonardo González,YouTube Data API v3,1738,Pedro Florenzano,fuzzy,candidato_equivocado_existe_credito_exacto,13007,Pedro Leonardo González,2,Yátu | Extraño Mundo | photos | album,open
231857,545130,person,Pedro Mendez,YouTube Data API v3,2362,Pedro Mendoza,fuzzy,candidato_equivocado_existe_credito_exacto,12989,Pedro Mendez,1,Vytas Brenner | Vytas | photo | album,open
231788,526202,person,Nestor Caballero,YouTube Data API v3,4608,Néstor Arguello,fuzzy,candidato_equivocado_existe_credito_exacto,12848,Nestor Caballero,1,Various Artists | Se Llama Simón | playright written | album,open
231802,518280,person,Néstor Vincero,YouTube Data API v3,11881,Néstor Zavarce,fuzzy,candidato_equivocado_existe_credito_exacto,12785,Néstor Vincero,1,"Subsonus | Alias | executive production | album || Subsonus | Grandes Razones, Fuertes Acciones | executive producer | album",open
231803,535896,person,O'Brien,YouTube Data API v3,6213,O'Brien,canonical_exact,candidato_correcto_credito_exacto,6213,O'Brien,1,"Las Cuatro Monedas | Los Grandes Éxitos | lyrics | 10,11",approved
231805,537144,person,Olga Trinidad Diez,YouTube Data API v3,8994,Olga Trinidad Diez y Riega,fuzzy,candidato_equivocado_existe_credito_exacto,12615,Olga Trinidad Diez,3,Dioslepague | Música Para Los Apóstoles Madres | executive production | album,open
231807,545467,person,Omar Sawaya,YouTube Data API v3,5614,Omar Amaya,fuzzy,otro_candidato_variante_con_credito,2145,Omar Naim Sawaya,2,Spias | Tres Cruces | written | 10,open
231810,527776,person,Orlando Alvarado,YouTube Data API v3,4141,Orlando Alvarado,canonical_exact,sin_coincidencia_concluyente,,,3,"Various Artists | Décimo Festival Nuevas Bandas | asistant engineers | album || Various Artists | Décimo Festival Nuevas Bandas | recorded live | album || Various Artists | Festival Nuevas Bandas Dosmiluno | mixed | 1,2,6,8,9 || Various Artists | Festival Nuevas Bandas Dosmiluno | mixed | 4 || Various Artists | Noveno Festival Nuevas Bandas | recorded live | album",open
231812,534517,person,Oscar Calle,YouTube Data API v3,4168,Oscar Aldrey,fuzzy,candidato_equivocado_existe_credito_exacto,12740,Oscar Calle,1,Palmeras Kanibales | La Ruta | composed | 12,open
231818,542890,person,Otto Marquez,YouTube Data API v3,7574,Otto Rodríguez,fuzzy,sin_coincidencia_concluyente,,,0,Los Pixel | En Vivo | recorded live | album,open
231819,524119,person,P. Castillo,YouTube Data API v3,7079,Castillo,fuzzy,candidato_con_variante_y_credito,7079,Castillo,6,"Aditus | En Concierto En Este País | composed | album || Aditus | En Concierto En Este País | composed | 13 || Aditus | En Concierto En Este País | composed | 4,9",open
231820,513110,person,P. Gillman,YouTube Data API v3,4090,Gillman,fuzzy,candidato_equivocado_existe_credito_exacto,12921,P. Gillman,2,Gillman | Escalofrío | composed | 13,open
231822,514212,person,P. Rodríguez,YouTube Data API v3,7981,P. Rodríguez,canonical_exact,candidato_correcto_credito_exacto,7981,P. Rodríguez,1,"Azúcar, Cacao & Leche | Azúcar, Cacao & Leche Vol. 1 | composed | 4",approved
231823,518767,person,P.T.T. Lizardo,YouTube Data API v3,4720,PTT Lizardo,article_variant,candidato_correcto_credito_exacto,4720,PTT Lizardo,1,Desiderata | Desiderata | composed | 9 || Desiderata | Desiderata | written | 9 || La Misma Gente | La Misma Gente | written | album,approved
231825,515733,person,Pablo Bernasconi,YouTube Data API v3,655,Pablo Bencid,fuzzy,candidato_equivocado_existe_credito_exacto,12639,Pablo Bernasconi,2,Famasloop | La Quema | art direction | album || Famasloop | La Quema | artwork & logo | album,open
231826,517712,person,Pablo Camacaro,YouTube Data API v3,2888,Pablo Mora,fuzzy,candidato_equivocado_existe_credito_exacto,12596,Pablo Camacaro,2,C4 Trío | C4 Trío | composed | 9,open
231836,524332,person,Patricia Grassi,YouTube Data API v3,8314,Patrizia Grassi,fuzzy,candidato_equivocado_existe_credito_exacto,12810,Patricia Grassi,3,Témpano | Childhood's End / El Fin De La Infancia | photos | album,open
231837,524631,person,Patricia Prestigiacomo,YouTube Data API v3,6508,Patricia Bravo,fuzzy,sin_coincidencia_concluyente,,,0,Los Pixel | Cuanto Cuesta | photo | album,open
231838,544686,person,"Patricia Van Dalen ""Jardín Lumínico""",YouTube Data API v3,3633,Patricia Anuel,fuzzy,candidato_equivocado_existe_credito_exacto,13100,"Patricia Van Dalen ""Jardín Lumínico""",1,"Various Artists | Venezuela Electrónica Vol. 3 ""Mestizo"" | graphic design | album",open
231839,514027,person,Patrick Dolante,YouTube Data API v3,5939,Patrick Jansen,fuzzy,candidato_equivocado_existe_credito_exacto,12618,Patrick Dolante,2,Dischord | Sounds Of A Broken Nation | photos | album,open
231840,531482,person,Paul Jatem,YouTube Data API v3,2850,Paul Jaten,fuzzy,candidato_equivocado_existe_credito_exacto,3299,Paúl Jatem,1,Material Tóxico | Material Tóxico | mastered | album || Material Tóxico | Material Tóxico | mixed | album || Material Tóxico | Material Tóxico | recorded | album,open
231841,524791,person,Paul Jatern,YouTube Data API v3,2850,Paul Jaten,fuzzy,candidato_equivocado_existe_credito_exacto,13029,Paul Jatern,1,Yátu | La Condición De Este Mundo | backing vocals recorded | 8,open
231842,542978,person,Paul Rangel,YouTube Data API v3,7884,Paul van Driel,fuzzy,candidato_equivocado_existe_credito_exacto,13014,Paul Rangel,3,Franco De Vita | Al Norte Del Sur | recording assistants | album,open
231843,529429,person,Paul Rengel,YouTube Data API v3,4088,Paul,fuzzy,candidato_equivocado_existe_credito_exacto,12566,Paul Rengel,2,Spias | Símbolos Extraños | assistants | album,open
231861,518439,person,Pedro Pérez Márques,YouTube Data API v3,1024,Pedro Pérez Márquez,fuzzy,candidato_equivocado_existe_credito_exacto,12889,Pedro Pérez Márques,1,DJ Afro | Free | composed | 3,open
231862,514021,person,Pedro Sandoval,YouTube Data API v3,5187,Pedro Sun,fuzzy,candidato_equivocado_existe_credito_exacto,12617,Pedro Sandoval,2,Dischord | Sounds Of A Broken Nation | photos | album,open
231863,513317,person,Pedro Wassan,YouTube Data API v3,2969,Pedro Wazzan,fuzzy,candidato_equivocado_existe_credito_exacto,12973,Pedro Wassan,1,Sónica | Lo Que Escribo Sobre Ti | photos | album,open
231864,527481,person,Penniman,YouTube Data API v3,9308,Peña,fuzzy,sin_coincidencia_concluyente,,,0,Various Artists | Pop And Op Musical Gente En Ambiente | composed | 11,open
231858,512636,person,Pedro Pacheco,YouTube Data API v3,1698,Pedro Chacón,fuzzy,candidato_equivocado_existe_credito_exacto,12556,Pedro Pacheco,2,Los Gusanos | Del Barrio Sur | graphic design | album || Los Gusanos | Del Barrio Sur | photos | album || Los Gusanos | Días De Furia | graphic design | album || Los Gusanos | Días De Furia | photos | album,open
231859,538876,person,Pedro Perez,YouTube Data API v3,5895,Pedro Cerezo,fuzzy,candidato_equivocado_existe_credito_exacto,5602,Pedro Pérez,5,"Los Amigos Invisibles | En Una Noche Tan Linda Como Esta | composed | 7 || Los Amigos Invisibles | Superpop Venezuela | composed | 6 || PP'S | Tercera Guerra Musical | composed | album || PP'S | Tercera Guerra Musical | composed | 2,3,8 || PP'S | Tercera Guerra Musical | composed | 4",open
231868,545406,person,Petrulia,YouTube Data API v3,4596,Petrula,fuzzy,sin_coincidencia_concluyente,,,0,Petrula | Oración Políglota Para Salvar Al Mundo | all arragements | album,open
231903,512988,person,Rafael Roa,YouTube Data API v3,8898,Rafael Sosa,fuzzy,candidato_equivocado_existe_credito_exacto,12734,Rafael Roa,2,Mulato | Evolución? | assistant engineers | album,open
231905,513492,person,Rafael Salvatore,YouTube Data API v3,6033,Rafael Solarte,fuzzy,candidato_equivocado_existe_credito_exacto,12994,Rafael Salvatore,1,Yordano | De Sol A Sol | photos | album || Yordano | ¡Qué Lindas Son! | photos | album,open
231907,545571,person,Rafi Guerrero,YouTube Data API v3,5554,Rafael Guerrrero,fuzzy,candidato_equivocado_existe_credito_exacto,12975,Rafi Guerrero,2,Sónica | Tarde o Temprano | executive production | album,open
231908,531661,person,Ram Martínez,YouTube Data API v3,2617,Max Martínez,fuzzy,candidato_equivocado_existe_credito_exacto,12715,Ram Martínez,1,"Majarete Sound Machine | Real, Orgánico y Baile | photos | album",open
231909,512596,person,Ramiro Fernández,YouTube Data API v3,3357,Mario Fernández,fuzzy,candidato_equivocado_existe_credito_exacto,12579,Ramiro Fernández,1,Agresión | Cultura 3 | drawings | album,open
231910,522289,person,"Ramses ""Faraon"" Alegría",YouTube Data API v3,4693,Ramses Alegría,fuzzy,candidato_con_variante_y_credito,4693,Ramses Alegría,1,Fauna Crepuscular | El Primero Siempre Es Rápido | assistant engineer | album || Fauna | Puño y Letra | assistant engineer | album,approved
231911,530735,person,Ramsés Alegría,YouTube Data API v3,2412,Ramsés Antolines,fuzzy,candidato_equivocado_existe_credito_exacto,4693,Ramses Alegría,4,Los Astrolabios | Todo Es Rosa | recording assistant | album || Mermelada Bunch | La Novela | additional recordings | album,open
231914,520553,person,Ramón I. Méndez A,YouTube Data API v3,4771,Ramón Méndez,fuzzy,candidato_equivocado_existe_credito_exacto,12590,Ramón I. Méndez A,2,Antena Mantis | Insecto Milenario | photos | album,open
231917,532049,person,Ramón Nova,YouTube Data API v3,4772,Ramón,fuzzy,candidato_equivocado_existe_credito_exacto,12657,Ramón Nova,2,"King Changó | The Return of El Santo | produced | 1,4,5",open
231918,522828,person,Ramón París,YouTube Data API v3,4946,Ramón Pita,fuzzy,candidato_equivocado_existe_credito_exacto,12658,Ramón París,2,La Corte | Imperia | graphic design | album || La Corte | Imperia | photos | album,open
231921,546699,person,Raul Ramírez,YouTube Data API v3,4325,Raúl Riera,fuzzy,candidato_equivocado_existe_credito_exacto,12559,Raul Ramírez,1,"Marilanne | Somos Jóvenes, Me Quiero Divertir | graghic design | album",open
231922,517535,person,Raylú Rangel,YouTube Data API v3,9228,Raul Renal,fuzzy,candidato_equivocado_existe_credito_exacto,12773,Raylú Rangel,2,Serenata Guayanesa | Vol. 1: Música Popular y Folklórica Venezolana | graphic design | album || Serenata Guayanesa | Vol. 2: Música Popular y Folklórica Venezolana | graphic design | album || Serenata Guayanesa | Vol. 3: Música Popular y Folklórica Venezolana | graphic design | album,open
231939,518534,person,Ricardo Fábregas,YouTube Data API v3,1147,Ricardo Parra,fuzzy,candidato_equivocado_existe_credito_exacto,13032,Ricardo Fábregas,1,Dimensión Latina | Una Dimensión De Éxitos | composed | 4,open
231941,542231,person,Ricardo Kazibutowski,YouTube Data API v3,5582,Ricardo Ríos,fuzzy,candidato_equivocado_existe_credito_exacto,12699,Ricardo Kazibutowski,1,Los Gusanos | El Ritual Del Vacilón | recording assistant | album,open
231944,520733,person,Ricardo Valencia,YouTube Data API v3,5527,Ricardo Alcaíde,fuzzy,candidato_equivocado_existe_credito_exacto,12996,Ricardo Valencia,2,Yordano | Yordano | production assistant | album,open
231945,545117,person,Ricardo Valvuena,YouTube Data API v3,2706,Ricardo Pana,fuzzy,candidato_equivocado_existe_credito_exacto,12987,Ricardo Valvuena,1,Vytas Brenner | Vytas | lyrics | 6,open
231946,525456,person,Ricardo Wheloock,YouTube Data API v3,5143,Ricardo Del Pozo,fuzzy,candidato_equivocado_existe_credito_exacto,13065,Ricardo Wheloock,1,Jacktürbo | Jackturbo II | produced | 10,open
231947,547415,person,Richard de Avila,YouTube Data API v3,5331,Richard Dávila,fuzzy,candidato_equivocado_existe_credito_exacto,12727,Richard de Avila,1,Mata Rica | Quémate | mastering assistant | album || Mata Rica | Quémate | mixing | album,open
231948,522979,person,Rick Raymond,YouTube Data API v3,8544,Richard Money,fuzzy,candidato_equivocado_existe_credito_exacto,12916,Rick Raymond,1,Franco De Vita | Voces A Mi Alrededor | mixing assistant | album,open
231965,526025,person,Rodríguez,YouTube Data API v3,9200,Rodríguez,canonical_exact,sin_coincidencia_concluyente,,,1,Various Artists | El Alucinante Mundo Del Soul | composed | 10,open
231966,522350,person,Rogelio Rodríguez,YouTube Data API v3,3285,Rogelio Gutiérrez,fuzzy,candidato_equivocado_existe_credito_exacto,13045,Rogelio Rodríguez,3,Fauna Crepuscular | Camina | assistant engineers | album || Fauna | Puño y Letra | assistant engineers | album,open
231967,533962,person,Roger Fernay,YouTube Data API v3,2051,Roger Neal,fuzzy,candidato_equivocado_existe_credito_exacto,12624,Roger Fernay,2,E-óN | Ticket To Youkali | composed | 2,open
231968,525132,person,Rolan Streuli,YouTube Data API v3,7073,Roland Streuli,fuzzy,candidato_equivocado_existe_credito_exacto,12761,Rolan Streuli,1,Seguridad Nacional | Documento De Actitud | photo | album,open
231865,529525,person,Pepe,YouTube Data API v3,2917,Pepe Leo,fuzzy,sin_coincidencia_concluyente,,,0,"Torre De Marfíl | Ecos De La Tercera Realidad | composed | 1,5 || Torre De Marfíl | Ecos De La Tercera Realidad | composed | 6 || Torre De Marfíl | Ecos De La Tercera Realidad | written | 6",open
231866,543672,person,Pepe Lamberti,YouTube Data API v3,1001,Pepo Lamberti,fuzzy,candidato_equivocado_existe_credito_exacto,12880,Pepe Lamberti,2,"Andreazulado | Andreazulado | composed | 3,6,7",open
231867,521889,person,Perozzi,YouTube Data API v3,4609,Perozzi,canonical_exact,candidato_correcto_credito_exacto,4609,Perozzi,6,"Poster | Despúes Del Frío | composed | 3,6",approved
231889,514551,person,R. Valera,YouTube Data API v3,9329,R. Valera,canonical_exact,candidato_correcto_credito_exacto,9329,R. Valera,1,Spiteri | Spiteri | composed | 11,approved
231890,535986,person,RAM,YouTube Data API v3,5165,Ram,canonical_exact,candidato_correcto_credito_exacto,5165,Ram,1,Samsara | Play With Me | photos | album,approved
231891,515607,person,Rafael,YouTube Data API v3,9834,Rafael L.,fuzzy,sin_coincidencia_concluyente,,,2,"Famasloop | La Quema | composed | 1,7,10 || Nana Cadavieco | Exposé | executive production | album",open
231892,527048,person,Rafael Briceño,YouTube Data API v3,1588,Rafael Rincón,fuzzy,candidato_equivocado_existe_credito_exacto,12553,Rafael Briceño,1,Los Crema Paraíso | El Debut | composed | 1,open
231895,530305,person,Rafael Garnica,YouTube Data API v3,830,Rafael López Garnica,fuzzy,candidato_equivocado_existe_credito_exacto,12827,Rafael Garnica,1,Various Artists | Chillout Venezuela | mixed | 14 || Various Artists | Chillout Venezuela | recorded | 14,open
231896,526497,person,Rafael Gimón,YouTube Data API v3,2199,Rafael Giner,fuzzy,candidato_equivocado_existe_credito_exacto,12580,Rafael Gimón,1,Agresión | Sur | additional bass recorded | album,open
231897,513390,person,Rafael González C,YouTube Data API v3,830,Rafael López Garnica,fuzzy,candidato_equivocado_existe_credito_exacto,13000,Rafael González C,1,Yordano | ¡Qué Lindas Son! | executive producer | album,open
231899,533976,person,Rafael Hernández,YouTube Data API v3,1228,Rafael Pérez,fuzzy,candidato_equivocado_existe_credito_exacto,12625,Rafael Hernández,1,E-óN | Ticket To Youkali | composed | 3 || Susan | Ya No Hay Nada Que Hacer Aquí | photos | album,open
231927,517191,person,Reyes,YouTube Data API v3,8505,Reyes,canonical_exact,candidato_correcto_credito_exacto,8505,Reyes,3,Joystick | Lonchera | composed | album,approved
231928,546158,person,Reynaldo Bello,YouTube Data API v3,3602,Reynaldo Morales,fuzzy,otro_candidato_variante_con_credito,5535,Reinaldo Bello,1,Témpano | En Reclamación | graphic design | album,open
231929,522743,person,Ricard2,YouTube Data API v3,4068,Ricar-2,fuzzy,sin_coincidencia_concluyente,,,4,Claroscuro | El Viaje De Una Vida | photos | album || Desorden Público | Canto Popular De La Vida y Muerte | photos | album,open
231930,515621,person,Ricardo,YouTube Data API v3,7790,Ricardo,canonical_exact,candidato_correcto_credito_exacto,7790,Ricardo,2,"Famasloop | La Quema | composed | 1,7,10",approved
231932,520376,person,Ricardo Anthes,YouTube Data API v3,371,Richardo Anthes,fuzzy,sin_coincidencia_concluyente,,,1,La Calle | A.T.C. | composed | album || La Calle | A.T.C. | composed | 9,open
231933,535569,person,Ricardo Aubele,YouTube Data API v3,3433,Ricardo Leal,fuzzy,candidato_equivocado_existe_credito_exacto,12569,Ricardo Aubele,1,Sónica | Huellas | photos | album,open
231934,530662,person,Ricardo Bastidas,YouTube Data API v3,2226,"Ricardo ""El Pollo"" Bastidas",fuzzy,candidato_con_variante_y_credito,2226,"Ricardo ""El Pollo"" Bastidas",1,Mermelada Bunch | La Novela | composed | 11,approved
231951,537755,person,Rob Seifert,YouTube Data API v3,7536,Rob Seifert,canonical_exact,sin_coincidencia_concluyente,,,0,"Los Amigos Invisibles | Arepa 3000: A Venezuelan Journey Into Space | mixed | 7,11,17,18",open
231952,540441,person,Robert Plan,YouTube Data API v3,9545,Robert Plant,fuzzy,candidato_equivocado_existe_credito_exacto,12676,Robert Plan,2,Laberinto | Priority | composed | 10,open
231953,544571,person,Roberto Benites,YouTube Data API v3,3450,Roberto Fuentes,fuzzy,candidato_equivocado_existe_credito_exacto,12564,Roberto Benites,1,"Ricochet | Ahüzenciä | mixed | 3,4 || Ricochet | Ahüzenciä | recorded live | 3,4",open
231954,543434,person,Roberto Loscher,YouTube Data API v3,672,Roberto Koch,fuzzy,candidato_equivocado_existe_credito_exacto,12833,Roberto Loscher,2,Various Artists | En Un Sótano De La Florida | graphic design | album || Various Artists | En Un Sótano De La Florida | photos | album,open
231958,547260,person,Robinson,YouTube Data API v3,4014,S.Robinson,fuzzy,sin_coincidencia_concluyente,,,0,Los Beat3 | ¡En Vivo! | composed | 9,open
231959,529707,person,Robinson Millan,YouTube Data API v3,2162,Robison Millan,fuzzy,candidato_equivocado_existe_credito_exacto,13083,Robinson Millan,1,Sin Comentarios | EP | lyrics written | album,open
231960,517220,person,Rodolfo Hernández,YouTube Data API v3,8078,Rodolfo Fernández,fuzzy,candidato_equivocado_existe_credito_exacto,12928,Rodolfo Hernández,1,Joystick | Lonchera | illustrations | 1,open
231970,519692,person,Roland Streulli,YouTube Data API v3,7073,Roland Streuli,fuzzy,candidato_equivocado_existe_credito_exacto,12644,Roland Streulli,2,Gaêlica | Ibérica & Latina | photos | album,open
231971,525830,person,Rolando Alejandro,YouTube Data API v3,5324,Rolando Mora,fuzzy,candidato_equivocado_existe_credito_exacto,12910,Rolando Alejandro,4,Franco De Vita | Stop | additional recordings | album || Franco De Vita | Stop | recording engineers | album,open
231972,525860,person,Rolando Vitto,YouTube Data API v3,4651,Rolando Díaz,fuzzy,candidato_equivocado_existe_credito_exacto,12911,Rolando Vitto,2,Franco De Vita | Stop | assistant engineer | album,open
231974,529576,person,Romero,YouTube Data API v3,9887,Romero,canonical_exact,candidato_correcto_credito_exacto,9887,Romero,2,Torre De Marfíl | Ecos De La Tercera Realidad | composed | 2 || Torre De Marfíl | Ecos De La Tercera Realidad | composed | 3 || Torre De Marfíl | Ecos De La Tercera Realidad | composed | 4,approved
231975,531296,person,Román González,YouTube Data API v3,8480,Carmen González,fuzzy,candidato_equivocado_existe_credito_exacto,13141,Román González,1,Serenata Guayanesa | Vol. 4: Música Popular y Folklórica Venezolana | composed | 3,open
231976,512819,person,Rosalina Yanez,YouTube Data API v3,2110,Rosalyn Omaña,fuzzy,candidato_equivocado_existe_credito_exacto,13060,Rosalina Yanez,1,Gasolina | EP | executive production | album,open
231994,527425,person,Salomon Burke,YouTube Data API v3,9354,Salom,fuzzy,candidato_equivocado_existe_credito_exacto,12847,Salomon Burke,1,Various Artists | Pop And Op Musical Gente En Ambiente | composed | 5,open
231995,518350,person,Salvatore S,YouTube Data API v3,9899,Salvatore Sarmiento,fuzzy,candidato_equivocado_existe_credito_exacto,12741,Salvatore S,3,Don Khumalo | De Vuelta Al Ska | graphic design | album || PapaShanty Saund System | Ashanty Granpa | photos | album,open
231998,514244,person,Samuel Quirós,YouTube Data API v3,3163,Samuel Rosa,fuzzy,candidato_equivocado_existe_credito_exacto,4096,Samuel Quiros,2,Bala Perdida | Alto Calibre | executive production | album || Candy66 | A+ | executive production | album || Candy66 | P.O.P. | executive production | album || Caramelos De Cianuro | B-Sides: Miss Mujerzuela | executive producer | album || Caramelos De Cianuro | Frisbee | executive producer | album || Caramelos De Cianuro | Himno Vinotinto | executive producer | album || Caramelos De Cianuro | La Historia: Grandes Éxitos | executive producer | album || Caramelos De Cianuro | Miss Mujerzuela | executive producer | album || Caramelos De Cianuro | Sanitarios | executive producer | album || EntreNos | EntreNos | executive production | album || Iguanas De Trapo | Lunes | executive production | album || La Corte | Imperia | executive production | album || Liqüet | Liquet | executive production | album || Los Astrolabios | Todo Es Rosa | executive production | album || Maurimix | Boxin' Da House | executive production | album || Sur Carabela | Debut | executive producer | album,open
231999,546422,person,Sanders,YouTube Data API v3,9343,Sanders,canonical_exact,candidato_correcto_credito_exacto,9343,Sanders,1,"Laberinto | Decada | recorded | 3,7,9,10",approved
232001,525813,person,Santiago Alonzo,YouTube Data API v3,8312,Santiago Pol,fuzzy,candidato_equivocado_existe_credito_exacto,12908,Santiago Alonzo,1,Franco De Vita | Stop | production coordinator | album,open
232019,529513,person,Sokrates,YouTube Data API v3,3847,Sokrates Papadopolus,fuzzy,sin_coincidencia_concluyente,,,0,"Torre De Marfíl | Ecos De La Tercera Realidad | lyrics written | album || Torre De Marfíl | Ecos De La Tercera Realidad | written | 2,7 || Torre De Marfíl | Ecos De La Tercera Realidad | written | 6",open
232020,547519,person,Solange Romero,YouTube Data API v3,5124,Simoney Romero,fuzzy,candidato_equivocado_existe_credito_exacto,12788,Solange Romero,1,Susan | Ya No Hay Nada Que Hacer Aquí | model | album,open
232021,520114,person,Sonia,YouTube Data API v3,8469,Sonic Ranch,fuzzy,sin_coincidencia_concluyente,,,0,Nana Cadavieco | Exposé | executive production | album,open
232025,523953,person,Stephanie Altman,YouTube Data API v3,4423,Stephanie Aragort,fuzzy,candidato_equivocado_existe_credito_exacto,12703,Stephanie Altman,1,Los Impala | Impala Syndrome | cover | album,open
232026,524480,person,Stephen R. Perry,YouTube Data API v3,7640,Stephen Perry,fuzzy,candidato_equivocado_existe_credito_exacto,12585,Stephen R. Perry,1,Ananta | Songs From The Future | artwork & design | album,open
232029,538301,person,Stevie Rovalla,YouTube Data API v3,7319,Steve Hall,fuzzy,candidato_equivocado_existe_credito_exacto,13018,Stevie Rovalla,1,Franco De Vita | Extranjero | mixing assistant | album,open
232030,540214,person,Submarino,YouTube Data API v3,6609,Submarino,canonical_exact,sin_coincidencia_concluyente,,,0,Dioslepague | Venus Mixes | produced | 5 || Submarino | Submarino | composed | album,open
232031,540954,person,Sumbarino,YouTube Data API v3,6609,Submarino,fuzzy,sin_coincidencia_concluyente,,,0,"Various Artists | Páramo Pictures ""Alma"" | produced | 1",open
232033,525613,person,T. Wilkes,YouTube Data API v3,9726,T. Wilkes,canonical_exact,candidato_correcto_credito_exacto,9726,T. Wilkes,3,Various Artists | Caracas 400 Gente En Ambiente | composed | 6 || Various Artists | La Otra Magia De Los 60 & 70 | composed | 14,approved
232034,543278,person,Tatiana Tello,YouTube Data API v3,6657,Tatiana Suarez,fuzzy,candidato_equivocado_existe_credito_exacto,12661,Tatiana Tello,1,La Cándida Virgen | Power of Pain | model | album,open
232035,520727,person,Tato Castillo,YouTube Data API v3,6879,Arturo Castillo,fuzzy,candidato_equivocado_existe_credito_exacto,12995,Tato Castillo,2,Yordano | Yordano | production assistant | album,open
232052,539796,person,Trujillo,YouTube Data API v3,8761,Trujillo,canonical_exact,candidato_correcto_credito_exacto,8761,Trujillo,1,"Various Artists | Páramo Pictures ""Sentido"" | produced | 2",approved
232053,530396,person,Tulio Chuecos,YouTube Data API v3,6782,Tulio Chuecos,canonical_exact,candidato_correcto_credito_exacto,6782,Tulio Chuecos,1,Tulio Chuecos | EP | art direction & graphic design | album || Tulio Chuecos | EP | composed | album || Tulio Chuecos | EP | written | album || Various Artists | Chillout Venezuela | mixed | 18 || Various Artists | Chillout Venezuela | recorded | 18,approved
232054,522414,person,Twetty González,YouTube Data API v3,451,Tweety González,fuzzy,sin_coincidencia_concluyente,,,0,Fauna | Puño y Letra | mixed | 4 || Fauna | Puño y Letra | produced | 4 || Fauna | Puño y Letra | recorded | 4,open
231961,514058,person,Rodolfo Vanmarcke,YouTube Data API v3,1129,"Rodolfo ""Rod"" Vanmarcke",fuzzy,candidato_con_variante_y_credito,1129,"Rodolfo ""Rod"" Vanmarcke",2,Repe | Nada Más Ser | photos | album,approved
231962,528702,person,Rodrigo Márquez,YouTube Data API v3,9200,Rodríguez,fuzzy,candidato_equivocado_existe_credito_exacto,12737,Rodrigo Márquez,1,Pacifica | .22 | executive production | album,open
231963,547502,person,Rodrigo Palacios,YouTube Data API v3,4393,Rodrigo García,fuzzy,candidato_equivocado_existe_credito_exacto,12787,Rodrigo Palacios,1,Susan | Ya No Hay Nada Que Hacer Aquí | graphic design | album,open
231984,527200,person,S. Alpert,YouTube Data API v3,9476,Alpert,fuzzy,candidato_equivocado_existe_credito_exacto,13148,S. Alpert,3,Spiteri | Spiteri | all themes arranged | album,open
231985,524113,person,S. Liberatoscioli,YouTube Data API v3,9375,Liberatoscioli,fuzzy,candidato_con_variante_y_credito,9375,Liberatoscioli,6,"Aditus | En Concierto En Este País | composed | album || Aditus | En Concierto En Este País | composed | 1,3,6 || Aditus | En Concierto En Este País | composed | 4,9",open
231986,546623,person,S. Robinson,YouTube Data API v3,4014,S.Robinson,canonical_exact,candidato_correcto_credito_exacto,4014,S.Robinson,1,Los Buitres | Los Buitres | composed | 2,approved
231987,515129,person,S. Vicent,YouTube Data API v3,9493,S. Vincent,fuzzy,candidato_equivocado_existe_credito_exacto,12691,S. Vicent,8,"Los Amigos Invisibles | En Una Noche Tan Linda Como Esta | composed | 11,12",open
231988,517126,person,S. Winwood,YouTube Data API v3,9717,S. Winwood,canonical_exact,candidato_correcto_credito_exacto,9717,S. Winwood,2,Various Artists | La Otra Magia De Los 60 & 70 | composed | 1 || Various Artists | Segunda Experiencia Psicotomimética | composed | 10,approved
231989,525606,person,S.A. Gámez,YouTube Data API v3,9852,S. Gámez,fuzzy,candidato_equivocado_existe_credito_exacto,13087,S.A. Gámez,1,Various Artists | Caracas 400 Gente En Ambiente | composed | 5,open
231990,522822,person,Sabino,YouTube Data API v3,5534,Sabino Flora,fuzzy,sin_coincidencia_concluyente,,,2,La Corte | Imperia | interior portraits | album || La Corte | Imperia | photos | album,open
232003,545555,person,Sara Maneiro,YouTube Data API v3,9886,Sarmiento,fuzzy,candidato_equivocado_existe_credito_exacto,13106,Sara Maneiro,1,Various Artists | Venezuela Subterránea | photos | album,open
232004,528428,person,Saúl García,YouTube Data API v3,3896,Luisa García,fuzzy,candidato_equivocado_existe_credito_exacto,12971,Saúl García,3,Repe | Reset | graphic design | album || Repe | Reset | photos | album,open
232005,532567,person,Schäfer,YouTube Data API v3,6788,Safe,fuzzy,sin_coincidencia_concluyente,,,2,Sentimiento Muerto | En Vivo Teatro Rafael Guinand | composed | 7,open
232007,523008,person,Scott Miller,YouTube Data API v3,1866,Scott Hull,fuzzy,candidato_equivocado_existe_credito_exacto,12917,Scott Miller,7,Franco De Vita | Voces A Mi Alrededor | assistant engineers | album,open
232008,513586,person,Sebastian Miranda,YouTube Data API v3,1273,Sebastián Szinetar,fuzzy,candidato_equivocado_existe_credito_exacto,4544,Sebastián Miranda,5,Babylon Motorhome | Viva La G.A.N.Ya! | artwork | album || Babylon Motorhome | Viva La G.A.N.Ya! | concept | album || Bacalao Men | Sabaneando | graphic design | album || Caramelos De Cianuro | 2LadosB | photos | album || Caramelos De Cianuro | Caramelos De Cianuro | photos | album || KP9000 | KP9000 | illustrations | album,open
232009,546471,person,Sebastien Sam,YouTube Data API v3,4984,Sebastian Flores,fuzzy,candidato_equivocado_existe_credito_exacto,12672,Sebastien Sam,2,Laberinto | Decada | photos | album,open
232010,535660,person,Sebastián M.,YouTube Data API v3,1752,Sebastian Marqués,fuzzy,candidato_equivocado_existe_credito_exacto,12604,Sebastián M.,3,Caramelos De Cianuro | 2LadosB | graphic design | album || Caramelos De Cianuro | Caramelos De Cianuro | graphic design | album,open
232012,526404,person,Seguridad Nacional,YouTube Data API v3,7451,Segura,fuzzy,sin_coincidencia_concluyente,,,1,"Zapato 3 | Cápsula Para Volar | composed | 8,11",open
232044,547797,person,Tomates Fritos,YouTube Data API v3,1921,Tomás Fajardo,fuzzy,sin_coincidencia_concluyente,,,0,Masseratti 2lts | Covers.1 | composed | 3,open
232045,534129,person,Tommy James,YouTube Data API v3,8449,Tommy Leb,fuzzy,candidato_equivocado_existe_credito_exacto,12794,Tommy James,2,The Six | Los Six | composed | 4,open
232046,522960,person,Tomás Muñoz,YouTube Data API v3,750,Tomas Aquino,fuzzy,candidato_equivocado_existe_credito_exacto,12915,Tomás Muñoz,1,Franco De Vita | Voces A Mi Alrededor | executive producer | album,open
232047,523019,person,Tony Blanco,YouTube Data API v3,2974,Tony Blunt,fuzzy,candidato_equivocado_existe_credito_exacto,12918,Tony Blanco,7,Franco De Vita | Voces A Mi Alrededor | assistant engineers | album,open
232048,516375,person,Tony Martini,YouTube Data API v3,3711,Tony Mardini,fuzzy,candidato_equivocado_existe_credito_exacto,12904,Tony Martini,1,Franco De Vita | Nada Es Igual | mixing assistant engineer | 6,open
232049,546373,person,Toro,YouTube Data API v3,9359,Toro,canonical_exact,candidato_correcto_credito_exacto,9359,Toro,2,Laberinto | Decada | written | 11,approved
232050,534449,person,Torroixa,YouTube Data API v3,9359,Toro,fuzzy,sin_coincidencia_concluyente,,,3,Palmeras Kanibales | La Ruta | composed | 9,open
232051,526417,person,Toño Jiménez,YouTube Data API v3,7449,Toño Jimenez y Julio Alonzo,fuzzy,candidato_equivocado_existe_credito_exacto,12877,Toño Jiménez,3,Zapato 3 | Cápsula Para Volar | assistant engineers | album || Zapato 3 | Maya | assistant engineers | album,open
232055,535014,person,TypoPixel,YouTube Data API v3,7661,TypoPixel,canonical_exact,candidato_correcto_credito_exacto,7661,TypoPixel,1,Andreazulado | Dolby | graphic design | album,approved
232056,526540,person,U-Rock,YouTube Data API v3,4182,Rock,fuzzy,sin_coincidencia_concluyente,,,0,Various Artists | U-Rock Discos | executive production | album,open
232057,528929,person,Ubieta,YouTube Data API v3,12506,Ubieda,fuzzy,sin_coincidencia_concluyente,,,2,Témpano | Atabal–Yémal | composed | 9,open
232060,542902,person,Uno,YouTube Data API v3,12214,Un,fuzzy,sin_coincidencia_concluyente,,,0,Los Pixel | En Vivo | graphic design | album,open
232075,538257,person,Verónica Flores,YouTube Data API v3,8340,Verónica Faría,fuzzy,candidato_equivocado_existe_credito_exacto,13027,Verónica Flores,1,Yátu | Inmortal | photography assistant | album,open
232077,527805,person,Vicente Corsola,YouTube Data API v3,4140,Vicente Corostola,fuzzy,candidato_equivocado_existe_credito_exacto,12828,Vicente Corsola,1,Various Artists | Circuito NB1 | graphic design | album || Various Artists | Décimo Festival Nuevas Bandas | graphic design | album,open
232078,538856,person,Victor Avlra Sánchez,YouTube Data API v3,7555,Víctor Aviar Sánchez,fuzzy,candidato_equivocado_existe_credito_exacto,12693,Victor Avlra Sánchez,2,Los Amigos Invisibles | Superpop Venezuela | composed | 2,open
232079,535889,person,Victor Daniel,YouTube Data API v3,8357,Victor Manuel,fuzzy,candidato_equivocado_existe_credito_exacto,12681,Victor Daniel,1,Las Cuatro Monedas | Los Grandes Éxitos | composed | 17,open
232080,531309,person,Victor Marín,YouTube Data API v3,9822,Victor Martins,fuzzy,candidato_equivocado_existe_credito_exacto,13142,Victor Marín,1,Serenata Guayanesa | Vol. 4: Música Popular y Folklórica Venezolana | composed | 1,open
232081,540592,person,Victor Morón,YouTube Data API v3,3539,Victor Moreno,fuzzy,candidato_equivocado_existe_credito_exacto,3938,Víctor Morón,5,Candy66 | Evolutio | executive production | album,open
232082,535848,person,Victor O'Brien,YouTube Data API v3,3539,Victor Moreno,fuzzy,candidato_equivocado_existe_credito_exacto,12679,Victor O'Brien,3,Las Cuatro Monedas | Los Grandes Éxitos | composed | 12,open
232096,523065,person,Wilbert Alvarez,YouTube Data API v3,6894,Wilberg Márquez,fuzzy,otro_candidato_variante_con_credito,600,Willbert Álvarez,3,"Luz Verde | Rocanrol | composed | album || Luz Verde | Rocanrol | composed | 1,7,14",open
232097,523071,person,Wilbert Álvarez,YouTube Data API v3,6894,Wilberg Márquez,fuzzy,otro_candidato_variante_con_credito,600,Willbert Álvarez,3,"Luz Verde | Rocanrol | composed | album || Luz Verde | Rocanrol | composed | 1,7,14",open
232098,535104,person,William A. Nazaret,YouTube Data API v3,9179,William Sánchez,fuzzy,candidato_equivocado_existe_credito_exacto,13043,William A. Nazaret,1,Fauna Crepuscular | Camina | executive production | album,open
232100,526491,person,William Bermudez,YouTube Data API v3,8050,William Hernández,fuzzy,candidato_equivocado_existe_credito_exacto,9105,William Bermúdez,1,Agresión | Sur | additional drum tracks recorded | album,open
232101,542432,person,William Padrón,YouTube Data API v3,9048,Williams Padrón,fuzzy,candidato_equivocado_existe_credito_exacto,12829,William Padrón,2,Candy66 | Nueva Guerra | manager | album || Sónica | Tarde o Temprano | executive production | album || Various Artists | DJ Afro's Frequent Traveling Vol. 1 | press department | album,open
232102,538581,person,William Silva,YouTube Data API v3,8295,Williams,fuzzy,otro_candidato_variante_con_credito,421,Williams Silva,4,Zapato 3 | Bésame y Suicídate | assistant engineers | album,open
232103,517309,person,Willian Padrón,YouTube Data API v3,9048,Williams Padrón,fuzzy,candidato_equivocado_existe_credito_exacto,12572,Willian Padrón,1,The Asbestos | Alzheimer | executive produced | album || The Asbestos | Waking The Nightmares | executive produced | album,open
232104,532740,person,Willmar Tarazona,YouTube Data API v3,7365,Marco Tarazona,fuzzy,candidato_equivocado_existe_credito_exacto,12710,Willmar Tarazona,1,Los Mesoneros | Demos | photo | album,open
232105,536040,person,Willong,YouTube Data API v3,9078,Wilson,fuzzy,sin_coincidencia_concluyente,,,0,Grand Bite | Al Borde Del Precipicio / No Moriré | composed | 20,open
232106,519231,person,Willy,YouTube Data API v3,389,Willy Noya,fuzzy,sin_coincidencia_concluyente,,,0,iX | Ora Pro Nobis | recorded | 5,open
232107,526011,person,Wilson Pickett,YouTube Data API v3,9078,Wilson,fuzzy,candidato_equivocado_existe_credito_exacto,12832,Wilson Pickett,1,Various Artists | El Alucinante Mundo Del Soul | composed | 10,open
231983,540933,person,Rúben Correa,YouTube Data API v3,5948,"Rubén Correa ""Micho""",fuzzy,sin_coincidencia_concluyente,,,0,Grupo Pan | Pan | composed | 6,open
232061,540201,person,V'lis,YouTube Data API v3,8993,V'Lis,canonical_exact,candidato_correcto_credito_exacto,8993,V'Lis,1,"Dioslepague | Venus Mixes | produced | 3 || Various Artists | Páramo Pictures ""Alma"" | produced | 3",approved
232062,522506,person,V. Peña,YouTube Data API v3,9308,Peña,fuzzy,candidato_equivocado_existe_credito_exacto,13044,V. Peña,1,Fauna Crepuscular | Camina | composed | 11 || Fauna | Fauna | composed | 12 || Fauna | Fauna | composed | 3 || Fauna | Puño y Letra | composed | 14,open
232063,538983,person,V.esp: Guillermo González,YouTube Data API v3,9491,Esp. Guillermo González,fuzzy,candidato_equivocado_existe_credito_exacto,12694,V.esp: Guillermo González,3,Los Amigos Invisibles | Superpop Venezuela | composed | 14,open
232066,537379,person,Valentina GraphicsCat,YouTube Data API v3,4444,Valentina Jaimes,fuzzy,candidato_equivocado_existe_credito_exacto,12823,Valentina GraphicsCat,1,Various Artists | Borrachos y Bolingas Vol. 1 | diagramming | album || Various Artists | Borrachos y Bolingas Vol. 1 | graphic design | album,open
232069,513808,person,Vanessa Fernandez,YouTube Data API v3,6823,Vanessa Ruiz,fuzzy,candidato_equivocado_existe_credito_exacto,13151,Vanessa Fernandez,1,"Various Artists | Venezuela Electrónica Vol. 3 ""Chill"" | legal | album || Various Artists | Venezuela Electrónica Vol. 3 ""Pop"" | legal | album",open
232085,536634,person,Vivas,YouTube Data API v3,9283,Vivas,canonical_exact,candidato_correcto_credito_exacto,9283,Vivas,5,Tarot | Tarot | composed | album,approved
232086,517288,person,"Vladimir Marcano ""Portal""",YouTube Data API v3,2909,"Vladimir ""Arfavor"" Peña",fuzzy,candidato_equivocado_existe_credito_exacto,12931,"Vladimir Marcano ""Portal""",1,Joystick | Lonchera | inside photos | album,open
232088,541327,person,Víctor Puga,YouTube Data API v3,2367,Victor Gámez,fuzzy,candidato_equivocado_existe_credito_exacto,13131,Víctor Puga,3,Lo Blanco Del Ojo | Lo Blanco Del Ojo | concept | album || Lo Blanco Del Ojo | Lo Blanco Del Ojo | graphic design | album,open
232089,526816,person,W. Guzmán,YouTube Data API v3,1848,"William ""Magú"" Guzmán",alias_exact,candidato_con_variante_y_credito,1848,"William ""Magú"" Guzmán",5,Desorden Público | Estrellas Del Caos | composed | 12 || Desorden Público | Estrellas Del Caos | composed | 4 || Desorden Público | Estrellas Del Caos | composed | 6,approved
232090,541089,person,W. Salaheldin,YouTube Data API v3,381,Wisam Salaheldin,fuzzy,candidato_equivocado_existe_credito_exacto,12962,W. Salaheldin,4,"Planeador | Barcelona 10C | composed | 8 || Planeador | Barcelona 10C | written | 7,9",open
232091,521017,person,W. Sánchez,YouTube Data API v3,8672,W. Sánchez,canonical_exact,candidato_correcto_credito_exacto,8672,W. Sánchez,3,"Culto Oculto | Flotar No Es Más Que Existir, Un Movimiento Ondulatorio | mastered | album || Culto Oculto | Flotar No Es Más Que Existir, Un Movimiento Ondulatorio | mixed | album || Culto Oculto | Flotar No Es Más Que Existir, Un Movimiento Ondulatorio | recorded | album",approved
232092,514391,person,Waldir Barranco,YouTube Data API v3,3315,Alfredo Barranco,fuzzy,candidato_equivocado_existe_credito_exacto,13103,Waldir Barranco,1,"Various Artists | Venezuela Sin Fronteras | mixed | 13,14 || Various Artists | Venezuela Sin Fronteras | mixed | 3,4 || Various Artists | Venezuela Sin Fronteras | recorded | 13,14 || Various Artists | Venezuela Sin Fronteras | recorded | 3,4",open
232094,536033,person,Warber,YouTube Data API v3,11564,War,fuzzy,sin_coincidencia_concluyente,,,0,Grand Bite | Al Borde Del Precipicio / No Moriré | composed | 20,open
232116,528629,person,Ximon Molina,YouTube Data API v3,5811,Simón Montilla,fuzzy,candidato_equivocado_existe_credito_exacto,12800,Ximon Molina,2,Tomates Fritos | Odissey | graphic design | album,open
232118,513256,person,Yaotl,YouTube Data API v3,6121,Yaotl,canonical_exact,candidato_correcto_credito_exacto,6121,Yaotl,1,La Calle | A.T.C. | graphic design | album || La Calle | B-Sides: A.T.C. | graphic design | album,approved
232120,531876,person,Yatú,YouTube Data API v3,3765,Yátu,accent_only,candidato_correcto_credito_exacto,3765,Yátu,1,Trance Nuance | Sílabas Eidéticas | composed | 9 || Yátu | Extraño Mundo | composed | album || Yátu | Extraño Mundo | lyrics written | album || Yátu | Joroporoll | composed | album,approved
232121,520010,person,Yneilmar Leal,YouTube Data API v3,1023,Elmar Leal,fuzzy,candidato_equivocado_existe_credito_exacto,12575,Yneilmar Leal,1,Wahala | Wahala | graphic design | album,open
232122,515658,person,Yordano,YouTube Data API v3,4332,Yordano,canonical_exact,candidato_correcto_credito_exacto,4332,Yordano,1,Famasloop | La Quema | composed | 3,approved
232123,543745,person,Yoredvi Useche,YouTube Data API v3,12522,Yoredvi Usecha,fuzzy,candidato_equivocado_existe_credito_exacto,13133,Yoredvi Useche,1,Candy66 | Nueva Guerra | art direction | album || Candy66 | Nueva Guerra | digital support | album,open
232125,516750,person,Zapato 3,YouTube Data API v3,7434,Zapato 3,canonical_exact,candidato_correcto_credito_exacto,7434,Zapato 3,1,Horacero | Fusil | composed | 2 || Zapato 3 | Showcase: Bésame y Suicídate | composed | album,approved
232127,543272,person,Zultan Kunckel,YouTube Data API v3,2744,Zoltan Kunkel,fuzzy,candidato_equivocado_existe_credito_exacto,12660,Zultan Kunckel,1,La Cándida Virgen | Power of Pain | photo | album,open
232128,542149,person,soleasc,YouTube Data API v3,3154,Soleá,fuzzy,sin_coincidencia_concluyente,,,0,Soleà | Demos | graphic design | album,open
232129,533735,person,the performers,YouTube Data API v3,11987,The Arbors,fuzzy,candidato_equivocado_existe_credito_exacto,13093,the performers,1,Various Artists | Caracas Underground | produced | album,open
232130,531213,person,Álvaro Carrillo,YouTube Data API v3,8513,Alvaro Cova,fuzzy,candidato_equivocado_existe_credito_exacto,12865,Álvaro Carrillo,1,Various Artists | Show De Boleros | composed | 6,open
237740,513586,person,Sebastian Miranda,YouTube Data API v3,12604,Sebastián M.,fuzzy,candidato_equivocado_existe_credito_exacto,4544,Sebastián Miranda,5,Babylon Motorhome | Viva La G.A.N.Ya! | artwork | album || Babylon Motorhome | Viva La G.A.N.Ya! | concept | album || Bacalao Men | Sabaneando | graphic design | album || Caramelos De Cianuro | 2LadosB | photos | album || Caramelos De Cianuro | Caramelos De Cianuro | photos | album || KP9000 | KP9000 | illustrations | album,open
237757,514244,person,Samuel Quirós,YouTube Data API v3,3163,Samuel Rosa,fuzzy,candidato_equivocado_existe_credito_exacto,4096,Samuel Quiros,2,Bala Perdida | Alto Calibre | executive production | album || Candy66 | A+ | executive production | album || Candy66 | P.O.P. | executive production | album || Caramelos De Cianuro | B-Sides: Miss Mujerzuela | executive producer | album || Caramelos De Cianuro | Frisbee | executive producer | album || Caramelos De Cianuro | Himno Vinotinto | executive producer | album || Caramelos De Cianuro | La Historia: Grandes Éxitos | executive producer | album || Caramelos De Cianuro | Miss Mujerzuela | executive producer | album || Caramelos De Cianuro | Sanitarios | executive producer | album || EntreNos | EntreNos | executive production | album || Iguanas De Trapo | Lunes | executive production | album || La Corte | Imperia | executive production | album || Liqüet | Liquet | executive production | album || Los Astrolabios | Todo Es Rosa | executive production | album || Maurimix | Boxin' Da House | executive production | album || Sur Carabela | Debut | executive producer | album,open
237780,515260,person,A. Figueredo,YouTube Data API v3,9473,Figueredo,article_variant,sin_coincidencia_concluyente,,,4,Los Amigos Invisibles | En Una Noche Tan Linda Como Esta | composed | 4,open
237861,518045,person,Rudy Marquez,YouTube Data API v3,3608,Rubén Márquez,fuzzy,candidato_equivocado_existe_credito_exacto,978,Rudy Márquez,5,"Azúcar, Cacao & Leche | Azúcar, Cacao & Leche Vol. 1 | composed | 3,10 || Los Impala | Impala's 66 | composed | 2,6 || Los Impala | Impala's 66 | composed | album || Los Impala | Impala's 66 | composed | 10 || Los Impala | ¡Estos Son Los Impala! | composed | album",open
237947,521792,person,Hector Do Nascimento,YouTube Data API v3,12662,Hector Do Nascimiento,fuzzy,candidato_equivocado_existe_credito_exacto,6614,Héctor Do Nascimento,4,Los Mentas | Dueño De Un Bar | graphic design | album || Los Mentas | Hasta Que Los Bares Nos Separen | graphic design | album || Los Mentas | Mundo Porno | graphic design | album || Los Mentas | Taguara's Forever | graphic design | album || Submarino | Submarino | graphic design | album,open
238001,524113,person,S. Liberatoscioli,YouTube Data API v3,13173,S. Liberatoscioli,canonical_exact,otro_candidato_variante_con_credito,9375,Liberatoscioli,6,"Aditus | En Concierto En Este País | composed | album || Aditus | En Concierto En Este País | composed | 1,3,6 || Aditus | En Concierto En Este País | composed | 4,9",open
238073,526795,person,H. Blanco,YouTube Data API v3,8881,Blanco,fuzzy,sin_coincidencia_concluyente,,,6,"Desorden Público | Estrellas Del Caos | composed | 10 || Desorden Público | Estrellas Del Caos | composed | 12 || Desorden Público | Estrellas Del Caos | composed | 14 || Desorden Público | Estrellas Del Caos | composed | 17 || Desorden Público | Estrellas Del Caos | composed | 2 || Desorden Público | Estrellas Del Caos | composed | 3 || Desorden Público | Estrellas Del Caos | composed | 4 || Desorden Público | Estrellas Del Caos | composed | 6 || Desorden Público | Estrellas Del Caos | composed | 7,8,9,13",open
238141,530735,person,Ramsés Alegría,YouTube Data API v3,2412,Ramsés Antolines,fuzzy,candidato_equivocado_existe_credito_exacto,4693,Ramses Alegría,4,Los Astrolabios | Todo Es Rosa | recording assistant | album || Mermelada Bunch | La Novela | additional recordings | album,open
238166,531719,person,Gonzalo Galavís,YouTube Data API v3,6373,Gonzalo Vivas,fuzzy,candidato_equivocado_existe_credito_exacto,4144,Gonzalo Galavis,1,Colina | Colina | photos | album || Franco De Vita | Fantasía | photos | album || Sietecuero | Rojo Sangre | photos | album,open
238234,535882,person,Luis Laguna,YouTube Data API v3,238,Luis Valbuena,fuzzy,candidato_equivocado_existe_credito_exacto,9453,Luís Laguna,1,Las Cuatro Monedas | Los Grandes Éxitos | composed | 16,open
238283,538317,person,Carlos Marques,YouTube Data API v3,6029,Carlos Márquez,fuzzy,candidato_equivocado_existe_credito_exacto,4214,Carlos Márques,1,Franco De Vita | Extranjero | photos | album || Mulato | De Aquí Pa' La Playa | photo | album || Poster | Despúes Del Frío | photos | album,open
238316,539888,person,Carl Martin,YouTube Data API v3,3249,Carlos Martini,fuzzy,sin_coincidencia_concluyente,,,4,Henrique Lazo | Henrique Lazo | composed | 4,open
238408,545467,person,Omar Sawaya,YouTube Data API v3,5614,Omar Amaya,fuzzy,otro_candidato_variante_con_credito,2145,Omar Naim Sawaya,2,Spias | Tres Cruces | written | 10,open
229279,521023,organization,Estudios 2D,YouTube Data API v3,249,Estudios 10D2,fuzzy,otro_candidato_variante_con_credito,123,Estudios RM,2,"Culto Oculto | Flotar No Es Más Que Existir, Un Movimiento Ondulatorio | mastered at | album || Culto Oculto | Flotar No Es Más Que Existir, Un Movimiento Ondulatorio | mixed at | album || Culto Oculto | Flotar No Es Más Que Existir, Un Movimiento Ondulatorio | recorded at | album",open
229280,521024,organization,recording_studio,YouTube Data API v3,249,Estudios 10D2,fuzzy,sin_contexto,,,0,,open
229281,521025,organization,"Caracas, Venezuela",YouTube Data API v3,249,Estudios 10D2,fuzzy,sin_contexto,,,0,,open
230596,521023,organization,Estudios 2D,YouTube Data API v3,249,Estudios 10D2,fuzzy,otro_candidato_variante_con_credito,123,Estudios RM,2,"Culto Oculto | Flotar No Es Más Que Existir, Un Movimiento Ondulatorio | mastered at | album || Culto Oculto | Flotar No Es Más Que Existir, Un Movimiento Ondulatorio | mixed at | album || Culto Oculto | Flotar No Es Más Que Existir, Un Movimiento Ondulatorio | recorded at | album",open
230597,521024,organization,recording_studio,YouTube Data API v3,249,Estudios 10D2,fuzzy,sin_contexto,,,0,,open
230598,521025,organization,"Caracas, Venezuela",YouTube Data API v3,249,Estudios 10D2,fuzzy,sin_contexto,,,0,,open
238002,524119,person,P. Castillo,YouTube Data API v3,13174,P. Castillo,canonical_exact,otro_candidato_variante_con_credito,7079,Castillo,6,"Aditus | En Concierto En Este País | composed | album || Aditus | En Concierto En Este País | composed | 13 || Aditus | En Concierto En Este País | composed | 4,9",open
237691,514058,person,Rodolfo Vanmarcke,YouTube Data API v3,1129,"Rodolfo ""Rod"" Vanmarcke",fuzzy,candidato_con_variante_y_credito,1129,"Rodolfo ""Rod"" Vanmarcke",2,Repe | Nada Más Ser | photos | album,approved
237717,512896,person,Boris Millan,YouTube Data API v3,10982,Boris Fomin,fuzzy,otro_candidato_variante_con_credito,2966,Boris Milan,1,Caramelos De Cianuro | Harakiri City | mixed | 8 || Caramelos De Cianuro | Harakiri City | recorded | 8,open
237775,515150,person,J.L. Pardo,YouTube Data API v3,7552,Joe Pardo,fuzzy,sin_coincidencia_concluyente,,,21,"Los Amigos Invisibles | En Una Noche Tan Linda Como Esta | composed | 2 || Los Amigos Invisibles | En Una Noche Tan Linda Como Esta | composed | 3 || Los Amigos Invisibles | En Una Noche Tan Linda Como Esta | composed | 4 || Los Amigos Invisibles | En Una Noche Tan Linda Como Esta | composed | 5,14 || Los Amigos Invisibles | En Una Noche Tan Linda Como Esta | composed | 6,7 || Los Amigos Invisibles | En Una Noche Tan Linda Como Esta | composed | 6,8,12,15 || Los Amigos Invisibles | En Una Noche Tan Linda Como Esta | composed | 9,11,13,14",open
237838,517364,person,Oswaldo Cintron,YouTube Data API v3,5871,Oswaldo Pinto,fuzzy,candidato_equivocado_existe_credito_exacto,4628,Oswaldo Cintrón,2,The Asbestos | Alzheimer | art & graphic design | album || The Asbestos | Alzheimer | concept | album || The Asbestos | Waking The Nightmares | art & graphic design | album || The Asbestos | Waking The Nightmares | concept | album,open
237907,519758,person,Alejandro Blancouribe,YouTube Data API v3,2077,Alejandro Bellorín,fuzzy,candidato_equivocado_existe_credito_exacto,4212,Alejandro Blanco Uribe,1,Ananta | Wheels Of Time / Night And Daydream | production assistant | album,open
238003,524131,person,G. Henríquez,YouTube Data API v3,7080,Henríquez,fuzzy,candidato_con_variante_y_credito,7080,Henríquez,4,"Aditus | En Concierto En Este País | composed | 1,3,6 || Aditus | En Concierto En Este País | composed | 4,9 || Aditus | En Concierto En Este País | composed | 7,14",open
237975,523065,person,Wilbert Alvarez,YouTube Data API v3,6894,Wilberg Márquez,fuzzy,otro_candidato_variante_con_credito,600,Willbert Álvarez,3,"Luz Verde | Rocanrol | composed | album || Luz Verde | Rocanrol | composed | 1,7,14",open
238027,525389,person,Carlos Marqués,YouTube Data API v3,6029,Carlos Márquez,fuzzy,candidato_equivocado_existe_credito_exacto,4214,Carlos Márques,1,Franco De Vita | Extranjero | photos | album || Mulato | De Aquí Pa' La Playa | photo | album || Poster | Despúes Del Frío | photos | album,open
238090,527339,person,Eduardo Lopez,YouTube Data API v3,1101,Eduardo Lárez,fuzzy,candidato_equivocado_existe_credito_exacto,382,Eduardo López,1,Andreazulado | Apolo | graphic design | album || Andreazulado | Apolo | lead vocals recorded | album || Andreazulado | Apolo | photo | album || Buenaparte | La Caída De Lucy | graphic design | album || Buenaparte | La Caída De Lucy | photo | album || Caramelos De Cianuro | 8 | mixing assistant | album || Planeador | Barcelona 10C | concept art | album || Tomates Fritos | Hombre Bala | graphic design | album,open
238100,528117,person,Alvaro Serrano,YouTube Data API v3,4972,Alvaro Torrens,fuzzy,candidato_equivocado_existe_credito_exacto,3272,Álvaro Serrano,2,Franco De Vita | Fantasía | art director | album || Franco De Vita | Franco De Vita | executive production | album || Various Artists | En Un Sótano De La Florida | graphic design | album,open
238157,531482,person,Paul Jatem,YouTube Data API v3,2850,Paul Jaten,fuzzy,candidato_equivocado_existe_credito_exacto,3299,Paúl Jatem,1,Material Tóxico | Material Tóxico | mastered | album || Material Tóxico | Material Tóxico | mixed | album || Material Tóxico | Material Tóxico | recorded | album,open
238212,534716,person,Cesar Sogbe,YouTube Data API v3,13040,Cesar Monges,fuzzy,candidato_equivocado_existe_credito_exacto,211,César Sogbe,1,"Desorden Público | Plomo Revienta | mixed | 5,6 || Los Amigos Invisibles | Commercial | mixed | 2",open
238214,534851,person,Carlos Reyes,YouTube Data API v3,12789,Carlos Represas,fuzzy,sin_coincidencia_concluyente,,,1,Claroscuro | Supereterodino Sessions | graphic design | album || Claroscuro | Supereterodino | graphic design | album,open
238293,538581,person,William Silva,YouTube Data API v3,8295,Williams,fuzzy,otro_candidato_variante_con_credito,421,Williams Silva,4,Zapato 3 | Bésame y Suicídate | assistant engineers | album,open
238307,539130,person,Luis Ramírez,YouTube Data API v3,3459,Luis Martinez,fuzzy,candidato_equivocado_existe_credito_exacto,5390,Luis Ramirez,2,Mulato | Mulato | graphic design | album || Yátu | Gandharva | graphic design | album,open
238309,539244,person,César Somoza,YouTube Data API v3,9900,César Mazo,fuzzy,sin_coincidencia_concluyente,,,2,Resistencia | Hecho En Venezuela | lyrics | 3,open
238420,546158,person,Reynaldo Bello,YouTube Data API v3,3602,Reynaldo Morales,fuzzy,otro_candidato_variante_con_credito,5535,Reinaldo Bello,1,Témpano | En Reclamación | graphic design | album,open
238422,546266,person,Félix Madrigal,YouTube Data API v3,5072,Félix Gil,fuzzy,otro_candidato_variante_con_credito,11204,Felix Bablis Madrigal,1,Tisuby & Georgina | Ruleta Del Amor | composed | 11,open
