rym_href	rym_name	nlocs	clase_etapa2	detalle_etapa2	cat_artist_id	cat_artist_name	cat_artist_via	cat_artist_sim	cat_artist_created	cat_person_id	cat_person_name	cat_person_via	cat_person_sim	cat_person_created	tipo_señal	miembro_de	ev_formed	ev_n_gen	ev_genres	ev_n_discos	ev_tipos	ev_foto	ev_musicalidad	ev_captured	discos_match_cat_n	discos_match_cat_ej	accion_sugerida	sugerencia_revisor	fuente_cruce	fuente_evidencia	decision	nota_revisor
/artist/magdalena-sanchez	Magdalena Sánchez	29	D_sin_senal		3890	Magdalena Sánchez	compacto	1.0	2026-10-02	31057	Magdalena Sánchez	compacto	1.0	2026-10-02	persona_o_solista			1	Joropo	4	Album:4; Appears On:1	portada_rym	con	2026-10-03 14:01:02	2	«Magdalena Sanchez - Cuarteto Ulyses Acosta» → álbum 8845 de «Magdalena Sánchez "La Reina del Cantar Venezolano"»; «Voces de oro de Venezuela» → álbum 9290 de «Magdalena Sánchez»	ya_ambos	artista compacto→#3890 «Magdalena Sánchez» (creado 2026-10-02) | persona compacto→#31057 «Magdalena Sánchez» (creado 2026-10-02) | meta: born (persona) | 1 géneros: Joropo | 4 discos propios | discos ya en catálogo: «Magdalena Sanchez - Cuarteto Ulyses Acosta» → álbum 8845 de «Magdalena Sánchez "La Reina del Cantar Venezolano"»; «Voces de oro de Venezuela» → álbum 9290 de «Magdalena Sánchez»	BD:public.artists+persons (consulta viva 2026-10-03, aliases+redirects)	pages/magdalena-sanchez.json+.html(meta)		
/artist/vicente-emilio-sojo	Vicente Emilio Sojo	25	D_sin_senal		4264	Vicente Emilio Sojo	compacto	1.0	2026-10-03	19382	Vicente Emilio Sojo	compacto	1.0	2026-10-02	persona_o_solista			0		0		sin_imagen	sin_evidencia	2026-10-03 14:44:38	0		ya_ambos	artista compacto→#4264 «Vicente Emilio Sojo» (creado 2026-10-03) | persona compacto→#19382 «Vicente Emilio Sojo» (creado 2026-10-02) | meta: born (persona) | ficha RYM stub (sin discografía ni foto)	BD:public.artists+persons (consulta viva 2026-10-03, aliases+redirects)	pages/vicente-emilio-sojo.json+.html(meta)		
/artist/oksana_linde	Oksana Linde	25	D_miembro_de:Infiniterra		4283	Oksana Linde	compacto	1.0	2026-10-03	38118	Oksana Linde	compacto	1.0	2026-10-03	persona_miembro	Infiniterra [fuera]		3	Ambient, Progressive Electronic, Berlin School	2	Appears On:6; Album:2	portada_rym	con	2026-10-03 12:22:44	2	«Aquatic and Other Worlds» → álbum 14587 de «Oksana Linde»; «Travesias» → álbum 14588 de «Oksana Linde»	ya_ambos	artista compacto→#4283 «Oksana Linde» (creado 2026-10-03) | persona compacto→#38118 «Oksana Linde» (creado 2026-10-03) | meta: born (persona) | snippet: Member of Infiniterra [fuera] | 3 géneros: Ambient, Progressive Electronic, Berlin School | 2 discos propios | discos ya en catálogo: «Aquatic and Other Worlds» → álbum 14587 de «Oksana Linde»; «Travesias» → álbum 14588 de «Oksana Linde»	BD:public.artists+persons (consulta viva 2026-10-03, aliases+redirects)	pages/oksana_linde.json+.html(meta)		
/artist/angel-custodio-loyola	Ángel Custodio Loyola	24	D_miembro_de:Los Torrealberos		4287	Ángel Custodio Loyola	compacto	1.0	2026-10-03	31703	Angel Custodio Loyola	compacto	1.0	2026-10-02	persona_miembro	Los Torrealberos [nuevo]		1	Joropo	5	Album:2; Single:2; Compilation:1	portada_rym	con	2026-10-03 11:41:17	1	«Dos criollísimos» → álbum 8745 de «Juan Vicente Torrealba»	ya_ambos	artista compacto→#4287 «Ángel Custodio Loyola» (creado 2026-10-03) | persona compacto→#31703 «Angel Custodio Loyola» (creado 2026-10-02) | meta: born (persona) | snippet: Member of Los Torrealberos [nuevo] | 1 géneros: Joropo | 5 discos propios | discos ya en catálogo: «Dos criollísimos» → álbum 8745 de «Juan Vicente Torrealba»	BD:public.artists+persons (consulta viva 2026-10-03, aliases+redirects)	pages/angel-custodio-loyola.json+.html(meta)		
/artist/los-dementes	Los Dementes	22	E_banda_con_instrumentos	Ray Pérez (founder, piano, vocals), Perucho Torcat (vocals), Alfredo Padilla (timbales), N	3792	Los Dementes	compacto	1.0	2026-10-02	28765	Los Dementes	compacto	1.0	2026-10-02	banda		1966	2	Salsa dura, Salsa	19	Album:19; V/A Compilation:2	portada_rym	con	2026-10-03 07:20:50	17	«La Salsa llegó!» → álbum 8229 de «Los Dementes»; «Manicomio a locha» → álbum 8228 de «Los Dementes»; «Manifestación en Salsa» → álbum 8230 de «Los Dementes»	ya_ambos	artista compacto→#3792 «Los Dementes» (creado 2026-10-02) | persona compacto→#28765 «Los Dementes» (creado 2026-10-02) | meta: formed 1966 | snippet: Members con instrumentos | 2 géneros: Salsa dura, Salsa | 19 discos propios | discos ya en catálogo: «La Salsa llegó!» → álbum 8229 de «Los Dementes»; «Manicomio a locha» → álbum 8228 de «Los Dementes»	BD:public.artists+persons (consulta viva 2026-10-03, aliases+redirects)	pages/los-dementes.json+.html(meta)		
/artist/gustavo-dudamel	Gustavo Dudamel	22	D_sin_senal		4271	Gustavo Dudamel	compacto	1.0	2026-10-03	38113	Gustavo Adolfo Dudamel Ramírez	alias	1.0	2026-10-03	persona_o_solista			6	Romanticism, Modern Classical, Orchestral Music, Symphony, Concerto, Ballet	46	Album:25; Live Album:12; Video:4; Single:2; Compilation:2; Appears On:1; V/A Compilation:1; Bootleg / Unauthorized:1	portada_rym	con	2026-10-03 09:40:43	5	«The Liberator (Libertador)» → álbum 14134 de «Gustavo Dudamel»; «Alma y Fuego» → álbum 14132 de «Gustavo Dudamel»; «Fiesta» → álbum 14136 de «Gustavo Dudamel»	ya_ambos	artista compacto→#4271 «Gustavo Dudamel» (creado 2026-10-03) | persona alias→#38113 «Gustavo Adolfo Dudamel Ramírez» (creado 2026-10-03) | meta: born (persona) | 6 géneros: Romanticism, Modern Classical, Orchestral Music | 46 discos propios | discos ya en catálogo: «The Liberator (Libertador)» → álbum 14134 de «Gustavo Dudamel»; «Alma y Fuego» → álbum 14132 de «Gustavo Dudamel»	BD:public.artists+persons (consulta viva 2026-10-03, aliases+redirects)	pages/gustavo-dudamel.json+.html(meta)		
/artist/big-soto	Big Soto	22	D_miembro_de:Eleuce Music		4257	Big Soto	compacto	1.0	2026-10-03	38110	Gustavo Rafael Guerrero Soto	alias	1.0	2026-10-03	persona_miembro	Eleuce Music [fuera]		3	Trap, Reggaetón, Pop Rap	42	Single:33; Appears On:13; Album:8; EP:1; Music video:1	portada_rym	con	2026-10-03 09:40:22	18	«Young Cream» → álbum 13838 de «Big Soto»; «Apokalypsis» → álbum 13796 de «Neutro Shorty»; «The Good Trip» → álbum 13835 de «Big Soto»	ya_ambos	artista compacto→#4257 «Big Soto» (creado 2026-10-03) | persona alias→#38110 «Gustavo Rafael Guerrero Soto» (creado 2026-10-03) | meta: born (persona) | snippet: Member of Eleuce Music [fuera] | 3 géneros: Trap, Reggaetón, Pop Rap | 42 discos propios | discos ya en catálogo: «Young Cream» → álbum 13838 de «Big Soto»; «Apokalypsis» → álbum 13796 de «Neutro Shorty»	BD:public.artists+persons (consulta viva 2026-10-03, aliases+redirects)	pages/big-soto.json+.html(meta)		
/artist/santiago-bosch	Santiago Bosch	21	D_sin_senal		3574	Santiago Bosch	compacto	1.0	2026-10-02	21459	Santiago Bosch	compacto	1.0	2026-10-02	persona_o_solista			1	Jazz Fusion	2	Album:2; Appears On:1	portada_rym	con	2026-10-03 14:04:34	2	«Guaro Report» → álbum 6459 de «Santiago Bosch»; «Galactic Warrior» → álbum 6460 de «Santiago Bosch»	ya_ambos	artista compacto→#3574 «Santiago Bosch» (creado 2026-10-02) | persona compacto→#21459 «Santiago Bosch» (creado 2026-10-02) | meta: born (persona) | 1 géneros: Jazz Fusion | 2 discos propios | discos ya en catálogo: «Guaro Report» → álbum 6459 de «Santiago Bosch»; «Galactic Warrior» → álbum 6460 de «Santiago Bosch»	BD:public.artists+persons (consulta viva 2026-10-03, aliases+redirects)	pages/santiago-bosch.json+.html(meta)		
/artist/fernando_freitez	Fernando Freitez	21	D_miembro_de:Terracota		3401	Fernando Freitez	compacto	1.0	2026-10-02	19219	Fernando Freitez	compacto	1.0	2026-10-02	persona_miembro	Terracota [cat]		0		2	Album:2	portada_rym	con	2026-10-03 14:52:13	1	«Surcos» → álbum 5849 de «Fernando Freitez»	ya_ambos	artista compacto→#3401 «Fernando Freitez» (creado 2026-10-02) | persona compacto→#19219 «Fernando Freitez» (creado 2026-10-02) | meta: born (persona) | snippet: Member of Terracota [cat] | 2 discos propios | discos ya en catálogo: «Surcos» → álbum 5849 de «Fernando Freitez»	BD:public.artists+persons (consulta viva 2026-10-03, aliases+redirects)	pages/fernando_freitez.json+.html(meta)		
/artist/alirio_diaz	Alirio Díaz	21	D_sin_senal		3381	Alirio Díaz	compacto	1.0	2026-10-02	19422	Alirio Díaz	compacto	1.0	2026-10-02	persona_o_solista			2	Spanish Classical Music, Latin American Classical Music	23	Album:18; Compilation:4; Single:1	portada_rym	con	2026-10-03 11:52:44	8	«Guitarra de Venezuela» → álbum 5762 de «Alirio Díaz»; «Four Centuries of Music for the Classic Spanish Guitar» → álbum 5965 de «Alirio Díaz»; «Canciones, Tonadas y Aguinaldos Venezolanos» → álbum 5966 de «Alirio Díaz y Morella Muñoz»	ya_ambos	artista compacto→#3381 «Alirio Díaz» (creado 2026-10-02) | persona compacto→#19422 «Alirio Díaz» (creado 2026-10-02) | meta: born (persona) | 2 géneros: Spanish Classical Music, Latin American Classical Music | 23 discos propios | discos ya en catálogo: «Guitarra de Venezuela» → álbum 5762 de «Alirio Díaz»; «Four Centuries of Music for the Classic Spanish Guitar» → álbum 5965 de «Alirio Díaz»	BD:public.artists+persons (consulta viva 2026-10-03, aliases+redirects)	pages/alirio_diaz.json+.html(meta)		
/artist/anselmo-lopez	Anselmo López	21	D_sin_senal		3806	Anselmo López	compacto	1.0	2026-10-02	31268	Anselmo López	compacto	1.0	2026-10-02	persona_o_solista			0		2	Album:1; Compilation:1; V/A Compilation:1	portada_rym	con	2026-10-03 13:57:38	2	«Folklore puro» → álbum 8531 de «Anselmo López»; «Clásicos de oro» → álbum 8221 de «Los Blanco»	ya_ambos	artista compacto→#3806 «Anselmo López» (creado 2026-10-02) | persona compacto→#31268 «Anselmo López» (creado 2026-10-02) | meta: born (persona) | 2 discos propios | discos ya en catálogo: «Folklore puro» → álbum 8531 de «Anselmo López»; «Clásicos de oro» → álbum 8221 de «Los Blanco»	BD:public.artists+persons (consulta viva 2026-10-03, aliases+redirects)	pages/anselmo-lopez.json+.html(meta)		
/artist/ofelia-del-rosal	Ofelia del Rosal	21	D_sin_senal		3550	Ofelia del Rosal	compacto	1.0	2026-10-02	21294	Ofelia del Rosal	compacto	1.0	2026-10-02	persona_o_solista			1	Jazz	1	Album:1	portada_rym	con	2026-10-03 14:01:52	1	«Aldemareando» → álbum 6398 de «Ofelia del Rosal»	ya_ambos	artista compacto→#3550 «Ofelia del Rosal» (creado 2026-10-02) | persona compacto→#21294 «Ofelia del Rosal» (creado 2026-10-02) | 1 géneros: Jazz | 1 discos propios | discos ya en catálogo: «Aldemareando» → álbum 6398 de «Ofelia del Rosal»	BD:public.artists+persons (consulta viva 2026-10-03, aliases+redirects)	pages/ofelia-del-rosal.json+.html(meta)		
/artist/daniel-calveti	Daniel Calveti	21	D_sin_senal		4323	Daniel Calveti	compacto	1.0	2026-10-03	38120	Daniel Calveti	compacto	1.0	2026-10-03	persona_o_solista			0		4	Album:4	portada_rym	con	2026-10-03 15:49:11	3	«Un Día Más» → álbum 202 de «Iguanas De Trapo»; «Mi Refugio» → álbum 15215 de «Daniel Calveti»; «Habla Sobre Mí» → álbum 15212 de «Daniel Calveti»	ya_ambos	artista compacto→#4323 «Daniel Calveti» (creado 2026-10-03) | persona compacto→#38120 «Daniel Calveti» (creado 2026-10-03) | meta: born (persona) | 4 discos propios | discos ya en catálogo: «Un Día Más» → álbum 202 de «Iguanas De Trapo»; «Mi Refugio» → álbum 15215 de «Daniel Calveti»	BD:public.artists+persons (consulta viva 2026-10-03, aliases+redirects)	pages/daniel-calveti.json+.html(meta)		
/artist/aquiles-machado	Aquiles Machado	20	D_sin_senal		4242	Aquiles Machado	compacto	1.0	2026-10-03	30404	Aquiles Machado	compacto	1.0	2026-10-02	persona_o_solista			0		1	Album:1	portada_rym	con	2026-10-03 08:14:11	0		ya_ambos	artista compacto→#4242 «Aquiles Machado» (creado 2026-10-03) | persona compacto→#30404 «Aquiles Machado» (creado 2026-10-02) | meta: born (persona) | 1 discos propios	BD:public.artists+persons (consulta viva 2026-10-03, aliases+redirects)	pages/aquiles-machado.json+.html(meta)		
/artist/compasses	Compasses	20	E_banda_con_instrumentos	Eduard Jiménez (harp), Alis Cruces (Venezuelan cuatro, bandola), Nelson Echandia (bass), A	3930	Compasses	compacto	1.0	2026-10-02	33149	Compasses	compacto	1.0	2026-10-02	banda			1	Joropo	2	Album:2	portada_rym	con	2026-10-03 18:08:20	2	«Acoustic Play» → álbum 9609 de «Compasses»; «Sotavento» → álbum 9610 de «Compasses»	ya_ambos	artista compacto→#3930 «Compasses» (creado 2026-10-02) | persona compacto→#33149 «Compasses» (creado 2026-10-02) | snippet: Members con instrumentos | 1 géneros: Joropo | 2 discos propios | discos ya en catálogo: «Acoustic Play» → álbum 9609 de «Compasses»; «Sotavento» → álbum 9610 de «Compasses»	BD:public.artists+persons (consulta viva 2026-10-03, aliases+redirects)	pages/compasses.json+.html(meta)		
/artist/evencio_castellanos	Evencio Castellanos	20	D_sin_senal		3400	Evencio Castellanos	compacto	1.0	2026-10-02	19477	Evencio Castellanos	compacto	1.0	2026-10-02	persona_o_solista			0		1	Album:1	portada_rym	con	2026-10-03 17:54:26	0		ya_ambos	artista compacto→#3400 «Evencio Castellanos» (creado 2026-10-02) | persona compacto→#19477 «Evencio Castellanos» (creado 2026-10-02) | meta: born (persona) | 1 discos propios	BD:public.artists+persons (consulta viva 2026-10-03, aliases+redirects)	pages/evencio_castellanos.json+.html(meta)		
/artist/antonio_estevez	Antonio Estévez	20	D_sin_senal		4266	Antonio Estévez	compacto	1.0	2026-10-03	19720	Antonio Estévez	compacto	1.0	2026-10-02	persona_o_solista			0		0		sin_imagen	sin_evidencia	2026-10-03 11:38:57	0		ya_ambos	artista compacto→#4266 «Antonio Estévez» (creado 2026-10-03) | persona compacto→#19720 «Antonio Estévez» (creado 2026-10-02) | meta: born (persona) | ficha RYM stub (sin discografía ni foto)	BD:public.artists+persons (consulta viva 2026-10-03, aliases+redirects)	pages/antonio_estevez.json+.html(meta)		
/artist/adilia_castillo	Adilia Castillo	19	D_sin_senal		3803	Adilia Castillo	compacto	1.0	2026-10-02	30411	Adilia Castillo	compacto	1.0	2026-10-02	persona_o_solista			0		9	Album:8; V/A Compilation:2; EP:1; Appears On:1	portada_rym	con	2026-10-03 16:53:39	7	«Rosalinda» → álbum 8502 de «Adilia Castillo»; «La doña» → álbum 8514 de «Adilia Castillo»; «Adilia internacional» → álbum 9146 de «Adilia Castillo»	ya_ambos	artista compacto→#3803 «Adilia Castillo» (creado 2026-10-02) | persona compacto→#30411 «Adilia Castillo» (creado 2026-10-02) | meta: born (persona) | 9 discos propios | discos ya en catálogo: «Rosalinda» → álbum 8502 de «Adilia Castillo»; «La doña» → álbum 8514 de «Adilia Castillo»	BD:public.artists+persons (consulta viva 2026-10-03, aliases+redirects)	pages/adilia_castillo.json+.html(meta)		
/artist/juan-galea	Juan Galea	18	D_sin_senal		3880	Juan Galea	compacto	1.0	2026-10-02	30382	Juan Galea	compacto	1.0	2026-10-02	persona_o_solista			0		2	Album:2	portada_rym	con	2026-10-03 11:46:41	1	«Venezolano, moderno e internacional» → álbum 9202 de «Juan Galea y Su Grupo»	ya_ambos	artista compacto→#3880 «Juan Galea» (creado 2026-10-02) | persona compacto→#30382 «Juan Galea» (creado 2026-10-02) | 2 discos propios | discos ya en catálogo: «Venezolano, moderno e internacional» → álbum 9202 de «Juan Galea y Su Grupo»	BD:public.artists+persons (consulta viva 2026-10-03, aliases+redirects)	pages/juan-galea.json+.html(meta)		
/artist/akapellah	Akapellah	18	D_miembro_de:SPL Clan		4255	Akapellah	compacto	1.0	2026-10-03	38108	Pedro Elías Aquino Cova	alias	1.0	2026-10-03	persona_miembro	SPL Clan [fuera]		4	Boom Bap, Pop Rap, Trap, Latin Rap	44	Single:33; Appears On:13; Album:9; Music video:3; EP:2; V/A Compilation:2	portada_rym	con	2026-10-03 10:06:24	21	«Como antes» → álbum 13721 de «Akapellah»; «Como siempre» → álbum 13723 de «Akapellah»; «Como nunca» → álbum 8375 de «Mirla Castellanos»	ya_ambos	artista compacto→#4255 «Akapellah» (creado 2026-10-03) | persona alias→#38108 «Pedro Elías Aquino Cova» (creado 2026-10-03) | meta: born (persona) | snippet: Member of SPL Clan [fuera] | 4 géneros: Boom Bap, Pop Rap, Trap | 44 discos propios | discos ya en catálogo: «Como antes» → álbum 13721 de «Akapellah»; «Como siempre» → álbum 13723 de «Akapellah»	BD:public.artists+persons (consulta viva 2026-10-03, aliases+redirects)	pages/akapellah.json+.html(meta)		
/artist/bernhard_wagner	Bernhard Wagner	18	D_miembro_de:International Live Looping Trio		3361	Bernhard Wagner	compacto	1.0	2026-10-02	18839	Bernhard Wagner	compacto	1.0	2026-10-02	persona_miembro	International Live Looping Trio [cat]		0		1	Album:1	portada_rym	con	2026-10-03 10:41:06	1	«The Fourth Night» → álbum 5639 de «Bernhard Wagner»	ya_ambos	artista compacto→#3361 «Bernhard Wagner» (creado 2026-10-02) | persona compacto→#18839 «Bernhard Wagner» (creado 2026-10-02) | snippet: Member of International Live Looping Trio [cat] | 1 discos propios | discos ya en catálogo: «The Fourth Night» → álbum 5639 de «Bernhard Wagner»	BD:public.artists+persons (consulta viva 2026-10-03, aliases+redirects)	pages/bernhard_wagner.json+.html(meta)		
/artist/antonio-lauro	Antonio Lauro	18	D_sin_senal		4263	Antonio Lauro	compacto	1.0	2026-10-03	19071	Antonio Lauro	compacto	1.0	2026-10-02	persona_o_solista			0		2	Album:2; Appears On:2	portada_rym	con	2026-10-03 15:46:31	0		ya_ambos	artista compacto→#4263 «Antonio Lauro» (creado 2026-10-03) | persona compacto→#19071 «Antonio Lauro» (creado 2026-10-02) | meta: born (persona) | 2 discos propios	BD:public.artists+persons (consulta viva 2026-10-03, aliases+redirects)	pages/antonio-lauro.json+.html(meta)		
/artist/virginia-ramirez	Virginia Ramírez	16	D_sin_senal		3591	Virginia Ramírez	compacto	1.0	2026-10-02	20985	Virginia Ramírez	compacto	1.0	2026-10-02	persona_o_solista			0		0		sin_imagen	sin_evidencia	2026-10-03 17:21:08	0		ya_ambos	artista compacto→#3591 «Virginia Ramírez» (creado 2026-10-02) | persona compacto→#20985 «Virginia Ramírez» (creado 2026-10-02) | ficha RYM stub (sin discografía ni foto)	BD:public.artists+persons (consulta viva 2026-10-03, aliases+redirects)	pages/virginia-ramirez.json+.html(meta)		
/artist/fran-vielma	Fran Vielma	12	D_sin_senal		3491	Fran Vielma	compacto	1.0	2026-10-02	23073	Fran Vielma	compacto	1.0	2026-10-02	persona_o_solista			0		1	Album:1	portada_rym	con	2026-10-03 16:29:50	0		ya_ambos	artista compacto→#3491 «Fran Vielma» (creado 2026-10-02) | persona compacto→#23073 «Fran Vielma» (creado 2026-10-02) | 1 discos propios	BD:public.artists+persons (consulta viva 2026-10-03, aliases+redirects)	pages/fran-vielma.json+.html(meta)		
/artist/irepelusa	Irepelusa	10	D_miembro_de:Motherflowers|Pólyman		4273	Irepelusa	compacto	1.0	2026-10-03	38114	Irepelusa	compacto	1.0	2026-10-03	persona_miembro	Motherflowers [cat]; Pólyman [cat]		3	Alternative R&B, Neo-Soul, Latin Pop	22	Single:19; Appears On:13; Music video:10; Album:2; V/A Compilation:2; EP:1	portada_rym	con	2026-10-03 11:31:00	17	«Un koala en una palmera» → álbum 14189 de «Irepelusa»; «Irene Alejandra» → álbum 14190 de «Irepelusa»; «Rayos, besos, fallos» → álbum 14191 de «Irepelusa»	ya_ambos	artista compacto→#4273 «Irepelusa» (creado 2026-10-03) | persona compacto→#38114 «Irepelusa» (creado 2026-10-03) | snippet: Member of Motherflowers [cat]|Pólyman [cat] | 3 géneros: Alternative R&B, Neo-Soul, Latin Pop | 22 discos propios | discos ya en catálogo: «Un koala en una palmera» → álbum 14189 de «Irepelusa»; «Irene Alejandra» → álbum 14190 de «Irepelusa»	BD:public.artists+persons (consulta viva 2026-10-03, aliases+redirects)	pages/irepelusa.json+.html(meta)		
/artist/fabiola_jose	Fabiola José	10	D_sin_senal		3815	Fabiola José	compacto	1.0	2026-10-02	30947	Fabiola José	compacto	1.0	2026-10-02	persona_o_solista			0		1	Album:1	portada_rym	con	2026-10-03 10:31:32	1	«Ahora» → álbum 8574 de «Fabiola José»	ya_ambos	artista compacto→#3815 «Fabiola José» (creado 2026-10-02) | persona compacto→#30947 «Fabiola José» (creado 2026-10-02) | 1 discos propios | discos ya en catálogo: «Ahora» → álbum 8574 de «Fabiola José»	BD:public.artists+persons (consulta viva 2026-10-03, aliases+redirects)	pages/fabiola_jose.json+.html(meta)		
/artist/cheo_hurtado	Cheo Hurtado	10	D_miembro_de:Ensamble Gurrufío		3905	Cheo Hurtado	compacto	1.0	2026-10-02	20626	Cheo Hurtado	compacto	1.0	2026-10-02	persona_miembro	Ensamble Gurrufío [cat]		1	Hispanic American Folk Music	6	Album:6; Appears On:2; V/A Compilation:2	portada_rym	con	2026-10-03 12:22:30	4	«Seis guayanés» → álbum 9538 de «Cheo Hurtado»; «Sin fronteras» → álbum 6829 de «Billo's Caracas Boys / Billos / Billo Frómeta»; «Compadre Pancho» → álbum 9534 de «Cheo Hurtado»	ya_ambos	artista compacto→#3905 «Cheo Hurtado» (creado 2026-10-02) | persona compacto→#20626 «Cheo Hurtado» (creado 2026-10-02) | meta: born (persona) | snippet: Member of Ensamble Gurrufío [cat] | 1 géneros: Hispanic American Folk Music | 6 discos propios | discos ya en catálogo: «Seis guayanés» → álbum 9538 de «Cheo Hurtado»; «Sin fronteras» → álbum 6829 de «Billo's Caracas Boys / Billos / Billo Frómeta»	BD:public.artists+persons (consulta viva 2026-10-03, aliases+redirects)	pages/cheo_hurtado.json+.html(meta)		
/artist/juan-carlos-salazar	Juan Carlos Salazar	9	D_sin_senal		4337	Juan Carlos Salazar	compacto	1.0	2026-10-03	25525	Juan Carlos Salazar	compacto	1.0	2026-10-02	persona_o_solista			1	Latin Pop	13	Album:13; V/A Compilation:1	portada_rym	con	2026-10-03 13:34:07	11	«Dejame sentir» → álbum 15306 de «Juan Carlos Salazar»; «Raíces y motivos» → álbum 8184 de «Hernán Gamboa & Juan Carlos Salazar»; «Anhelos» → álbum 15310 de «Juan Carlos Salazar»	ya_ambos	artista compacto→#4337 «Juan Carlos Salazar» (creado 2026-10-03) | persona compacto→#25525 «Juan Carlos Salazar» (creado 2026-10-02) | 1 géneros: Latin Pop | 13 discos propios | discos ya en catálogo: «Dejame sentir» → álbum 15306 de «Juan Carlos Salazar»; «Raíces y motivos» → álbum 8184 de «Hernán Gamboa & Juan Carlos Salazar»	BD:public.artists+persons (consulta viva 2026-10-03, aliases+redirects)	pages/juan-carlos-salazar.json+.html(meta)		
/artist/yilmer-vivas	Yilmer Vivas	9	D_sin_senal		3596	Yilmer Vivas	compacto	1.0	2026-10-02	21215	Yilmer Vivas	compacto	1.0	2026-10-02	persona_o_solista			0		1	Album:1	portada_rym	con	2026-10-03 18:13:05	1	«Colors in My Mind» → álbum 6570 de «Yilmer Vivas»	ya_ambos	artista compacto→#3596 «Yilmer Vivas» (creado 2026-10-02) | persona compacto→#21215 «Yilmer Vivas» (creado 2026-10-02) | meta: born (persona) | 1 discos propios | discos ya en catálogo: «Colors in My Mind» → álbum 6570 de «Yilmer Vivas»	BD:public.artists+persons (consulta viva 2026-10-03, aliases+redirects)	pages/yilmer-vivas.json+.html(meta)		
/artist/aneeka	Aneeka	9	D_sin_senal		4254	Aneeka	compacto	1.0	2026-10-03	38107	Andrea Martínez	alias	1.0	2026-10-03	persona_o_solista			1	Pop	2	Album:2; Appears On:1	portada_rym	con	2026-10-03 10:05:44	1	«Ni Antes... Ni Después» → álbum 13690 de «Aneeka»	ya_ambos	artista compacto→#4254 «Aneeka» (creado 2026-10-03) | persona alias→#38107 «Andrea Martínez» (creado 2026-10-03) | meta: born (persona) | 1 géneros: Pop | 2 discos propios | discos ya en catálogo: «Ni Antes... Ni Después» → álbum 13690 de «Aneeka»	BD:public.artists+persons (consulta viva 2026-10-03, aliases+redirects)	pages/aneeka.json+.html(meta)		
/artist/francisco-montoya	Francisco Montoya	8	D_sin_senal		4288	Francisco Montoya	compacto	1.0	2026-10-03	31223	Francisco Montoya	compacto	1.0	2026-10-02	persona_o_solista			1	Música llanera	1	Album:1	sin_imagen	con	2026-10-03 17:30:55	1	«Yo Soy Venezuela» → álbum 7611 de «Nancy Ramos»	ya_ambos	artista compacto→#4288 «Francisco Montoya» (creado 2026-10-03) | persona compacto→#31223 «Francisco Montoya» (creado 2026-10-02) | meta: born (persona) | 1 géneros: Música llanera | 1 discos propios | discos ya en catálogo: «Yo Soy Venezuela» → álbum 7611 de «Nancy Ramos»	BD:public.artists+persons (consulta viva 2026-10-03, aliases+redirects)	pages/francisco-montoya.json+.html(meta)		
/artist/juan-bautista-plaza	Juan Bautista Plaza	8	D_sin_senal		4268	Juan Bautista Plaza	compacto	1.0	2026-10-03	19213	Juan Bautista Plaza	compacto	1.0	2026-10-02	persona_o_solista			0		0		sin_imagen	sin_evidencia	2026-10-03 06:01:45	0		ya_ambos	artista compacto→#4268 «Juan Bautista Plaza» (creado 2026-10-03) | persona compacto→#19213 «Juan Bautista Plaza» (creado 2026-10-02) | meta: born (persona) | ficha RYM stub (sin discografía ni foto)	BD:public.artists+persons (consulta viva 2026-10-03, aliases+redirects)	pages/juan-bautista-plaza.json+.html(meta)		
/artist/alfredo_sadel	Alfredo Sadel	8	D_sin_senal		3676	Alfredo Sadel	compacto	1.0	2026-10-02	21399	Alfredo Sadel	compacto	1.0	2026-10-02	persona_o_solista			0		14	Album:11; Appears On:3; V/A Compilation:3; EP:2; Compilation:1	portada_rym	con	2026-10-03 07:08:43	4	«Mi canción» → álbum 13071 de «Alfredo Sadel»; «Alma Llanera» → álbum 9228 de «Juan Vicente Torrealba y su Conjunto»; «Sadel en la opera» → álbum 13075 de «Alfredo Sadel»	ya_ambos	artista compacto→#3676 «Alfredo Sadel» (creado 2026-10-02) | persona compacto→#21399 «Alfredo Sadel» (creado 2026-10-02) | meta: born (persona) | 14 discos propios | discos ya en catálogo: «Mi canción» → álbum 13071 de «Alfredo Sadel»; «Alma Llanera» → álbum 9228 de «Juan Vicente Torrealba y su Conjunto»	BD:public.artists+persons (consulta viva 2026-10-03, aliases+redirects)	pages/alfredo_sadel.json+.html(meta)		
/artist/canelita-medina	Canelita Medina	8	D_miembro_de:La Sonora Caracas		3684	Canelita Medina	compacto	1.0	2026-10-02	22438	Canelita Medina	compacto	1.0	2026-10-02	persona_miembro	La Sonora Caracas [cat]		1	Salsa	5	Album:5; Appears On:3	portada_rym	con	2026-10-03 15:53:27	5	«Sones y guajiras» → álbum 6851 de «Canelita Medina»; «Trae candela» → álbum 6852 de «Canelita Medina»; «Canelita» → álbum 6853 de «Canelita Medina»	ya_ambos	artista compacto→#3684 «Canelita Medina» (creado 2026-10-02) | persona compacto→#22438 «Canelita Medina» (creado 2026-10-02) | meta: born (persona) | snippet: Member of La Sonora Caracas [cat] | 1 géneros: Salsa | 5 discos propios | discos ya en catálogo: «Sones y guajiras» → álbum 6851 de «Canelita Medina»; «Trae candela» → álbum 6852 de «Canelita Medina»	BD:public.artists+persons (consulta viva 2026-10-03, aliases+redirects)	pages/canelita-medina.json+.html(meta)		
/artist/soledad-bravo	Soledad Bravo	7	D_sin_senal		3749	Soledad Bravo	compacto	1.0	2026-10-02	25256	Soledad Bravo	compacto	1.0	2026-10-02	persona_o_solista			6	Nueva canción latinoamericana, Nueva trova, Malagueña venezolana, Salsa, Hispanic American Folk Music, Singer-Songwriter	33	Album:23; V/A Compilation:7; Compilation:6; Appears On:3; Live Album:2; Single:2	portada_rym	con	2026-10-03 09:31:49	28	«Soledad» → álbum 7797 de «Soledad Bravo»; «Soledad Bravo canta» → álbum 7796 de «Soledad Bravo»; «Soledad Bravo Vol. 3» → álbum 7798 de «Soledad Bravo»	ya_ambos	artista compacto→#3749 «Soledad Bravo» (creado 2026-10-02) | persona compacto→#25256 «Soledad Bravo» (creado 2026-10-02) | meta: born (persona) | 6 géneros: Nueva canción latinoamericana, Nueva trova, Malagueña venezolana | 33 discos propios | discos ya en catálogo: «Soledad» → álbum 7797 de «Soledad Bravo»; «Soledad Bravo canta» → álbum 7796 de «Soledad Bravo»	BD:public.artists+persons (consulta viva 2026-10-03, aliases+redirects)	pages/soledad-bravo.json+.html(meta)		
/artist/popy	Popy	7	D_sin_senal		4320	Popy	compacto	1.0	2026-10-03	11856	Diony López	alias	1.0	2026-09-13	persona_o_solista			0		4	Album:4	portada_rym	con	2026-10-03 16:39:55	2	«Aguinaldos Tradicionales Venezolanos» → álbum 15042 de «Popy»; «A cepillarse» → álbum 15043 de «Popy»	ya_ambos	artista compacto→#4320 «Popy» (creado 2026-10-03) | persona alias→#11856 «Diony López» (creado 2026-09-13) | meta: born (persona) | 4 discos propios | discos ya en catálogo: «Aguinaldos Tradicionales Venezolanos» → álbum 15042 de «Popy»; «A cepillarse» → álbum 15043 de «Popy»	BD:public.artists+persons (consulta viva 2026-10-03, aliases+redirects)	pages/popy.json+.html(meta)		
/artist/alberto-grau	Alberto Grau	7	D_sin_senal		3379	Alberto Grau	compacto	1.0	2026-10-02	19336	Alberto Grau	compacto	1.0	2026-10-02	persona_o_solista			0		0		sin_imagen	sin_evidencia	2026-10-03 16:44:30	0		ya_ambos	artista compacto→#3379 «Alberto Grau» (creado 2026-10-02) | persona compacto→#19336 «Alberto Grau» (creado 2026-10-02) | meta: born (persona) | ficha RYM stub (sin discografía ni foto)	BD:public.artists+persons (consulta viva 2026-10-03, aliases+redirects)	pages/alberto-grau.json+.html(meta)		
/artist/gabylonia	Gabylonia	7	D_sin_senal		4258	Gabylonia	compacto	1.0	2026-10-03	38111	María Gabriela Vivas Sojo	alias	1.0	2026-10-03	persona_o_solista			0		3	Appears On:7; Single:2; Album:1	portada_rym	con	2026-10-03 08:41:34	1	«Lavoe» → álbum 13887 de «Gabylonia»	ya_ambos	artista compacto→#4258 «Gabylonia» (creado 2026-10-03) | persona alias→#38111 «María Gabriela Vivas Sojo» (creado 2026-10-03) | meta: born (persona) | 3 discos propios | discos ya en catálogo: «Lavoe» → álbum 13887 de «Gabylonia»	BD:public.artists+persons (consulta viva 2026-10-03, aliases+redirects)	pages/gabylonia.json+.html(meta)		
/artist/chino-y-nacho	Chino y Nacho	7	D_sin_senal		4247	Chino & Nacho	alias	1.0	2026-10-03	39825	Chino y Nacho	compacto	1.0	2026-10-03	banda		2007	3	Latin Pop, Reggaetón, Merengue	20	Single:11; Appears On:8; Album:7; Music video:4; Live Album:2; V/A Compilation:1	portada_rym	con	2026-10-03 18:16:29	17	«Epoca de reyes» → álbum 13270 de «Chino & Nacho»; «Los Reyes Del Romantiqueo» → álbum 13263 de «Chino & Nacho»; «Mi niña bonita» → álbum 13266 de «Chino & Nacho»	ya_ambos	artista alias→#4247 «Chino & Nacho» (creado 2026-10-03) | persona compacto→#39825 «Chino y Nacho» (creado 2026-10-03) | meta: formed 2007 | 3 géneros: Latin Pop, Reggaetón, Merengue | 20 discos propios | discos ya en catálogo: «Epoca de reyes» → álbum 13270 de «Chino & Nacho»; «Los Reyes Del Romantiqueo» → álbum 13263 de «Chino & Nacho»	BD:public.artists+persons (consulta viva 2026-10-03, aliases+redirects)	pages/chino-y-nacho.json+.html(meta)		
/artist/los-melodicos	Los Melódicos	7	E_banda_con_instrumentos	Renato Capriles (founder, director), Cheo García (vocals), Emilita Dago (vocals), Manolo M	3794	Los Melódicos	compacto	1.0	2026-10-02	26999	Los Melódicos	compacto	1.0	2026-10-02	banda			1	Big Band	51	Album:40; Compilation:10; V/A Compilation:8; Appears On:3; Single:1	portada_rym	con	2026-10-03 16:39:42	37	«Estos son Los Melódicos» → álbum 8260 de «Los Melódicos»; «Exitos de Los Melódicos» → álbum 7391 de «Los Melódicos / Renato Capriles»; «Bailando con Los Melódicos» → álbum 8263 de «Los Melódicos»	ya_ambos	artista compacto→#3794 «Los Melódicos» (creado 2026-10-02) | persona compacto→#26999 «Los Melódicos» (creado 2026-10-02) | snippet: Members con instrumentos | 1 géneros: Big Band | 51 discos propios | discos ya en catálogo: «Estos son Los Melódicos» → álbum 8260 de «Los Melódicos»; «Exitos de Los Melódicos» → álbum 7391 de «Los Melódicos / Renato Capriles»	BD:public.artists+persons (consulta viva 2026-10-03, aliases+redirects)	pages/los-melodicos.json+.html(meta)		
/artist/teresa-carreno	Teresa Carreño	7	D_sin_senal		4262	Teresa Carreño	compacto	1.0	2026-10-03	19257	Teresa Carreño	compacto	1.0	2026-10-02	persona_o_solista			0		1	Appears On:1; Compilation:1	portada_rym	con	2026-10-03 15:17:23	0		ya_ambos	artista compacto→#4262 «Teresa Carreño» (creado 2026-10-03) | persona compacto→#19257 «Teresa Carreño» (creado 2026-10-02) | meta: born (persona) | 1 discos propios	BD:public.artists+persons (consulta viva 2026-10-03, aliases+redirects)	pages/teresa-carreno.json+.html(meta)		
/artist/orlando-molina	Orlando Molina	7	D_sin_senal		3553	Orlando Molina	compacto	1.0	2026-10-02	21568	Orlando Molina	compacto	1.0	2026-10-02	persona_o_solista			0		1	Single:1; Appears On:1	portada_rym	con	2026-10-03 15:01:00	1	«Tonada de luna llena» → álbum 15665 de «Zeta»	ya_ambos	artista compacto→#3553 «Orlando Molina» (creado 2026-10-02) | persona compacto→#21568 «Orlando Molina» (creado 2026-10-02) | 1 discos propios | discos ya en catálogo: «Tonada de luna llena» → álbum 15665 de «Zeta»	BD:public.artists+persons (consulta viva 2026-10-03, aliases+redirects)	pages/orlando-molina.json+.html(meta)		
/artist/esperanza-marquez	Esperanza Márquez	7	D_sin_senal		3698	Esperanza Márquez	compacto	1.0	2026-10-02	25407	Esperanza Márquez	compacto	1.0	2026-10-02	persona_o_solista			1	Bolero	1	Album:1	portada_rym	con	2026-10-03 14:49:51	1	«El canto de esperanza» → álbum 6979 de «Esperanza Márquez»	ya_ambos	artista compacto→#3698 «Esperanza Márquez» (creado 2026-10-02) | persona compacto→#25407 «Esperanza Márquez» (creado 2026-10-02) | 1 géneros: Bolero | 1 discos propios | discos ya en catálogo: «El canto de esperanza» → álbum 6979 de «Esperanza Márquez»	BD:public.artists+persons (consulta viva 2026-10-03, aliases+redirects)	pages/esperanza-marquez.json+.html(meta)		
/artist/danny-ocean	Danny Ocean	7	D_sin_senal		4249	Danny Ocean	compacto	1.0	2026-10-03	38102	Daniel Alejandro Morales Reyes	alias	1.0	2026-10-03	persona_o_solista			6	Reggaetón, Latin Pop, Afrobeats, Alternative R&B, Dance-Pop, Contemporary R&B	40	Single:33; Appears On:13; Album:4; EP:2; Music video:2; V/A Compilation:2; Video:1	portada_rym	con	2026-10-03 12:20:33	28	«54+1» → álbum 13353 de «Danny Ocean»; «@dannocean» → álbum 13344 de «Danny Ocean»; «Reflexa» → álbum 13357 de «Danny Ocean»	ya_ambos	artista compacto→#4249 «Danny Ocean» (creado 2026-10-03) | persona alias→#38102 «Daniel Alejandro Morales Reyes» (creado 2026-10-03) | meta: born (persona) | 6 géneros: Reggaetón, Latin Pop, Afrobeats | 40 discos propios | discos ya en catálogo: «54+1» → álbum 13353 de «Danny Ocean»; «@dannocean» → álbum 13344 de «Danny Ocean»	BD:public.artists+persons (consulta viva 2026-10-03, aliases+redirects)	pages/danny-ocean.json+.html(meta)		
/artist/kristhyan-benitez	Kristhyan Benitez	7	D_sin_senal		3406	Kristhyan Benitez	compacto	1.0	2026-10-02	19737	Kristhyan Benitez	compacto	1.0	2026-10-02	persona_o_solista			0		1	Album:1	portada_rym	con	2026-10-03 18:10:12	1	«Nosotros» → álbum 5865 de «Kristhyan Benitez»	ya_ambos	artista compacto→#3406 «Kristhyan Benitez» (creado 2026-10-02) | persona compacto→#19737 «Kristhyan Benitez» (creado 2026-10-02) | 1 discos propios | discos ya en catálogo: «Nosotros» → álbum 5865 de «Kristhyan Benitez»	BD:public.artists+persons (consulta viva 2026-10-03, aliases+redirects)	pages/kristhyan-benitez.json+.html(meta)		
/artist/neutro-shorty	Neutro Shorty	7	D_sin_senal		4256	Neutro Shorty	compacto	1.0	2026-10-03	38109	Liomar Ricardo Acosta Orta	alias	1.0	2026-10-03	persona_o_solista			5	Trap, Latin Rap, Gangsta Rap, Hardcore Hip Hop, Salsa romántica	39	Single:24; Album:13; Appears On:13; Mixtape:2; Music video:2	portada_rym	con	2026-10-03 06:08:59	19	«Buena Mierda» → álbum 13801 de «Neutro Shorty»; «Caligulas» → álbum 13792 de «Neutro Shorty»; «Apokalypsis» → álbum 13796 de «Neutro Shorty»	ya_ambos	artista compacto→#4256 «Neutro Shorty» (creado 2026-10-03) | persona alias→#38109 «Liomar Ricardo Acosta Orta» (creado 2026-10-03) | meta: born (persona) | 5 géneros: Trap, Latin Rap, Gangsta Rap | 39 discos propios | discos ya en catálogo: «Buena Mierda» → álbum 13801 de «Neutro Shorty»; «Caligulas» → álbum 13792 de «Neutro Shorty»	BD:public.artists+persons (consulta viva 2026-10-03, aliases+redirects)	pages/neutro-shorty.json+.html(meta)		
/artist/micro-tdh	Micro TDH	7	D_sin_senal		4251	Micro TDH	compacto	1.0	2026-10-03	38104	Fernando Daniel Morillo Rivas	alias	1.0	2026-10-03	persona_o_solista			3	Contemporary R&B, Latin Rap, Reggaetón	21	Single:17; Appears On:13; Album:4	portada_rym	con	2026-10-03 11:38:10	11	«Inefable» → álbum 13415 de «Micro TDH»; «Nueve» → álbum 13411 de «Micro TDH»; «The Classics, Vol. 1» → álbum 13420 de «Micro TDH»	ya_ambos	artista compacto→#4251 «Micro TDH» (creado 2026-10-03) | persona alias→#38104 «Fernando Daniel Morillo Rivas» (creado 2026-10-03) | meta: born (persona) | 3 géneros: Contemporary R&B, Latin Rap, Reggaetón | 21 discos propios | discos ya en catálogo: «Inefable» → álbum 13415 de «Micro TDH»; «Nueve» → álbum 13411 de «Micro TDH»	BD:public.artists+persons (consulta viva 2026-10-03, aliases+redirects)	pages/micro-tdh.json+.html(meta)		
/artist/miguel-moly	Miguel Moly	7	D_miembro_de:Los Melódicos		4245	Miguel Moly	compacto	1.0	2026-10-03	38100	José Miguel Moly Morillo	alias	1.0	2026-10-03	persona_miembro	Los Melódicos [cat]		0		5	Album:5; V/A Compilation:3; Appears On:1	portada_rym	con	2026-10-03 08:43:54	3	«Mejor que nunca» → álbum 7005 de «Federico y Su Combo Latino»; «Siempre siempre» → álbum 13167 de «Miguel Moly»; «Como tú lo querías» → álbum 13173 de «Miguel Moly»	ya_ambos	artista compacto→#4245 «Miguel Moly» (creado 2026-10-03) | persona alias→#38100 «José Miguel Moly Morillo» (creado 2026-10-03) | meta: born (persona) | snippet: Member of Los Melódicos [cat] | 5 discos propios | discos ya en catálogo: «Mejor que nunca» → álbum 7005 de «Federico y Su Combo Latino»; «Siempre siempre» → álbum 13167 de «Miguel Moly»	BD:public.artists+persons (consulta viva 2026-10-03, aliases+redirects)	pages/miguel-moly.json+.html(meta)		
/artist/joaquina-1	Joaquina	7	D_sin_senal		4253	Joaquina	compacto	1.0	2026-10-03	38106	Joaquina Blavi Canabal	alias	1.0	2026-10-03	persona_o_solista			3	Singer-Songwriter, Indie Pop, Folk Pop	6	Single:4; Appears On:3; Album:1; EP:1; V/A Compilation:1	portada_rym	con	2026-10-03 12:20:20	5	«al romper la burbuja» → álbum 13678 de «Joaquina»; «no llames lo mío nuestro» → álbum 13676 de «Joaquina»; «Cimarrón» → álbum 8527 de «Anselmo López»	ya_ambos	artista compacto→#4253 «Joaquina» (creado 2026-10-03) | persona alias→#38106 «Joaquina Blavi Canabal» (creado 2026-10-03) | meta: born (persona) | 3 géneros: Singer-Songwriter, Indie Pop, Folk Pop | 6 discos propios | discos ya en catálogo: «al romper la burbuja» → álbum 13678 de «Joaquina»; «no llames lo mío nuestro» → álbum 13676 de «Joaquina»	BD:public.artists+persons (consulta viva 2026-10-03, aliases+redirects)	pages/joaquina-1.json+.html(meta)		
/artist/clara-rodriguez	Clara Rodríguez	7	D_sin_senal		3393	Clara Rodríguez	compacto	1.0	2026-10-02	19685	Clara Rodríguez	compacto	1.0	2026-10-02	persona_o_solista			0		2	Album:2	portada_rym	con	2026-10-03 13:33:29	1	«Plays the Music of Teresa Carreño» → álbum 5808 de «Clara Rodríguez»	ya_ambos	artista compacto→#3393 «Clara Rodríguez» (creado 2026-10-02) | persona compacto→#19685 «Clara Rodríguez» (creado 2026-10-02) | meta: born (persona) | 2 discos propios | discos ya en catálogo: «Plays the Music of Teresa Carreño» → álbum 5808 de «Clara Rodríguez»	BD:public.artists+persons (consulta viva 2026-10-03, aliases+redirects)	pages/clara-rodriguez.json+.html(meta)		
/artist/daiquiri_f1	Daiquirí	7	E_banda_con_instrumentos	Alberto Slezynger (lead vocals, keyboards, percussion), Silvano Monasterios (piano, keyboa	3693	Daiquirí	compacto	1.0	2026-10-02	27597	Daiquirí	compacto	1.0	2026-10-02	banda		1983	1	Latin Pop	7	Album:6; Single:1; Appears On:1	portada_rym	con	2026-10-03 08:45:23	5	«Daiquiri» → álbum 6908 de «Daiquirí»; «La casa del ritmo» → álbum 6909 de «Daiquirí»; «La noche» → álbum 6910 de «Daiquirí»	ya_ambos	artista compacto→#3693 «Daiquirí» (creado 2026-10-02) | persona compacto→#27597 «Daiquirí» (creado 2026-10-02) | meta: formed 1983 | snippet: Members con instrumentos | 1 géneros: Latin Pop | 7 discos propios | discos ya en catálogo: «Daiquiri» → álbum 6908 de «Daiquirí»; «La casa del ritmo» → álbum 6909 de «Daiquirí»	BD:public.artists+persons (consulta viva 2026-10-03, aliases+redirects)	pages/daiquiri_f1.json+.html(meta)		
/artist/arca-1	Arca	7	D_miembro_de:HBA|Wench		4235	Arca	compacto	1.0	2026-10-03	2528	Alejandra Ghersi	alias	1.0	2026-09-13	persona_miembro	HBA [fuera]; Wench [fuera]		6	Deconstructed Club, Glitch Hop, Wonky, Latin Electronic, Art Pop, IDM	60	Single:24; Appears On:11; DJ Mix:10; Album:9; Music video:6; Bootleg / Unauthorized:5; EP:4; Video:4; V/A Compilation:3; Mixtape:2; Compilation:2	portada_rym	con	2026-10-03 09:05:40	38	«Xen» → álbum 5636 de «Arka»; «Mutant» → álbum 5637 de «Arka»; «Arca» → álbum 5638 de «Arka»	ya_ambos	artista compacto→#4235 «Arca» (creado 2026-10-03) | persona alias→#2528 «Alejandra Ghersi» (creado 2026-09-13) | meta: born (persona) | snippet: Member of HBA [fuera]|Wench [fuera] | 6 géneros: Deconstructed Club, Glitch Hop, Wonky | 60 discos propios | discos ya en catálogo: «Xen» → álbum 5636 de «Arka»; «Mutant» → álbum 5637 de «Arka»	BD:public.artists+persons (consulta viva 2026-10-03, aliases+redirects)	pages/arca-1.json+.html(meta)		
/artist/eliana-cuevas	Eliana Cuevas	7	D_sin_senal		3484	Eliana Cuevas	compacto	1.0	2026-10-02	22647	Eliana Cuevas	compacto	1.0	2026-10-02	persona_o_solista			1	Jazz	2	Album:2; Appears On:1	portada_rym	con	2026-10-03 06:39:04	2	«Espejo» → álbum 6219 de «Eliana Cuevas»; «El curruchá» → álbum 14883 de «Aquiles Báez»	ya_ambos	artista compacto→#3484 «Eliana Cuevas» (creado 2026-10-02) | persona compacto→#22647 «Eliana Cuevas» (creado 2026-10-02) | 1 géneros: Jazz | 2 discos propios | discos ya en catálogo: «Espejo» → álbum 6219 de «Eliana Cuevas»; «El curruchá» → álbum 14883 de «Aquiles Báez»	BD:public.artists+persons (consulta viva 2026-10-03, aliases+redirects)	pages/eliana-cuevas.json+.html(meta)		
/artist/enrique-hidalgo	Enrique Hidalgo	7	D_sin_senal		3814	Enrique Hidalgo	compacto	1.0	2026-10-02	19931	Enrique Hidalgo	compacto	1.0	2026-10-02	persona_o_solista			0		1	Album:1	portada_rym	con	2026-10-03 06:39:19	1	«Las canciones de Enrique Hidalgo» → álbum 8571 de «Enrique Hidalgo»	ya_ambos	artista compacto→#3814 «Enrique Hidalgo» (creado 2026-10-02) | persona compacto→#19931 «Enrique Hidalgo» (creado 2026-10-02) | meta: born (persona) | 1 discos propios | discos ya en catálogo: «Las canciones de Enrique Hidalgo» → álbum 8571 de «Enrique Hidalgo»	BD:public.artists+persons (consulta viva 2026-10-03, aliases+redirects)	pages/enrique-hidalgo.json+.html(meta)		
/artist/edward_simon	Edward Simon	7	D_sin_senal		3480	Edward Simon	compacto	1.0	2026-10-02	22148	Edward Simon	compacto	1.0	2026-10-02	persona_o_solista			2	Jazz, Post-Bop	23	Album:21; V/A Compilation:2; Live Album:1; Compilation:1	portada_rym	con	2026-10-03 18:17:25	21	«Beauty Within» → álbum 6621 de «Edward Simon»; «Edward Simon» → álbum 6183 de «Edward Simon»; «La Bikina» → álbum 6184 de «Edward Simon»	ya_ambos	artista compacto→#3480 «Edward Simon» (creado 2026-10-02) | persona compacto→#22148 «Edward Simon» (creado 2026-10-02) | meta: born (persona) | 2 géneros: Jazz, Post-Bop | 23 discos propios | discos ya en catálogo: «Beauty Within» → álbum 6621 de «Edward Simon»; «Edward Simon» → álbum 6183 de «Edward Simon»	BD:public.artists+persons (consulta viva 2026-10-03, aliases+redirects)	pages/edward_simon.json+.html(meta)		
/artist/bernardo-padron	Bernardo Padrón	6	D_sin_senal		3455	Bernardo Padrón	compacto	1.0	2026-10-02	21489	Bernardo Padrón	compacto	1.0	2026-10-02	persona_o_solista			1	Jazz	2	Album:2	portada_rym	con	2026-10-03 07:07:16	2	«Seadance» → álbum 6124 de «Bernardo Padrón»; «Tales Of La Juana» → álbum 6125 de «Bernardo Padrón»	ya_ambos	artista compacto→#3455 «Bernardo Padrón» (creado 2026-10-02) | persona compacto→#21489 «Bernardo Padrón» (creado 2026-10-02) | 1 géneros: Jazz | 2 discos propios | discos ya en catálogo: «Seadance» → álbum 6124 de «Bernardo Padrón»; «Tales Of La Juana» → álbum 6125 de «Bernardo Padrón»	BD:public.artists+persons (consulta viva 2026-10-03, aliases+redirects)	pages/bernardo-padron.json+.html(meta)		
/artist/marieva-davila	Marieva Dávila	6	D_sin_senal		3408	Marieva Dávila	compacto	1.0	2026-10-02	19261	Marieva Dávila	compacto	1.0	2026-10-02	persona_o_solista			0		0	V/A Compilation:1	sin_imagen	sin_evidencia	2026-10-03 16:31:50	0		ya_ambos	artista compacto→#3408 «Marieva Dávila» (creado 2026-10-02) | persona compacto→#19261 «Marieva Dávila» (creado 2026-10-02)	BD:public.artists+persons (consulta viva 2026-10-03, aliases+redirects)	pages/marieva-davila.json+.html(meta)		
/artist/sonero-clasico-del-caribe	Sonero Clásico del Caribe	6	E_banda_con_instrumentos	Carlos Emilio Landaeta (bongos), José Castro (double bass), Jhonny Pérez (maracas, vocals)	3751	Sonero Clásico del Caribe	compacto	1.0	2026-10-02	27359	Sonero Clasico Del Caribe	compacto	1.0	2026-10-02	banda			1	Son montuno	3	Album:3	portada_rym	con	2026-10-03 10:05:20	3	«Sonero Clasico Del Caribe» → álbum 7835 de «Sonero Clásico del Caribe»; «Se empato el sonero» → álbum 7837 de «Sonero Clásico del Caribe»; «Sonero Clásico del Caribe» → álbum 7835 de «Sonero Clásico del Caribe»	ya_ambos	artista compacto→#3751 «Sonero Clásico del Caribe» (creado 2026-10-02) | persona compacto→#27359 «Sonero Clasico Del Caribe» (creado 2026-10-02) | snippet: Members con instrumentos | 1 géneros: Son montuno | 3 discos propios | discos ya en catálogo: «Sonero Clasico Del Caribe» → álbum 7835 de «Sonero Clásico del Caribe»; «Se empato el sonero» → álbum 7837 de «Sonero Clásico del Caribe»	BD:public.artists+persons (consulta viva 2026-10-03, aliases+redirects)	pages/sonero-clasico-del-caribe.json+.html(meta)		
/artist/mixtura	Mixtura	6	E_banda_con_instrumentos	Raúl Abzueta (guitar). Víctor Morles (piano, keyboards, synthesizer), Roberto Koch (bass),	3546	Mixtura	compacto	1.0	2026-10-02	24447	Mixtura	compacto	1.0	2026-10-02	banda		2003	1	Latin Jazz	2	Album:2	portada_rym	con	2026-10-03 17:26:32	2	«Naniobo» → álbum 6389 de «Mixtura»; «Animal de viento» → álbum 6390 de «Mixtura»	ya_ambos	artista compacto→#3546 «Mixtura» (creado 2026-10-02) | persona compacto→#24447 «Mixtura» (creado 2026-10-02) | meta: formed 2003 | snippet: Members con instrumentos | 1 géneros: Latin Jazz | 2 discos propios | discos ya en catálogo: «Naniobo» → álbum 6389 de «Mixtura»; «Animal de viento» → álbum 6390 de «Mixtura»	BD:public.artists+persons (consulta viva 2026-10-03, aliases+redirects)	pages/mixtura.json+.html(meta)		
/artist/cantoria-alberto-grau	Cantoría Alberto Grau	6	D_sin_senal		3387	Cantoría Alberto Grau	compacto	1.0	2026-10-02	19339	Cantoría Alberto Grau	compacto	1.0	2026-10-02	persona_o_solista			4	Modern Classical, Latin American Classical Music, Choral, Passion	1	Live Album:1	portada_rym	con	2026-10-03 17:19:16	0		ya_ambos	artista compacto→#3387 «Cantoría Alberto Grau» (creado 2026-10-02) | persona compacto→#19339 «Cantoría Alberto Grau» (creado 2026-10-02) | 4 géneros: Modern Classical, Latin American Classical Music, Choral | 1 discos propios	BD:public.artists+persons (consulta viva 2026-10-03, aliases+redirects)	pages/cantoria-alberto-grau.json+.html(meta)		
/artist/maria-guinand	María Guinand	6	D_sin_senal		3426	Maria Guinand	compacto	1.0	2026-10-02	19335	María Guinand	compacto	1.0	2026-10-02	persona_o_solista			5	Modern Classical, Latin American Classical Music, Choral, Passion, Film Score	3	Album:2; Live Album:1	portada_rym	con	2026-10-03 17:26:20	0		ya_ambos	artista compacto→#3426 «Maria Guinand» (creado 2026-10-02) | persona compacto→#19335 «María Guinand» (creado 2026-10-02) | meta: born (persona) | 5 géneros: Modern Classical, Latin American Classical Music, Choral | 3 discos propios	BD:public.artists+persons (consulta viva 2026-10-03, aliases+redirects)	pages/maria-guinand.json+.html(meta)		
/artist/dj-babatr-1	DJ Babatr	6	D_sin_senal		4237	DJ Babatr	compacto	1.0	2026-10-03	38096	DJ Babatr	compacto	1.0	2026-10-03	persona_o_solista			1	Changa tuki	63	Single:31; DJ Mix:13; Appears On:13; EP:12; V/A Compilation:4; Compilation:3; Video:3; Album:1	portada_rym	con	2026-10-03 06:02:12	5	«Virus» → álbum 755 de «Vallium 100kg»; «Sucio» → álbum 13733 de «Akapellah»; «Good Times» → álbum 4349 de «Koincidencia»	ya_ambos	artista compacto→#4237 «DJ Babatr» (creado 2026-10-03) | persona compacto→#38096 «DJ Babatr» (creado 2026-10-03) | meta: born (persona) | 1 géneros: Changa tuki | 63 discos propios | discos ya en catálogo: «Virus» → álbum 755 de «Vallium 100kg»; «Sucio» → álbum 13733 de «Akapellah»	BD:public.artists+persons (consulta viva 2026-10-03, aliases+redirects)	pages/dj-babatr-1.json+.html(meta)		
/artist/lester-paredes	Lester Paredes	6	D_sin_senal		3979	Lester Paredes	compacto	1.0	2026-10-02	30567	Lester Paredes	compacto	1.0	2026-10-02	persona_o_solista			0		1	Album:1	portada_rym	con	2026-10-03 09:58:35	0		ya_ambos	artista compacto→#3979 «Lester Paredes» (creado 2026-10-02) | persona compacto→#30567 «Lester Paredes» (creado 2026-10-02) | 1 discos propios	BD:public.artists+persons (consulta viva 2026-10-03, aliases+redirects)	pages/lester-paredes.json+.html(meta)		
/artist/altopana	Altopana	6	A_ya_en_catalogo	sin puntuación → Alto Pana (id 547)	547	Alto Pana	compacto	1.0	2026-09-13	9122	Alto Pana	compacto	1.0	2026-09-13	banda			1	Alternative Rock	3	Album:3	portada_rym	con	2026-10-03 14:13:21	2	«Poder del Amor» → álbum 2124 de «Alto Pana»; «Sin Explicación» → álbum 3266 de «Alto Pana»	ya_ambos	artista compacto→#547 «Alto Pana» (creado 2026-09-13) | persona compacto→#9122 «Alto Pana» (creado 2026-09-13) | snippet: Members con instrumentos | 1 géneros: Alternative Rock | 3 discos propios | discos ya en catálogo: «Poder del Amor» → álbum 2124 de «Alto Pana»; «Sin Explicación» → álbum 3266 de «Alto Pana»	BD:public.artists+persons (consulta viva 2026-10-03, aliases+redirects)	pages/altopana.json+.html(meta)		
/artist/paul-desenne	Paul Desenne	6	D_sin_senal		3993	Paul Desenne	compacto	1.0	2026-10-02	20614	Paul Desenne	compacto	1.0	2026-10-02	persona_o_solista			0		1	Album:1	portada_rym	con	2026-10-03 17:07:57	1	«Tocatas galeonicas» → álbum 9772 de «Paul Desenne»	ya_ambos	artista compacto→#3993 «Paul Desenne» (creado 2026-10-02) | persona compacto→#20614 «Paul Desenne» (creado 2026-10-02) | meta: born (persona) | 1 discos propios | discos ya en catálogo: «Tocatas galeonicas» → álbum 9772 de «Paul Desenne»	BD:public.artists+persons (consulta viva 2026-10-03, aliases+redirects)	pages/paul-desenne.json+.html(meta)		
/artist/adrenalina_caribe	Adrenalina Caribe	6	E_banda_con_instrumentos	Evio di Marzo (lead vocals, guitar, drums, keyboards, percussion), Carlos Pucci (bass, per	3674	Adrenalina Caribe	compacto	1.0	2026-10-02	26346	Adrenalina Caribe	compacto	1.0	2026-10-02	banda		1979	0		4	Album:4	portada_rym	con	2026-10-03 09:02:43	4	«Pico y pala» → álbum 6666 de «Adrenalina Caribe»; «Adrenalina Caribe» → álbum 6667 de «Adrenalina Caribe»; «Evio Di Marzo / Adrenalina Caribe» → álbum 6668 de «Adrenalina Caribe»	ya_ambos	artista compacto→#3674 «Adrenalina Caribe» (creado 2026-10-02) | persona compacto→#26346 «Adrenalina Caribe» (creado 2026-10-02) | meta: formed 1979 | snippet: Members con instrumentos | 4 discos propios | discos ya en catálogo: «Pico y pala» → álbum 6666 de «Adrenalina Caribe»; «Adrenalina Caribe» → álbum 6667 de «Adrenalina Caribe»	BD:public.artists+persons (consulta viva 2026-10-03, aliases+redirects)	pages/adrenalina_caribe.json+.html(meta)		
/artist/prisca_davila	Prisca Dávila	5	D_sin_senal		3563	Prisca Dávila	compacto	1.0	2026-10-02	21430	Prisca Dávila	compacto	1.0	2026-10-02	persona_o_solista			0		1	Album:1	portada_rym	con	2026-10-03 17:29:09	1	«Piano en canto venezolano II» → álbum 6445 de «Prisca Dávila»	ya_ambos	artista compacto→#3563 «Prisca Dávila» (creado 2026-10-02) | persona compacto→#21430 «Prisca Dávila» (creado 2026-10-02) | meta: born (persona) | 1 discos propios | discos ya en catálogo: «Piano en canto venezolano II» → álbum 6445 de «Prisca Dávila»	BD:public.artists+persons (consulta viva 2026-10-03, aliases+redirects)	pages/prisca_davila.json+.html(meta)		
/artist/virgilio_araque_reyes	Virgilio Araque Reyes	5	D_sin_senal		1355	Virgilio Araque	alias	1.0	2026-09-13	24714	Virgilio Araque Reyes	compacto	1.0	2026-10-02	persona_o_solista			0		2	Album:2	portada_rym	con	2026-10-03 15:04:14	1	«Jamin in Venez» → álbum 2376 de «Virgilio Araque»	ya_ambos	artista alias→#1355 «Virgilio Araque» (creado 2026-09-13) | persona compacto→#24714 «Virgilio Araque Reyes» (creado 2026-10-02) | meta: born (persona) | 2 discos propios | discos ya en catálogo: «Jamin in Venez» → álbum 2376 de «Virgilio Araque»	BD:public.artists+persons (consulta viva 2026-10-03, aliases+redirects)	pages/virgilio_araque_reyes.json+.html(meta)		
/artist/alfredo_del_monaco	Alfredo del Mónaco	5	D_sin_senal		4284	Alfredo del Mónaco	compacto	1.0	2026-10-03	33209	Alfredo del Mónaco	compacto	1.0	2026-10-02	persona_o_solista			0		0	Appears On:1; V/A Compilation:1	sin_imagen	sin_evidencia	2026-10-03 16:31:15	0		ya_ambos	artista compacto→#4284 «Alfredo del Mónaco» (creado 2026-10-03) | persona compacto→#33209 «Alfredo del Mónaco» (creado 2026-10-02) | meta: born (persona)	BD:public.artists+persons (consulta viva 2026-10-03, aliases+redirects)	pages/alfredo_del_monaco.json+.html(meta)		
/artist/gonzalo-grau	Gonzalo Grau	5	D_miembro_de:La Clave Secreta|La Timba Loca|Mingus Big Band		3706	Gonzalo Grau	compacto	1.0	2026-10-02	19341	Gonzalo Grau	compacto	1.0	2026-10-02	persona_miembro	La Clave Secreta [fuera]; La Timba Loca [cat]; Mingus Big Band [fuera]		0		1	Album:1; Appears On:1; V/A Compilation:1	portada_rym	con	2026-10-03 18:21:16	1	«Frutero Moderno» → álbum 7087 de «Gonzalo Grau»	ya_ambos	artista compacto→#3706 «Gonzalo Grau» (creado 2026-10-02) | persona compacto→#19341 «Gonzalo Grau» (creado 2026-10-02) | snippet: Member of La Clave Secreta [fuera]|La Timba Loca [cat]|Mingus Big Band [fuera] | 1 discos propios | discos ya en catálogo: «Frutero Moderno» → álbum 7087 de «Gonzalo Grau»	BD:public.artists+persons (consulta viva 2026-10-03, aliases+redirects)	pages/gonzalo-grau.json+.html(meta)		
/artist/maria-marquez	María Márquez	5	D_miembro_de:Vitas & Mafe		3664	María Márquez	compacto	1.0	2026-10-02	24326	María Márquez	compacto	1.0	2026-10-02	persona_miembro	Vitas & Mafe [fuera]		1	Jazz	7	Appears On:6; Album:3; EP:2; Single:1; Compilation:1; V/A Compilation:1	portada_rym	con	2026-10-03 17:11:10	3	«De uno y otro lado» → álbum 6363 de «María Fernanda Márquez»; «Tonada» → álbum 6366 de «María Fernanda Márquez»; «Echoes» → álbum 830 de «Echoes»	ya_ambos	artista compacto→#3664 «María Márquez» (creado 2026-10-02) | persona compacto→#24326 «María Márquez» (creado 2026-10-02) | snippet: Member of Vitas & Mafe [fuera] | 1 géneros: Jazz | 7 discos propios | discos ya en catálogo: «De uno y otro lado» → álbum 6363 de «María Fernanda Márquez»; «Tonada» → álbum 6366 de «María Fernanda Márquez»	BD:public.artists+persons (consulta viva 2026-10-03, aliases+redirects)	pages/maria-marquez.json+.html(meta)		
/artist/maruja-muci	Maruja Muci	5	D_sin_senal		3543	Maruja Muci	compacto	1.0	2026-10-02	19021	Maruja Muci	compacto	1.0	2026-10-02	persona_o_solista			1	Jazz	1	Single:1; Appears On:1	sin_imagen	con	2026-10-03 09:43:32	0		ya_ambos	artista compacto→#3543 «Maruja Muci» (creado 2026-10-02) | persona compacto→#19021 «Maruja Muci» (creado 2026-10-02) | meta: born (persona) | 1 géneros: Jazz | 1 discos propios	BD:public.artists+persons (consulta viva 2026-10-03, aliases+redirects)	pages/maruja-muci.json+.html(meta)		
/artist/jhonny-kotock	Jhonny Kotock	5	D_miembro_de:Orquesta Afrovenezolana Simón Bolívar		3970	Jhonny Kotock	compacto	1.0	2026-10-02	21445	Jhonny Kotock	compacto	1.0	2026-10-02	persona_miembro	Orquesta Afrovenezolana Simón Bolívar [fuera]		0		0	Appears On:1	sin_imagen	con	2026-10-03 14:06:20	0		ya_ambos	artista compacto→#3970 «Jhonny Kotock» (creado 2026-10-02) | persona compacto→#21445 «Jhonny Kotock» (creado 2026-10-02) | snippet: Member of Orquesta Afrovenezolana Simón Bolívar [fuera]	BD:public.artists+persons (consulta viva 2026-10-03, aliases+redirects)	pages/jhonny-kotock.json+.html(meta)		
/artist/la-rondalla-venezolana	La Rondalla Venezolana	5	E_banda_con_instrumentos	Luis Arismendi (vocals, acoustic guitar, director), César Espín (lead guitar, vocals, 1973	3872	La Rondalla Venezolana	compacto	1.0	2026-10-02	31041	La Rondalla Venezolana	compacto	1.0	2026-10-02	banda		1972	0		1	Album:1	sin_imagen	con	2026-10-03 16:40:11	1	«Rondalla Venezolana» → álbum 8963 de «Rondalla Venezolana»	ya_ambos	artista compacto→#3872 «La Rondalla Venezolana» (creado 2026-10-02) | persona compacto→#31041 «La Rondalla Venezolana» (creado 2026-10-02) | meta: formed 1972 | snippet: Members con instrumentos | 1 discos propios | discos ya en catálogo: «Rondalla Venezolana» → álbum 8963 de «Rondalla Venezolana»	BD:public.artists+persons (consulta viva 2026-10-03, aliases+redirects)	pages/la-rondalla-venezolana.json+.html(meta)		
/artist/aerea-negrot	Aérea Negrot	5	D_sin_senal		4236	Aérea Negrot	compacto	1.0	2026-10-03	38095	Danielle Gallegos	alias	1.0	2026-10-03	persona_o_solista			1	Electronic	7	Appears On:7; EP:3; Single:2; V/A Compilation:2; Album:1; DJ Mix:1	portada_rym	con	2026-10-03 07:21:33	5	«Arabxilla» → álbum 12821 de «Aérea Negrot»; «All I Wanna Do» → álbum 12820 de «Aérea Negrot»; «It's Lover, Love Remixes» → álbum 12819 de «Aérea Negrot»	ya_ambos	artista compacto→#4236 «Aérea Negrot» (creado 2026-10-03) | persona alias→#38095 «Danielle Gallegos» (creado 2026-10-03) | meta: born (persona) | 1 géneros: Electronic | 7 discos propios | discos ya en catálogo: «Arabxilla» → álbum 12821 de «Aérea Negrot»; «All I Wanna Do» → álbum 12820 de «Aérea Negrot»	BD:public.artists+persons (consulta viva 2026-10-03, aliases+redirects)	pages/aerea-negrot.json+.html(meta)		
/artist/devorah-sasha	Devorah Sasha	5	D_sin_senal		3695	Devorah Sasha	compacto	1.0	2026-10-02	20160	Devorah Sasha	compacto	1.0	2026-10-02	persona_o_solista			0		1	Single:1	sin_imagen	con	2026-10-03 11:57:26	0		ya_ambos	artista compacto→#3695 «Devorah Sasha» (creado 2026-10-02) | persona compacto→#20160 «Devorah Sasha» (creado 2026-10-02) | meta: born (persona) | 1 discos propios	BD:public.artists+persons (consulta viva 2026-10-03, aliases+redirects)	pages/devorah-sasha.json+.html(meta)		
/artist/freddy-adrian	Freddy Adrián	5	D_miembro_de:Orquesta Sinfónica Simón Bolívar		3493	Freddy Adrián	compacto	1.0	2026-10-02	21439	Freddy Adrián	compacto	1.0	2026-10-02	persona_miembro	Orquesta Sinfónica Simón Bolívar [cat]		0		2	Album:1; EP:1; Appears On:1	portada_rym	con	2026-10-03 10:09:01	0		ya_ambos	artista compacto→#3493 «Freddy Adrián» (creado 2026-10-02) | persona compacto→#21439 «Freddy Adrián» (creado 2026-10-02) | meta: born (persona) | snippet: Member of Orquesta Sinfónica Simón Bolívar [cat] | 2 discos propios	BD:public.artists+persons (consulta viva 2026-10-03, aliases+redirects)	pages/freddy-adrian.json+.html(meta)		
/artist/un_solo_pueblo	Un Solo Pueblo	5	E_banda_con_instrumentos	Ramón Florentino Querales (bass), Ismael Querales (percussion), Gabriel Bazardo (vocals), 	3857	Un Solo Pueblo	compacto	1.0	2026-10-02	20141	Un Solo Pueblo	compacto	1.0	2026-10-02	banda		1976	1	Calipso venezolano	20	Album:19; Appears On:1; Compilation:1; V/A Compilation:1	portada_rym	con	2026-10-03 10:42:26	16	«La música de Un Solo Pueblo» → álbum 14940 de «Un Solo Pueblo»; «La música Navideña de Un Solo Pueblo» → álbum 9072 de «Un Solo Pueblo»; «La música de Un Solo Pueblo Vol. 2» → álbum 9073 de «Un Solo Pueblo»	ya_ambos	artista compacto→#3857 «Un Solo Pueblo» (creado 2026-10-02) | persona compacto→#20141 «Un Solo Pueblo» (creado 2026-10-02) | meta: formed 1976 | snippet: Members con instrumentos | 1 géneros: Calipso venezolano | 20 discos propios | discos ya en catálogo: «La música de Un Solo Pueblo» → álbum 14940 de «Un Solo Pueblo»; «La música Navideña de Un Solo Pueblo» → álbum 9072 de «Un Solo Pueblo»	BD:public.artists+persons (consulta viva 2026-10-03, aliases+redirects)	pages/un_solo_pueblo.json+.html(meta)		
/artist/melaza_f1	Melaza	5	E_banda_con_instrumentos	Óscar Camacho (piano), Marco Vettor (bass), Luisle López (drums)	3544	Melaza	compacto	1.0	2026-10-02	20984	Melaza	compacto	1.0	2026-10-02	banda			1	Free Jazz	1	Album:1	sin_imagen	con	2026-10-03 17:15:59	1	«Distorsionancia» → álbum 6387 de «Melaza»	ya_ambos	artista compacto→#3544 «Melaza» (creado 2026-10-02) | persona compacto→#20984 «Melaza» (creado 2026-10-02) | snippet: Members con instrumentos | 1 géneros: Free Jazz | 1 discos propios | discos ya en catálogo: «Distorsionancia» → álbum 6387 de «Melaza»	BD:public.artists+persons (consulta viva 2026-10-03, aliases+redirects)	pages/melaza_f1.json+.html(meta)		
/artist/samuel-marino	Samuel Mariño	5	D_sin_senal		4281	Samuel Mariño	compacto	1.0	2026-10-03	38117	Samuel Mariño	compacto	1.0	2026-10-03	persona_o_solista			0		3	Album:3	portada_rym	con	2026-10-03 06:52:52	1	«Sopranista» → álbum 14384 de «Samuel Mariño»	ya_ambos	artista compacto→#4281 «Samuel Mariño» (creado 2026-10-03) | persona compacto→#38117 «Samuel Mariño» (creado 2026-10-03) | meta: born (persona) | 3 discos propios | discos ya en catálogo: «Sopranista» → álbum 14384 de «Samuel Mariño»	BD:public.artists+persons (consulta viva 2026-10-03, aliases+redirects)	pages/samuel-marino.json+.html(meta)		
/artist/lilia-vera	Lilia Vera	5	D_sin_senal		3831	Lilia Vera	compacto	1.0	2026-10-02	31135	Lilia Vera	compacto	1.0	2026-10-02	persona_o_solista			2	Nueva canción latinoamericana, Música llanera	9	Album:9; Appears On:1	portada_rym	con	2026-10-03 18:07:47	8	«Lilia Vera» → álbum 8783 de «Lilia Vera»; «Volumen 2» → álbum 9279 de «Lilia Vera»; «Volumen 3» → álbum 9280 de «Lilia Vera»	ya_ambos	artista compacto→#3831 «Lilia Vera» (creado 2026-10-02) | persona compacto→#31135 «Lilia Vera» (creado 2026-10-02) | meta: born (persona) | 2 géneros: Nueva canción latinoamericana, Música llanera | 9 discos propios | discos ya en catálogo: «Lilia Vera» → álbum 8783 de «Lilia Vera»; «Volumen 2» → álbum 9279 de «Lilia Vera»	BD:public.artists+persons (consulta viva 2026-10-03, aliases+redirects)	pages/lilia-vera.json+.html(meta)		
/artist/los-cunaos	Los Cuñaos	5	D_sin_senal		3801	Los Cuñaos	compacto	1.0	2026-10-02	20427	Los Cuñaos	compacto	1.0	2026-10-02	banda		1974	1	Onda nueva	1	Album:1	portada_rym	con	2026-10-03 10:11:11	1	«Musica Venezolana» → álbum 8803 de «Los Cuñaos»	ya_ambos	artista compacto→#3801 «Los Cuñaos» (creado 2026-10-02) | persona compacto→#20427 «Los Cuñaos» (creado 2026-10-02) | meta: formed 1974 | 1 géneros: Onda nueva | 1 discos propios | discos ya en catálogo: «Musica Venezolana» → álbum 8803 de «Los Cuñaos»	BD:public.artists+persons (consulta viva 2026-10-03, aliases+redirects)	pages/los-cunaos.json+.html(meta)		
/artist/gabriela-montero	Gabriela Montero	5	D_sin_senal		3403	Gabriela Montero	compacto	1.0	2026-10-02	20628	Gabriela Montero	compacto	1.0	2026-10-02	persona_o_solista			1	Modern Classical	14	Album:7; Live Album:5; Compilation:2; Appears On:1	portada_rym	con	2026-10-03 15:22:30	5	«Piano Recital» → álbum 5802 de «Carlos Duarte»; «Bach & Beyond» → álbum 5854 de «Gabriela Montero»; «Baroque» → álbum 5855 de «Gabriela Montero»	ya_ambos	artista compacto→#3403 «Gabriela Montero» (creado 2026-10-02) | persona compacto→#20628 «Gabriela Montero» (creado 2026-10-02) | meta: born (persona) | 1 géneros: Modern Classical | 14 discos propios | discos ya en catálogo: «Piano Recital» → álbum 5802 de «Carlos Duarte»; «Bach & Beyond» → álbum 5854 de «Gabriela Montero»	BD:public.artists+persons (consulta viva 2026-10-03, aliases+redirects)	pages/gabriela-montero.json+.html(meta)		
/artist/gabriel-chakarji	Gabriel Chakarji	5	D_sin_senal		3494	Gabriel Chakarji	compacto	1.0	2026-10-02	20700	Gabriel Chakarji	compacto	1.0	2026-10-02	persona_o_solista			1	Jazz	6	Single:4; Album:1; EP:1	portada_rym	con	2026-10-03 12:21:24	1	«New Beginning» → álbum 6246 de «Gabriel Chakarji»	ya_ambos	artista compacto→#3494 «Gabriel Chakarji» (creado 2026-10-02) | persona compacto→#20700 «Gabriel Chakarji» (creado 2026-10-02) | meta: born (persona) | 1 géneros: Jazz | 6 discos propios | discos ya en catálogo: «New Beginning» → álbum 6246 de «Gabriel Chakarji»	BD:public.artists+persons (consulta viva 2026-10-03, aliases+redirects)	pages/gabriel-chakarji.json+.html(meta)		
/artist/adina-izarra	Adina Izarra	5	D_sin_senal		4269	Adina Izarra	compacto	1.0	2026-10-03	33221	Adina Izarra	compacto	1.0	2026-10-02	persona_o_solista			0		0	Appears On:3	sin_imagen	sin_evidencia	2026-10-03 09:48:35	0		ya_ambos	artista compacto→#4269 «Adina Izarra» (creado 2026-10-03) | persona compacto→#33221 «Adina Izarra» (creado 2026-10-02) | meta: born (persona)	BD:public.artists+persons (consulta viva 2026-10-03, aliases+redirects)	pages/adina-izarra.json+.html(meta)		
/artist/reynaldo-armas	Reynaldo Armas	5	D_sin_senal		3889	Reynaldo Armas	compacto	1.0	2026-10-02	20590	Reynaldo Armas	compacto	1.0	2026-10-02	persona_o_solista			1	Joropo	7	Album:6; Compilation:1; V/A Compilation:1	portada_rym	con	2026-10-03 09:02:09	6	«Yo también quiero cantar» → álbum 9328 de «Reinaldo Armas»; «La Inspiracion Del Poeta» → álbum 9329 de «Reynaldo Armas»; «Cantor poeta y pintor» → álbum 8910 de «Reynaldo Armas - El Cardenal Sabanero»	ya_ambos	artista compacto→#3889 «Reynaldo Armas» (creado 2026-10-02) | persona compacto→#20590 «Reynaldo Armas» (creado 2026-10-02) | meta: born (persona) | 1 géneros: Joropo | 7 discos propios | discos ya en catálogo: «Yo también quiero cantar» → álbum 9328 de «Reinaldo Armas»; «La Inspiracion Del Poeta» → álbum 9329 de «Reynaldo Armas»	BD:public.artists+persons (consulta viva 2026-10-03, aliases+redirects)	pages/reynaldo-armas.json+.html(meta)		
/artist/jorge-guerrero	Jorge Guerrero	4	D_sin_senal		4291	Jorge Guerrero	compacto	1.0	2026-10-03	32267	Jorge Guerrero	compacto	1.0	2026-10-02	persona_o_solista			0		1	Album:1	sin_imagen	con	2026-10-03 13:18:10	1	«Viejo Laurel Sabanero» → álbum 14763 de «Jorge Guerrero»	ya_ambos	artista compacto→#4291 «Jorge Guerrero» (creado 2026-10-03) | persona compacto→#32267 «Jorge Guerrero» (creado 2026-10-02) | meta: born (persona) | 1 discos propios | discos ya en catálogo: «Viejo Laurel Sabanero» → álbum 14763 de «Jorge Guerrero»	BD:public.artists+persons (consulta viva 2026-10-03, aliases+redirects)	pages/jorge-guerrero.json+.html(meta)		
/artist/ricardo-aguirre	Ricardo Aguirre	3	D_miembro_de:Cardenales del Éxito		4307	Ricardo Aguirre	compacto	1.0	2026-10-03	20547	Ricardo Aguirre	compacto	1.0	2026-10-02	persona_miembro	Cardenales del Éxito [cat]		0		1	Compilation:1	portada_rym	con	2026-10-03 10:35:21	0		ya_ambos	artista compacto→#4307 «Ricardo Aguirre» (creado 2026-10-03) | persona compacto→#20547 «Ricardo Aguirre» (creado 2026-10-02) | meta: born (persona) | snippet: Member of Cardenales del Éxito [cat] | 1 discos propios	BD:public.artists+persons (consulta viva 2026-10-03, aliases+redirects)	pages/ricardo-aguirre.json+.html(meta)		
/artist/david-brito	David Brito	3	D_sin_senal		3472	David Brito	compacto	1.0	2026-10-02	23108	David Brito	compacto	1.0	2026-10-02	persona_o_solista			1	Jazz	4	Album:4	portada_rym	con	2026-10-03 08:52:51	4	«Tendencia nueva» → álbum 6157 de «David Brito»; «Dinner with Aldemaro» → álbum 6159 de «David Brito»; «Venezuela Songbook» → álbum 6158 de «David Brito»	ya_ambos	artista compacto→#3472 «David Brito» (creado 2026-10-02) | persona compacto→#23108 «David Brito» (creado 2026-10-02) | meta: born (persona) | 1 géneros: Jazz | 4 discos propios | discos ya en catálogo: «Tendencia nueva» → álbum 6157 de «David Brito»; «Dinner with Aldemaro» → álbum 6159 de «David Brito»	BD:public.artists+persons (consulta viva 2026-10-03, aliases+redirects)	pages/david-brito.json+.html(meta)		
/artist/diveana	Diveana	3	D_miembro_de:Los Melódicos		4244	Diveana	compacto	1.0	2026-10-03	27228	Diveana	compacto	1.0	2026-10-02	persona_miembro	Los Melódicos [cat]		1	Merengue	8	Album:3; Single:3; Appears On:2; Compilation:2; V/A Compilation:1	portada_rym	con	2026-10-03 08:03:00	6	«Diveana» → álbum 13146 de «Diveana»; «Noches de media luna» → álbum 13134 de «Diveana»; «Dame que te doy» → álbum 13136 de «Diveana»	ya_ambos	artista compacto→#4244 «Diveana» (creado 2026-10-03) | persona compacto→#27228 «Diveana» (creado 2026-10-02) | meta: born (persona) | snippet: Member of Los Melódicos [cat] | 1 géneros: Merengue | 8 discos propios | discos ya en catálogo: «Diveana» → álbum 13146 de «Diveana»; «Noches de media luna» → álbum 13134 de «Diveana»	BD:public.artists+persons (consulta viva 2026-10-03, aliases+redirects)	pages/diveana.json+.html(meta)		
/artist/roberto-antonio	Roberto Antonio	3	D_miembro_de:Los Melódicos		3745	Roberto Antonio	compacto	1.0	2026-10-02	25692	Roberto Antonio	compacto	1.0	2026-10-02	persona_miembro	Los Melódicos [cat]		0		4	Album:3; Compilation:1	portada_rym	con	2026-10-03 10:19:03	4	«Roberto Antonio» → álbum 7747 de «Roberto Antonio»; «Roberto Antonio II» → álbum 7748 de «Roberto Antonio»; «Roberto Antonio III» → álbum 7750 de «Roberto Antonio»	ya_ambos	artista compacto→#3745 «Roberto Antonio» (creado 2026-10-02) | persona compacto→#25692 «Roberto Antonio» (creado 2026-10-02) | meta: born (persona) | snippet: Member of Los Melódicos [cat] | 4 discos propios | discos ya en catálogo: «Roberto Antonio» → álbum 7747 de «Roberto Antonio»; «Roberto Antonio II» → álbum 7748 de «Roberto Antonio»	BD:public.artists+persons (consulta viva 2026-10-03, aliases+redirects)	pages/roberto-antonio.json+.html(meta)		
/artist/juan-diego-villalobos	Juan Diego Villalobos	3	D_sin_senal		3517	Juan Diego Villalobos	compacto	1.0	2026-10-02	20701	Juan Diego Villalobos	compacto	1.0	2026-10-02	persona_o_solista			0		0	Appears On:1	sin_imagen	sin_evidencia	2026-10-03 15:26:02	0		ya_ambos	artista compacto→#3517 «Juan Diego Villalobos» (creado 2026-10-02) | persona compacto→#20701 «Juan Diego Villalobos» (creado 2026-10-02)	BD:public.artists+persons (consulta viva 2026-10-03, aliases+redirects)	pages/juan-diego-villalobos.json+.html(meta)		
/artist/benito-gonzalez	Benito Gonzalez	3	D_sin_senal		3452	Benito González	compacto	1.0	2026-10-02	22701	Benito González	compacto	1.0	2026-10-02	persona_o_solista			1	Jazz	4	Album:4	portada_rym	con	2026-10-03 06:53:39	3	«Starting Point» → álbum 6115 de «Benito González»; «Circles» → álbum 6116 de «Benito González»; «Sing to the World» → álbum 6119 de «Benito González»	ya_ambos	artista compacto→#3452 «Benito González» (creado 2026-10-02) | persona compacto→#22701 «Benito González» (creado 2026-10-02) | meta: born (persona) | 1 géneros: Jazz | 4 discos propios | discos ya en catálogo: «Starting Point» → álbum 6115 de «Benito González»; «Circles» → álbum 6116 de «Benito González»	BD:public.artists+persons (consulta viva 2026-10-03, aliases+redirects)	pages/benito-gonzalez.json+.html(meta)		
/artist/omar-enrique	Omar Enrique	3	D_sin_senal		4277	Omar Enrique	compacto	1.0	2026-10-03	38115	Omar Enrique Rondón	alias	1.0	2026-10-03	persona_o_solista			0		0	Appears On:3	sin_imagen	sin_evidencia	2026-10-03 14:49:10	0		ya_ambos	artista compacto→#4277 «Omar Enrique» (creado 2026-10-03) | persona alias→#38115 «Omar Enrique Rondón» (creado 2026-10-03)	BD:public.artists+persons (consulta viva 2026-10-03, aliases+redirects)	pages/omar-enrique.json+.html(meta)		
/artist/los-blanco	Los Blanco	3	E_banda_con_instrumentos	Bernardo Blanco (alto saxophone), Cecilio Blanco (percussion, congas, vocals), Ricardo Bla	3791	Los Blanco	compacto	1.0	2026-10-02	28598	Los Blanco	compacto	1.0	2026-10-02	banda			0		25	Album:23; V/A Compilation:10; Appears On:2; Compilation:2	portada_rym	con	2026-10-03 17:14:40	21	«¡¡Sensacional !!» → álbum 7296 de «Los Blanco / Sexteto Los Blanco»; «La candela» → álbum 7304 de «Los Blanco / Sexteto Los Blanco»; «Vol. 5» → álbum 9382 de «Rondalla Venezolana»	ya_ambos	artista compacto→#3791 «Los Blanco» (creado 2026-10-02) | persona compacto→#28598 «Los Blanco» (creado 2026-10-02) | snippet: Members con instrumentos | 25 discos propios | discos ya en catálogo: «¡¡Sensacional !!» → álbum 7296 de «Los Blanco / Sexteto Los Blanco»; «La candela» → álbum 7304 de «Los Blanco / Sexteto Los Blanco»	BD:public.artists+persons (consulta viva 2026-10-03, aliases+redirects)	pages/los-blanco.json+.html(meta)		
/artist/sanluis	SanLuis	3	A_ya_en_catalogo	sin puntuación → San Luis (id 2007)	2007	San Luis	compacto	1.0	2026-09-13	35066	San Luis	compacto	1.0	2026-10-02	banda		2011	1	Latin Pop	9	Single:6; Appears On:6; Album:3	portada_rym	con	2026-10-03 12:28:11	2	«El plan» → álbum 4474 de «San Luis»; «Se acabó» → álbum 14270 de «Servando y Florentino»	ya_ambos	artista compacto→#2007 «San Luis» (creado 2026-09-13) | persona compacto→#35066 «San Luis» (creado 2026-10-02) | meta: formed 2011 | 1 géneros: Latin Pop | 9 discos propios | discos ya en catálogo: «El plan» → álbum 4474 de «San Luis»; «Se acabó» → álbum 14270 de «Servando y Florentino»	BD:public.artists+persons (consulta viva 2026-10-03, aliases+redirects)	pages/sanluis.json+.html(meta)		
/artist/aura-spei	Aura Spei	28	E_banda_con_instrumentos	Nicole B. Beaufrand (vocals, bass), Jimena Diaz (guitar)	4525	Aura Spei	compacto	1.0	2026-10-04						banda		2017	1	Indie Rock	1	EP:1	portada_rym	con	2026-10-03 08:00:09	0		ya_artista	artista compacto→#4525 «Aura Spei» (creado 2026-10-04) | meta: formed 2017 | snippet: Members con instrumentos | 1 géneros: Indie Rock | 1 discos propios	BD:public.artists (consulta viva 2026-10-03, aliases+redirects)	pages/aura-spei.json+.html(meta)		
/artist/mon-carrillo-y-su-sexteto	Mon Carrillo y Su Sexteto	27	E_banda_con_instrumentos	Mon Carrillo (piano, tres, director), Melquíades "Melchor" Torrealba (vocals), Ramón Gil (	4526	Mon Carrillo y Su Sexteto	compacto	1.0	2026-10-04						banda		1973	1	Salsa	2	Album:2	portada_rym	con	2026-10-03 06:08:23	0		ya_artista	artista compacto→#4526 «Mon Carrillo y Su Sexteto» (creado 2026-10-04) | meta: formed 1973 | snippet: Members con instrumentos | 1 géneros: Salsa | 2 discos propios	BD:public.artists (consulta viva 2026-10-03, aliases+redirects)	pages/mon-carrillo-y-su-sexteto.json+.html(meta)		
/artist/adolescents-orquesta	Adolescent's Orquesta	26	D_sin_senal		4239	Adolescent's Orquesta	compacto	1.0	2026-10-03						indeterminado			2	Salsa romántica, Salsa	15	Album:9; Single:5; Appears On:2; Compilation:1; V/A Compilation:1	portada_rym	con	2026-10-03 16:33:14	10	«Reclamando nuestro espacio» → álbum 12982 de «Adolescent's Orquesta»; «Persona Ideal» → álbum 12973 de «Adolescent's Orquesta»; «La misma pluma» → álbum 12978 de «Adolescent's Orquesta»	ya_artista	artista compacto→#4239 «Adolescent's Orquesta» (creado 2026-10-03) | 2 géneros: Salsa romántica, Salsa | 15 discos propios | discos ya en catálogo: «Reclamando nuestro espacio» → álbum 12982 de «Adolescent's Orquesta»; «Persona Ideal» → álbum 12973 de «Adolescent's Orquesta»	BD:public.artists (consulta viva 2026-10-03, aliases+redirects)	pages/adolescents-orquesta.json+.html(meta)		
/artist/a_l_o_	A.L.O.	23	D_sin_senal		4527	A.L.O.	compacto	1.0	2026-10-04						banda			0		1	Mixtape:1	portada_rym	con	2026-10-03 08:40:04	0		ya_artista	artista compacto→#4527 «A.L.O.» (creado 2026-10-04) | snippet: Members con instrumentos | 1 discos propios	BD:public.artists (consulta viva 2026-10-03, aliases+redirects)	pages/a_l_o_.json+.html(meta)		
/artist/priska-1	Priska	22	E_banda_con_instrumentos	Manuel Garcia (guitar), Brendon Sandoval (drums), Robert Molina (guitar), Richard Trevino 	4528	Priska	compacto	1.0	2026-10-04						banda			1	Metalcore	3	Album:2; Single:1	portada_rym	con	2026-10-03 08:56:57	0		ya_artista	artista compacto→#4528 «Priska» (creado 2026-10-04) | snippet: Members con instrumentos | 1 géneros: Metalcore | 3 discos propios	BD:public.artists (consulta viva 2026-10-03, aliases+redirects)	pages/priska-1.json+.html(meta)		
/artist/esos-cubos	Esos... Cubos	22	E_banda_con_instrumentos	Gerardo Granadillo (drums, vocals), Gabriel Colmenares (bass, 2017), Omar Hernández (bass)	4529	Esos... Cubos	compacto	1.0	2026-10-04						banda		2017	1	Alternative Rock	2	EP:1; Single:1	portada_rym	con	2026-10-03 15:55:29	0		ya_artista	artista compacto→#4529 «Esos... Cubos» (creado 2026-10-04) | meta: formed 2017 | snippet: Members con instrumentos | 1 géneros: Alternative Rock | 2 discos propios	BD:public.artists (consulta viva 2026-10-03, aliases+redirects)	pages/esos-cubos.json+.html(meta)		
/artist/los-propios	Los Propios	21	D_sin_senal		4530	Los Propios	compacto	1.0	2026-10-04						banda		1983	0		1	Album:1; V/A Compilation:1	portada_rym	con	2026-10-03 09:05:05	0		ya_artista	artista compacto→#4530 «Los Propios» (creado 2026-10-04) | meta: formed 1983 | 1 discos propios	BD:public.artists (consulta viva 2026-10-03, aliases+redirects)	pages/los-propios.json+.html(meta)		
/artist/cuasar	Cuásar	21	A_ya_en_catalogo	sin puntuación → Cuásar (id 3242)	3242	Cuásar	compacto	1.0	2026-10-01						banda			1	Alternative Rock	5	Single:4; Album:1	portada_rym	con	2026-10-03 12:23:19	0		ya_artista	artista compacto→#3242 «Cuásar» (creado 2026-10-01) | snippet: Members con instrumentos | 1 géneros: Alternative Rock | 5 discos propios	BD:public.artists (consulta viva 2026-10-03, aliases+redirects)	pages/cuasar.json+.html(meta)		
/artist/caminant	Caminant	21	E_banda_con_instrumentos	Javier Leal (drums), Marcelo Artahona (vocals), Pedro Sánchez (keyboard)	4531	Caminant	compacto	1.0	2026-10-04						banda			1	Indie Folk	2	Album:1; EP:1	portada_rym	con	2026-10-03 13:35:48	0		ya_artista	artista compacto→#4531 «Caminant» (creado 2026-10-04) | snippet: Members con instrumentos | 1 géneros: Indie Folk | 2 discos propios	BD:public.artists (consulta viva 2026-10-03, aliases+redirects)	pages/caminant.json+.html(meta)		
/artist/sorority	Sorority	21	E_banda_con_instrumentos	Nai Vegas (vocals), Alba Natale (guitar, backing vocals), Griselys Barrios (bass, backing 	4532	Sorority	compacto	1.0	2026-10-04						banda		2010	0		0	V/A Compilation:1	sin_imagen	con	2026-10-03 10:15:48	0		ya_artista	artista compacto→#4532 «Sorority» (creado 2026-10-04) | meta: formed 2010 | snippet: Members con instrumentos	BD:public.artists (consulta viva 2026-10-03, aliases+redirects)	pages/sorority.json+.html(meta)		
/artist/doctor-no	Doctor No	21	E_banda_con_instrumentos	Gilberto Castillo (bass, backing vocals), Cecilia Correa (vocals), Kerly Gómez (guitar), J	4533	Doctor No	compacto	1.0	2026-10-04						banda		2005	0		0	V/A Compilation:2	sin_imagen	con	2026-10-03 08:59:24	0		ya_artista	artista compacto→#4533 «Doctor No» (creado 2026-10-04) | meta: formed 2005 | snippet: Members con instrumentos	BD:public.artists (consulta viva 2026-10-03, aliases+redirects)	pages/doctor-no.json+.html(meta)		
/artist/accion_directa	Acción Directa	21	E_banda_con_instrumentos	Juan Cabrera (vocals), Jose Nieto (guitar), Jesus Rodríguez (bass), Rafael Piña (drums)	4534	Acción Directa	compacto	1.0	2026-10-04						banda		1988	0		1	Album:1	portada_rym	con	2026-10-03 07:58:09	0		ya_artista	artista compacto→#4534 «Acción Directa» (creado 2026-10-04) | meta: formed 1988 | snippet: Members con instrumentos | 1 discos propios	BD:public.artists (consulta viva 2026-10-03, aliases+redirects)	pages/accion_directa.json+.html(meta)		
/artist/kamara-de-tortura	Kámara de Tortura	21	A_ya_en_catalogo	sin puntuación → Kámara de Tortura (id 3230)	3230	Kámara de Tortura	compacto	1.0	2026-10-01						banda		1978	0		0	V/A Compilation:1	sin_imagen	con	2026-10-03 17:42:32	0		ya_artista	artista compacto→#3230 «Kámara de Tortura» (creado 2026-10-01) | meta: formed 1978 | snippet: Members con instrumentos	BD:public.artists (consulta viva 2026-10-03, aliases+redirects)	pages/kamara-de-tortura.json+.html(meta)		
/artist/urbanda	Urbanda	21	A_ya_en_catalogo	sin puntuación → Urbanda (id 3238)	3238	Urbanda	compacto	1.0	2026-10-01						banda		1987	0		2	Album:2; Appears On:1	sin_imagen	con	2026-10-03 11:55:51	1	«La Voz de la Ciudad» → álbum 5523 de «Urbanda»	ya_artista	artista compacto→#3238 «Urbanda» (creado 2026-10-01) | meta: formed 1987 | snippet: Members con instrumentos | 2 discos propios | discos ya en catálogo: «La Voz de la Ciudad» → álbum 5523 de «Urbanda»	BD:public.artists (consulta viva 2026-10-03, aliases+redirects)	pages/urbanda.json+.html(meta)		
/artist/floria-marquez	Floria Márquez	21	D_sin_senal		3703	Floria Márquez	compacto	1.0	2026-10-02						persona_o_solista			1	Bolero	1	Live Album:1	portada_rym	con	2026-10-03 10:02:37	1	«Una noche con Floria Márquez» → álbum 7074 de «Floria Márquez»	ya_artista	artista compacto→#3703 «Floria Márquez» (creado 2026-10-02) | meta: born (persona) | 1 géneros: Bolero | 1 discos propios | discos ya en catálogo: «Una noche con Floria Márquez» → álbum 7074 de «Floria Márquez»	BD:public.artists (consulta viva 2026-10-03, aliases+redirects)	pages/floria-marquez.json+.html(meta)		
/artist/xtension	Xtensión	21	E_banda_con_instrumentos	Freddy Almarza (vocals, guitar), María Gabriela del Corral (vocals, flute), Abigail Leal (	4535	Xtensión	compacto	1.0	2026-10-04						banda			0		2	Album:2	sin_imagen	con	2026-10-03 13:32:33	0		ya_artista	artista compacto→#4535 «Xtensión» (creado 2026-10-04) | snippet: Members con instrumentos | 2 discos propios	BD:public.artists (consulta viva 2026-10-03, aliases+redirects)	pages/xtension.json+.html(meta)		
/artist/holysexybastards	HolySexyBastards	21	A_ya_en_catalogo	sin puntuación → Holy Sexy Bastards (id 1550)	1550	Holy Sexy Bastards	compacto	1.0	2026-09-13						banda		2011	1	Garage Rock Revival	3	Album:2; Single:1; Appears On:1	portada_rym	con	2026-10-03 11:37:27	1	«HolySexyBastards» → álbum 2282 de «Holy Sexy Bastard»	ya_artista	artista compacto→#1550 «Holy Sexy Bastards» (creado 2026-09-13) | meta: formed 2011 | snippet: Members con instrumentos | 1 géneros: Garage Rock Revival | 3 discos propios | discos ya en catálogo: «HolySexyBastards» → álbum 2282 de «Holy Sexy Bastard»	BD:public.artists (consulta viva 2026-10-03, aliases+redirects)	pages/holysexybastards.json+.html(meta)		
/artist/orquesta-la-tremenda	Orquesta La Tremenda	21	E_banda_con_instrumentos	José Silva (leader), Luis Lupi (musical director, arranger, saxophone), Efraim Barragan (s	4521	Orquesta La Tremenda	compacto	1.0	2026-10-03						banda			1	Bolero	10	Album:10; V/A Compilation:1	portada_rym	con	2026-10-03 11:51:36	1	«Fiestón '79» → álbum 15369 de «Orquesta La Tremenda»	ya_artista	artista compacto→#4521 «Orquesta La Tremenda» (creado 2026-10-03) | snippet: Members con instrumentos | 1 géneros: Bolero | 10 discos propios | discos ya en catálogo: «Fiestón '79» → álbum 15369 de «Orquesta La Tremenda»	BD:public.artists (consulta viva 2026-10-03, aliases+redirects)	pages/orquesta-la-tremenda.json+.html(meta)		
/artist/orquesta-batakum	Orquesta Batakum	21	E_banda_con_instrumentos	Oscar Reyes (founder, piano), Alfredo Rojas (drums), Bobby González (vocals), Edward Pimen	3734	Orquesta Batakum	compacto	1.0	2026-10-02						banda		1982	1	Salsa	1	Album:1	portada_rym	con	2026-10-03 17:45:53	1	«Batakum» → álbum 7651 de «Orquesta Batakum»	ya_artista	artista compacto→#3734 «Orquesta Batakum» (creado 2026-10-02) | meta: formed 1982 | snippet: Members con instrumentos | 1 géneros: Salsa | 1 discos propios | discos ya en catálogo: «Batakum» → álbum 7651 de «Orquesta Batakum»	BD:public.artists (consulta viva 2026-10-03, aliases+redirects)	pages/orquesta-batakum.json+.html(meta)		
/artist/frailes	Frailes	21	E_banda_con_instrumentos	Maycol "Caminante" Azuaje (acoustic guitar, vocals), Carlos Mendoza (electric guitar, back	4536	Frailes	compacto	1.0	2026-10-04						banda			1	Psychedelic Rock	2	Album:1; EP:1	portada_rym	con	2026-10-03 14:05:27	0		ya_artista	artista compacto→#4536 «Frailes» (creado 2026-10-04) | snippet: Members con instrumentos | 1 géneros: Psychedelic Rock | 2 discos propios	BD:public.artists (consulta viva 2026-10-03, aliases+redirects)	pages/frailes.json+.html(meta)		
/artist/kurikos-suin	Kurikos Suin	21	E_banda_con_instrumentos	Esteban Díaz (vocals, melodica, quena), Gustavo Silva (vocals, venezuelan cuatro), Héctor 	4537	Kurikos Suin	compacto	1.0	2026-10-04						banda			1	Cumbia	1	Album:1; V/A Compilation:1	portada_rym	con	2026-10-03 16:54:48	0		ya_artista	artista compacto→#4537 «Kurikos Suin» (creado 2026-10-04) | snippet: Members con instrumentos | 1 géneros: Cumbia | 1 discos propios	BD:public.artists (consulta viva 2026-10-03, aliases+redirects)	pages/kurikos-suin.json+.html(meta)		
/artist/nino_nuclear_y_los_mutantes_de_saturno	Niño Nuclear y los Mutantes de Saturno	20	E_banda_con_instrumentos	Niño Nuclear (vocals, guitar), Mauxi (vocals, melodica, percussion), Obi (guitar, harmonic	4538	Niño Nuclear y los Mutantes de Saturno	compacto	1.0	2026-10-04						banda		2011	1	Alternative Rock	3	Album:2; Single:1; V/A Compilation:1	portada_rym	con	2026-10-03 16:02:39	2	«Los mutantes nunca mueren» → álbum 834 de «Niño Nuclear»; «Re&Sol abierto» → álbum 747 de «Niño Nuclear»	ya_artista	artista compacto→#4538 «Niño Nuclear y los Mutantes de Saturno» (creado 2026-10-04) | meta: formed 2011 | snippet: Members con instrumentos | 1 géneros: Alternative Rock | 3 discos propios | discos ya en catálogo: «Los mutantes nunca mueren» → álbum 834 de «Niño Nuclear»; «Re&Sol abierto» → álbum 747 de «Niño Nuclear»	BD:public.artists (consulta viva 2026-10-03, aliases+redirects)	pages/nino_nuclear_y_los_mutantes_de_saturno.json+.html(meta)		
/artist/azzata-clips	Azzata Clips	20	E_banda_con_instrumentos	José Sánchez (synthesizer, guitar, vocals), Johann Sánchez [aka Ryan Voio] (guitar, 2014-?	4539	Azzata Clips	compacto	1.0	2026-10-04						banda		2014	1	Comedy Rock	1	Single:1; V/A Compilation:1	portada_rym	con	2026-10-03 12:27:00	0		ya_artista	artista compacto→#4539 «Azzata Clips» (creado 2026-10-04) | meta: formed 2014 | snippet: Members con instrumentos | 1 géneros: Comedy Rock | 1 discos propios	BD:public.artists (consulta viva 2026-10-03, aliases+redirects)	pages/azzata-clips.json+.html(meta)		
/artist/canibal-monkeys	Caníbal Monkeys	20	E_banda_con_instrumentos	Gabriel Carranza (guitar, vocals), Jesús Marcano (bass, backing vocals), Jack Hernández (d	4540	Caníbal Monkeys	compacto	1.0	2026-10-04						banda			0		0	V/A Compilation:1	sin_imagen	con	2026-10-03 12:31:53	0		ya_artista	artista compacto→#4540 «Caníbal Monkeys» (creado 2026-10-04) | snippet: Members con instrumentos	BD:public.artists (consulta viva 2026-10-03, aliases+redirects)	pages/canibal-monkeys.json+.html(meta)		
/artist/los-delorean	Los Delorean	20	E_banda_con_instrumentos	Dorian Vélez (vocals, guitar), Robert Pacheco (guitar), Paul Manzo (bass), Adalberto Velás	4541	Los Delorean	compacto	1.0	2026-10-04						banda		2014	1	Rock	1	Album:1; V/A Compilation:1	portada_rym	con	2026-10-03 15:01:41	0		ya_artista	artista compacto→#4541 «Los Delorean» (creado 2026-10-04) | meta: formed 2014 | snippet: Members con instrumentos | 1 géneros: Rock | 1 discos propios	BD:public.artists (consulta viva 2026-10-03, aliases+redirects)	pages/los-delorean.json+.html(meta)		
/artist/orquesta-la-recopilacion	Orquesta La Recopilacion	20	E_banda_con_instrumentos	Luís Escalona (bongo), Alfredo Aponte (timbales), Gustavo Vesdan (bass), José Alvarez (con	4542	Orquesta La Recopilacion	compacto	1.0	2026-10-04						banda			1	Salsa	4	Album:3; Single:1	portada_rym	con	2026-10-03 17:53:23	1	«Algo distinto» → álbum 6930 de «Devorah Sasha»	ya_artista	artista compacto→#4542 «Orquesta La Recopilacion» (creado 2026-10-04) | snippet: Members con instrumentos | 1 géneros: Salsa | 4 discos propios | discos ya en catálogo: «Algo distinto» → álbum 6930 de «Devorah Sasha»	BD:public.artists (consulta viva 2026-10-03, aliases+redirects)	pages/orquesta-la-recopilacion.json+.html(meta)		
/artist/rada	Rada	19	D_miembro_de:Gas Light		1738	Rada	compacto	1.0	2026-09-13						persona_miembro	Gas Light [fuera]		2	Progressive Electronic, Electronic	13	Album:11; Appears On:6; Single:1; Compilation:1; V/A Compilation:1	portada_rym	con	2026-10-03 10:50:46	11	«Upadesa» → álbum 2945 de «Rada»; «Viveka» → álbum 3190 de «Rada»; «Solar Concert for Bhagavan» → álbum 3189 de «Rada»	ya_artista	artista compacto→#1738 «Rada» (creado 2026-09-13) | meta: born (persona) | snippet: Member of Gas Light [fuera] | 2 géneros: Progressive Electronic, Electronic | 13 discos propios | discos ya en catálogo: «Upadesa» → álbum 2945 de «Rada»; «Viveka» → álbum 3190 de «Rada»	BD:public.artists (consulta viva 2026-10-03, aliases+redirects)	pages/rada.json+.html(meta)		
/artist/dragon-blanco	Dragón Blanco	19	E_banda_con_instrumentos	Jared Moran (drums), Steve Weiss (guitar), Sting Weiss (keyboards, vocals), Ruben Rangel (	4543	Dragón Blanco	compacto	1.0	2026-10-04						banda		2015	1	Power Metal	1	Album:1	portada_rym	con	2026-10-03 08:55:17	0		ya_artista	artista compacto→#4543 «Dragón Blanco» (creado 2026-10-04) | meta: formed 2015 | snippet: Members con instrumentos | 1 géneros: Power Metal | 1 discos propios	BD:public.artists (consulta viva 2026-10-03, aliases+redirects)	pages/dragon-blanco.json+.html(meta)		
/artist/ababajah	Ababajah	19	E_banda_con_instrumentos	Alejandro Quijada (lead vocals, drums), Luis Vegas (guitar, vocals, backing vocals), Carlo	4544	Ababajah	compacto	1.0	2026-10-04						banda			1	Reggae	1	Album:1	portada_rym	con	2026-10-03 09:41:08	1	«Amanecer» → álbum 4671 de «Colina»	ya_artista	artista compacto→#4544 «Ababajah» (creado 2026-10-04) | snippet: Members con instrumentos | 1 géneros: Reggae | 1 discos propios | discos ya en catálogo: «Amanecer» → álbum 4671 de «Colina»	BD:public.artists (consulta viva 2026-10-03, aliases+redirects)	pages/ababajah.json+.html(meta)		
/artist/ymtqdasai	YMTQDasai	19	E_banda_con_instrumentos	NaNa (bass, vocals), Exzor Latiegue (guitar, vocals), Luis S. Godoy (drums)	4545	YMTQDasai	compacto	1.0	2026-10-04						banda		2024	1	Rock	1	Single:1	sin_imagen	con	2026-10-03 08:01:50	0		ya_artista	artista compacto→#4545 «YMTQDasai» (creado 2026-10-04) | meta: formed 2024 | snippet: Members con instrumentos | 1 géneros: Rock | 1 discos propios	BD:public.artists (consulta viva 2026-10-03, aliases+redirects)	pages/ymtqdasai.json+.html(meta)		
/artist/caimanera	Caimanera	19	E_banda_con_instrumentos	Manu [aka Young Denky] (acoustic guitar), Atom [aka MoYi] (percussion), Jay B (percussion)	4546	Caimanera	compacto	1.0	2026-10-04						banda		2024	1	Avant-Folk	2	Album:2	portada_rym	con	2026-10-03 17:44:01	0		ya_artista	artista compacto→#4546 «Caimanera» (creado 2026-10-04) | meta: formed 2024 | snippet: Members con instrumentos | 1 géneros: Avant-Folk | 2 discos propios	BD:public.artists (consulta viva 2026-10-03, aliases+redirects)	pages/caimanera.json+.html(meta)		
/artist/wmf_f1	WMF	19	E_banda_con_instrumentos	Chrystian Von Schoettler (vocals), Cesar Gomes(guitar), Juan Manuel Ardila (guitar, keyboa	4547	WMF	compacto	1.0	2026-10-04						banda		1988	0		3	EP:2; Album:1	portada_rym	con	2026-10-03 09:35:33	1	«élite» → álbum 2158 de «VMF»	ya_artista	artista compacto→#4547 «WMF» (creado 2026-10-04) | meta: formed 1988 | snippet: Members con instrumentos | 3 discos propios | discos ya en catálogo: «élite» → álbum 2158 de «VMF»	BD:public.artists (consulta viva 2026-10-03, aliases+redirects)	pages/wmf_f1.json+.html(meta)		
/artist/mortus-stella	Mortus Stella	18	E_banda_con_instrumentos	Valentina Olivo (vocals), Mauro Urdaneta (guitar, keyboards, backing vocals), Haniel Páez 	4548	Mortus Stella	compacto	1.0	2026-10-04						banda		2018	1	Indie Folk	4	Single:3; EP:1	portada_rym	con	2026-10-03 06:52:31	1	«Pandora» → álbum 719 de «Nomad Theory»	ya_artista	artista compacto→#4548 «Mortus Stella» (creado 2026-10-04) | meta: formed 2018 | snippet: Members con instrumentos | 1 géneros: Indie Folk | 4 discos propios | discos ya en catálogo: «Pandora» → álbum 719 de «Nomad Theory»	BD:public.artists (consulta viva 2026-10-03, aliases+redirects)	pages/mortus-stella.json+.html(meta)		
/artist/eustace-1	Eustace	18	E_banda_con_instrumentos	José Ros (vocals, guitar), Junior Gudiño (guitar, vocals), Michela Lantella (bass), Samuel	4549	Eustace	compacto	1.0	2026-10-04						banda			1	Garage Rock	1	Video:1	portada_rym	con	2026-10-03 12:14:25	0		ya_artista	artista compacto→#4549 «Eustace» (creado 2026-10-04) | snippet: Members con instrumentos | 1 géneros: Garage Rock | 1 discos propios	BD:public.artists (consulta viva 2026-10-03, aliases+redirects)	pages/eustace-1.json+.html(meta)		
/artist/fakboi	Fakboi	18	E_banda_con_instrumentos	Israel Payares (guitar, vocals), Luis Paredes (bass), José Díaz (guitar), Antonio Esperanz	4550	Fakboi	compacto	1.0	2026-10-04						banda		2022	1	Alternative Rock	2	Album:2	portada_rym	con	2026-10-02 03:40:10	0		ya_artista	artista compacto→#4550 «Fakboi» (creado 2026-10-04) | meta: formed 2022 | snippet: Members con instrumentos | 1 géneros: Alternative Rock | 2 discos propios	BD:public.artists (consulta viva 2026-10-03, aliases+redirects)	pages/fakboi.json+.html(meta)		
/artist/los-no-name	Los no name	18	A_ya_en_catalogo	sin puntuación → Los NoName (id 3240)	3240	Los NoName	compacto	1.0	2026-10-01						banda		2002	1	Alternative Rock	1	Album:1	portada_rym	con	2026-10-03 11:36:42	1	«Sin mirar atrás» → álbum 13904 de «Gabylonia»	ya_artista	artista compacto→#3240 «Los NoName» (creado 2026-10-01) | meta: formed 2002 | snippet: Members con instrumentos | 1 géneros: Alternative Rock | 1 discos propios | discos ya en catálogo: «Sin mirar atrás» → álbum 13904 de «Gabylonia»	BD:public.artists (consulta viva 2026-10-03, aliases+redirects)	pages/los-no-name.json+.html(meta)		
/artist/vision-real	Vision Real	18	E_banda_con_instrumentos	Arnaldo Diaz (vocals), Alirio Sanchez (guitar), Alberto Amado (drums), Jesús Barrios (turn	4551	Vision Real	compacto	1.0	2026-10-04						banda		2010	1	Metal	1	Album:1	sin_imagen	con	2026-10-03 08:45:36	0		ya_artista	artista compacto→#4551 «Vision Real» (creado 2026-10-04) | meta: formed 2010 | snippet: Members con instrumentos | 1 géneros: Metal | 1 discos propios	BD:public.artists (consulta viva 2026-10-03, aliases+redirects)	pages/vision-real.json+.html(meta)		
/artist/asuka-en-el-fin-del-mundo	Asuka en el Fin del Mundo	18	E_banda_con_instrumentos	Román Lupi [aka kusari] (vocals, guitar), Argenis Sanchez (guitar, backing vocals), Sebast	4552	Asuka en el Fin del Mundo	compacto	1.0	2026-10-04						banda		2025	1	Emo	1	Additional release:1	portada_rym	con	2026-10-03 18:18:50	0		ya_artista	artista compacto→#4552 «Asuka en el Fin del Mundo» (creado 2026-10-04) | meta: formed 2025 | snippet: Members con instrumentos | 1 géneros: Emo | 1 discos propios	BD:public.artists (consulta viva 2026-10-03, aliases+redirects)	pages/asuka-en-el-fin-del-mundo.json+.html(meta)		
/artist/grupo_imagen	Grupo Imagen	18	E_banda_con_instrumentos	Francisco "Paco" Escuela (electric guitar), Eduardo Spósito (piano, electric piano, organ,	4553	Grupo Imagen	compacto	1.0	2026-10-04						banda		1974	0		1	Single:1	sin_imagen	con	2026-10-03 06:14:43	0		ya_artista	artista compacto→#4553 «Grupo Imagen» (creado 2026-10-04) | meta: formed 1974 | snippet: Members con instrumentos | 1 discos propios	BD:public.artists (consulta viva 2026-10-03, aliases+redirects)	pages/grupo_imagen.json+.html(meta)		
/artist/the_viridian_groove	The Viridian Groove	18	E_banda_con_instrumentos	Victor-Lio Angulo (guitar, bass, keyboard), Jose Luis Vazquez (vocals), Miguel Mendoza (dr	4554	The Viridian Groove	compacto	1.0	2026-10-04						banda			1	Experimental Rock	1	Album:1	portada_rym	con	2026-10-03 12:14:56	0		ya_artista	artista compacto→#4554 «The Viridian Groove» (creado 2026-10-04) | snippet: Members con instrumentos | 1 géneros: Experimental Rock | 1 discos propios	BD:public.artists (consulta viva 2026-10-03, aliases+redirects)	pages/the_viridian_groove.json+.html(meta)		
/artist/los_terricolas	Los Terricolas	17	E_banda_con_instrumentos	Johnny Hoyer (keyboards), Lenny Beatriz Hoyer (vocals), Nestor Daniel Hoyer (vocals, bass)	3725	Los Terrícolas	compacto	1.0	2026-10-02						banda		1968	1	Bolero-Beat	28	Album:18; Single:5; Compilation:4; EP:1; V/A Compilation:1	portada_rym	con	2026-10-03 14:51:03	15	«Llorarás» → álbum 13393 de «Jerry Di»; «Vivirás» → álbum 7494 de «Los Terrícolas»; «Te amaré» → álbum 7496 de «Los Terrícolas»	ya_artista	artista compacto→#3725 «Los Terrícolas» (creado 2026-10-02) | meta: formed 1968 | snippet: Members con instrumentos | 1 géneros: Bolero-Beat | 28 discos propios | discos ya en catálogo: «Llorarás» → álbum 13393 de «Jerry Di»; «Vivirás» → álbum 7494 de «Los Terrícolas»	BD:public.artists (consulta viva 2026-10-03, aliases+redirects)	pages/los_terricolas.json+.html(meta)		
/artist/borburata-jazz	Borburata Jazz	17	E_banda_con_instrumentos	José Andara (tenor saxophone, soprano saxophone, arrangements, director), Miguel Vargas (p	3457	Borburata Jazz	compacto	1.0	2026-10-02						banda			1	Latin Jazz	1	Album:1	sin_imagen	con	2026-10-03 08:53:37	1	«Visiones» → álbum 6129 de «Borburata Jazz»	ya_artista	artista compacto→#3457 «Borburata Jazz» (creado 2026-10-02) | snippet: Members con instrumentos | 1 géneros: Latin Jazz | 1 discos propios | discos ya en catálogo: «Visiones» → álbum 6129 de «Borburata Jazz»	BD:public.artists (consulta viva 2026-10-03, aliases+redirects)	pages/borburata-jazz.json+.html(meta)		
/artist/los-coveros	Los Coveros	15	E_banda_con_instrumentos	Corky (vocals), Caco (guitar), Tompi (guitar), Davit (bass), Coqui (drums)	4555	Los Coveros	compacto	1.0	2026-10-04						banda			1	Punk Rock	1	Album:1	portada_rym	con	2026-10-03 14:11:01	0		ya_artista	artista compacto→#4555 «Los Coveros» (creado 2026-10-04) | snippet: Members con instrumentos | 1 géneros: Punk Rock | 1 discos propios	BD:public.artists (consulta viva 2026-10-03, aliases+redirects)	pages/los-coveros.json+.html(meta)		
/artist/wannamaker	Wannamaker	14	E_banda_con_instrumentos	Frank Ovalles (guitar), Luis Mendez (bass, vocals), Manuel Salazar (vocals, timbales, perc	4556	Wannamaker	compacto	1.0	2026-10-04						banda		2007	1	Jazz Fusion	1	Album:1	sin_imagen	con	2026-10-03 17:22:15	0		ya_artista	artista compacto→#4556 «Wannamaker» (creado 2026-10-04) | meta: formed 2007 | snippet: Members con instrumentos | 1 géneros: Jazz Fusion | 1 discos propios	BD:public.artists (consulta viva 2026-10-03, aliases+redirects)	pages/wannamaker.json+.html(meta)		
/artist/pipo-y-sus-estrellas	Pipo y sus Estrellas	14	E_banda_con_instrumentos	Pipo (piano), José Quintero (bass), Roy Planchart (guitar), Guillermo Rodríguez (drums), P	4557	Pipo y sus Estrellas	compacto	1.0	2026-10-04						banda			0		1	EP:1	portada_rym	con	2026-10-03 16:01:46	0		ya_artista	artista compacto→#4557 «Pipo y sus Estrellas» (creado 2026-10-04) | snippet: Members con instrumentos | 1 discos propios	BD:public.artists (consulta viva 2026-10-03, aliases+redirects)	pages/pipo-y-sus-estrellas.json+.html(meta)		
/artist/el-regano	El Regaño	14	E_banda_con_instrumentos	Enrique Perez Vivas (electric bass, bandola), José Ignacio Benítez (percussion, harmonica,	4558	El Regaño	compacto	1.0	2026-10-04						banda			1	Free Jazz	2	Album:2	portada_rym	con	2026-10-03 15:49:46	0		ya_artista	artista compacto→#4558 «El Regaño» (creado 2026-10-04) | snippet: Members con instrumentos | 1 géneros: Free Jazz | 2 discos propios	BD:public.artists (consulta viva 2026-10-03, aliases+redirects)	pages/el-regano.json+.html(meta)		
/artist/los-dead	Los Dead	14	D_sin_senal		4559	Los Dead	compacto	1.0	2026-10-04						banda		2005	1	Oi!	8	EP:3; Single:3; Album:2	portada_rym	con	2026-10-03 11:49:49	0		ya_artista	artista compacto→#4559 «Los Dead» (creado 2026-10-04) | meta: formed 2005 | 1 géneros: Oi! | 8 discos propios	BD:public.artists (consulta viva 2026-10-03, aliases+redirects)	pages/los-dead.json+.html(meta)		
/artist/sr-falla-de-origen	Sr. Falla de Origen	14	E_banda_con_instrumentos	Jhonnith Chirivella (bass), Victor Gonzalez (vocals), Diego Silva (keyboards)	4560	Sr. Falla de Origen	compacto	1.0	2026-10-04						banda		2020	1	Post-Punk	3	Album:1; EP:1; Single:1	portada_rym	con	2026-10-03 15:16:02	0		ya_artista	artista compacto→#4560 «Sr. Falla de Origen» (creado 2026-10-04) | meta: formed 2020 | snippet: Members con instrumentos | 1 géneros: Post-Punk | 3 discos propios	BD:public.artists (consulta viva 2026-10-03, aliases+redirects)	pages/sr-falla-de-origen.json+.html(meta)		
/artist/los-zumo	Los Zumo	14	E_banda_con_instrumentos	Carlos Blanco (guitar, vocals), Carlos Lanetti (bass), Luis Milano (guitar), Elías Aparici	4561	Los Zumo	compacto	1.0	2026-10-04						banda		2007	1	Alternative Rock	1	Album:1	portada_rym	con	2026-10-03 15:43:35	1	«Días Blancos» → álbum 3127 de «Zumo»	ya_artista	artista compacto→#4561 «Los Zumo» (creado 2026-10-04) | meta: formed 2007 | snippet: Members con instrumentos | 1 géneros: Alternative Rock | 1 discos propios | discos ya en catálogo: «Días Blancos» → álbum 3127 de «Zumo»	BD:public.artists (consulta viva 2026-10-03, aliases+redirects)	pages/los-zumo.json+.html(meta)		
/artist/rafa-y-sus-diamantes	Rafa y Sus Diamantes	13	E_banda_con_instrumentos	Rafael Leopoldo Rojas (founder), Dalmiro Briceño (vocals), Desiderio Gomez, Ramón Cuevas, 	4562	Rafa y Sus Diamantes	compacto	1.0	2026-10-04						banda			1	Cumbia	1	Album:1	portada_rym	con	2026-10-03 11:42:31	0		ya_artista	artista compacto→#4562 «Rafa y Sus Diamantes» (creado 2026-10-04) | snippet: Members con instrumentos | 1 géneros: Cumbia | 1 discos propios	BD:public.artists (consulta viva 2026-10-03, aliases+redirects)	pages/rafa-y-sus-diamantes.json+.html(meta)		
/artist/virtual-animal	Virtual Animal	12	E_banda_con_instrumentos	Pablo Paredes (vocals, guitar, synthesizer, drum machine), Giulio Tàfa (bass, synthesizer)	4563	Virtual Animal	compacto	1.0	2026-10-04						banda			1	Electronic	1	Appears On:2; Single:1; V/A Compilation:1	portada_rym	con	2026-10-03 13:25:38	0		ya_artista	artista compacto→#4563 «Virtual Animal» (creado 2026-10-04) | snippet: Members con instrumentos | 1 géneros: Electronic | 1 discos propios	BD:public.artists (consulta viva 2026-10-03, aliases+redirects)	pages/virtual-animal.json+.html(meta)		
/artist/creatica	Creática	12	E_banda_con_instrumentos	Gilberto Salinas (vocals), Luis Puentes (guitar, 2000-?), Alex Márquez (guitar), Carlos Nu	4564	Creática	compacto	1.0	2026-10-04						banda		2000	1	Alternative Metal	1	Album:1	portada_rym	con	2026-10-03 13:23:37	0		ya_artista	artista compacto→#4564 «Creática» (creado 2026-10-04) | meta: formed 2000 | snippet: Members con instrumentos | 1 géneros: Alternative Metal | 1 discos propios	BD:public.artists (consulta viva 2026-10-03, aliases+redirects)	pages/creatica.json+.html(meta)		
/artist/motherflowers	Motherflowers	11	D_sin_senal		4274	Motherflowers	compacto	1.0	2026-10-03						banda		2018	2	Pop Rap, Alternative R&B	24	Single:18; Album:3; Music video:3; EP:2; Appears On:1; V/A Compilation:1; Additional release:1	portada_rym	con	2026-10-03 09:47:12	21	«Retrofuturismopsicotropical» → álbum 14217 de «Motherflowers»; «Mamá flor» → álbum 14218 de «Motherflowers»; «Que vayan y lo cuenten» → álbum 14219 de «Motherflowers»	ya_artista	artista compacto→#4274 «Motherflowers» (creado 2026-10-03) | meta: formed 2018 | 2 géneros: Pop Rap, Alternative R&B | 24 discos propios | discos ya en catálogo: «Retrofuturismopsicotropical» → álbum 14217 de «Motherflowers»; «Mamá flor» → álbum 14218 de «Motherflowers»	BD:public.artists (consulta viva 2026-10-03, aliases+redirects)	pages/motherflowers.json+.html(meta)		
/artist/afrochill	Afrochill	11	D_sin_senal		4565	Afrochill	compacto	1.0	2026-10-04						banda		2018	1	Funk	2	EP:1; Single:1	portada_rym	con	2026-10-02 03:35:49	0		ya_artista	artista compacto→#4565 «Afrochill» (creado 2026-10-04) | meta: formed 2018 | 1 géneros: Funk | 2 discos propios	BD:public.artists (consulta viva 2026-10-03, aliases+redirects)	pages/afrochill.json+.html(meta)		
/artist/bucle-lunar	Bucle Lunar	11	E_banda_con_instrumentos	Sebas Lucerowsky (bass, keyboard, composer, producer), Eva Rojas (lead vocals, composer), 	4566	Bucle Lunar	compacto	1.0	2026-10-04						banda		2023	2	Indie Pop, Bedroom Pop	6	Single:3; Album:1; EP:1; Appears On:1; Additional release:1	portada_rym	con	2026-10-03 08:53:55	0		ya_artista	artista compacto→#4566 «Bucle Lunar» (creado 2026-10-04) | meta: formed 2023 | snippet: Members con instrumentos | 2 géneros: Indie Pop, Bedroom Pop | 6 discos propios	BD:public.artists (consulta viva 2026-10-03, aliases+redirects)	pages/bucle-lunar.json+.html(meta)		
/artist/insok	Insok	11	E_banda_con_instrumentos	Sergio Rodríguez (guitar, vocals), Andrés Salcedo (bass), Ludovico Astorga (keyboard), Yei	4567	Insok	compacto	1.0	2026-10-04						banda			1	Alternative Rock	1	EP:1	portada_rym	con	2026-10-03 10:04:55	1	«Desde Cero» → álbum 2017 de «Horacero»	ya_artista	artista compacto→#4567 «Insok» (creado 2026-10-04) | snippet: Members con instrumentos | 1 géneros: Alternative Rock | 1 discos propios | discos ya en catálogo: «Desde Cero» → álbum 2017 de «Horacero»	BD:public.artists (consulta viva 2026-10-03, aliases+redirects)	pages/insok.json+.html(meta)		
/artist/holy-hands-1	Holy Hands	11	E_banda_con_instrumentos	Moisés Amaya (vocals, guitar, sequencer), Samuel Mitchell (bass, guitar), Ibrahin Zamarrip	4568	Holy Hands	compacto	1.0	2026-10-04						banda		2014	1	Post-Punk	4	Album:4; V/A Compilation:2	portada_rym	con	2026-10-03 10:47:25	0		ya_artista	artista compacto→#4568 «Holy Hands» (creado 2026-10-04) | meta: formed 2014 | snippet: Members con instrumentos | 1 géneros: Post-Punk | 4 discos propios	BD:public.artists (consulta viva 2026-10-03, aliases+redirects)	pages/holy-hands-1.json+.html(meta)		
/artist/coral-falcon	Coral Falcón	11	D_sin_senal		4569	Coral Falcón	compacto	1.0	2026-10-04						banda		1963	1	Choral	2	Album:2	portada_rym	con	2026-10-03 15:01:12	0		ya_artista	artista compacto→#4569 «Coral Falcón» (creado 2026-10-04) | meta: formed 1963 | 1 géneros: Choral | 2 discos propios	BD:public.artists (consulta viva 2026-10-03, aliases+redirects)	pages/coral-falcon.json+.html(meta)		
/artist/torrece	Torrecè	10	E_banda_con_instrumentos	Manuel Jesús Castillo [aka Manuel Torrecé] (vocals, guitar), Samuel Gómez (guitar, 2015-16	4570	Torrecè	compacto	1.0	2026-10-04						banda			1	Indie Rock	3	Single:3	portada_rym	con	2026-10-03 13:27:30	0		ya_artista	artista compacto→#4570 «Torrecè» (creado 2026-10-04) | snippet: Members con instrumentos | 1 géneros: Indie Rock | 3 discos propios	BD:public.artists (consulta viva 2026-10-03, aliases+redirects)	pages/torrece.json+.html(meta)		
/artist/ninos-con-pistolas	Niños con Pistolas	10	E_banda_con_instrumentos	Gennaro Di Luca (guitar), Fernando Rodríguez (bass, vocals), Héctor Cabello (drums), Luis 	4571	Niños con Pistolas	compacto	1.0	2026-10-04						banda		2016	2	Garage Rock, Post-Punk	1	EP:1; V/A Compilation:1	portada_rym	con	2026-10-03 07:55:26	1	«Guerra relámpago» → álbum 1255 de «Iván's Blitzkrieg»	ya_artista	artista compacto→#4571 «Niños con Pistolas» (creado 2026-10-04) | meta: formed 2016 | snippet: Members con instrumentos | 2 géneros: Garage Rock, Post-Punk | 1 discos propios | discos ya en catálogo: «Guerra relámpago» → álbum 1255 de «Iván's Blitzkrieg»	BD:public.artists (consulta viva 2026-10-03, aliases+redirects)	pages/ninos-con-pistolas.json+.html(meta)		
/artist/sentimentals	sentimentals	10	E_banda_con_instrumentos	Jesús Alvarez (vocals, guitar), Alejandro Arévalo (drums, backing vocals), Morgan Gil (bas	4572	sentimentals	compacto	1.0	2026-10-04						banda		2023	1	Post-Punk	1	EP:1	portada_rym	con	2026-10-03 10:43:02	0		ya_artista	artista compacto→#4572 «sentimentals» (creado 2026-10-04) | meta: formed 2023 | snippet: Members con instrumentos | 1 géneros: Post-Punk | 1 discos propios	BD:public.artists (consulta viva 2026-10-03, aliases+redirects)	pages/sentimentals.json+.html(meta)		
/artist/polyman	Pólyman	10	E_banda_con_instrumentos	Dicken Infante (guitar, vocals), Jesús Álvarez (guitar, synthesizer), Irene López (synthes	4573	Pólyman	compacto	1.0	2026-10-04						banda		2014	1	Indie Pop	2	EP:1; Single:1	portada_rym	con	2026-10-03 08:02:49	0		ya_artista	artista compacto→#4573 «Pólyman» (creado 2026-10-04) | meta: formed 2014 | snippet: Members con instrumentos | 1 géneros: Indie Pop | 2 discos propios	BD:public.artists (consulta viva 2026-10-03, aliases+redirects)	pages/polyman.json+.html(meta)		
/artist/tripland	Tripland	10	E_banda_con_instrumentos	Alfieri (lead vocals), Gabo (bass), Kr (guitar), Blanco (guitar)	4574	Tripland	compacto	1.0	2026-10-04						banda		2008	1	Pop Rock	2	Album:2	portada_rym	con	2026-10-03 08:05:44	1	«Nuestro tiempo» → álbum 5589 de «Sexta Legión»	ya_artista	artista compacto→#4574 «Tripland» (creado 2026-10-04) | meta: formed 2008 | snippet: Members con instrumentos | 1 géneros: Pop Rock | 2 discos propios | discos ya en catálogo: «Nuestro tiempo» → álbum 5589 de «Sexta Legión»	BD:public.artists (consulta viva 2026-10-03, aliases+redirects)	pages/tripland.json+.html(meta)		
/artist/musanostra	Musanostra	10	E_banda_con_instrumentos	Alexander Freites (vocals, guitar), Daniela Parra (percussion, backing vocals), Gabriel Có	4575	Musanostra	compacto	1.0	2026-10-04						banda		2011	1	Indie Pop	1	Single:1	portada_rym	con	2026-10-03 09:37:04	0		ya_artista	artista compacto→#4575 «Musanostra» (creado 2026-10-04) | meta: formed 2011 | snippet: Members con instrumentos | 1 géneros: Indie Pop | 1 discos propios	BD:public.artists (consulta viva 2026-10-03, aliases+redirects)	pages/musanostra.json+.html(meta)		
/artist/the_monroes_f3	The Monroes	10	E_banda_con_instrumentos	Juve (vocals), Fran (guitars), Fray (guitars), Oscar De Leon (bass), Ed (drums)	4576	The Monroes	compacto	1.0	2026-10-04						banda			0		1	EP:1	portada_rym	con	2026-10-03 10:42:13	0		ya_artista	artista compacto→#4576 «The Monroes» (creado 2026-10-04) | snippet: Members con instrumentos | 1 discos propios	BD:public.artists (consulta viva 2026-10-03, aliases+redirects)	pages/the_monroes_f3.json+.html(meta)		
/artist/no-light-no-water	No Light No Water	10	E_banda_con_instrumentos	Boston Rex (vocals, guitar), Juan Pablo Aroutine (guitar), Wisam Salaheldin (drums), Luxxa	4577	No Light No Water	compacto	1.0	2026-10-04						banda		2009	1	Rock	1	Album:1	portada_rym	con	2026-10-03 13:28:31	0		ya_artista	artista compacto→#4577 «No Light No Water» (creado 2026-10-04) | meta: formed 2009 | snippet: Members con instrumentos | 1 géneros: Rock | 1 discos propios	BD:public.artists (consulta viva 2026-10-03, aliases+redirects)	pages/no-light-no-water.json+.html(meta)		
/artist/los_vanders	Los Vanders	10	E_banda_con_instrumentos	Patricia Urbano (vocals, guitar), Manfred Maroldt (bass), Jonnatan Santiago (drums), Juan 	4578	Los Vanders	compacto	1.0	2026-10-04						banda		2001	0		2	Album:2	sin_imagen	con	2026-10-03 11:34:56	1	«Acústico» → álbum 3727 de «Voz Veis»	ya_artista	artista compacto→#4578 «Los Vanders» (creado 2026-10-04) | meta: formed 2001 | snippet: Members con instrumentos | 2 discos propios | discos ya en catálogo: «Acústico» → álbum 3727 de «Voz Veis»	BD:public.artists (consulta viva 2026-10-03, aliases+redirects)	pages/los_vanders.json+.html(meta)		
/artist/colibri-1	Colibrí	10	E_banda_con_instrumentos	Carlos Linares (vocals, acoustic guitar, venezuelan cuatro), Uber Silva (vocals, keyboard,	4579	Colibrí	compacto	1.0	2026-10-04						banda		2015	1	Indie Rock	2	Single:2; V/A Compilation:1	portada_rym	con	2026-10-03 12:15:53	1	«Tonada de luna llena» → álbum 15665 de «Zeta»	ya_artista	artista compacto→#4579 «Colibrí» (creado 2026-10-04) | meta: formed 2015 | snippet: Members con instrumentos | 1 géneros: Indie Rock | 2 discos propios | discos ya en catálogo: «Tonada de luna llena» → álbum 15665 de «Zeta»	BD:public.artists (consulta viva 2026-10-03, aliases+redirects)	pages/colibri-1.json+.html(meta)		
/artist/b612	B612	10	E_banda_con_instrumentos	Nestor Moya (bass, vocals), Joel Rodriguez (guitar, backing vocals), Cristhian Zapata (per	4580	B612	compacto	1.0	2026-10-04						banda			0		0	Appears On:3	sin_imagen	con	2026-10-03 06:32:36	0		ya_artista	artista compacto→#4580 «B612» (creado 2026-10-04) | snippet: Members con instrumentos	BD:public.artists (consulta viva 2026-10-03, aliases+redirects)	pages/b612.json+.html(meta)		
/artist/pez-volador	Pez Volador	10	E_banda_con_instrumentos	Miguel Ángel Roa (guitar, vocals), Julio Gámez (guitar), Marco La Fata (drums), Carlos Gue	4581	Pez Volador	compacto	1.0	2026-10-04						banda		2014	1	Rock	1	EP:1; V/A Compilation:1	portada_rym	con	2026-10-03 10:44:20	0		ya_artista	artista compacto→#4581 «Pez Volador» (creado 2026-10-04) | meta: formed 2014 | snippet: Members con instrumentos | 1 géneros: Rock | 1 discos propios	BD:public.artists (consulta viva 2026-10-03, aliases+redirects)	pages/pez-volador.json+.html(meta)		
/artist/merida-swing-boys	Merida Swing Boys ‎	10	E_banda_con_instrumentos	Luis A. Contreras (leader, trumpet), Acisclo Uzcategui (trumpet), Alfonso Moncada (trumpet	4582	Merida Swing Boys ‎	compacto	1.0	2026-10-04						banda			2	Guaguancó, Salsa	1	Album:1	portada_rym	con	2026-10-03 12:17:06	0		ya_artista	artista compacto→#4582 «Merida Swing Boys ‎» (creado 2026-10-04) | snippet: Members con instrumentos | 2 géneros: Guaguancó, Salsa | 1 discos propios	BD:public.artists (consulta viva 2026-10-03, aliases+redirects)	pages/merida-swing-boys.json+.html(meta)		
/artist/π_xprnc	π XPRNC	9	E_banda_con_instrumentos	Karen M. González (guitar, synthesizer, lead vocals), Edmanuel Castillo (bass, backing voc	4583	π XPRNC	compacto	1.0	2026-10-04						banda		2001	1	Progressive Rock	2	Album:2; V/A Compilation:1	portada_rym	con	2026-10-03 11:54:35	1	«Algenia» → álbum 773 de «PI XPRNC»	ya_artista	artista compacto→#4583 «π XPRNC» (creado 2026-10-04) | meta: formed 2001 | snippet: Members con instrumentos | 1 géneros: Progressive Rock | 2 discos propios | discos ya en catálogo: «Algenia» → álbum 773 de «PI XPRNC»	BD:public.artists (consulta viva 2026-10-03, aliases+redirects)	pages/_xprnc.json+.html(meta)		
/artist/bahtawi	Bahtawi	9	D_sin_senal		4584	Bahtawi	compacto	1.0	2026-10-04						banda		2011	0		0	V/A Compilation:1	sin_imagen	sin_evidencia	2026-10-03 17:25:12	0		ya_artista	artista compacto→#4584 «Bahtawi» (creado 2026-10-04) | meta: formed 2011	BD:public.artists (consulta viva 2026-10-03, aliases+redirects)	pages/bahtawi.json+.html(meta)		
/artist/la-sardina-de-naiguata	La Sardina de Naiguatá	9	E_banda_con_instrumentos	Ricardo Díaz (trumpet), Joel Yzaguirre (trombone, vocals), Orlando Corro (trombone, floor 	3830	La Sardina De Naiguatá	compacto	1.0	2026-10-02						banda			0		1	Album:1	sin_imagen	con	2026-10-03 18:01:00	0		ya_artista	artista compacto→#3830 «La Sardina De Naiguatá» (creado 2026-10-02) | snippet: Members con instrumentos | 1 discos propios	BD:public.artists (consulta viva 2026-10-03, aliases+redirects)	pages/la-sardina-de-naiguata.json+.html(meta)		
/artist/grupo-v	Grupo V	9	E_banda_con_instrumentos	Miguel Jaimes (leader), José Francisco Reyes (vocals), Benny Rodríguez (vocals)	4585	Grupo V	compacto	1.0	2026-10-04						banda			1	Salsa	2	Album:2	portada_rym	con	2026-10-03 06:20:50	0		ya_artista	artista compacto→#4585 «Grupo V» (creado 2026-10-04) | snippet: Members con instrumentos | 1 géneros: Salsa | 2 discos propios	BD:public.artists (consulta viva 2026-10-03, aliases+redirects)	pages/grupo-v.json+.html(meta)		
/artist/joudy	Joudy	9	E_banda_con_instrumentos	Diego Ramírez (guitar, vocals), Darío Salinas (guitar, synthesizer), Gabriel Gavidia (bass	4586	Joudy	compacto	1.0	2026-10-04						banda		2009	1	Experimental Rock	4	Album:4	portada_rym	con	2026-10-03 13:33:54	0		ya_artista	artista compacto→#4586 «Joudy» (creado 2026-10-04) | meta: formed 2009 | snippet: Members con instrumentos | 1 géneros: Experimental Rock | 4 discos propios	BD:public.artists (consulta viva 2026-10-03, aliases+redirects)	pages/joudy.json+.html(meta)		
/artist/ile-des-phoques	Ile des Phoques	8	E_banda_con_instrumentos	Maga Urdaneta González (guitar, vocals), Andy Ortiz Urbin (electric guitar), Jorge Ramonci	4587	Ile des Phoques	compacto	1.0	2026-10-04						banda			0		3	Single:3	portada_rym	con	2026-10-03 12:27:39	1	«Lejos de ti» → álbum 5329 de «X-Blade»	ya_artista	artista compacto→#4587 «Ile des Phoques» (creado 2026-10-04) | snippet: Members con instrumentos | 3 discos propios | discos ya en catálogo: «Lejos de ti» → álbum 5329 de «X-Blade»	BD:public.artists (consulta viva 2026-10-03, aliases+redirects)	pages/ile-des-phoques.json+.html(meta)		
/artist/los-prisioneros	Los Prisioneros	8	E_banda_con_instrumentos	Jorge González (vocals, bass, guitar, keyboards), Miguel Tapia 	4588	Los Prisioneros	compacto	1.0	2026-10-04						banda		1983	6	New Wave, Synthpop, Pop Rock, Post-Punk, 2 Tone, Dance-Pop	64	Single:31; Compilation:10; Music video:8; Album:6; Bootleg / Unauthorized:6; Appears On:4; V/A Compilation:4; Video:4; Live Album:3; EP:2; Additional release:2	portada_rym	con	2026-10-03 06:25:56	6	«En vivo» → álbum 3838 de «José Antonio Bordell»; «Amiga mía» → álbum 13000 de «Porfi Baloa»; «San Miguel» → álbum 6604 de «Aquiles Báez Trío»	ya_artista	artista compacto→#4588 «Los Prisioneros» (creado 2026-10-04) | meta: formed 1983 | snippet: Members con instrumentos | 6 géneros: New Wave, Synthpop, Pop Rock | 64 discos propios | discos ya en catálogo: «En vivo» → álbum 3838 de «José Antonio Bordell»; «Amiga mía» → álbum 13000 de «Porfi Baloa»	BD:public.artists (consulta viva 2026-10-03, aliases+redirects)	pages/los-prisioneros.json+.html(meta)		
/artist/cats-and-beloved-pets	cats! and beloved pets	8	E_banda_con_instrumentos	Juan Diego Bustillos (voice, guitar, omnichord), Orlando Pérez (programming), Diego Gonzal	4589	cats! and beloved pets	compacto	1.0	2026-10-04						banda			3	Indietronica, Bedroom Pop, Indie Pop	8	Album:4; Single:2; EP:1; Additional release:1	portada_rym	con	2026-10-03 06:45:16	2	«antes era mejor» → álbum 5595 de «Todosantos»; «demos» → álbum 272 de «Marilanne»	ya_artista	artista compacto→#4589 «cats! and beloved pets» (creado 2026-10-04) | snippet: Members con instrumentos | 3 géneros: Indietronica, Bedroom Pop, Indie Pop | 8 discos propios | discos ya en catálogo: «antes era mejor» → álbum 5595 de «Todosantos»; «demos» → álbum 272 de «Marilanne»	BD:public.artists (consulta viva 2026-10-03, aliases+redirects)	pages/cats-and-beloved-pets.json+.html(meta)		
/artist/mil-ataris-por-segundo	mil ataris por segundo	7	E_banda_con_instrumentos	Juan Diego Bustillos (guitar, vocals), Orlando Pérez (bass, guitar), Javier Castellanos [a	4590	mil ataris por segundo	compacto	1.0	2026-10-04						banda			5	Midwest Emo, Bedroom Pop, Screamo, Slacker Rock, Emo	29	EP:11; Single:7; Album:5; Live Album:2; Appears On:2; Mixtape:1; Music video:1; Compilation:1; Video:1; Additional release:1	portada_rym	con	2026-10-02 03:36:23	2	«Corazón» → álbum 13343 de «Danny Ocean»; «diciembre» → álbum 14073 de «Los Mesoneros»	ya_artista	artista compacto→#4590 «mil ataris por segundo» (creado 2026-10-04) | snippet: Members con instrumentos | 5 géneros: Midwest Emo, Bedroom Pop, Screamo | 29 discos propios | discos ya en catálogo: «Corazón» → álbum 13343 de «Danny Ocean»; «diciembre» → álbum 14073 de «Los Mesoneros»	BD:public.artists (consulta viva 2026-10-03, aliases+redirects)	pages/mil-ataris-por-segundo.json+.html(meta)		
/artist/magnifilium	Magnifilium	7	E_banda_con_instrumentos	Luis Flores (vocals), Robinson Cipriani (guitar)	4591	Magnifilium	compacto	1.0	2026-10-04						banda		2014	1	Nu Metal	1	EP:1	sin_imagen	con	2026-10-03 10:16:01	0		ya_artista	artista compacto→#4591 «Magnifilium» (creado 2026-10-04) | meta: formed 2014 | snippet: Members con instrumentos | 1 géneros: Nu Metal | 1 discos propios	BD:public.artists (consulta viva 2026-10-03, aliases+redirects)	pages/magnifilium.json+.html(meta)		
/artist/sendero-veneco	Sendero Veneco	7	E_banda_con_instrumentos	Cnel. Fístula (vocals), Pogo (vocals, guitar), Needlezz (vocals, guitar), Jade (drums)	4592	Sendero Veneco	compacto	1.0	2026-10-04						banda			2	Noisecore, Noisegrind	17	Single:10; EP:5; Album:1; Additional release:1	portada_rym	con	2026-10-03 15:27:14	0		ya_artista	artista compacto→#4592 «Sendero Veneco» (creado 2026-10-04) | snippet: Members con instrumentos | 2 géneros: Noisecore, Noisegrind | 17 discos propios	BD:public.artists (consulta viva 2026-10-03, aliases+redirects)	pages/sendero-veneco.json		
/artist/la-danta	La Danta	7	E_banda_con_instrumentos	Ezequiel Pizzani (laptop), Álvaro Partidas (guitar, effects), Job Tajha (bass, effects)	4593	La Danta	compacto	1.0	2026-10-04						banda			1	Experimental	1	Album:1	portada_rym	con	2026-10-03 11:52:58	0		ya_artista	artista compacto→#4593 «La Danta» (creado 2026-10-04) | snippet: Members con instrumentos | 1 géneros: Experimental | 1 discos propios	BD:public.artists (consulta viva 2026-10-03, aliases+redirects)	pages/la-danta.json+.html(meta)		
/artist/la-danta-mas-cabra	La Danta Más Cabra	7	E_banda_con_instrumentos	Pablo García (tenor saxophone), Andrés Levell (piano), Armando González (bass), Ricardo Ch	4523	La Danta Más Cabra	compacto	1.0	2026-10-03						banda		2024	1	Free Jazz	10	Single:6; Album:3; EP:1	portada_rym	con	2026-10-03 09:35:46	1	«Triple In-Tensión» → álbum 15370 de «La Danta Más Cabra»	ya_artista	artista compacto→#4523 «La Danta Más Cabra» (creado 2026-10-03) | meta: formed 2024 | snippet: Members con instrumentos | 1 géneros: Free Jazz | 10 discos propios | discos ya en catálogo: «Triple In-Tensión» → álbum 15370 de «La Danta Más Cabra»	BD:public.artists (consulta viva 2026-10-03, aliases+redirects)	pages/la-danta-mas-cabra.json+.html(meta)		
/artist/junko-furuta-1	Junko Furuta	7	E_banda_con_instrumentos	Needlezz (vocals, guitar), Pogo (guitar), Jade (drums)	4594	Junko Furuta	compacto	1.0	2026-10-04						banda			1	Avant-Garde Metal	2	Album:1; Additional release:1	portada_rym	con	2026-10-03 15:15:33	0		ya_artista	artista compacto→#4594 «Junko Furuta» (creado 2026-10-04) | snippet: Members con instrumentos | 1 géneros: Avant-Garde Metal | 2 discos propios	BD:public.artists (consulta viva 2026-10-03, aliases+redirects)	pages/junko-furuta-1.json+.html(meta)		
/artist/gypsyska_orquesta	GypsySka Orquesta	7	A_ya_en_catalogo	sin puntuación → Gypsy Ska Orquesta (id 1678)	1678	Gypsy Ska Orquesta	compacto	1.0	2026-09-13						banda			0		4	Album:2; EP:2	portada_rym	con	2026-10-03 14:48:15	0		ya_artista	artista compacto→#1678 «Gypsy Ska Orquesta» (creado 2026-09-13) | snippet: Members con instrumentos | 4 discos propios	BD:public.artists (consulta viva 2026-10-03, aliases+redirects)	pages/gypsyska_orquesta.json+.html(meta)		
/artist/quinteto-contrapunto	Quinteto Contrapunto	7	E_banda_con_instrumentos	Rafael Suárez (baritone vocals, director, arranger), Aída Navarro (mezzo-soprano vocals), 	3843	Quinteto Contrapunto	compacto	1.0	2026-10-02						banda		1962	2	Vocal Group, Joropo	5	Album:5	portada_rym	con	2026-10-03 16:54:16	1	«Música popular y folclórica de Venezuela» → álbum 9426 de «Quinteto Contrapunto»	ya_artista	artista compacto→#3843 «Quinteto Contrapunto» (creado 2026-10-02) | meta: formed 1962 | snippet: Members con instrumentos | 2 géneros: Vocal Group, Joropo | 5 discos propios | discos ya en catálogo: «Música popular y folclórica de Venezuela» → álbum 9426 de «Quinteto Contrapunto»	BD:public.artists (consulta viva 2026-10-03, aliases+redirects)	pages/quinteto-contrapunto.json+.html(meta)		
/artist/los-kenya	Los Kenya	7	E_banda_con_instrumentos	Ray Pérez (leader, piano), Miguel Silva (bass), Alberto Naranjo (timbales), Pedro Garcia (	3722	Los Kenya	compacto	1.0	2026-10-02						banda		1968	3	Guaguancó, Salsa dura, Salsa	5	Album:5; V/A Compilation:3	portada_rym	con	2026-10-03 13:21:59	3	«Ra!.. Ra!..» → álbum 6047 de «Alberto Naranjo»; «Los Kenya» → álbum 6046 de «Alberto Naranjo»; «Ronda del guaguanco» → álbum 6048 de «Alberto Naranjo»	ya_artista	artista compacto→#3722 «Los Kenya» (creado 2026-10-02) | meta: formed 1968 | snippet: Members con instrumentos | 3 géneros: Guaguancó, Salsa dura, Salsa | 5 discos propios | discos ya en catálogo: «Ra!.. Ra!..» → álbum 6047 de «Alberto Naranjo»; «Los Kenya» → álbum 6046 de «Alberto Naranjo»	BD:public.artists (consulta viva 2026-10-03, aliases+redirects)	pages/los-kenya.json+.html(meta)		
/artist/frank-y-sus-inquietos	Frank y Sus Inquietos	7	E_banda_con_instrumentos	Efraín González (timbales, musical director), Frank González (piano, director), Miguel Mar	3704	Frank y Sus Inquietos	compacto	1.0	2026-10-02						banda			1	Guaguancó	3	Single:2; Album:1	portada_rym	con	2026-10-03 10:15:03	1	«Frank y Sus Inquietos» → álbum 7084 de «Frank y Sus Inquietos»	ya_artista	artista compacto→#3704 «Frank y Sus Inquietos» (creado 2026-10-02) | snippet: Members con instrumentos | 1 géneros: Guaguancó | 3 discos propios | discos ya en catálogo: «Frank y Sus Inquietos» → álbum 7084 de «Frank y Sus Inquietos»	BD:public.artists (consulta viva 2026-10-03, aliases+redirects)	pages/frank-y-sus-inquietos.json+.html(meta)		
/artist/grupo-mango	Grupo Mango	7	E_banda_con_instrumentos	Argenis Carmona (bass), Freddy Roldán (vibraphone), Gustavo Quinto (congas), Joe Ruiz (voc	3708	Grupo Mango	compacto	1.0	2026-10-02						banda		1975	1	Salsa	5	Album:5; V/A Compilation:2	portada_rym	con	2026-10-03 15:45:16	3	«Mango» → álbum 7904 de «Grupo Mango»; «Mango» → álbum 7904 de «Grupo Mango»; «Mango» → álbum 7904 de «Grupo Mango»	ya_artista	artista compacto→#3708 «Grupo Mango» (creado 2026-10-02) | meta: formed 1975 | snippet: Members con instrumentos | 1 géneros: Salsa | 5 discos propios | discos ya en catálogo: «Mango» → álbum 7904 de «Grupo Mango»; «Mango» → álbum 7904 de «Grupo Mango»	BD:public.artists (consulta viva 2026-10-03, aliases+redirects)	pages/grupo-mango.json+.html(meta)		
/artist/porfi-jimenez-y-su-orquesta	Porfi Jiménez y Su Orquesta	7	E_banda_con_instrumentos	Porfi Jiménez (bandleader, composer, arranger), Chico Salas (vocals), Kiko Mendive (vocals	4595	Porfi Jiménez y Su Orquesta	compacto	1.0	2026-10-04						banda		1963	1	Big Band	26	Album:25; EP:1; V/A Compilation:1	portada_rym	con	2026-10-03 11:46:27	5	«Únicamente tú» → álbum 7028 de «Felipe Pirela / El Bolerista de América»; «La machaca» → álbum 7008 de «Federico y Su Combo Latino»; «Así soy yo» → álbum 8813 de «Luis Silva»	ya_artista	artista compacto→#4595 «Porfi Jiménez y Su Orquesta» (creado 2026-10-04) | meta: formed 1963 | snippet: Members con instrumentos | 1 géneros: Big Band | 26 discos propios | discos ya en catálogo: «Únicamente tú» → álbum 7028 de «Felipe Pirela / El Bolerista de América»; «La machaca» → álbum 7008 de «Federico y Su Combo Latino»	BD:public.artists (consulta viva 2026-10-03, aliases+redirects)	pages/porfi-jimenez-y-su-orquesta.json+.html(meta)		
/artist/arawato	Arawato	7	E_banda_con_instrumentos	Luis Jiménez (vocals, guitar, wurlitzer), Rodrigo Gonsalves [aka Rodrigo Solo] (backing vo	4596	Arawato	compacto	1.0	2026-10-04						banda		2014	2	Indie Rock, Alternative Rock	6	Single:5; EP:1; Music video:1	portada_rym	con	2026-10-03 14:09:50	0		ya_artista	artista compacto→#4596 «Arawato» (creado 2026-10-04) | meta: formed 2014 | snippet: Members con instrumentos | 2 géneros: Indie Rock, Alternative Rock | 6 discos propios	BD:public.artists (consulta viva 2026-10-03, aliases+redirects)	pages/arawato.json+.html(meta)		
/artist/la-sonora-caracas	La Sonora Caracas	7	E_banda_con_instrumentos	Alberto Machado (leader, guitar), Guillermo Machado (marimba), Jacobo Espinoza (vocals), C	4597	La Sonora Caracas	compacto	1.0	2026-10-04						banda			0		3	Album:2; Appears On:1; Compilation:1	portada_rym	con	2026-10-03 16:44:48	0		ya_artista	artista compacto→#4597 «La Sonora Caracas» (creado 2026-10-04) | snippet: Members con instrumentos | 3 discos propios	BD:public.artists (consulta viva 2026-10-03, aliases+redirects)	pages/la-sonora-caracas.json+.html(meta)		
/artist/orquesta-sinfonica-municipal-de-caracas	Orquesta Sinfónica Municipal de Caracas	7	D_sin_senal		4385	Orquesta Sinfónica Municipal de Caracas	compacto	1.0	2026-10-03						banda		1979	0		1	Album:1	portada_rym	con	2026-10-03 08:06:59	0		ya_artista	artista compacto→#4385 «Orquesta Sinfónica Municipal de Caracas» (creado 2026-10-03) | meta: formed 1979 | 1 discos propios	BD:public.artists (consulta viva 2026-10-03, aliases+redirects)	pages/orquesta-sinfonica-municipal-de-caracas.json+.html(meta)		
/artist/musikautomatika	Musikautomatika	7	D_sin_senal		4598	Musikautomatika	compacto	1.0	2026-10-04						banda		1978	2	Electroacoustic, Progressive Electronic	2	Album:1; Appears On:1; V/A Compilation:1; Bootleg / Unauthorized:1	portada_rym	con	2026-10-03 06:02:00	0		ya_artista	artista compacto→#4598 «Musikautomatika» (creado 2026-10-04) | meta: formed 1978 | 2 géneros: Electroacoustic, Progressive Electronic | 2 discos propios	BD:public.artists (consulta viva 2026-10-03, aliases+redirects)	pages/musikautomatika.json+.html(meta)		
/artist/colerico-espin	Colérico Espín	7	E_banda_con_instrumentos	Jesús Fuentes (vocals, guitar, venezuelan cuatro), Flóres Soláno (percussion, backing voca	4599	Colérico Espín	compacto	1.0	2026-10-04						banda			1	Folk	1	Album:1	sin_imagen	con	2026-10-03 08:18:00	0		ya_artista	artista compacto→#4599 «Colérico Espín» (creado 2026-10-04) | snippet: Members con instrumentos | 1 géneros: Folk | 1 discos propios	BD:public.artists (consulta viva 2026-10-03, aliases+redirects)	pages/colerico-espin.json+.html(meta)		
/artist/la-pequena-revancha	La Pequeña Revancha	7	E_banda_con_instrumentos	Claudia Lizardo (vocals, guitar), Juan Olmedillo (vocals, guitar, harmonica, ratchet, 2012	4600	La Pequeña Revancha	compacto	1.0	2026-10-04						banda		2012	1	Indie Folk	6	Single:4; EP:2; V/A Compilation:1	portada_rym	con	2026-10-03 06:44:03	0		ya_artista	artista compacto→#4600 «La Pequeña Revancha» (creado 2026-10-04) | meta: formed 2012 | snippet: Members con instrumentos | 1 géneros: Indie Folk | 6 discos propios	BD:public.artists (consulta viva 2026-10-03, aliases+redirects)	pages/la-pequena-revancha.json+.html(meta)		
/artist/ahimsa-1	Ahimsa	7	E_banda_con_instrumentos	Guillermo Carrasco (acoustic guitar, vocals), Roberto Martínez (lead guitar, vocals), Jesú	4601	Ahimsa	compacto	1.0	2026-10-04						banda			0		1	Single:1	sin_imagen	con	2026-10-03 17:53:05	0		ya_artista	artista compacto→#4601 «Ahimsa» (creado 2026-10-04) | snippet: Members con instrumentos | 1 discos propios	BD:public.artists (consulta viva 2026-10-03, aliases+redirects)	pages/ahimsa-1.json+.html(meta)		
/artist/pakalolo	Pakalolo	7	E_banda_con_instrumentos	Rafael Antolínez (lead vocals, ukelele), José Gabriel Ruiz (guitar, vocals)	4602	Pakalolo	compacto	1.0	2026-10-04						banda		2015	1	Pop Reggae	1	Album:1	portada_rym	con	2026-10-03 08:42:43	0		ya_artista	artista compacto→#4602 «Pakalolo» (creado 2026-10-04) | meta: formed 2015 | snippet: Members con instrumentos | 1 géneros: Pop Reggae | 1 discos propios	BD:public.artists (consulta viva 2026-10-03, aliases+redirects)	pages/pakalolo.json+.html(meta)		
/artist/desensamblados	Desensamblados	7	E_banda_con_instrumentos	Ulises García (western concert flute, acoustic guitar), Tomás García (western concert flut	3939	Desensamblados	compacto	1.0	2026-10-02						banda			1	Jazz Fusion	1	Album:1	portada_rym	con	2026-10-03 13:20:25	1	«...Y el rumor de Caracas» → álbum 9618 de «Desensamblados»	ya_artista	artista compacto→#3939 «Desensamblados» (creado 2026-10-02) | meta: born (persona) | snippet: Members con instrumentos | 1 géneros: Jazz Fusion | 1 discos propios | discos ya en catálogo: «...Y el rumor de Caracas» → álbum 9618 de «Desensamblados»	BD:public.artists (consulta viva 2026-10-03, aliases+redirects)	pages/desensamblados.json+.html(meta)		
/artist/la-maldita-infamia	La Maldita Infamia	7	D_sin_senal		4603	La Maldita Infamia	compacto	1.0	2026-10-04						banda		2000	1	Horrorcore	5	Appears On:4; Album:2; Single:2; EP:1	portada_rym	con	2026-10-03 16:03:51	1	«HECATOMBE» → álbum 15612 de «Tukuca Zakayama»	ya_artista	artista compacto→#4603 «La Maldita Infamia» (creado 2026-10-04) | meta: formed 2000 | 1 géneros: Horrorcore | 5 discos propios | discos ya en catálogo: «HECATOMBE» → álbum 15612 de «Tukuca Zakayama»	BD:public.artists (consulta viva 2026-10-03, aliases+redirects)	pages/la-maldita-infamia.json+.html(meta)		
/artist/el-trabuco-venezolano	El Trabuco Venezolano	7	E_banda_con_instrumentos	Alberto Naranjo (founder, drums), Alfredo Gil (trumpet), Angelo Pagliuca (trombone), Carlí	3483	El Trabuco Venezolano	compacto	1.0	2026-10-02						banda		1977	1	Salsa dura	6	Album:4; Live Album:2; Appears On:1	portada_rym	con	2026-10-03 07:53:54	2	«El Trabuco Venezolano» → álbum 6037 de «Alberto Naranjo»; «La flor y nata» → álbum 6042 de «Alberto Naranjo»	ya_artista	artista compacto→#3483 «El Trabuco Venezolano» (creado 2026-10-02) | meta: formed 1977 | snippet: Members con instrumentos | 1 géneros: Salsa dura | 6 discos propios | discos ya en catálogo: «El Trabuco Venezolano» → álbum 6037 de «Alberto Naranjo»; «La flor y nata» → álbum 6042 de «Alberto Naranjo»	BD:public.artists (consulta viva 2026-10-03, aliases+redirects)	pages/el-trabuco-venezolano.json+.html(meta)		
/artist/sexteto-juventud	Sexteto Juventud	7	E_banda_con_instrumentos	Olinto Medina (director, bass, 1965-76), Juan Medina (guitar), Carlos Croquer (drums), Isa	3747	Sexteto Juventud	compacto	1.0	2026-10-02						banda			1	Salsa	24	Album:21; V/A Compilation:4; Single:2; Appears On:2; Compilation:1	portada_rym	con	2026-10-03 09:57:20	20	«Guasancó» → álbum 7768 de «Sexteto Juventud»; «Más Guasancó» → álbum 7769 de «Sexteto Juventud»; «¡A bailar juventud!» → álbum 7770 de «Sexteto Juventud»	ya_artista	artista compacto→#3747 «Sexteto Juventud» (creado 2026-10-02) | snippet: Members con instrumentos | 1 géneros: Salsa | 24 discos propios | discos ya en catálogo: «Guasancó» → álbum 7768 de «Sexteto Juventud»; «Más Guasancó» → álbum 7769 de «Sexteto Juventud»	BD:public.artists (consulta viva 2026-10-03, aliases+redirects)	pages/sexteto-juventud.json+.html(meta)		
/artist/gran-radio-riviera	Gran Radio Riviera	7	E_banda_con_instrumentos	Sebastián Crespo (vocals, guitar), Juan Velasco (keyboards, vocals), Ricardo Sorrondo (dru	4604	Gran Radio Riviera	compacto	1.0	2026-10-04						banda			1	Synthpop	6	Single:4; Album:2; Appears On:1	portada_rym	con	2026-10-03 09:59:49	0		ya_artista	artista compacto→#4604 «Gran Radio Riviera» (creado 2026-10-04) | snippet: Members con instrumentos | 1 géneros: Synthpop | 6 discos propios	BD:public.artists (consulta viva 2026-10-03, aliases+redirects)	pages/gran-radio-riviera.json+.html(meta)		
/artist/ray-perez-y-su-orquesta	Ray Pérez y su Orquesta	7	E_banda_con_instrumentos	Ray Pérez (bandleader, vocals, piano), Miguelito Pacheco (bongos), José Rojas (trombone), 	4605	Ray Pérez y su Orquesta	compacto	1.0	2026-10-04						banda			1	Salsa	7	Album:5; V/A Compilation:3; Compilation:2; Appears On:1	portada_rym	con	2026-10-03 18:08:31	0		ya_artista	artista compacto→#4605 «Ray Pérez y su Orquesta» (creado 2026-10-04) | snippet: Members con instrumentos | 1 géneros: Salsa | 7 discos propios	BD:public.artists (consulta viva 2026-10-03, aliases+redirects)	pages/ray-perez-y-su-orquesta.json+.html(meta)		
/artist/la-critica	La Crítica	7	E_banda_con_instrumentos	Oscar D'León (leader, bass, vocals, 1978-81), Alfredo "Pollo" Gil (trumpet, 1980-81), Andr	4606	La Crítica	compacto	1.0	2026-10-04						banda		1978	1	Salsa	6	Album:6	portada_rym	con	2026-10-03 10:13:59	2	«Oscar D'León presenta "La Critica"» → álbum 12877 de «Oscar D' León»; «Oscar D'Leon presenta "La Critica" con Wladimir y Teo» → álbum 12873 de «Oscar D' León»	ya_artista	artista compacto→#4606 «La Crítica» (creado 2026-10-04) | meta: formed 1978 | snippet: Members con instrumentos | 1 géneros: Salsa | 6 discos propios | discos ya en catálogo: «Oscar D'León presenta "La Critica"» → álbum 12877 de «Oscar D' León»; «Oscar D'Leon presenta "La Critica" con Wladimir y Teo» → álbum 12873 de «Oscar D' León»	BD:public.artists (consulta viva 2026-10-03, aliases+redirects)	pages/la-critica.json+.html(meta)		
/artist/grupo-madera	Grupo Madera	7	D_sin_senal		4297	Grupo Madera	compacto	1.0	2026-10-03						banda		1977	2	Experimental, Folk	9	Album:9	portada_rym	con	2026-10-03 09:48:50	0		ya_artista	artista compacto→#4297 «Grupo Madera» (creado 2026-10-03) | meta: formed 1977 | 2 géneros: Experimental, Folk | 9 discos propios	BD:public.artists (consulta viva 2026-10-03, aliases+redirects)	pages/grupo-madera.json+.html(meta)		
/artist/nati-y-su-orquesta	Nati y Su Orquesta	7	E_banda_con_instrumentos	Naty Martínez (leader, flute), Carlos El Grande (vocals), Carlos Olaizola (percussion), Ca	4607	Nati y Su Orquesta	compacto	1.0	2026-10-04						banda		1981	1	Salsa	3	Album:3; V/A Compilation:2; Appears On:1	portada_rym	con	2026-10-03 11:58:47	0		ya_artista	artista compacto→#4607 «Nati y Su Orquesta» (creado 2026-10-04) | meta: formed 1981 | snippet: Members con instrumentos | 1 géneros: Salsa | 3 discos propios	BD:public.artists (consulta viva 2026-10-03, aliases+redirects)	pages/nati-y-su-orquesta.json+.html(meta)		
/artist/tambor-urbano	Tambor Urbano	7	D_sin_senal		3854	Tambor Urbano	compacto	1.0	2026-10-02						persona_o_solista			1	Folk	3	Album:3; Appears On:2	portada_rym	con	2026-10-03 10:01:24	2	«Tambor Urbano» → álbum 9057 de «Tambor Urbano»; «Que No Se Pare La Rumba!» → álbum 9059 de «Tambor Urbano»	ya_artista	artista compacto→#3854 «Tambor Urbano» (creado 2026-10-02) | 1 géneros: Folk | 3 discos propios | discos ya en catálogo: «Tambor Urbano» → álbum 9057 de «Tambor Urbano»; «Que No Se Pare La Rumba!» → álbum 9059 de «Tambor Urbano»	BD:public.artists (consulta viva 2026-10-03, aliases+redirects)	pages/tambor-urbano.json+.html(meta)		
/artist/mau-y-ricky	Mau y Ricky	7	D_sin_senal		4248	Mau y Ricky	compacto	1.0	2026-10-03						banda		2011	1	Reggaetón	29	Single:23; Appears On:12; Album:5; Music video:5; V/A Compilation:2; EP:1	portada_rym	con	2026-10-03 10:50:58	16	«Para aventuras y curiosidades» → álbum 13306 de «Mau y Ricky»; «rifresh» → álbum 13313 de «Mau y Ricky»; «DESGENERADOS MIXTAPE» → álbum 13327 de «Mau y Ricky»	ya_artista	artista compacto→#4248 «Mau y Ricky» (creado 2026-10-03) | meta: formed 2011 | 1 géneros: Reggaetón | 29 discos propios | discos ya en catálogo: «Para aventuras y curiosidades» → álbum 13306 de «Mau y Ricky»; «rifresh» → álbum 13313 de «Mau y Ricky»	BD:public.artists (consulta viva 2026-10-03, aliases+redirects)	pages/mau-y-ricky.json+.html(meta)		
/artist/gran-celaje	Gran Celaje	7	A_ya_en_catalogo	sin puntuación → Gran Celaje (id 3234)	3234	Gran Celaje	compacto	1.0	2026-10-01						banda			1	Rock	2	Album:1; Single:1	portada_rym	con	2026-10-03 11:51:51	1	«Arde» → álbum 5521 de «Gran Celaje»	ya_artista	artista compacto→#3234 «Gran Celaje» (creado 2026-10-01) | snippet: Members con instrumentos | 1 géneros: Rock | 2 discos propios | discos ya en catálogo: «Arde» → álbum 5521 de «Gran Celaje»	BD:public.artists (consulta viva 2026-10-03, aliases+redirects)	pages/gran-celaje.json+.html(meta)		
/artist/secuaces	Secuaces	7	D_sin_senal		4608	Secuaces	compacto	1.0	2026-10-04						banda		1997	0		1	Album:1	sin_imagen	con	2026-10-03 14:44:57	0		ya_artista	artista compacto→#4608 «Secuaces» (creado 2026-10-04) | meta: formed 1997 | 1 discos propios	BD:public.artists (consulta viva 2026-10-03, aliases+redirects)	pages/secuaces.json+.html(meta)		
/artist/fur_coat	Fur Coat	7	D_sin_senal		4282	Fur Coat	compacto	1.0	2026-10-03						banda		2004	1	Tech House	30	EP:17; Appears On:10; Single:9; DJ Mix:2; Album:1; Video:1	portada_rym	con	2026-10-03 10:14:49	13	«Mind Over Matter» → álbum 14440 de «Fur Coat»; «There's No Time» → álbum 14443 de «Fur Coat»; «U Turn» → álbum 14434 de «Fur Coat»	ya_artista	artista compacto→#4282 «Fur Coat» (creado 2026-10-03) | meta: formed 2004 | 1 géneros: Tech House | 30 discos propios | discos ya en catálogo: «Mind Over Matter» → álbum 14440 de «Fur Coat»; «There's No Time» → álbum 14443 de «Fur Coat»	BD:public.artists (consulta viva 2026-10-03, aliases+redirects)	pages/fur_coat.json+.html(meta)		
/artist/los-antanos-del-stadium	Los Antaños del Stadium	7	D_sin_senal		4318	Los Antaños del Stadium	compacto	1.0	2026-10-03	31390	Los Antaños del Estadio	near	0.913	2026-10-02	banda		1946	1	Merengue	1	Album:1	portada_rym	con	2026-10-03 06:45:58	0		ya_artista	artista compacto→#4318 «Los Antaños del Stadium» (creado 2026-10-03) | persona near→#31390 «Los Antaños del Estadio» (sim 0.913, creado 2026-10-02) | meta: formed 1946 | 1 géneros: Merengue | 1 discos propios	BD:public.artists (consulta viva 2026-10-03, aliases+redirects)	pages/los-antanos-del-stadium.json+.html(meta)		
/artist/le-cinema	Le' Cinema	7	E_banda_con_instrumentos	Rafael Antolínez (lead vocals, guitar), Andrés Díaz (backing vocals, bass), Cafeína (backi	4609	Le' Cinema	compacto	1.0	2026-10-04						banda		2016	1	Indie Rock	1	Single:1; V/A Compilation:1	portada_rym	con	2026-10-03 17:15:22	0		ya_artista	artista compacto→#4609 «Le' Cinema» (creado 2026-10-04) | meta: formed 2016 | snippet: Members con instrumentos | 1 géneros: Indie Rock | 1 discos propios	BD:public.artists (consulta viva 2026-10-03, aliases+redirects)	pages/le-cinema.json+.html(meta)		
/artist/anakena	Anakena	7	E_banda_con_instrumentos	Santiago de la Fuente (vocals, guitar), Mikel Maury (vocals), Carlos González (percussion)	4524	Anakena	compacto	1.0	2026-10-03						banda		2016	3	Latin Alternative, Latin Pop, Bachata	41	Single:32; Album:4; EP:3; Appears On:3; Live Album:1; Compilation:1	portada_rym	con	2026-10-03 09:37:20	3	«Fuego» → álbum 5753 de «Victor Castillo»; «Xinchorro» → álbum 14253 de «Motherflowers»; «bebé» → álbum 13949 de «Rawayana»	ya_artista	artista compacto→#4524 «Anakena» (creado 2026-10-03) | meta: formed 2016 | snippet: Members con instrumentos | 3 géneros: Latin Alternative, Latin Pop, Bachata | 41 discos propios | discos ya en catálogo: «Fuego» → álbum 5753 de «Victor Castillo»; «Xinchorro» → álbum 14253 de «Motherflowers»	BD:public.artists (consulta viva 2026-10-03, aliases+redirects)	pages/anakena.json+.html(meta)		
/artist/van-der-dijs	Van Der Dijs	7	E_banda_con_instrumentos	Manuel van Der Dijs (vocals), Gabriel Gómez (guitar), Xander Hernández (bass), Abraham Fou	4610	Van Der Dijs	compacto	1.0	2026-10-04						banda		2024	1	Rap Metal	7	Single:7	portada_rym	con	2026-10-03 10:09:25	1	«Nemesis» → álbum 1627 de «Maskhera»	ya_artista	artista compacto→#4610 «Van Der Dijs» (creado 2026-10-04) | meta: formed 2024 | snippet: Members con instrumentos | 1 géneros: Rap Metal | 7 discos propios | discos ya en catálogo: «Nemesis» → álbum 1627 de «Maskhera»	BD:public.artists (consulta viva 2026-10-03, aliases+redirects)	pages/van-der-dijs.json+.html(meta)		
/artist/audiospray	Audiospray	7	E_banda_con_instrumentos	Andrés Beade (bass), Carlos Verde (vocals, guitar), Roberto Verde (drums)	4611	Audiospray	compacto	1.0	2026-10-04						banda		2011	1	Indie Rock	3	Album:1; EP:1; Single:1	portada_rym	con	2026-10-03 10:40:56	0		ya_artista	artista compacto→#4611 «Audiospray» (creado 2026-10-04) | meta: formed 2011 | snippet: Members con instrumentos | 1 géneros: Indie Rock | 3 discos propios	BD:public.artists (consulta viva 2026-10-03, aliases+redirects)	pages/audiospray.json+.html(meta)		
/artist/japanese-scarf	Japanese Scarf	7	E_banda_con_instrumentos	Daniel Borja (vocals, guitar, effects, producer, 2019-present), Pedro Avendaño (vocals, gu	4612	Japanese Scarf	compacto	1.0	2026-10-04						banda			2	Ambient, Psychedelic Folk	1	EP:1	portada_rym	con	2026-10-03 17:12:45	0		ya_artista	artista compacto→#4612 «Japanese Scarf» (creado 2026-10-04) | snippet: Members con instrumentos | 2 géneros: Ambient, Psychedelic Folk | 1 discos propios	BD:public.artists (consulta viva 2026-10-03, aliases+redirects)	pages/japanese-scarf.json+.html(meta)		
/artist/los-cantores-del-tropico	Los Cantores del Trópico	6	E_banda_con_instrumentos	Antonio Lauro (guitar, vocals), Manuel Enrique Pérez Díaz (guitar, vocals), Eduardo Serran	4613	Los Cantores del Trópico	compacto	1.0	2026-10-04						banda		1933	1	Classical Music	2	Album:1; Single:1	portada_rym	con	2026-10-03 14:15:07	0		ya_artista	artista compacto→#4613 «Los Cantores del Trópico» (creado 2026-10-04) | meta: formed 1933 | snippet: Members con instrumentos | 1 géneros: Classical Music | 2 discos propios	BD:public.artists (consulta viva 2026-10-03, aliases+redirects)	pages/los-cantores-del-tropico.json+.html(meta)		
/artist/nzila-afrobeat-project	Nzila Afrobeat Project	6	E_banda_con_instrumentos	Andy González (percussion), Arnaldo Alonzo (keyboards), Carlos Almedo (bass), Cesar García	4614	Nzila Afrobeat Project	compacto	1.0	2026-10-04						banda			1	Afrobeat	1	Album:1	portada_rym	con	2026-10-03 07:57:28	0		ya_artista	artista compacto→#4614 «Nzila Afrobeat Project» (creado 2026-10-04) | snippet: Members con instrumentos | 1 géneros: Afrobeat | 1 discos propios	BD:public.artists (consulta viva 2026-10-03, aliases+redirects)	pages/nzila-afrobeat-project.json+.html(meta)		
/artist/alterkind	AlterKind	6	E_banda_con_instrumentos	Guillermo Rodríguez “Memo” (vocals, guitar), Jefferson de Freitas “Jeff” (bass), Daniel Qu	4615	AlterKind	compacto	1.0	2026-10-04						banda			0		0		sin_imagen	con	2026-10-03 08:49:26	0		ya_artista	artista compacto→#4615 «AlterKind» (creado 2026-10-04) | snippet: Members con instrumentos | ficha RYM stub (sin discografía ni foto)	BD:public.artists (consulta viva 2026-10-03, aliases+redirects)	pages/alterkind.json+.html(meta)		
/artist/rotival	Rótival	6	E_banda_con_instrumentos	Andrés Paz (vocals, guitar), Flóres Soláno (drums)	4616	Rótival	compacto	1.0	2026-10-04						banda		2011	1	Rock	1	Album:1	portada_rym	con	2026-10-03 11:48:23	0		ya_artista	artista compacto→#4616 «Rótival» (creado 2026-10-04) | meta: formed 2011 | snippet: Members con instrumentos | 1 géneros: Rock | 1 discos propios	BD:public.artists (consulta viva 2026-10-03, aliases+redirects)	pages/rotival.json+.html(meta)		
/artist/los-hermanos-naturales	Los Hermanos Naturales	6	E_banda_con_instrumentos	Andrés Barrios (clarinet, vocals), Armando Lovera (percussion), Daniel Pacheco (guitar, vo	4617	Los Hermanos Naturales	compacto	1.0	2026-10-04						banda		2004	0		0	Appears On:2	sin_imagen	con	2026-10-03 14:02:42	0		ya_artista	artista compacto→#4617 «Los Hermanos Naturales» (creado 2026-10-04) | meta: formed 2004 | snippet: Members con instrumentos	BD:public.artists (consulta viva 2026-10-03, aliases+redirects)	pages/los-hermanos-naturales.json+.html(meta)		
/artist/ensamble-acidito	Ensamble Acidito	6	E_banda_con_instrumentos	Ilich Solano (bass), Wuilmer Jiménez (venezuelan cuatro), Luis Armando Rangel (percussion)	4618	Ensamble Acidito	compacto	1.0	2026-10-04						banda		1998	0		0	V/A Compilation:1	sin_imagen	con	2026-10-03 09:04:50	0		ya_artista	artista compacto→#4618 «Ensamble Acidito» (creado 2026-10-04) | meta: formed 1998 | snippet: Members con instrumentos	BD:public.artists (consulta viva 2026-10-03, aliases+redirects)	pages/ensamble-acidito.json+.html(meta)		
/artist/samadhi-1	Samadhi	6	E_banda_con_instrumentos	Kira Peña (vocals), Franklin Díaz (drums), Michael Rangel (bass, backing vocals), Nahu Pad	4619	Samadhi	compacto	1.0	2026-10-04						banda			0		0	V/A Compilation:1	sin_imagen	con	2026-10-03 12:19:47	0		ya_artista	artista compacto→#4619 «Samadhi» (creado 2026-10-04) | snippet: Members con instrumentos	BD:public.artists (consulta viva 2026-10-03, aliases+redirects)	pages/samadhi-1.json+.html(meta)		
/artist/senorita-cometa	Señorita Cometa	6	E_banda_con_instrumentos	Claudio Leoni (drums), Daniel Alejandro Romero (bass), Leonardo "Iguana" Gil (keyboard, gu	4620	Señorita Cometa	compacto	1.0	2026-10-04						banda			0		0	V/A Compilation:1	sin_imagen	con	2026-10-03 12:31:18	0		ya_artista	artista compacto→#4620 «Señorita Cometa» (creado 2026-10-04) | snippet: Members con instrumentos	BD:public.artists (consulta viva 2026-10-03, aliases+redirects)	pages/senorita-cometa.json+.html(meta)		
/artist/ensamble-kapicua	Ensamble Kapicúa	6	D_sin_senal		3951	Ensamble Kapicúa	compacto	1.0	2026-10-02						banda		2001	1	Folk	1	Album:1; Appears On:1	portada_rym	con	2026-10-03 06:21:15	1	«Musikapicúa» → álbum 9669 de «Ensamble Kapicúa»	ya_artista	artista compacto→#3951 «Ensamble Kapicúa» (creado 2026-10-02) | meta: formed 2001 | 1 géneros: Folk | 1 discos propios | discos ya en catálogo: «Musikapicúa» → álbum 9669 de «Ensamble Kapicúa»	BD:public.artists (consulta viva 2026-10-03, aliases+redirects)	pages/ensamble-kapicua.json+.html(meta)		
/artist/stereolux	Stereolux	6	E_banda_con_instrumentos	Luis Gerardo Moreno (guitar), Napoleón Guevara (vocals), Jorge Cañizalez (bass), Daniel Za	4621	Stereolux	compacto	1.0	2026-10-04						banda		2015	0		0	V/A Compilation:1	sin_imagen	con	2026-10-03 14:46:18	0		ya_artista	artista compacto→#4621 «Stereolux» (creado 2026-10-04) | meta: formed 2015 | snippet: Members con instrumentos	BD:public.artists (consulta viva 2026-10-03, aliases+redirects)	pages/stereolux.json+.html(meta)		
/artist/guacamayo-terca	Guacamayo Terca	6	E_banda_con_instrumentos	Gustavo Celis (guitar), Carlos Silva [aka Alonso Casual] (drums), Arturo Ríos (keyboard), 	4622	Guacamayo Terca	compacto	1.0	2026-10-04						banda		2015	0		1	Single:1	portada_rym	con	2026-10-03 17:18:38	1	«Debut» → álbum 342 de «Sur Carabela»	ya_artista	artista compacto→#4622 «Guacamayo Terca» (creado 2026-10-04) | meta: formed 2015 | snippet: Members con instrumentos | 1 discos propios | discos ya en catálogo: «Debut» → álbum 342 de «Sur Carabela»	BD:public.artists (consulta viva 2026-10-03, aliases+redirects)	pages/guacamayo-terca.json+.html(meta)		
/artist/retrovyzor	Retrovyzor	6	E_banda_con_instrumentos	Juan Manuel Fernandez (guitar, vocals), Antonio Romero (bass, 2014-?), Joshua Soto (drums,	4623	Retrovyzor	compacto	1.0	2026-10-04						banda		2013	1	Alternative Rock	1	Album:1; V/A Compilation:1	portada_rym	con	2026-10-03 09:35:57	1	«Qué buena vaina» → álbum 4412 de «Retrovisor»	ya_artista	artista compacto→#4623 «Retrovyzor» (creado 2026-10-04) | meta: formed 2013 | snippet: Members con instrumentos | 1 géneros: Alternative Rock | 1 discos propios | discos ya en catálogo: «Qué buena vaina» → álbum 4412 de «Retrovisor»	BD:public.artists (consulta viva 2026-10-03, aliases+redirects)	pages/retrovyzor.json+.html(meta)		
/artist/kemawan	Kemawan	6	E_banda_con_instrumentos	Arturo Landaeta (guitar, vocals), Jaxi Parra (guitar, vocals), Joshua Gonzales (guitar, vo	4624	Kemawan	compacto	1.0	2026-10-04						banda		2007	1	Reggae	1	Album:1	portada_rym	con	2026-10-03 08:40:47	0		ya_artista	artista compacto→#4624 «Kemawan» (creado 2026-10-04) | meta: formed 2007 | snippet: Members con instrumentos | 1 géneros: Reggae | 1 discos propios	BD:public.artists (consulta viva 2026-10-03, aliases+redirects)	pages/kemawan.json+.html(meta)		
/artist/escritores-de-salem	Escritores de Salem	6	E_banda_con_instrumentos	Simón Orta (vocals, rhythm guitar), Nicolás Baloira (lead guitar), Humberto Rumbos (bass),	4625	Escritores de Salem	compacto	1.0	2026-10-04						banda		2015	1	Alternative Rock	3	Album:1; EP:1; Single:1	portada_rym	con	2026-10-03 10:18:14	0		ya_artista	artista compacto→#4625 «Escritores de Salem» (creado 2026-10-04) | meta: formed 2015 | snippet: Members con instrumentos | 1 géneros: Alternative Rock | 3 discos propios	BD:public.artists (consulta viva 2026-10-03, aliases+redirects)	pages/escritores-de-salem.json+.html(meta)		
/artist/nueve-noventa	Nueve Noventa	6	E_banda_con_instrumentos	Joshua González (vocals, guitar), Alejandro Torres (drums, backing vocals), Armando Alvara	4626	Nueve Noventa	compacto	1.0	2026-10-04						banda		2014	1	Alternative Rock	1	Album:1; V/A Compilation:1	portada_rym	con	2026-10-03 13:17:09	0		ya_artista	artista compacto→#4626 «Nueve Noventa» (creado 2026-10-04) | meta: formed 2014 | snippet: Members con instrumentos | 1 géneros: Alternative Rock | 1 discos propios	BD:public.artists (consulta viva 2026-10-03, aliases+redirects)	pages/nueve-noventa.json+.html(meta)		
/artist/compayson	CompaySon	6	A_ya_en_catalogo	sin puntuación → Compay Son (id 1730)	1730	Compay Son	compacto	1.0	2026-09-13						banda		2010	0		0	V/A Compilation:1	sin_imagen	con	2026-10-03 18:10:34	0		ya_artista	artista compacto→#1730 «Compay Son» (creado 2026-09-13) | meta: formed 2010 | snippet: Members con instrumentos	BD:public.artists (consulta viva 2026-10-03, aliases+redirects)	pages/compayson.json+.html(meta)		
/artist/amereida	Amereida	6	E_banda_con_instrumentos	Jorge Guzman (flute, EWI, saxophone, keyboards, vocals), Stephanie Mair (EVI, vocals)	3442	Amereida	compacto	1.0	2026-10-02						banda		1990	0		4	Album:4	sin_imagen	con	2026-10-03 15:36:15	4	«El Bailaor Negro» → álbum 6063 de «Amereida»; «Umbayé» → álbum 9824 de «Amereida»; «Mambo Novo» → álbum 9825 de «Amereida»	ya_artista	artista compacto→#3442 «Amereida» (creado 2026-10-02) | meta: formed 1990 | snippet: Members con instrumentos | 4 discos propios | discos ya en catálogo: «El Bailaor Negro» → álbum 6063 de «Amereida»; «Umbayé» → álbum 9824 de «Amereida»	BD:public.artists (consulta viva 2026-10-03, aliases+redirects)	pages/amereida.json+.html(meta)		
/artist/grupo-pepper	Grupo Pepper	6	E_banda_con_instrumentos	Andrés Mata (vocals, guitar), Armando Carmona (vocals)	4627	Grupo Pepper	compacto	1.0	2026-10-04						banda		2008	1	Pop	1	Album:1	portada_rym	con	2026-10-03 15:32:36	0		ya_artista	artista compacto→#4627 «Grupo Pepper» (creado 2026-10-04) | meta: formed 2008 | snippet: Members con instrumentos | 1 géneros: Pop | 1 discos propios	BD:public.artists (consulta viva 2026-10-03, aliases+redirects)	pages/grupo-pepper.json+.html(meta)		
/artist/la-gran-banda-de-venezuela	La Gran Banda de Venezuela	6	E_banda_con_instrumentos	Francisco "Kiko" Pacheco (founder, timbal), Alejandro Pérez Palma (trombone), Armando Larr	4628	La Gran Banda de Venezuela	compacto	1.0	2026-10-04						banda		1985	1	Salsa	2	Album:2	portada_rym	con	2026-10-03 09:36:41	0		ya_artista	artista compacto→#4628 «La Gran Banda de Venezuela» (creado 2026-10-04) | meta: formed 1985 | snippet: Members con instrumentos | 1 géneros: Salsa | 2 discos propios	BD:public.artists (consulta viva 2026-10-03, aliases+redirects)	pages/la-gran-banda-de-venezuela.json+.html(meta)		
/artist/orquesta-sinfonica-simon-bolivar	Orquesta Sinfónica Simón Bolívar	6	D_sin_senal		4373	Orquesta Sinfónica Simón Bolívar	compacto	1.0	2026-10-03						persona_o_solista			6	Modern Classical, Orchestral Music, Romanticism, Latin American Classical Music, Symphony, Choral	31	Album:23; Live Album:6; Appears On:2; Single:1; Video:1	portada_rym	con	2026-10-03 17:43:37	5	«La vida breve» → álbum 5927 de «Simón Bolívar Symphony Orchestra of Venezuela»; «Latin American Ballets» → álbum 5929 de «Simón Bolívar Symphony Orchestra of Venezuela»; «Danzón» → álbum 5921 de «Orquesta Sinfónica Gran Mariscal de Ayacucho (OSGMA)»	ya_artista	artista compacto→#4373 «Orquesta Sinfónica Simón Bolívar» (creado 2026-10-03) | 6 géneros: Modern Classical, Orchestral Music, Romanticism | 31 discos propios | discos ya en catálogo: «La vida breve» → álbum 5927 de «Simón Bolívar Symphony Orchestra of Venezuela»; «Latin American Ballets» → álbum 5929 de «Simón Bolívar Symphony Orchestra of Venezuela»	BD:public.artists (consulta viva 2026-10-03, aliases+redirects)	pages/orquesta-sinfonica-simon-bolivar.json+.html(meta)		
/artist/soires-naes	Soires Naes	6	D_sin_senal		4629	Soires Naes	compacto	1.0	2026-10-04						banda		2006	1	Hip Hop	3	Album:2; Mixtape:1	portada_rym	con	2026-10-03 06:59:28	2	«Temas Inéditos» → álbum 3199 de «El Gran Torino»; «Grandes éxitos» → álbum 8619 de «Gualberto Ibarreto»	ya_artista	artista compacto→#4629 «Soires Naes» (creado 2026-10-04) | meta: formed 2006 | 1 géneros: Hip Hop | 3 discos propios | discos ya en catálogo: «Temas Inéditos» → álbum 3199 de «El Gran Torino»; «Grandes éxitos» → álbum 8619 de «Gualberto Ibarreto»	BD:public.artists (consulta viva 2026-10-03, aliases+redirects)	pages/soires-naes.json+.html(meta)		
/artist/todo-bien-todo-mal	Todo Bien Todo Mal	6	E_banda_con_instrumentos	Andres Boissiere (vocals, guitar), Sergio Gómez (guitar), Jaime Crisóstomo (drums), Rafael	4630	Todo Bien Todo Mal	compacto	1.0	2026-10-04						banda		2022	3	Indie Rock, Emo-Pop, Post-Hardcore	10	Single:7; Album:1; EP:1; Video:1	portada_rym	con	2026-10-03 08:52:38	0		ya_artista	artista compacto→#4630 «Todo Bien Todo Mal» (creado 2026-10-04) | meta: formed 2022 | snippet: Members con instrumentos | 3 géneros: Indie Rock, Emo-Pop, Post-Hardcore | 10 discos propios	BD:public.artists (consulta viva 2026-10-03, aliases+redirects)	pages/todo-bien-todo-mal.json+.html(meta)		
/artist/los-colores-2	Los Colores	6	E_banda_con_instrumentos	Alejandro Flojo (vocals, guitar), Kocelia Bladehane (guitar, vocals), Sergio Romero (drums	4631	Los Colores	compacto	1.0	2026-10-04						banda		2011	2	Indie Rock, Pop Rock	9	Single:7; Appears On:2; Album:1; EP:1	portada_rym	con	2026-10-03 09:37:56	1	«Maquetas» → álbum 3964 de «Del Pez»	ya_artista	artista compacto→#4631 «Los Colores» (creado 2026-10-04) | meta: formed 2011 | snippet: Members con instrumentos | 2 géneros: Indie Rock, Pop Rock | 9 discos propios | discos ya en catálogo: «Maquetas» → álbum 3964 de «Del Pez»	BD:public.artists (consulta viva 2026-10-03, aliases+redirects)	pages/los-colores-2.json+.html(meta)		
/artist/la_banda_municipal	La Banda Municipal	6	E_banda_con_instrumentos	Gerry Weil (keyboards), Vinicio Ludovic (guitar, flute, marimba), Richard Blanco Uribe (ba	4332	La Banda Municipal	compacto	1.0	2026-10-03						banda		1973	0		1	Live Album:1	portada_rym	con	2026-10-03 14:01:38	1	«En vivo» → álbum 3838 de «José Antonio Bordell»	ya_artista	artista compacto→#4332 «La Banda Municipal» (creado 2026-10-03) | meta: formed 1973 | snippet: Members con instrumentos | 1 discos propios | discos ya en catálogo: «En vivo» → álbum 3838 de «José Antonio Bordell»	BD:public.artists (consulta viva 2026-10-03, aliases+redirects)	pages/la_banda_municipal.json+.html(meta)		
/artist/rumberos-del-callejon	Rumberos del Callejón	6	E_banda_con_instrumentos	Carlitos Padrón (timbales, bongó), Wilmer Lozano (vocals, chorus), Rodrigo Mendoza (vocals	4632	Rumberos del Callejón	compacto	1.0	2026-10-04						banda		2006	1	Salsa	1	Album:1	sin_imagen	con	2026-10-03 07:09:04	0		ya_artista	artista compacto→#4632 «Rumberos del Callejón» (creado 2026-10-04) | meta: formed 2006 | snippet: Members con instrumentos | 1 géneros: Salsa | 1 discos propios	BD:public.artists (consulta viva 2026-10-03, aliases+redirects)	pages/rumberos-del-callejon.json+.html(meta)		
/artist/uff	Uff	6	D_sin_senal		4633	Uff	compacto	1.0	2026-10-04						banda		1998	2	Boy Band, Teen Pop	6	Album:3; Single:3	portada_rym	con	2026-10-03 07:20:27	0		ya_artista	artista compacto→#4633 «Uff» (creado 2026-10-04) | meta: formed 1998 | 2 géneros: Boy Band, Teen Pop | 6 discos propios	BD:public.artists (consulta viva 2026-10-03, aliases+redirects)	pages/uff.json+.html(meta)		
/artist/lobo_de_mar	Lobo de Mar	6	D_sin_senal		4634	Lobo de Mar	compacto	1.0	2026-10-04						banda		2014	0		1	Single:1	portada_rym	con	2026-10-03 08:56:42	0		ya_artista	artista compacto→#4634 «Lobo de Mar» (creado 2026-10-04) | meta: formed 2014 | 1 discos propios	BD:public.artists (consulta viva 2026-10-03, aliases+redirects)	pages/lobo_de_mar.json+.html(meta)		
/artist/los-aventureros	Los Aventureros	6	D_sin_senal		4635	Los Aventureros	compacto	1.0	2026-10-04						banda		1957	1	Bolero	1	Single:1	portada_rym	con	2026-10-03 09:50:42	0		ya_artista	artista compacto→#4635 «Los Aventureros» (creado 2026-10-04) | meta: formed 1957 | 1 géneros: Bolero | 1 discos propios	BD:public.artists (consulta viva 2026-10-03, aliases+redirects)	pages/los-aventureros.json+.html(meta)		
/artist/los_juveniles	Los Juveniles	6	E_banda_con_instrumentos	Adri Martis (vocals), Benito Trimon (chorus, guitar), Chencho Kelly (timbales), Donald Pie	4636	Los Juveniles	compacto	1.0	2026-10-04						banda		1968	0		1	Album:1	portada_rym	con	2026-10-03 16:27:37	0		ya_artista	artista compacto→#4636 «Los Juveniles» (creado 2026-10-04) | meta: formed 1968 | snippet: Members con instrumentos | 1 discos propios	BD:public.artists (consulta viva 2026-10-03, aliases+redirects)	pages/los_juveniles.json+.html(meta)		
/artist/this-will-be-no-more	This Will Be No More	6	E_banda_con_instrumentos	Marlon Dubero (vocals), Ruben Arends (guitar), Joshua Werleman (bass), Naim Ruiz (drums), 	4637	This Will Be No More	compacto	1.0	2026-10-04						banda			1	Metal	1	Single:1	sin_imagen	con	2026-10-03 06:57:55	0		ya_artista	artista compacto→#4637 «This Will Be No More» (creado 2026-10-04) | snippet: Members con instrumentos | 1 géneros: Metal | 1 discos propios	BD:public.artists (consulta viva 2026-10-03, aliases+redirects)	pages/this-will-be-no-more.json+.html(meta)		
/artist/i_saw_the_deep	I Saw the Deep	6	E_banda_con_instrumentos	Darrell Laclé (vocals, multi-instrumentalist)	4638	I Saw the Deep	compacto	1.0	2026-10-04						banda		2010	2	Stoner Rock, Alternative Rock	4	Single:2; V/A Compilation:2; Album:1; EP:1	portada_rym	con	2026-10-03 06:02:36	0		ya_artista	artista compacto→#4638 «I Saw the Deep» (creado 2026-10-04) | meta: formed 2010 | snippet: Members con instrumentos | 2 géneros: Stoner Rock, Alternative Rock | 4 discos propios	BD:public.artists (consulta viva 2026-10-03, aliases+redirects)	pages/i_saw_the_deep.json+.html(meta)		
/artist/the-revoir	The Revoir	6	E_banda_con_instrumentos	Yurick Neuman (vocals, guitar), Eddy Rutten (drums), Shae Brokke (bass, vocals), Stephan F	4639	The Revoir	compacto	1.0	2026-10-04						banda			1	Alternative Rock	3	Album:2; Single:1	portada_rym	con	2026-10-03 16:30:03	0		ya_artista	artista compacto→#4639 «The Revoir» (creado 2026-10-04) | snippet: Members con instrumentos | 1 géneros: Alternative Rock | 3 discos propios	BD:public.artists (consulta viva 2026-10-03, aliases+redirects)	pages/the-revoir.json+.html(meta)		
/artist/los_fantasmas_del_caribe	Los Fantasmas del Caribe	5	E_banda_con_instrumentos	Ricardo Thompson [aka Richie] (guitar), Carlos E. Molina [aka Eddie Gonzalez] (keyboards),	4279	Los Fantasmas del Caribe	compacto	1.0	2026-10-03						banda		1989	1	Tecnomerengue	7	Single:5; V/A Compilation:3; Album:2	portada_rym	con	2026-10-03 09:50:53	3	«Caramelo» → álbum 14348 de «Los Fantasmas del Caribe»; «Mas Y Mas» → álbum 14350 de «Los Fantasmas del Caribe»; «Caramelo» → álbum 14348 de «Los Fantasmas del Caribe»	ya_artista	artista compacto→#4279 «Los Fantasmas del Caribe» (creado 2026-10-03) | meta: formed 1989 | snippet: Members con instrumentos | 1 géneros: Tecnomerengue | 7 discos propios | discos ya en catálogo: «Caramelo» → álbum 14348 de «Los Fantasmas del Caribe»; «Mas Y Mas» → álbum 14350 de «Los Fantasmas del Caribe»	BD:public.artists (consulta viva 2026-10-03, aliases+redirects)	pages/los_fantasmas_del_caribe.json+.html(meta)		
/artist/laps_around_the_sun	Laps Around the Sun	5	E_banda_con_instrumentos	Leonardo Perez (multi-instrumentalist, vocals)	4640	Laps Around the Sun	compacto	1.0	2026-10-04						banda			2	Post-Rock, Noise	1	Album:1	portada_rym	con	2026-10-03 15:18:53	0		ya_artista	artista compacto→#4640 «Laps Around the Sun» (creado 2026-10-04) | snippet: Members con instrumentos | 2 géneros: Post-Rock, Noise | 1 discos propios	BD:public.artists (consulta viva 2026-10-03, aliases+redirects)	pages/laps_around_the_sun.json+.html(meta)		
/artist/maracaibo-15	Maracaibo 15	5	E_banda_con_instrumentos	Betulio Medina (leader, cuatro, bandolin), Alejandro Paje (leader), Rafael Salas (piano), 	4310	Maracaibo 15	compacto	1.0	2026-10-03						banda		1974	1	Gaita zuliana	4	Album:3; Compilation:1	portada_rym	con	2026-10-03 10:06:53	3	«15 aniversario» → álbum 15021 de «Maracaibo 15»; «Felicidades» → álbum 8304 de «Los Melódicos»; «Super éxitos Maracaibo 15» → álbum 15022 de «Maracaibo 15»	ya_artista	artista compacto→#4310 «Maracaibo 15» (creado 2026-10-03) | meta: formed 1974 | snippet: Members con instrumentos | 1 géneros: Gaita zuliana | 4 discos propios | discos ya en catálogo: «15 aniversario» → álbum 15021 de «Maracaibo 15»; «Felicidades» → álbum 8304 de «Los Melódicos»	BD:public.artists (consulta viva 2026-10-03, aliases+redirects)	pages/maracaibo-15.json+.html(meta)		
/artist/homer-and-the-donts	Homer and The Dont's	5	E_banda_con_instrumentos	Stephen Scott (vocals, bass), Mario Seijas (drums), Steve Shook (guitar), George Wiltzee J	4641	Homer and The Dont's	compacto	1.0	2026-10-04						banda		1965	1	Garage Rock	1	Album:1	portada_rym	con	2026-10-03 08:57:35	1	«Shindig» → álbum 4226 de «Homer & The Dont's»	ya_artista	artista compacto→#4641 «Homer and The Dont's» (creado 2026-10-04) | meta: formed 1965 | snippet: Members con instrumentos | 1 géneros: Garage Rock | 1 discos propios | discos ya en catálogo: «Shindig» → álbum 4226 de «Homer & The Dont's»	BD:public.artists (consulta viva 2026-10-03, aliases+redirects)	pages/homer-and-the-donts.json+.html(meta)		
/artist/raul-monsalve-y-los-forajidos	Raúl Monsalve y Los Forajidos	5	E_banda_con_instrumentos	Raúl Monsalve (bass), José "Chemi" Gutierrez (keyboards), Rafael Greco (tenor saxophone, p	4642	Raúl Monsalve y Los Forajidos	compacto	1.0	2026-10-04						banda			5	Afrobeat, Jazz Fusion, Latin Jazz, Jazz-Funk, Latin Electronic	4	Album:4; V/A Compilation:1	portada_rym	con	2026-10-03 16:35:10	2	«Mecha» → álbum 6451 de «Raúl Monsalve»; «Sol» → álbum 2552 de «Karavan»	ya_artista	artista compacto→#4642 «Raúl Monsalve y Los Forajidos» (creado 2026-10-04) | snippet: Members con instrumentos | 5 géneros: Afrobeat, Jazz Fusion, Latin Jazz | 4 discos propios | discos ya en catálogo: «Mecha» → álbum 6451 de «Raúl Monsalve»; «Sol» → álbum 2552 de «Karavan»	BD:public.artists (consulta viva 2026-10-03, aliases+redirects)	pages/raul-monsalve-y-los-forajidos.json+.html(meta)		
/artist/the_baby_factory	The Baby Factory	5	E_banda_con_instrumentos	Bárbara Combellas (vocals, keyboards), Baldo Verdú (guitar, vocals, drum programming, keyb	4643	The Baby Factory	compacto	1.0	2026-10-04						banda			1	Folk Rock	1	Album:1	portada_rym	con	2026-10-03 08:07:32	0		ya_artista	artista compacto→#4643 «The Baby Factory» (creado 2026-10-04) | snippet: Members con instrumentos | 1 géneros: Folk Rock | 1 discos propios	BD:public.artists (consulta viva 2026-10-03, aliases+redirects)	pages/the_baby_factory.json+.html(meta)		
/artist/uklao	Uklao	5	E_banda_con_instrumentos	Mariano Briceño (guitar, bass, vocals), Salvador Reyes (drums)	4644	Uklao	compacto	1.0	2026-10-04						banda		2014	1	Midwest Emo	3	Album:1; EP:1; Single:1; V/A Compilation:1	portada_rym	con	2026-10-03 15:43:05	0		ya_artista	artista compacto→#4644 «Uklao» (creado 2026-10-04) | meta: formed 2014 | snippet: Members con instrumentos | 1 géneros: Midwest Emo | 3 discos propios	BD:public.artists (consulta viva 2026-10-03, aliases+redirects)	pages/uklao.json+.html(meta)		
/artist/zoundcolector	Zoundcolector	5	E_banda_con_instrumentos	José Parra (drum machine, sampler, synthesizer, vocals), Luis Pulido (guitar, bass, vocode	4645	Zoundcolector	compacto	1.0	2026-10-04						banda			1	Electronic	1	Album:1	portada_rym	con	2026-10-03 13:57:25	0		ya_artista	artista compacto→#4645 «Zoundcolector» (creado 2026-10-04) | snippet: Members con instrumentos | 1 géneros: Electronic | 1 discos propios	BD:public.artists (consulta viva 2026-10-03, aliases+redirects)	pages/zoundcolector.json+.html(meta)		
/artist/north-95	North 95	5	A_ya_en_catalogo	sin puntuación → North95 (id 1402)	1402	North95	compacto	1.0	2026-09-13						banda			1	Emocore	1	EP:1	sin_imagen	con	2026-10-03 12:22:13	0		ya_artista	artista compacto→#1402 «North95» (creado 2026-09-13) | snippet: Members con instrumentos | 1 géneros: Emocore | 1 discos propios	BD:public.artists (consulta viva 2026-10-03, aliases+redirects)	pages/north-95.json+.html(meta)		
/artist/san-tome	San Tomé	5	E_banda_con_instrumentos	Marco Ramos (vocals, bass), Iván Infante (vocals, guitar)	4646	San Tomé	compacto	1.0	2026-10-04						banda		2014	1	Pop	12	Single:9; EP:3; V/A Compilation:1	portada_rym	con	2026-10-03 12:27:27	0		ya_artista	artista compacto→#4646 «San Tomé» (creado 2026-10-04) | meta: formed 2014 | snippet: Members con instrumentos | 1 géneros: Pop | 12 discos propios	BD:public.artists (consulta viva 2026-10-03, aliases+redirects)	pages/san-tome.json+.html(meta)		
/artist/roboto-1	Roboto	5	E_banda_con_instrumentos	Gustavo Rivas (bass), Ionas Schneider (keyboard), Juan Valery (drums), Mario Rincón (vocal	4647	Roboto	compacto	1.0	2026-10-04						banda		2009	1	Alternative Rock	2	Album:2; V/A Compilation:1	portada_rym	con	2026-10-03 10:18:49	0		ya_artista	artista compacto→#4647 «Roboto» (creado 2026-10-04) | meta: formed 2009 | snippet: Members con instrumentos | 1 géneros: Alternative Rock | 2 discos propios	BD:public.artists (consulta viva 2026-10-03, aliases+redirects)	pages/roboto-1.json+.html(meta)		
/artist/orquesta-sans-souci	Orquesta Sans Souci	5	E_banda_con_instrumentos	Rafa Galindo (founder, vocals), Víctor Pérez (founder, vocals)	4648	Orquesta Sans Souci	compacto	1.0	2026-10-04						banda			1	Dance	1	V/A Compilation:3; Album:1	portada_rym	con	2026-10-03 09:53:28	0		ya_artista	artista compacto→#4648 «Orquesta Sans Souci» (creado 2026-10-04) | snippet: Members con instrumentos | 1 géneros: Dance | 1 discos propios	BD:public.artists (consulta viva 2026-10-03, aliases+redirects)	pages/orquesta-sans-souci.json+.html(meta)		
/artist/joropo-jam	Joropo Jam	5	E_banda_con_instrumentos	Leo Rondón (cuatro), Manuel Alejandro Rangel (maracas), Edwin Arellano (electric bass), Fe	3974	Joropo Jam	compacto	1.0	2026-10-02						banda			1	Jam Band	1	Album:1	portada_rym	con	2026-10-03 08:21:13	1	«Tipico Ma Non Troppo» → álbum 9679 de «Fernando Alvarez»	ya_artista	artista compacto→#3974 «Joropo Jam» (creado 2026-10-02) | snippet: Members con instrumentos | 1 géneros: Jam Band | 1 discos propios | discos ya en catálogo: «Tipico Ma Non Troppo» → álbum 9679 de «Fernando Alvarez»	BD:public.artists (consulta viva 2026-10-03, aliases+redirects)	pages/joropo-jam.json+.html(meta)		
/artist/la-super-orquesta-de-venezuela	La Super Orquesta de Venezuela	5	E_banda_con_instrumentos	Nelson Alizo (founder), Nelson Pinedo (vocals), Vitín Avilés (vocals)	4649	La Super Orquesta de Venezuela	compacto	1.0	2026-10-04						banda			0		2	V/A Compilation:3; Album:2	portada_rym	con	2026-10-03 06:15:45	0		ya_artista	artista compacto→#4649 «La Super Orquesta de Venezuela» (creado 2026-10-04) | snippet: Members con instrumentos | 2 discos propios	BD:public.artists (consulta viva 2026-10-03, aliases+redirects)	pages/la-super-orquesta-de-venezuela.json+.html(meta)		
/artist/franco-y-oscarcito	Franco y Oscarcito	5	E_banda_con_instrumentos	Franco LSQuadron (vocals, producer), Oscarcito (vocals, producer)	4650	Franco y Oscarcito	compacto	1.0	2026-10-04						banda		2002	1	Pop	3	Album:1; Single:1; Music video:1; Compilation:1	portada_rym	con	2026-10-03 09:44:46	0		ya_artista	artista compacto→#4650 «Franco y Oscarcito» (creado 2026-10-04) | meta: formed 2002 | snippet: Members con instrumentos | 1 géneros: Pop | 3 discos propios	BD:public.artists (consulta viva 2026-10-03, aliases+redirects)	pages/franco-y-oscarcito.json+.html(meta)		
/artist/principe-y-su-sexteto	Príncipe y Su Sexteto	5	E_banda_con_instrumentos	Antonio H. Príncipe (leader, tumbadora), José de los Santos Rada (vocals), Jesús Cordero (	4651	Príncipe y Su Sexteto	compacto	1.0	2026-10-04						banda		1967	1	Salsa	2	Album:2; V/A Compilation:1	portada_rym	con	2026-10-03 17:10:27	0		ya_artista	artista compacto→#4651 «Príncipe y Su Sexteto» (creado 2026-10-04) | meta: formed 1967 | snippet: Members con instrumentos | 1 géneros: Salsa | 2 discos propios	BD:public.artists (consulta viva 2026-10-03, aliases+redirects)	pages/principe-y-su-sexteto.json+.html(meta)		
/artist/la-melodia-perfecta	La Melodía Perfecta	5	D_sin_senal		4652	La Melodía Perfecta	compacto	1.0	2026-10-04						banda		2013	1	Latin Pop	3	Album:2; Appears On:2; Single:1	sin_imagen	con	2026-10-03 10:16:39	1	«Sobrenatural» → álbum 5473 de «No More Blood»	ya_artista	artista compacto→#4652 «La Melodía Perfecta» (creado 2026-10-04) | meta: formed 2013 | 1 géneros: Latin Pop | 3 discos propios | discos ya en catálogo: «Sobrenatural» → álbum 5473 de «No More Blood»	BD:public.artists (consulta viva 2026-10-03, aliases+redirects)	pages/la-melodia-perfecta.json+.html(meta)		
/artist/grupo-treo	Grupo Treo	5	D_sin_senal		4653	Grupo Treo	compacto	1.0	2026-10-04						banda		2009	1	Pop	6	Album:4; Single:1; Bootleg / Unauthorized:1	portada_rym	con	2026-10-03 13:34:25	0		ya_artista	artista compacto→#4653 «Grupo Treo» (creado 2026-10-04) | meta: formed 2009 | 1 géneros: Pop | 6 discos propios	BD:public.artists (consulta viva 2026-10-03, aliases+redirects)	pages/grupo-treo.json+.html(meta)		
/artist/agrupacion-convenezuela	Agrupacion Convenezuela	5	D_sin_senal		4654	Agrupacion Convenezuela	compacto	1.0	2026-10-04						banda		1975	0		1	Album:1	portada_rym	con	2026-10-03 08:44:07	0		ya_artista	artista compacto→#4654 «Agrupacion Convenezuela» (creado 2026-10-04) | meta: formed 1975 | 1 discos propios	BD:public.artists (consulta viva 2026-10-03, aliases+redirects)	pages/agrupacion-convenezuela.json+.html(meta)		
/artist/los-cadillacs	Los Cadillac's	5	D_sin_senal		4655	Los Cadillac's	compacto	1.0	2026-10-04						banda		2008	1	Pop	9	Single:8; Appears On:3; Album:1; V/A Compilation:1	portada_rym	con	2026-10-03 12:20:58	1	«Candela» → álbum 9888 de «Huáscar Barradas & Maracaibo»	ya_artista	artista compacto→#4655 «Los Cadillac's» (creado 2026-10-04) | meta: formed 2008 | 1 géneros: Pop | 9 discos propios | discos ya en catálogo: «Candela» → álbum 9888 de «Huáscar Barradas & Maracaibo»	BD:public.artists (consulta viva 2026-10-03, aliases+redirects)	pages/los-cadillacs.json+.html(meta)		
/artist/nomaste	Nomásté	5	E_banda_con_instrumentos	Kueylam Nieto (lead vocals), Maru Valerio (saxophone, melodica, backing vocals), Valentina	4656	Nomásté	compacto	1.0	2026-10-04						banda		2017	1	Jazz Fusion	1	EP:1	portada_rym	con	2026-10-03 10:14:25	1	«Caminos» → álbum 1761 de «Demedina's»	ya_artista	artista compacto→#4656 «Nomásté» (creado 2026-10-04) | meta: formed 2017 | snippet: Members con instrumentos | 1 géneros: Jazz Fusion | 1 discos propios | discos ya en catálogo: «Caminos» → álbum 1761 de «Demedina's»	BD:public.artists (consulta viva 2026-10-03, aliases+redirects)	pages/nomaste.json+.html(meta)		
/artist/la-rondallita	La Rondallita	5	E_banda_con_instrumentos	Ricardo Cuenci (vocals)	4322	La Rondallita	compacto	1.0	2026-10-03						banda		1975	3	Children's Music, Christmas Music, Malagueña venezolana	2	Album:1; Single:1	portada_rym	con	2026-10-03 14:48:28	0		ya_artista	artista compacto→#4322 «La Rondallita» (creado 2026-10-03) | meta: formed 1975 | snippet: Members con instrumentos | 3 géneros: Children's Music, Christmas Music, Malagueña venezolana | 2 discos propios	BD:public.artists (consulta viva 2026-10-03, aliases+redirects)	pages/la-rondallita.json+.html(meta)		
/artist/camargo-1	Camargo	5	D_sin_senal		4657	Camargo	compacto	1.0	2026-10-04						banda		2014	1	Indie Pop	1	Album:1	portada_rym	con	2026-10-02 03:39:58	0		ya_artista	artista compacto→#4657 «Camargo» (creado 2026-10-04) | meta: formed 2014 | 1 géneros: Indie Pop | 1 discos propios	BD:public.artists (consulta viva 2026-10-03, aliases+redirects)	pages/camargo-1.json+.html(meta)		
/artist/xtremauncion	Xtremauncion	5	E_banda_con_instrumentos	Gilberto Luna (guitar), Juan Carlos "Ivo" Fuguet (guitar), Daniel "Loco Loco" Brito (drums	4658	Xtremauncion	compacto	1.0	2026-10-04						banda		1994	1	Death Metal	1	Album:1	portada_rym	con	2026-10-03 15:35:45	0		ya_artista	artista compacto→#4658 «Xtremauncion» (creado 2026-10-04) | meta: formed 1994 | snippet: Members con instrumentos | 1 géneros: Death Metal | 1 discos propios	BD:public.artists (consulta viva 2026-10-03, aliases+redirects)	pages/xtremauncion.json+.html(meta)		
/artist/ravahil	Ravahil	5	E_banda_con_instrumentos	Sebastián Cova (guitar, sitar, vocals), Rafael Arocha (bass guitar, vocals), Pampa (percus	4659	Ravahil	compacto	1.0	2026-10-04						banda		2024	2	Emo, Math Rock	6	Single:4; EP:1; Additional release:1	portada_rym	con	2026-10-03 15:33:51	1	«Split!!!» → álbum 2076 de «Apatía No»	ya_artista	artista compacto→#4659 «Ravahil» (creado 2026-10-04) | meta: formed 2024 | snippet: Members con instrumentos | 2 géneros: Emo, Math Rock | 6 discos propios | discos ya en catálogo: «Split!!!» → álbum 2076 de «Apatía No»	BD:public.artists (consulta viva 2026-10-03, aliases+redirects)	pages/ravahil.json+.html(meta)		
/artist/skys-white-meditation	Sky's White Meditation	5	E_banda_con_instrumentos	Gustavo Corma (lead vocals, guitar), Jairo Zuleta (guitar), Rafael "Paul" Henríquez Estrel	4660	Sky's White Meditation	compacto	1.0	2026-10-04						banda		1968	1	Hard Rock	1	Single:1	portada_rym	con	2026-10-03 06:40:29	0		ya_artista	artista compacto→#4660 «Sky's White Meditation» (creado 2026-10-04) | meta: formed 1968 | snippet: Members con instrumentos | 1 géneros: Hard Rock | 1 discos propios	BD:public.artists (consulta viva 2026-10-03, aliases+redirects)	pages/skys-white-meditation.json+.html(meta)		
/artist/pulpo-1	Pulpo	5	E_banda_con_instrumentos	Eduardo Álvarez de Lugo (guitar, vocals), Nicolas Setién (drums, vocals), Joaquín Albornoz	4661	Pulpo	compacto	1.0	2026-10-04						banda			1	Noise Rock	5	EP:2; Single:2; Additional release:1	portada_rym	con	2026-10-03 16:41:19	0		ya_artista	artista compacto→#4661 «Pulpo» (creado 2026-10-04) | snippet: Members con instrumentos | 1 géneros: Noise Rock | 5 discos propios	BD:public.artists (consulta viva 2026-10-03, aliases+redirects)	pages/pulpo-1.json+.html(meta)		
/artist/tropic-zulia	Tropic-Zulia	5	E_banda_con_instrumentos	Porfirio Hernández (leader, vocals), Gustavo Troconis (vocals), Roque Atencio (vocals), El	4662	Tropic-Zulia	compacto	1.0	2026-10-04						banda			1	Gaita zuliana	2	Album:2	portada_rym	con	2026-10-03 08:13:38	0		ya_artista	artista compacto→#4662 «Tropic-Zulia» (creado 2026-10-04) | snippet: Members con instrumentos | 1 géneros: Gaita zuliana | 2 discos propios	BD:public.artists (consulta viva 2026-10-03, aliases+redirects)	pages/tropic-zulia.json+.html(meta)		
/artist/los-tucusitos	Los Tucusitos	5	D_sin_senal		4319	Los Tucusitos	compacto	1.0	2026-10-03						persona_o_solista			0		5	Album:4; Compilation:1	portada_rym	con	2026-10-03 12:28:39	0		ya_artista	artista compacto→#4319 «Los Tucusitos» (creado 2026-10-03) | 5 discos propios	BD:public.artists (consulta viva 2026-10-03, aliases+redirects)	pages/los-tucusitos.json+.html(meta)		
/artist/guasinca-zuliana	Guasinca Zuliana	5	E_banda_con_instrumentos	Erick Quiroz, Enrique Quiroz, Jorge Medina, Elvis "Cuchillo" Cano (piano), Jesús "Chuchi" 	4663	Guasinca Zuliana	compacto	1.0	2026-10-04						banda		1984	1	Gaita zuliana	1	Album:1	portada_rym	con	2026-10-03 17:42:22	0		ya_artista	artista compacto→#4663 «Guasinca Zuliana» (creado 2026-10-04) | meta: formed 1984 | snippet: Members con instrumentos | 1 géneros: Gaita zuliana | 1 discos propios	BD:public.artists (consulta viva 2026-10-03, aliases+redirects)	pages/guasinca-zuliana.json+.html(meta)		
/artist/la-murga-de-caracas	La Murga de Caracas	5	D_sin_senal		4664	La Murga de Caracas	compacto	1.0	2026-10-04						banda		1983	1	Murga	1	Album:1	sin_imagen	con	2026-10-03 08:52:24	0		ya_artista	artista compacto→#4664 «La Murga de Caracas» (creado 2026-10-04) | meta: formed 1983 | 1 géneros: Murga | 1 discos propios	BD:public.artists (consulta viva 2026-10-03, aliases+redirects)	pages/la-murga-de-caracas.json+.html(meta)		
/artist/koonze-family	Koonze Family	5	E_banda_con_instrumentos	Jesús "Flow" Franco (vocals), Luis "Kike la Roalización" Nieves (vocals), Alberto "Beto" A	4665	Koonze Family	compacto	1.0	2026-10-04						banda			1	Latin Pop	1	Album:1	portada_rym	con	2026-10-03 16:53:23	0		ya_artista	artista compacto→#4665 «Koonze Family» (creado 2026-10-04) | snippet: Members con instrumentos | 1 géneros: Latin Pop | 1 discos propios	BD:public.artists (consulta viva 2026-10-03, aliases+redirects)	pages/koonze-family.json+.html(meta)		
/artist/unos-panas-ahi	Unos Panas Ahí	5	E_banda_con_instrumentos	Luis Poggi (vocals, guitar), Alfredo Poggi (vocals, bass), Eduard Perez (percussion), Jose	4666	Unos Panas Ahí	compacto	1.0	2026-10-04						banda		2000	1	Alternative Rock	1	Single:1	sin_imagen	con	2026-10-03 14:00:12	0		ya_artista	artista compacto→#4666 «Unos Panas Ahí» (creado 2026-10-04) | meta: formed 2000 | snippet: Members con instrumentos | 1 géneros: Alternative Rock | 1 discos propios	BD:public.artists (consulta viva 2026-10-03, aliases+redirects)	pages/unos-panas-ahi.json+.html(meta)		
/artist/gran-coquivacoa	Gran Coquivacoa	5	E_banda_con_instrumentos	Jesús Petit (furruco, musical director), Abdénago Borjas (vocals, musical director), Luis 	4309	Gran Coquivacoa	compacto	1.0	2026-10-03						banda		1968	1	Gaita zuliana	7	Album:3; Compilation:3; Live Album:1; Appears On:1	portada_rym	con	2026-10-03 08:42:15	3	«Completo» → álbum 14993 de «Gran Coquivacoa»; «Desenchufa'o (Unplugged)» → álbum 15003 de «Gran Coquivacoa»; «Todo el sabor del Gran Coquivacoa» → álbum 15007 de «Gran Coquivacoa»	ya_artista	artista compacto→#4309 «Gran Coquivacoa» (creado 2026-10-03) | meta: formed 1968 | snippet: Members con instrumentos | 1 géneros: Gaita zuliana | 7 discos propios | discos ya en catálogo: «Completo» → álbum 14993 de «Gran Coquivacoa»; «Desenchufa'o (Unplugged)» → álbum 15003 de «Gran Coquivacoa»	BD:public.artists (consulta viva 2026-10-03, aliases+redirects)	pages/gran-coquivacoa.json+.html(meta)		
/artist/milky-bros	Milky Bros	5	E_banda_con_instrumentos	Jhon "La Peste" Jimenez (guitar, vocals), Alejandro Rozo (drums, vocals)	4667	Milky Bros	compacto	1.0	2026-10-04						banda			0		1	Additional release:1	portada_rym	con	2026-10-03 10:37:45	1	«Demo» → álbum 1007 de «Skoria»	ya_artista	artista compacto→#4667 «Milky Bros» (creado 2026-10-04) | snippet: Members con instrumentos | 1 discos propios | discos ya en catálogo: «Demo» → álbum 1007 de «Skoria»	BD:public.artists (consulta viva 2026-10-03, aliases+redirects)	pages/milky-bros.json+.html(meta)		
/artist/ignis_haereticum	Ignis Haereticum	5	E_banda_con_instrumentos	Fr. M.H.DCXVI [aka Fr. Maiestas Haereticae 616] (bass, vocals), Fr. T.VHMNS [Fr. Tormentum	4668	Ignis Haereticum	compacto	1.0	2026-10-04						banda		2007	2	Black Metal, Dissonant Black Metal	4	Album:3; Additional release:1	portada_rym	con	2026-10-03 16:29:20	0		ya_artista	artista compacto→#4668 «Ignis Haereticum» (creado 2026-10-04) | meta: formed 2007 | snippet: Members con instrumentos | 2 géneros: Black Metal, Dissonant Black Metal | 4 discos propios	BD:public.artists (consulta viva 2026-10-03, aliases+redirects)	pages/ignis_haereticum.json+.html(meta)		
/artist/bastard-cruciatu	Bastard Cruciatu	5	E_banda_con_instrumentos	N.B [Nicolás Bautista Vargas] (vocals, drums), G.R [George Restrepo] (vocals, guitar)	4669	Bastard Cruciatu	compacto	1.0	2026-10-04						banda		2023	1	Black Metal	1	EP:1	portada_rym	con	2026-10-03 06:21:59	0		ya_artista	artista compacto→#4669 «Bastard Cruciatu» (creado 2026-10-04) | meta: formed 2023 | snippet: Members con instrumentos | 1 géneros: Black Metal | 1 discos propios	BD:public.artists (consulta viva 2026-10-03, aliases+redirects)	pages/bastard-cruciatu.json+.html(meta)		
/artist/lord-thanatos	Lord Thanatos	5	E_banda_con_instrumentos	Kenyd Ramirez (vocals, guitar), Gerzain Mina (drums), Jenner Anderson (bass), Gopal Leon (	4670	Lord Thanatos	compacto	1.0	2026-10-04						banda			1	Metal	1	Album:1	portada_rym	con	2026-10-03 09:38:10	0		ya_artista	artista compacto→#4670 «Lord Thanatos» (creado 2026-10-04) | snippet: Members con instrumentos | 1 géneros: Metal | 1 discos propios	BD:public.artists (consulta viva 2026-10-03, aliases+redirects)	pages/lord-thanatos.json+.html(meta)		
/artist/fire-7	FIRE	5	E_banda_con_instrumentos	Carlos "Tata" (vocals, guitar), Giovanny (bass), Jorge (drums, 2005-06), Edgardo (drums, 2	4671	FIRE	compacto	1.0	2026-10-04						banda		2005	1	Thrash Metal	1	EP:1	sin_imagen	con	2026-10-03 06:44:46	0		ya_artista	artista compacto→#4671 «FIRE» (creado 2026-10-04) | meta: formed 2005 | snippet: Members con instrumentos | 1 géneros: Thrash Metal | 1 discos propios	BD:public.artists (consulta viva 2026-10-03, aliases+redirects)	pages/fire-7.json+.html(meta)		
/artist/faster-2	Faster	5	E_banda_con_instrumentos	Emel Taches (bass), Diego Leal (drums), Josue Quintero [aka Spell] (vocals, guitar)	4672	Faster	compacto	1.0	2026-10-04						banda		2024	1	Thrash Metal	1	Album:1	portada_rym	con	2026-10-03 14:11:12	0		ya_artista	artista compacto→#4672 «Faster» (creado 2026-10-04) | meta: formed 2024 | snippet: Members con instrumentos | 1 géneros: Thrash Metal | 1 discos propios	BD:public.artists (consulta viva 2026-10-03, aliases+redirects)	pages/faster-2.json+.html(meta)		
/artist/curse-9	Curse	5	E_banda_con_instrumentos	Diego Leal (drums), Josue Quintero (guitar, vocals), Emel Taches (bass)	4673	Curse	compacto	1.0	2026-10-04						banda		2020	1	Thrash Metal	2	Album:2	sin_imagen	con	2026-10-03 15:21:09	0		ya_artista	artista compacto→#4673 «Curse» (creado 2026-10-04) | meta: formed 2020 | snippet: Members con instrumentos | 1 géneros: Thrash Metal | 2 discos propios	BD:public.artists (consulta viva 2026-10-03, aliases+redirects)	pages/curse-9.json+.html(meta)		
/artist/inaeternum	Inaeternum	5	E_banda_con_instrumentos	Fabián Diaz (drums), Giovanni Grosso (guitar), Henry Sanabria (bass), Sergio Pinzón (vocal	4674	Inaeternum	compacto	1.0	2026-10-04						banda		1992	1	Death Doom Metal	1	Album:1	portada_rym	con	2026-10-03 08:06:26	0		ya_artista	artista compacto→#4674 «Inaeternum» (creado 2026-10-04) | meta: formed 1992 | snippet: Members con instrumentos | 1 géneros: Death Doom Metal | 1 discos propios	BD:public.artists (consulta viva 2026-10-03, aliases+redirects)	pages/inaeternum.json+.html(meta)		
/artist/dark-manthra	Dark Manthra	5	E_banda_con_instrumentos	Zandro Rueda (drums), Alexis Laguado (guitar, 1997-2005, 2012-present, backing vocals, 199	4675	Dark Manthra	compacto	1.0	2026-10-04						banda		1997	1	Black Metal	4	Album:2; EP:1; Single:1	portada_rym	con	2026-10-03 06:58:37	0		ya_artista	artista compacto→#4675 «Dark Manthra» (creado 2026-10-04) | meta: formed 1997 | snippet: Members con instrumentos | 1 géneros: Black Metal | 4 discos propios	BD:public.artists (consulta viva 2026-10-03, aliases+redirects)	pages/dark-manthra.json+.html(meta)		
/artist/ads-1	ADS	5	E_banda_con_instrumentos	Adrian Dark Storm (rhythm guitar), Henry Mantilla (lead vocals, 2014-17), Jose Alfredo Gar	4676	ADS	compacto	1.0	2026-10-04						banda			1	Speed Metal	2	Album:1; EP:1	portada_rym	con	2026-10-03 15:47:59	1	«Time Traveler» → álbum 9620 de «Dorian Avila»	ya_artista	artista compacto→#4676 «ADS» (creado 2026-10-04) | snippet: Members con instrumentos | 1 géneros: Speed Metal | 2 discos propios | discos ya en catálogo: «Time Traveler» → álbum 9620 de «Dorian Avila»	BD:public.artists (consulta viva 2026-10-03, aliases+redirects)	pages/ads-1.json+.html(meta)		
/artist/cabuya	Cabuya	5	E_banda_con_instrumentos	Edson Velandia (guitar, vocals), DJ Trucha (turntable, sampler), Édison Otero (trumpet, pe	4677	Cabuya	compacto	1.0	2026-10-04						banda		2000	0		1	Album:1	portada_rym	con	2026-10-03 14:56:18	0		ya_artista	artista compacto→#4677 «Cabuya» (creado 2026-10-04) | meta: formed 2000 | snippet: Members con instrumentos | 1 discos propios	BD:public.artists (consulta viva 2026-10-03, aliases+redirects)	pages/cabuya.json+.html(meta)		
/artist/francamente-ya-no-se	Francamente Ya No Sé	5	E_banda_con_instrumentos	Angelica María Becerra [aka Amber] (vocals), Yesid Moreno [aka Sid] (bass, vocals), Sebast	4678	Francamente Ya No Sé	compacto	1.0	2026-10-04						banda			1	Alternative Rock	1	Single:1	portada_rym	con	2026-10-03 08:43:40	0		ya_artista	artista compacto→#4678 «Francamente Ya No Sé» (creado 2026-10-04) | snippet: Members con instrumentos | 1 géneros: Alternative Rock | 1 discos propios	BD:public.artists (consulta viva 2026-10-03, aliases+redirects)	pages/francamente-ya-no-se.json+.html(meta)		
/artist/auschwitz-4	Auschwitz	5	E_banda_con_instrumentos	Tates [Carlos Andres Azuero Orostegui] (guitar), Jairo (guitar), Sergio (vocals), Andres P	4679	Auschwitz	compacto	1.0	2026-10-04						banda		1988	1	Death Metal	2	Additional release:2	sin_imagen	con	2026-10-03 18:22:16	0		ya_artista	artista compacto→#4679 «Auschwitz» (creado 2026-10-04) | meta: formed 1988 | snippet: Members con instrumentos | 1 géneros: Death Metal | 2 discos propios	BD:public.artists (consulta viva 2026-10-03, aliases+redirects)	pages/auschwitz-4.json+.html(meta)		
/artist/bonestorm-1	Bonestorm	5	E_banda_con_instrumentos	Carlos A. Jácome (vocals, guitar), Daniel Villamizar (bass), Andres E. Arenas (drums), Jos	4680	Bonestorm	compacto	1.0	2026-10-04						banda		2006	1	Death Metal	5	Album:3; EP:1; Single:1; V/A Compilation:1	portada_rym	con	2026-10-03 16:33:28	0		ya_artista	artista compacto→#4680 «Bonestorm» (creado 2026-10-04) | meta: formed 2006 | snippet: Members con instrumentos | 1 géneros: Death Metal | 5 discos propios	BD:public.artists (consulta viva 2026-10-03, aliases+redirects)	pages/bonestorm-1.json+.html(meta)		
/artist/rotten-spirit	Rotten Spirit	5	E_banda_con_instrumentos	Diego L. Blanco (bass), Francisco Gomez (drums), Sergio Prada (guitar), Pablo Rotten (guit	4681	Rotten Spirit	compacto	1.0	2026-10-04						banda		2016	1	Death Metal	1	Album:1	portada_rym	con	2026-10-03 06:38:24	0		ya_artista	artista compacto→#4681 «Rotten Spirit» (creado 2026-10-04) | meta: formed 2016 | snippet: Members con instrumentos | 1 géneros: Death Metal | 1 discos propios	BD:public.artists (consulta viva 2026-10-03, aliases+redirects)	pages/rotten-spirit.json+.html(meta)		
/artist/i_m_r_i	I.M.R.I.	5	E_banda_con_instrumentos	Mario Hernández (drums), Mauricio Díaz (guitar), Carlos Navaz (guitar), Fabián Vergel (voc	4682	I.M.R.I.	compacto	1.0	2026-10-04						banda		1987	1	Thrash Metal	2	Album:2	portada_rym	con	2026-10-03 15:52:39	0		ya_artista	artista compacto→#4682 «I.M.R.I.» (creado 2026-10-04) | meta: formed 1987 | snippet: Members con instrumentos | 1 géneros: Thrash Metal | 2 discos propios	BD:public.artists (consulta viva 2026-10-03, aliases+redirects)	pages/i_m_r_i.json+.html(meta)		
/artist/kathreptis	Kathreptis	5	E_banda_con_instrumentos	Nekro Mortem (bass, vocals), Necroblade (drums), Guts (guitar)	4683	Kathreptis	compacto	1.0	2026-10-04						banda		2016	1	Grindcore	2	EP:2	portada_rym	con	2026-10-03 14:11:49	0		ya_artista	artista compacto→#4683 «Kathreptis» (creado 2026-10-04) | meta: formed 2016 | snippet: Members con instrumentos | 1 géneros: Grindcore | 2 discos propios	BD:public.artists (consulta viva 2026-10-03, aliases+redirects)	pages/kathreptis.json+.html(meta)		
/artist/los-embajadores-vallenatos	Los Embajadores Vallenatos	5	E_banda_con_instrumentos	Ramiro Colmenares (founder, accordion), Robinson Damián (vocals), Eduardo Africano (tumbad	4684	Los Embajadores Vallenatos	compacto	1.0	2026-10-04						banda		1982	1	Vallenato	6	V/A Compilation:10; Album:6; Music video:1	portada_rym	con	2026-10-03 10:51:10	1	«Fenomenal» → álbum 13642 de «Elena Rose»	ya_artista	artista compacto→#4684 «Los Embajadores Vallenatos» (creado 2026-10-04) | meta: formed 1982 | snippet: Members con instrumentos | 1 géneros: Vallenato | 6 discos propios | discos ya en catálogo: «Fenomenal» → álbum 13642 de «Elena Rose»	BD:public.artists (consulta viva 2026-10-03, aliases+redirects)	pages/los-embajadores-vallenatos.json+.html(meta)		
/artist/hex-crow	Hex Crow	5	E_banda_con_instrumentos	Daniel Mantilla (vocals, bass), Felipe Ortega (drums), Sebastián López (guitar)	4685	Hex Crow	compacto	1.0	2026-10-04						banda			1	Speed Metal	4	Album:2; EP:2	portada_rym	con	2026-10-03 13:19:37	0		ya_artista	artista compacto→#4685 «Hex Crow» (creado 2026-10-04) | snippet: Members con instrumentos | 1 géneros: Speed Metal | 4 discos propios	BD:public.artists (consulta viva 2026-10-03, aliases+redirects)	pages/hex-crow.json+.html(meta)		
/artist/hatred-2	Hatred	5	E_banda_con_instrumentos	Jhon Lizcano (vocals), Sebastián López (guitar), Daniel Mantilla (bass, backing vocals), F	4686	Hatred	compacto	1.0	2026-10-04						banda		2005	1	Heavy Metal	3	Album:3	portada_rym	con	2026-10-03 17:06:12	0		ya_artista	artista compacto→#4686 «Hatred» (creado 2026-10-04) | meta: formed 2005 | snippet: Members con instrumentos | 1 géneros: Heavy Metal | 3 discos propios	BD:public.artists (consulta viva 2026-10-03, aliases+redirects)	pages/hatred-2.json+.html(meta)		
/artist/cataleptic-1	Cataleptic	5	E_banda_con_instrumentos	Mario (bass), Fernando (drums), Said (lead guitar), Andres Plata (rhythm guitar), Carlos P	4687	Cataleptic	compacto	1.0	2026-10-04						banda		1990	1	Death Metal	1	EP:1	portada_rym	con	2026-10-02 03:36:00	0		ya_artista	artista compacto→#4687 «Cataleptic» (creado 2026-10-04) | meta: formed 1990 | snippet: Members con instrumentos | 1 géneros: Death Metal | 1 discos propios	BD:public.artists (consulta viva 2026-10-03, aliases+redirects)	pages/cataleptic-1.json+.html(meta)		
/artist/nuctemeron-1	Nuctemeron	5	E_banda_con_instrumentos	Henry (bass), Fernando [Fernando Puyana] (drums), Said (guitar), Pablo (guitar), Carlos Pl	4688	Nuctemeron	compacto	1.0	2026-10-04						banda		1990	1	Death Metal	1	Additional release:1	sin_imagen	con	2026-10-02 03:35:28	0		ya_artista	artista compacto→#4688 «Nuctemeron» (creado 2026-10-04) | meta: formed 1990 | snippet: Members con instrumentos | 1 géneros: Death Metal | 1 discos propios	BD:public.artists (consulta viva 2026-10-03, aliases+redirects)	pages/nuctemeron-1.json+.html(meta)		
/artist/las-avispas-africanas	Las Avispas Africanas	5	E_banda_con_instrumentos	Henry Rincón (vocals, guitar, musical director), José David Estupiñán (percussion), Diego 	4689	Las Avispas Africanas	compacto	1.0	2026-10-04						banda		2014	0		2	Album:1; EP:1	portada_rym	con	2026-10-03 17:16:10	0		ya_artista	artista compacto→#4689 «Las Avispas Africanas» (creado 2026-10-04) | meta: formed 2014 | snippet: Members con instrumentos | 2 discos propios	BD:public.artists (consulta viva 2026-10-03, aliases+redirects)	pages/las-avispas-africanas.json+.html(meta)		
/artist/ainur_f1	Ainur	5	E_banda_con_instrumentos	Jose Alfredo Garcia (guitar, backing vocals), Henry Mantilla (vocals), Oscar Olarte (bass,	4690	Ainur	compacto	1.0	2026-10-04						banda		2005	0		1	Album:1	portada_rym	con	2026-10-03 18:21:04	0		ya_artista	artista compacto→#4690 «Ainur» (creado 2026-10-04) | meta: formed 2005 | snippet: Members con instrumentos | 1 discos propios	BD:public.artists (consulta viva 2026-10-03, aliases+redirects)	pages/ainur_f1.json+.html(meta)		
/artist/kull-trigger	Kull Trigger	5	E_banda_con_instrumentos	Harvey G. Cano (vocals), Sebastian Galán (bass guitar), Juan Felipe Galvis (drums), Hector	4691	Kull Trigger	compacto	1.0	2026-10-04						banda		2020	1	Heavy Metal	1	Album:1	portada_rym	con	2026-10-03 16:45:57	0		ya_artista	artista compacto→#4691 «Kull Trigger» (creado 2026-10-04) | meta: formed 2020 | snippet: Members con instrumentos | 1 géneros: Heavy Metal | 1 discos propios	BD:public.artists (consulta viva 2026-10-03, aliases+redirects)	pages/kull-trigger.json+.html(meta)		
/artist/perpetual_f1	Perpetual	5	E_banda_con_instrumentos	Paul Castle (bass, vocals), Cesar Strings (guitar), Edwin Mantilla (keyboards), Andreas Mo	4692	Perpetual	compacto	1.0	2026-10-04						banda		2004	1	Melodic Death Metal	2	Album:2; V/A Compilation:2	portada_rym	con	2026-10-03 09:02:25	0		ya_artista	artista compacto→#4692 «Perpetual» (creado 2026-10-04) | meta: formed 2004 | snippet: Members con instrumentos | 1 géneros: Melodic Death Metal | 2 discos propios	BD:public.artists (consulta viva 2026-10-03, aliases+redirects)	pages/perpetual_f1.json+.html(meta)		
/artist/sinner_serpent	Sinner Serpent	5	E_banda_con_instrumentos	César "Octopus" (drums), Alex Serpent (vocals, guitar), Asbeel (guitar, 2006-10), Heretic 	4693	Sinner Serpent	compacto	1.0	2026-10-04						banda		2005	1	Black Metal	2	EP:1; Single:1	portada_rym	con	2026-10-03 13:28:57	0		ya_artista	artista compacto→#4693 «Sinner Serpent» (creado 2026-10-04) | meta: formed 2005 | snippet: Members con instrumentos | 1 géneros: Black Metal | 2 discos propios	BD:public.artists (consulta viva 2026-10-03, aliases+redirects)	pages/sinner_serpent.json+.html(meta)		
/artist/ztranger	Ztranger	5	E_banda_con_instrumentos	Luis Arsaav (vocals), Javier Marquéz (guitar), Carlos Durán (bass), Miguel Ochoa (drums)	4694	Ztranger	compacto	1.0	2026-10-04						banda			0		1	Album:1	portada_rym	con	2026-10-03 15:15:45	0		ya_artista	artista compacto→#4694 «Ztranger» (creado 2026-10-04) | snippet: Members con instrumentos | 1 discos propios	BD:public.artists (consulta viva 2026-10-03, aliases+redirects)	pages/ztranger.json+.html(meta)		
/artist/virgin_killer_f2	Virgin Killer	5	E_banda_con_instrumentos	Oscar Portilla (bass), César Rojas (drums), Alex Dominguez (guitar), Jason Ardila (vocals,	4695	Virgin Killer	compacto	1.0	2026-10-04						banda		2006	1	Speed Metal	2	Album:2	portada_rym	con	2026-10-03 15:33:35	0		ya_artista	artista compacto→#4695 «Virgin Killer» (creado 2026-10-04) | meta: formed 2006 | snippet: Members con instrumentos | 1 géneros: Speed Metal | 2 discos propios	BD:public.artists (consulta viva 2026-10-03, aliases+redirects)	pages/virgin_killer_f2.json+.html(meta)		
/artist/supercuates	Supercuates	5	E_banda_con_instrumentos	Michael García (drums), Jason Hermosa (vocals, bass), Diego Camacho (guitar, backing vocal	4696	Supercuates	compacto	1.0	2026-10-04						banda		2001	2	Punk Rock, Pop Punk	1	EP:1	portada_rym	con	2026-10-03 15:36:01	0		ya_artista	artista compacto→#4696 «Supercuates» (creado 2026-10-04) | meta: formed 2001 | snippet: Members con instrumentos | 2 géneros: Punk Rock, Pop Punk | 1 discos propios	BD:public.artists (consulta viva 2026-10-03, aliases+redirects)	pages/supercuates.json+.html(meta)		
/artist/kroniker-1	Kroniker	5	E_banda_con_instrumentos	Nicolás Cediel (bass), Juan Alejandro Olarte (drums), Juan David Duran (guitar, vocals)	4697	Kroniker	compacto	1.0	2026-10-04						banda		2025	1	Death Metal	1	EP:1	portada_rym	con	2026-10-03 17:53:51	0		ya_artista	artista compacto→#4697 «Kroniker» (creado 2026-10-04) | meta: formed 2025 | snippet: Members con instrumentos | 1 géneros: Death Metal | 1 discos propios	BD:public.artists (consulta viva 2026-10-03, aliases+redirects)	pages/kroniker-1.json+.html(meta)		
/artist/la_manigua_f1	La Manigua	5	E_banda_con_instrumentos	Víctor Aguilar (composer, producer, guitar, vocals), Johanny Garnica, Darwin Escorcia (per	4698	La Manigua	compacto	1.0	2026-10-04						banda		2000	1	Folk Rock	1	Album:1	portada_rym	con	2026-10-03 13:58:03	0		ya_artista	artista compacto→#4698 «La Manigua» (creado 2026-10-04) | meta: formed 2000 | snippet: Members con instrumentos | 1 géneros: Folk Rock | 1 discos propios	BD:public.artists (consulta viva 2026-10-03, aliases+redirects)	pages/la_manigua_f1.json+.html(meta)		
/artist/banista-lunar	Bañista Lunar	5	E_banda_con_instrumentos	Julián Serpa (vocals, guitar), Edwin Villarreal Badillo (bass), David Duffel (drums)	4699	Bañista Lunar	compacto	1.0	2026-10-04						banda		2017	2	Post-Hardcore, Alternative Rock	5	Single:3; Album:1; EP:1	portada_rym	con	2026-10-03 08:42:55	0		ya_artista	artista compacto→#4699 «Bañista Lunar» (creado 2026-10-04) | meta: formed 2017 | snippet: Members con instrumentos | 2 géneros: Post-Hardcore, Alternative Rock | 5 discos propios	BD:public.artists (consulta viva 2026-10-03, aliases+redirects)	pages/banista-lunar.json+.html(meta)		
/artist/mothiis-dominium	Möthiis Dominiüm	5	E_banda_con_instrumentos	Motis (vocals, lyricist), El Loco (drums, guitar)	4700	Möthiis Dominiüm	compacto	1.0	2026-10-04						banda			1	Experimental	1	EP:1	sin_imagen	con	2026-10-03 16:55:39	0		ya_artista	artista compacto→#4700 «Möthiis Dominiüm» (creado 2026-10-04) | snippet: Members con instrumentos | 1 géneros: Experimental | 1 discos propios	BD:public.artists (consulta viva 2026-10-03, aliases+redirects)	pages/mothiis-dominium.json+.html(meta)		
/artist/borroza	Borroza	5	E_banda_con_instrumentos	Omar Rueda (guitar, backing vocals), Pablo Reyes, Maicol Ramírez (drums), Enrique Rondón (	4701	Borroza	compacto	1.0	2026-10-04						banda		2000	2	Death Metal, Thrash Metal	1	Album:1	portada_rym	con	2026-10-03 18:00:05	1	«Fantasma» → álbum 2966 de «Call-On»	ya_artista	artista compacto→#4701 «Borroza» (creado 2026-10-04) | meta: formed 2000 | snippet: Members con instrumentos | 2 géneros: Death Metal, Thrash Metal | 1 discos propios | discos ya en catálogo: «Fantasma» → álbum 2966 de «Call-On»	BD:public.artists (consulta viva 2026-10-03, aliases+redirects)	pages/borroza.json+.html(meta)		
/artist/eden-19	Eden	5	E_banda_con_instrumentos	Juan Pablo Chaparro (bass), Mario G. Hernández (drums, percussion), Nelson Vera (guitar), 	4702	Eden	compacto	1.0	2026-10-04						banda			2	Thrash Metal, Death Metal	1	Additional release:1	sin_imagen	con	2026-10-03 14:16:08	1	«Equilibrio» → álbum 7128 de «Guaco»	ya_artista	artista compacto→#4702 «Eden» (creado 2026-10-04) | snippet: Members con instrumentos | 2 géneros: Thrash Metal, Death Metal | 1 discos propios | discos ya en catálogo: «Equilibrio» → álbum 7128 de «Guaco»	BD:public.artists (consulta viva 2026-10-03, aliases+redirects)	pages/eden-19.json+.html(meta)		
/artist/caos-7	Caos	5	E_banda_con_instrumentos	Fidel Silva (bass), Mauricio Gonzalez (drums), Carlos Rueda (guitar), Carlos Vargas (vocal	4703	Caos	compacto	1.0	2026-10-04						banda		1993	1	Death Metal	1	Additional release:1	sin_imagen	con	2026-10-03 08:10:13	0		ya_artista	artista compacto→#4703 «Caos» (creado 2026-10-04) | meta: formed 1993 | snippet: Members con instrumentos | 1 géneros: Death Metal | 1 discos propios	BD:public.artists (consulta viva 2026-10-03, aliases+redirects)	pages/caos-7.json+.html(meta)		
/artist/hola-amiga-como-estas	Hola Amiga ¿Cómo Estás?	5	E_banda_con_instrumentos	Samir (bass, voice), Willy (drums), Sebastián (guitar).	4704	Hola Amiga ¿Cómo Estás?	compacto	1.0	2026-10-04						banda			1	Indie Rock	1	Album:1	portada_rym	con	2026-10-03 11:57:09	0		ya_artista	artista compacto→#4704 «Hola Amiga ¿Cómo Estás?» (creado 2026-10-04) | snippet: Members con instrumentos | 1 géneros: Indie Rock | 1 discos propios	BD:public.artists (consulta viva 2026-10-03, aliases+redirects)	pages/hola-amiga-como-estas.json+.html(meta)		
/artist/asteriom	Asteriom	5	E_banda_con_instrumentos	Nicolás Cediel (bass), Sergio Mizuchij [Sergio Ardila] (lead guitar, drums), Brad Asteriom	4705	Asteriom	compacto	1.0	2026-10-04						banda		2025	1	Melodic Black Metal	1	Album:1	sin_imagen	con	2026-10-03 18:13:42	0		ya_artista	artista compacto→#4705 «Asteriom» (creado 2026-10-04) | meta: formed 2025 | snippet: Members con instrumentos | 1 géneros: Melodic Black Metal | 1 discos propios	BD:public.artists (consulta viva 2026-10-03, aliases+redirects)	pages/asteriom.json+.html(meta)		
/artist/menos-dias-soleados	Menos Días Soleados	5	D_sin_senal		4706	Menos Días Soleados	compacto	1.0	2026-10-04						banda		2023	1	Indie Rock	1	EP:1	portada_rym	con	2026-10-03 13:54:12	0		ya_artista	artista compacto→#4706 «Menos Días Soleados» (creado 2026-10-04) | meta: formed 2023 | 1 géneros: Indie Rock | 1 discos propios	BD:public.artists (consulta viva 2026-10-03, aliases+redirects)	pages/menos-dias-soleados.json+.html(meta)		
/artist/velandia-y-la-tigra	Velandia y la Tigra	5	E_banda_con_instrumentos	Edson Velandia (guitar, vocals), Daniel Bayona (bass, sequencer), Jorge Pardo (trumpet), H	4707	Velandia y la Tigra	compacto	1.0	2026-10-04						banda		2007	1	Art Rock	7	Album:4; EP:1; Single:1; Compilation:1; V/A Compilation:1	portada_rym	con	2026-10-03 10:31:47	0		ya_artista	artista compacto→#4707 «Velandia y la Tigra» (creado 2026-10-04) | meta: formed 2007 | snippet: Members con instrumentos | 1 géneros: Art Rock | 7 discos propios	BD:public.artists (consulta viva 2026-10-03, aliases+redirects)	pages/velandia-y-la-tigra.json+.html(meta)		
/artist/supremacia_satanica	Supremacia Satanica	5	E_banda_con_instrumentos	Apollyonthrone (drums), Argenk (guitar), Black Emperor (guitar, backing vocals), Adramelec	4708	Supremacia Satanica	compacto	1.0	2026-10-04						banda		2006	1	Black Metal	5	Album:4; EP:1	portada_rym	con	2026-10-03 06:08:34	0		ya_artista	artista compacto→#4708 «Supremacia Satanica» (creado 2026-10-04) | meta: formed 2006 | snippet: Members con instrumentos | 1 géneros: Black Metal | 5 discos propios	BD:public.artists (consulta viva 2026-10-03, aliases+redirects)	pages/supremacia_satanica.json+.html(meta)		
/artist/last_tyrant	Last Tyrant	5	E_banda_con_instrumentos	Herumor Azaghal [aka Lord Azaghal] (vocals, bass), Lethal (guitar), Orghem (keyboards), Lo	4709	Last Tyrant	compacto	1.0	2026-10-04						banda		2002	0		4	Album:3; Single:1	portada_rym	con	2026-10-03 16:44:14	0		ya_artista	artista compacto→#4709 «Last Tyrant» (creado 2026-10-04) | meta: formed 2002 | snippet: Members con instrumentos | 4 discos propios	BD:public.artists (consulta viva 2026-10-03, aliases+redirects)	pages/last_tyrant.json+.html(meta)		
/artist/old_betrayer	Old Betrayer	5	E_banda_con_instrumentos	Malphas [Marlon Rueda] (drums), Black Horde [Gabbo J. Uribe] (vocals, 2004-present), Black	4710	Old Betrayer	compacto	1.0	2026-10-04						banda		2004	1	Black Metal	1	EP:1	sin_imagen	con	2026-10-03 11:34:11	0		ya_artista	artista compacto→#4710 «Old Betrayer» (creado 2026-10-04) | meta: formed 2004 | snippet: Members con instrumentos | 1 géneros: Black Metal | 1 discos propios	BD:public.artists (consulta viva 2026-10-03, aliases+redirects)	pages/old_betrayer.json+.html(meta)		
/artist/nostos-2	Nostos	5	E_banda_con_instrumentos	Marlon Rueda (all instruments), Noire Perventor (vocals, bass)	4711	Nostos	compacto	1.0	2026-10-04						banda		2023	1	Black Metal	1	Album:1	portada_rym	con	2026-10-03 16:55:29	0		ya_artista	artista compacto→#4711 «Nostos» (creado 2026-10-04) | meta: formed 2023 | snippet: Members con instrumentos | 1 géneros: Black Metal | 1 discos propios	BD:public.artists (consulta viva 2026-10-03, aliases+redirects)	pages/nostos-2.json+.html(meta)		
/artist/apotheose	Apotheose	4	E_banda_con_instrumentos	Rudy Mathilda (bass), Lennart Salsbach (bongos, congas), Cecile Smith (effects), Rennie Fl	4712	Apotheose	compacto	1.0	2026-10-04						banda			1	Psychedelic Rock	1	Album:1	portada_rym	con	2026-10-03 16:47:55	0		ya_artista	artista compacto→#4712 «Apotheose» (creado 2026-10-04) | snippet: Members con instrumentos | 1 géneros: Psychedelic Rock | 1 discos propios	BD:public.artists (consulta viva 2026-10-03, aliases+redirects)	pages/apotheose.json+.html(meta)		
/artist/morto_kacho	Morto Kacho	4	E_banda_con_instrumentos	Pachanga (drums), Heronimo Maximiliano (guitar, bass), Broertje Josefina (guitar, bass), P	4713	Morto Kacho	compacto	1.0	2026-10-04						banda		2005	1	Death Metal	1	Album:1	portada_rym	con	2026-10-03 14:08:15	0		ya_artista	artista compacto→#4713 «Morto Kacho» (creado 2026-10-04) | meta: formed 2005 | snippet: Members con instrumentos | 1 géneros: Death Metal | 1 discos propios	BD:public.artists (consulta viva 2026-10-03, aliases+redirects)	pages/morto_kacho.json+.html(meta)		
/artist/pearl-ash	Pearl Ash	4	E_banda_con_instrumentos	Frank Lopes (guitar), Manuel Lopes (drums, 1969-77, 1981-82), Humphrey Thodé (percussion, 	4714	Pearl Ash	compacto	1.0	2026-10-04						banda		1969	3	Jazz-Rock, Blues, Funk	1	EP:1	portada_rym	con	2026-10-03 12:32:32	0		ya_artista	artista compacto→#4714 «Pearl Ash» (creado 2026-10-04) | meta: formed 1969 | snippet: Members con instrumentos | 3 géneros: Jazz-Rock, Blues, Funk | 1 discos propios	BD:public.artists (consulta viva 2026-10-03, aliases+redirects)	pages/pearl-ash.json+.html(meta)		
/artist/serenada	Serenada	4	E_banda_con_instrumentos	Henri Moen (music director, vocals, mandolin, musical bow, guitar), Rose Heije (vocals, pe	4520	Serenada	compacto	1.0	2026-10-03						banda		1975	0		12	Album:12	portada_rym	con	2026-10-03 16:04:46	1	«Serenada Volumen» → álbum 15368 de «Serenada»	ya_artista	artista compacto→#4520 «Serenada» (creado 2026-10-03) | meta: formed 1975 | snippet: Members con instrumentos | 12 discos propios | discos ya en catálogo: «Serenada Volumen» → álbum 15368 de «Serenada»	BD:public.artists (consulta viva 2026-10-03, aliases+redirects)	pages/serenada.json+.html(meta)		
/artist/orquesta_concordia	Orquesta "Concordia"	4	E_banda_con_instrumentos	Guillermo Pietersz (clarinet, tenor saxophone), Juan R. Camelia (trumpet), Philip Quast (s	4715	Orquesta "Concordia"	compacto	1.0	2026-10-04						banda		1927	0		4	Single:4	portada_rym	con	2026-10-03 15:50:13	0		ya_artista	artista compacto→#4715 «Orquesta "Concordia"» (creado 2026-10-04) | snippet: Members con instrumentos | rec.formed 1927 | 4 discos propios	BD:public.artists (consulta viva 2026-10-03, aliases+redirects)	pages/orquesta_concordia.json		
/artist/mario-y-sus-diamantes	Mario y Sus Diamantes	3	D_sin_senal		4716	Mario y Sus Diamantes	compacto	1.0	2026-10-04						banda		1961	1	Cumbia	7	Album:5; V/A Compilation:5; Single:1; Compilation:1	portada_rym	con	2026-10-03 11:34:41	1	«Trópico» → álbum 8161 de «José Luis Rodríguez»	ya_artista	artista compacto→#4716 «Mario y Sus Diamantes» (creado 2026-10-04) | meta: formed 1961 | 1 géneros: Cumbia | 7 discos propios | discos ya en catálogo: «Trópico» → álbum 8161 de «José Luis Rodríguez»	BD:public.artists (consulta viva 2026-10-03, aliases+redirects)	pages/mario-y-sus-diamantes.json+.html(meta)		
/artist/los-satelites	Los Satélites	3	E_banda_con_instrumentos	Che Ché Mendoza (founder, vocals), César Fuentes (trumpet), César Monge (music director, t	4717	Los Satélites	compacto	1.0	2026-10-04						banda		1967	1	Salsa	8	Album:8; V/A Compilation:1	portada_rym	con	2026-10-03 10:44:53	0		ya_artista	artista compacto→#4717 «Los Satélites» (creado 2026-10-04) | meta: formed 1967 | snippet: Members con instrumentos | 1 géneros: Salsa | 8 discos propios	BD:public.artists (consulta viva 2026-10-03, aliases+redirects)	pages/los-satelites.json+.html(meta)		
/artist/los-universales-de-maracaibo	Los Universales de Maracaibo	3	E_banda_con_instrumentos	Gilberto Herrera Vázquez (founder, leader, timbales), José "Cheo" Atencio (founder, vocals	4718	Los Universales de Maracaibo	compacto	1.0	2026-10-04						banda			1	Cumbia	1	Album:1; V/A Compilation:1	portada_rym	con	2026-10-03 17:35:57	0		ya_artista	artista compacto→#4718 «Los Universales de Maracaibo» (creado 2026-10-04) | snippet: Members con instrumentos | 1 géneros: Cumbia | 1 discos propios	BD:public.artists (consulta viva 2026-10-03, aliases+redirects)	pages/los-universales-de-maracaibo.json+.html(meta)		
/artist/la-gallera-social-club	La Gallera Social Club	3	D_sin_senal		4719	La Gallera Social Club	compacto	1.0	2026-10-04						banda		2011	1	Folk	4	Album:4; Appears On:1	portada_rym	con	2026-10-02 03:37:18	1	«Caribe» → álbum 7809 de «Soledad Bravo»	ya_artista	artista compacto→#4719 «La Gallera Social Club» (creado 2026-10-04) | meta: formed 2011 | 1 géneros: Folk | 4 discos propios | discos ya en catálogo: «Caribe» → álbum 7809 de «Soledad Bravo»	BD:public.artists (consulta viva 2026-10-03, aliases+redirects)	pages/la-gallera-social-club.json+.html(meta)		
/artist/tragavenao-orquesta-afrobeat	Tragavenao Orquesta Afrobeat	3	D_sin_senal		4720	Tragavenao Orquesta Afrobeat	compacto	1.0	2026-10-04						banda		2010	1	Afrobeat	2	Album:1; EP:1	portada_rym	con	2026-10-03 09:40:32	0		ya_artista	artista compacto→#4720 «Tragavenao Orquesta Afrobeat» (creado 2026-10-04) | meta: formed 2010 | 1 géneros: Afrobeat | 2 discos propios	BD:public.artists (consulta viva 2026-10-03, aliases+redirects)	pages/tragavenao-orquesta-afrobeat.json+.html(meta)		
/artist/orquesta-la-combinacion	Orquesta la Combinación	3	E_banda_con_instrumentos	Antonio D'Gennaro (bass), Carlos Blanco (congas), Carlos Rojas (trombone), Edwing Pulgar (	4721	Orquesta la Combinación	compacto	1.0	2026-10-04						banda		1976	1	Salsa	3	Album:3	portada_rym	con	2026-10-03 15:52:06	0		ya_artista	artista compacto→#4721 «Orquesta la Combinación» (creado 2026-10-04) | meta: formed 1976 | snippet: Members con instrumentos | 1 géneros: Salsa | 3 discos propios	BD:public.artists (consulta viva 2026-10-03, aliases+redirects)	pages/orquesta-la-combinacion.json+.html(meta)		
/artist/paisaje-local	Paisaje Local	3	E_banda_con_instrumentos	Diego Montiel (vocals, bass), Daniel Fuenmayor [aka Laundry Boy] (lead guitar), Ángel Chac	4722	Paisaje Local	compacto	1.0	2026-10-04						banda		2016	1	Dream Pop	2	Album:1; EP:1; V/A Compilation:1	portada_rym	con	2026-10-03 18:10:21	0		ya_artista	artista compacto→#4722 «Paisaje Local» (creado 2026-10-04) | meta: formed 2016 | snippet: Members con instrumentos | 1 géneros: Dream Pop | 2 discos propios	BD:public.artists (consulta viva 2026-10-03, aliases+redirects)	pages/paisaje-local.json+.html(meta)		
/artist/super-combo-los-tropicales	Super Combo Los Tropicales	3	E_banda_con_instrumentos	Sante Pizzare (founder, leader, tenor saxophone, clarinet), Mario Zacheddu (founder, organ	4723	Super Combo Los Tropicales	compacto	1.0	2026-10-04						banda			1	Dance	6	Album:6; V/A Compilation:6; Appears On:1	portada_rym	con	2026-10-03 08:12:03	0		ya_artista	artista compacto→#4723 «Super Combo Los Tropicales» (creado 2026-10-04) | snippet: Members con instrumentos | 1 géneros: Dance | 6 discos propios	BD:public.artists (consulta viva 2026-10-03, aliases+redirects)	pages/super-combo-los-tropicales.json+.html(meta)		
/artist/los-imperials	Los Imperial's	3	E_banda_con_instrumentos	Helí E. Andrade (founder), Dr. Harold Zavala (founder, musical director), Hender Fernández	4522	Los Imperial's	compacto	1.0	2026-10-03						banda		1962	1	Cumbia	9	Album:9	portada_rym	con	2026-10-03 06:32:16	1	«Ritmo juvenil con Los Imperial's» → álbum 15367 de «Los Imperial's»	ya_artista	artista compacto→#4522 «Los Imperial's» (creado 2026-10-03) | meta: formed 1962 | snippet: Members con instrumentos | 1 géneros: Cumbia | 9 discos propios | discos ya en catálogo: «Ritmo juvenil con Los Imperial's» → álbum 15367 de «Los Imperial's»	BD:public.artists (consulta viva 2026-10-03, aliases+redirects)	pages/los-imperials.json+.html(meta)		
/artist/clan-coral	Clan Coral	3	E_banda_con_instrumentos	Angelo Demarchi [aka Demarchi] (rhythm guitar, lead vocals), José Chacón (lead guitar, bac	4724	Clan Coral	compacto	1.0	2026-10-04						banda			1	Dream Pop	1	Single:1; V/A Compilation:1	portada_rym	con	2026-10-03 07:00:39	1	«Perdido» → álbum 14179 de «Carlos Baute»	ya_artista	artista compacto→#4724 «Clan Coral» (creado 2026-10-04) | snippet: Members con instrumentos | 1 géneros: Dream Pop | 1 discos propios | discos ya en catálogo: «Perdido» → álbum 14179 de «Carlos Baute»	BD:public.artists (consulta viva 2026-10-03, aliases+redirects)	pages/clan-coral.json+.html(meta)		
/artist/los-masters	Los Master's	3	E_banda_con_instrumentos	Gilberto García (founder, leader, accordion), Luis Hernández (vocals), Gladys Cardoso (voc	4725	Los Master's	compacto	1.0	2026-10-04						banda			0		23	Album:22; Compilation:1; V/A Compilation:1	portada_rym	con	2026-10-03 15:54:55	2	«...De aqui pa´ lla...!» → álbum 12859 de «Oscar D' León»; «De aquí pa' lla» → álbum 12859 de «Oscar D' León»	ya_artista	artista compacto→#4725 «Los Master's» (creado 2026-10-04) | snippet: Members con instrumentos | 23 discos propios | discos ya en catálogo: «...De aqui pa´ lla...!» → álbum 12859 de «Oscar D' León»; «De aquí pa' lla» → álbum 12859 de «Oscar D' León»	BD:public.artists (consulta viva 2026-10-03, aliases+redirects)	pages/los-masters.json+.html(meta)		
/artist/caibo	Caibo	3	D_sin_senal		4726	Caibo	compacto	1.0	2026-10-04						banda		2005	0		2	Album:2; Appears On:2	portada_rym	con	2026-10-03 06:53:18	0		ya_artista	artista compacto→#4726 «Caibo» (creado 2026-10-04) | meta: formed 2005 | 2 discos propios	BD:public.artists (consulta viva 2026-10-03, aliases+redirects)	pages/caibo.json+.html(meta)		
/artist/los-casinos	Los Casinos	3	E_banda_con_instrumentos	Edwin Carruyo (organ), Alberto Rios (bass), Miguel Delgado (timbales), Nelson González (co	4727	Los Casinos	compacto	1.0	2026-10-04						banda		1965	1	Dance	4	Album:2; Single:2; V/A Compilation:2	portada_rym	con	2026-10-03 18:14:35	0		ya_artista	artista compacto→#4727 «Los Casinos» (creado 2026-10-04) | meta: formed 1965 | snippet: Members con instrumentos | 1 géneros: Dance | 4 discos propios	BD:public.artists (consulta viva 2026-10-03, aliases+redirects)	pages/los-casinos.json+.html(meta)		
/artist/gaiteros-de-pillopo	Gaiteros de Pillopo	3	E_banda_con_instrumentos	Luis Adolfo Camacho “Pillopo” (1980-2020), Alfredo Maldonado (charrasca, 1980-), Gabriel D	4728	Gaiteros de Pillopo	compacto	1.0	2026-10-04						banda			1	Gaita zuliana	3	Album:3	portada_rym	con	2026-10-03 08:42:00	0		ya_artista	artista compacto→#4728 «Gaiteros de Pillopo» (creado 2026-10-04) | snippet: Members con instrumentos | 1 géneros: Gaita zuliana | 3 discos propios	BD:public.artists (consulta viva 2026-10-03, aliases+redirects)	pages/gaiteros-de-pillopo.json+.html(meta)		
/artist/el-club-de-amigos-los-mejores-del-amor	El Club de Amigos Los Mejores del Amor	3	E_banda_con_instrumentos	Juan Carruyo (vocals, guitar, bass, programming), José Chacón (vocals, guitar, programming	4729	El Club de Amigos Los Mejores del Amor	compacto	1.0	2026-10-04						banda		2019	3	Bedroom Pop, Psychedelic Pop, Hypnagogic Pop	5	Album:5	portada_rym	con	2026-10-02 03:37:53	2	«Volumen 1» → álbum 772 de «Venezuela Dark Side»; «Volumen 2» → álbum 9279 de «Lilia Vera»	ya_artista	artista compacto→#4729 «El Club de Amigos Los Mejores del Amor» (creado 2026-10-04) | meta: formed 2019 | snippet: Members con instrumentos | 3 géneros: Bedroom Pop, Psychedelic Pop, Hypnagogic Pop | 5 discos propios | discos ya en catálogo: «Volumen 1» → álbum 772 de «Venezuela Dark Side»; «Volumen 2» → álbum 9279 de «Lilia Vera»	BD:public.artists (consulta viva 2026-10-03, aliases+redirects)	pages/el-club-de-amigos-los-mejores-del-amor.json+.html(meta)		
/artist/tazajo_tamboo	Tazajo Tamboo	3	E_banda_con_instrumentos	Néstor Gutiérrez (percussion, vocals), Carlos Tález (vocals)	4730	Tazajo Tamboo	compacto	1.0	2026-10-04						banda			0		1	Album:1	portada_rym	con	2026-10-03 09:49:03	0		ya_artista	artista compacto→#4730 «Tazajo Tamboo» (creado 2026-10-04) | snippet: Members con instrumentos | 1 discos propios	BD:public.artists (consulta viva 2026-10-03, aliases+redirects)	pages/tazajo_tamboo.json+.html(meta)		
/artist/technicolor-1	Technicolor	3	E_banda_con_instrumentos	Miguelangel González (guitar, lead vocals), Daniel Moreau (drums, percussion), Manuel Fern	4731	Technicolor	compacto	1.0	2026-10-04						banda		2014	1	Indie Rock	1	EP:1	portada_rym	con	2026-10-03 10:00:03	1	«Piloto» → álbum 2043 de «Naxxo»	ya_artista	artista compacto→#4731 «Technicolor» (creado 2026-10-04) | meta: formed 2014 | snippet: Members con instrumentos | 1 géneros: Indie Rock | 1 discos propios | discos ya en catálogo: «Piloto» → álbum 2043 de «Naxxo»	BD:public.artists (consulta viva 2026-10-03, aliases+redirects)	pages/technicolor-1.json+.html(meta)		
/artist/cardenales-del-exito	Cardenales del Éxito	3	D_sin_senal		4308	Cardenales del Éxito	compacto	1.0	2026-10-03						banda		1962	1	Gaita zuliana	17	Album:16; Compilation:1	portada_rym	con	2026-10-03 08:48:43	4	«A Venezuela» → álbum 14985 de «Cardenales del Éxito»; «Volumen 2» → álbum 9279 de «Lilia Vera»; «Volumen 3» → álbum 9280 de «Lilia Vera»	ya_artista	artista compacto→#4308 «Cardenales del Éxito» (creado 2026-10-03) | meta: formed 1962 | 1 géneros: Gaita zuliana | 17 discos propios | discos ya en catálogo: «A Venezuela» → álbum 14985 de «Cardenales del Éxito»; «Volumen 2» → álbum 9279 de «Lilia Vera»	BD:public.artists (consulta viva 2026-10-03, aliases+redirects)	pages/cardenales-del-exito.json+.html(meta)		
/artist/symbiotic_faith	Symbiotic Faith	3	D_sin_senal		4732	Symbiotic Faith	compacto	1.0	2026-10-04						banda		2006	0		1	EP:1; Appears On:1	portada_rym	con	2026-10-03 07:12:25	0		ya_artista	artista compacto→#4732 «Symbiotic Faith» (creado 2026-10-04) | meta: formed 2006 | 1 discos propios	BD:public.artists (consulta viva 2026-10-03, aliases+redirects)	pages/symbiotic_faith.json+.html(meta)		
/artist/bacanos	Bacanos	3	E_banda_con_instrumentos	Oscar Bozo R. (vocals), Jainel Leal, Tomas Font (producer, bass, timbales, congas), Carlos	4733	Bacanos	compacto	1.0	2026-10-04						banda		1998	2	Latin Pop, Vallenato	1	Album:1; Appears On:1	sin_imagen	con	2026-10-03 17:38:54	0		ya_artista	artista compacto→#4733 «Bacanos» (creado 2026-10-04) | meta: formed 1998 | snippet: Members con instrumentos | 2 géneros: Latin Pop, Vallenato | 1 discos propios	BD:public.artists (consulta viva 2026-10-03, aliases+redirects)	pages/bacanos.json+.html(meta)		
/artist/vhg	VHG	3	D_sin_senal		4734	VHG	compacto	1.0	2026-10-04						banda		1989	1	Gaita zuliana	2	Single:1; Appears On:1; Compilation:1	portada_rym	con	2026-10-03 15:28:22	0		ya_artista	artista compacto→#4734 «VHG» (creado 2026-10-04) | meta: formed 1989 | 1 géneros: Gaita zuliana | 2 discos propios	BD:public.artists (consulta viva 2026-10-03, aliases+redirects)	pages/vhg.json+.html(meta)		
/artist/montesanto	Montesanto	3	E_banda_con_instrumentos	Douglas D'Lima (bandleader, guitar), Yao D'Lima (vocals, guitar), Sinaí Alejandro Urdaneta	4735	Montesanto	compacto	1.0	2026-10-04						banda		2015	0		3	Album:2; Appears On:2; EP:1	portada_rym	con	2026-10-03 07:54:37	0		ya_artista	artista compacto→#4735 «Montesanto» (creado 2026-10-04) | meta: formed 2015 | snippet: Members con instrumentos | 3 discos propios	BD:public.artists (consulta viva 2026-10-03, aliases+redirects)	pages/montesanto.json+.html(meta)		
/artist/rincon-morales	Rincón Morales	3	D_sin_senal		4312	Rincón Morales	compacto	1.0	2026-10-03						persona_o_solista			1	Gaita zuliana	8	Album:7; Compilation:1	portada_rym	con	2026-10-03 14:53:10	1	«Gaitas '81» → álbum 15027 de «Rincón Morales»	ya_artista	artista compacto→#4312 «Rincón Morales» (creado 2026-10-03) | 1 géneros: Gaita zuliana | 8 discos propios | discos ya en catálogo: «Gaitas '81» → álbum 15027 de «Rincón Morales»	BD:public.artists (consulta viva 2026-10-03, aliases+redirects)	pages/rincon-morales.json+.html(meta)		
/artist/grupo-carangano	Grupo Carangano	3	E_banda_con_instrumentos	José Luis García (founder, arranger, piano), Erwin Bracho, Alfredo Cabrera	4736	Grupo Carangano	compacto	1.0	2026-10-04						banda			0		1	Album:1	portada_rym	con	2026-10-03 14:12:34	0		ya_artista	artista compacto→#4736 «Grupo Carangano» (creado 2026-10-04) | snippet: Members con instrumentos | 1 discos propios	BD:public.artists (consulta viva 2026-10-03, aliases+redirects)	pages/grupo-carangano.json+.html(meta)		
/artist/digital_decay	Digital Decay	3	E_banda_con_instrumentos	Rafael Andrade (vocals, guitar, bass, keyboards, synthesizer)	4737	Digital Decay	compacto	1.0	2026-10-04						banda		2003	0		1	Album:1	portada_rym	con	2026-10-03 15:16:28	0		ya_artista	artista compacto→#4737 «Digital Decay» (creado 2026-10-04) | meta: formed 2003 | snippet: Members con instrumentos | 1 discos propios	BD:public.artists (consulta viva 2026-10-03, aliases+redirects)	pages/digital_decay.json+.html(meta)		
/artist/conjunto-saladillo	Conjunto Saladillo	3	D_sin_senal		4738	Conjunto Saladillo	compacto	1.0	2026-10-04						banda		1962	1	Gaita zuliana	4	Album:4	portada_rym	con	2026-10-03 09:42:50	0		ya_artista	artista compacto→#4738 «Conjunto Saladillo» (creado 2026-10-04) | meta: formed 1962 | 1 géneros: Gaita zuliana | 4 discos propios	BD:public.artists (consulta viva 2026-10-03, aliases+redirects)	pages/conjunto-saladillo.json+.html(meta)		
/artist/chimo-psicodelico	Chimó Psicodélico	2	E_banda_con_instrumentos	Rafael Fontecha (guitar), Gabriel Guerrero (harp), Yensi Trujillo (bass guitar), Daniel Gu	4739	Chimó Psicodélico	compacto	1.0	2026-10-04						banda		2015	3	Folk Rock, Latin Rock, Latin Alternative	1	Album:1; V/A Compilation:1	portada_rym	con	2026-10-03 14:59:16	0		ya_artista	artista compacto→#4739 «Chimó Psicodélico» (creado 2026-10-04) | meta: formed 2015 | snippet: Members con instrumentos | 3 géneros: Folk Rock, Latin Rock, Latin Alternative | 1 discos propios	BD:public.artists (consulta viva 2026-10-03, aliases+redirects)	pages/chimo-psicodelico.json+.html(meta)		
/artist/siparia-deltones	Siparia Deltones	1	D_sin_senal		4740	Siparia Deltones	compacto	1.0	2026-10-04						banda		1964	0		1	Album:1	portada_rym	con	2026-10-03 08:20:38	0		ya_artista	artista compacto→#4740 «Siparia Deltones» (creado 2026-10-04) | meta: formed 1964 | 1 discos propios	BD:public.artists (consulta viva 2026-10-03, aliases+redirects)	pages/siparia-deltones.json+.html(meta)		
/artist/scorched-earth-6	Scorched Earth	1	E_banda_con_instrumentos	Lee Charles [aka Billy Ocean] (vocals), Tony McIntyre (drums), Peter Moss (lead guitar), P	4741	Scorched Earth	compacto	1.0	2026-10-04						banda			1	Rock	2	Single:2; V/A Compilation:2	portada_rym	con	2026-10-03 10:40:07	0		ya_artista	artista compacto→#4741 «Scorched Earth» (creado 2026-10-04) | snippet: Members con instrumentos | 1 géneros: Rock | 2 discos propios	BD:public.artists (consulta viva 2026-10-03, aliases+redirects)	pages/scorched-earth-6.json+.html(meta)		
/artist/schola-cantorum-de-venezuela	Schola Cantorum de Venezuela	7	D_sin_senal		3420	Schola Cantorum de Caracas	alias	1.0	2026-10-02						banda		1967	5	Modern Classical, Latin American Classical Music, Choral, Passion, Film Score	7	Album:5; Live Album:2; Appears On:1	portada_rym	con	2026-10-03 18:19:24	2	«Aguinaldos Venezolanos» → álbum 8433 de «María Teresa Chacín»; «Cantos de Venezuela» → álbum 5943 de «Schola Cantorum de Caracas»	ya_artista_alias	artista alias→#3420 «Schola Cantorum de Caracas» (creado 2026-10-02) | meta: formed 1967 | 5 géneros: Modern Classical, Latin American Classical Music, Choral | 7 discos propios | discos ya en catálogo: «Aguinaldos Venezolanos» → álbum 8433 de «María Teresa Chacín»; «Cantos de Venezuela» → álbum 5943 de «Schola Cantorum de Caracas»	BD:public.artists (consulta viva 2026-10-03, aliases+redirects)	pages/schola-cantorum-de-venezuela.json+.html(meta)		
/artist/ninah_mars_and_the_stickfaces	Ninah Mars & The Stickfaces	6	E_banda_con_instrumentos	Ninah Mars (vocals, guitar), Dave de Santis (drums), Pilucho (guitar), Archy (bass, 2007-1	180	Ninah Mars	alias	1.0	2026-09-11						banda			0		1	Album:1	portada_rym	con	2026-10-03 08:44:33	1	«THIS IS HOW WE PRAY» → álbum 609 de «Ninah Mars»	ya_artista_alias	artista alias→#180 «Ninah Mars» (creado 2026-09-11) | snippet: Members con instrumentos | 1 discos propios | discos ya en catálogo: «THIS IS HOW WE PRAY» → álbum 609 de «Ninah Mars»	BD:public.artists (consulta viva 2026-10-03, aliases+redirects)	pages/ninah_mars_and_the_stickfaces.json+.html(meta)		
/artist/luis-alfonzo-larrain	Luis Alfonzo Larrain	43	D_sin_senal							21680	Luis Alfonzo Larrain	compacto	1.0	2026-10-02	persona_o_solista			0		1	Album:1; V/A Compilation:1	portada_rym	con	2026-10-03 15:24:25	0		ya_persona	persona compacto→#21680 «Luis Alfonzo Larrain» (creado 2026-10-02) | meta: born (persona) | 1 discos propios	BD:public.persons (consulta viva 2026-10-03, aliases+redirects)	pages/luis-alfonzo-larrain.json+.html(meta)		
/artist/hugo-chavez	Hugo Chávez	43	D_sin_senal							34790	Hugo Chavez	compacto	1.0	2026-10-02	persona_o_solista			2	Hispanic American Folk Music, Singer-Songwriter	3	Album:1; Single:1; Music video:1; Compilation:1	portada_rym	con	2026-10-03 17:42:05	0		ya_persona	persona compacto→#34790 «Hugo Chavez» (creado 2026-10-02) | meta: born (persona) | 2 géneros: Hispanic American Folk Music, Singer-Songwriter | 3 discos propios	BD:public.persons (consulta viva 2026-10-03, aliases+redirects)	pages/hugo-chavez.json+.html(meta)		
/artist/marco-tulio-maristany	Marco Tulio Maristany	41	D_miembro_de:Los Cantores del Trópico							39631	Marco Tulio Maristany	compacto	1.0	2026-10-03	persona_miembro	Los Cantores del Trópico [cat]		0		1	Single:1	portada_rym	con	2026-10-03 17:54:40	0		ya_persona	persona compacto→#39631 «Marco Tulio Maristany» (creado 2026-10-03) | meta: born (persona) | snippet: Member of Los Cantores del Trópico [cat] | 1 discos propios	BD:public.persons (consulta viva 2026-10-03, aliases+redirects)	pages/marco-tulio-maristany.json+.html(meta)		
/artist/rafa-galindo	Rafa Galindo	34	D_miembro_de:Billo's Caracas Boys|Orquesta Sans Souci							21392	Rafa Galindo	compacto	1.0	2026-10-02	persona_miembro	Billo's Caracas Boys [cat]; Orquesta Sans Souci [cat]		0		1	Album:1; V/A Compilation:1	portada_rym	con	2026-10-03 10:35:11	0		ya_persona	persona compacto→#21392 «Rafa Galindo» (creado 2026-10-02) | meta: born (persona) | snippet: Member of Billo's Caracas Boys [cat]|Orquesta Sans Souci [cat] | 1 discos propios	BD:public.persons (consulta viva 2026-10-03, aliases+redirects)	pages/rafa-galindo.json+.html(meta)		
/artist/carlos-figueredo	Carlos Figueredo	34	D_sin_senal							30960	Carlos Figueredo	compacto	1.0	2026-10-02	persona_o_solista			0		0		sin_imagen	sin_evidencia	2026-10-03 08:08:25	0		ya_persona	persona compacto→#30960 «Carlos Figueredo» (creado 2026-10-02) | meta: born (persona) | ficha RYM stub (sin discografía ni foto)	BD:public.persons (consulta viva 2026-10-03, aliases+redirects)	pages/carlos-figueredo.json+.html(meta)		
/artist/julio-miranda	Julio Miranda	34	D_sin_senal							31761	Julio Miranda	compacto	1.0	2026-10-02	persona_o_solista			0		3	Album:3	portada_rym	con	2026-10-03 10:51:52	0		ya_persona	persona compacto→#31761 «Julio Miranda» (creado 2026-10-02) | meta: born (persona) | 3 discos propios	BD:public.persons (consulta viva 2026-10-03, aliases+redirects)	pages/julio-miranda.json+.html(meta)		
/artist/victor-perez	Víctor Pérez	33	D_miembro_de:Billo's Caracas Boys|Orquesta Casino Riverside|Orquesta Sans Souci							26634	Víctor Pérez	compacto	1.0	2026-10-02	persona_miembro	Billo's Caracas Boys [cat]; Orquesta Casino Riverside [fuera]; Orquesta Sans Souci [cat]		0		1	Album:1	portada_rym	con	2026-10-03 08:02:08	0		ya_persona	persona compacto→#26634 «Víctor Pérez» (creado 2026-10-02) | meta: born (persona) | snippet: Member of Billo's Caracas Boys [cat]|Orquesta Casino Riverside [fuera]|Orquesta Sans Souci [cat] | 1 discos propios	BD:public.persons (consulta viva 2026-10-03, aliases+redirects)	pages/victor-perez.json+.html(meta)		
/artist/renato-capriles	Renato Capriles	30	D_miembro_de:Los Melódicos							27213	Renato Capriles	compacto	1.0	2026-10-02	persona_miembro	Los Melódicos [cat]		0		1	Compilation:1	portada_rym	con	2026-10-03 11:36:13	0		ya_persona	persona compacto→#27213 «Renato Capriles» (creado 2026-10-02) | meta: born (persona) | snippet: Member of Los Melódicos [cat] | 1 discos propios	BD:public.persons (consulta viva 2026-10-03, aliases+redirects)	pages/renato-capriles.json+.html(meta)		
/artist/ely-mendez	Ely Méndez	30	D_miembro_de:Billo's Caracas Boys							26990	Ely Méndez	compacto	1.0	2026-10-02	persona_miembro	Billo's Caracas Boys [cat]		0		0		sin_imagen	con	2026-10-03 14:52:28	0		ya_persona	persona compacto→#26990 «Ely Méndez» (creado 2026-10-02) | meta: born (persona) | snippet: Member of Billo's Caracas Boys [cat] | ficha RYM stub (sin discografía ni foto)	BD:public.persons (consulta viva 2026-10-03, aliases+redirects)	pages/ely-mendez.json+.html(meta)		
/artist/david-suarez	David Suárez	29	D_sin_senal							17738	David Suárez	compacto	1.0	2026-10-01	persona_o_solista			0		0		sin_imagen	sin_evidencia	2026-10-03 15:51:12	0		ya_persona	persona compacto→#17738 «David Suárez» (creado 2026-10-01) | meta: born (persona) | ficha RYM stub (sin discografía ni foto)	BD:public.persons (consulta viva 2026-10-03, aliases+redirects)	pages/david-suarez.json+.html(meta)		
/artist/frank-hernandez	Frank Hernández	28	D_miembro_de:The Havana Cuban Boys|El Trabuco Venezolano							8293	Frank Hernández	compacto	1.0	2026-09-13	persona_miembro	The Havana Cuban Boys [fuera]; El Trabuco Venezolano [cat]		3	Cuban Music, Mambo, Merengue	8	Album:6; V/A Compilation:3; Single:2	portada_rym	con	2026-10-03 15:01:26	6	«Frank Hernández "El Pavo" y su Orquesta» → álbum 6235 de «Frank "El Pavo" Hernández (El Pavo Frank)»; «Rítmico» → álbum 6236 de «Frank "El Pavo" Hernández (El Pavo Frank)»; «Está en lo bailable» → álbum 6237 de «Frank "El Pavo" Hernández (El Pavo Frank)»	ya_persona	persona compacto→#8293 «Frank Hernández» (creado 2026-09-13) | snippet: Member of The Havana Cuban Boys [fuera]|El Trabuco Venezolano [cat] | 3 géneros: Cuban Music, Mambo, Merengue | 8 discos propios | discos ya en catálogo: «Frank Hernández "El Pavo" y su Orquesta» → álbum 6235 de «Frank "El Pavo" Hernández (El Pavo Frank)»; «Rítmico» → álbum 6236 de «Frank "El Pavo" Hernández (El Pavo Frank)»	BD:public.persons (consulta viva 2026-10-03, aliases+redirects)	pages/frank-hernandez.json		
/artist/freddy-salcedo	Freddy Salcedo	27	D_sin_senal							32236	Freddy Salcedo	compacto	1.0	2026-10-02	persona_o_solista			1	Singer-Songwriter	1	Album:1	portada_rym	con	2026-10-03 17:38:12	1	«Araguaney» → álbum 1063 de «Roraima»	ya_persona	persona compacto→#32236 «Freddy Salcedo» (creado 2026-10-02) | meta: born (persona) | 1 géneros: Singer-Songwriter | 1 discos propios | discos ya en catálogo: «Araguaney» → álbum 1063 de «Roraima»	BD:public.persons (consulta viva 2026-10-03, aliases+redirects)	pages/freddy-salcedo.json+.html(meta)		
/artist/underaiki	Underaiki	27	C_miembro_de_banda_catalogo	Goat on Sale						39878	Underaiki	compacto	1.0	2026-10-03	persona_miembro	Goat on Sale [cat]		6	Trap, Pop Rap, Digicore, Plugg, Alternative R&B, New Jazz	42	Single:33; Appears On:13; Music video:5; EP:4; Album:3; Additional release:2; V/A Compilation:1	portada_rym	con	2026-10-03 09:40:09	6	«Zombie!» → álbum 13901 de «Gabylonia»; «Demonio» → álbum 1407 de «C.a.q.ll.e.d»; «Run» → álbum 13786 de «Lil Supa'»	ya_persona	persona compacto→#39878 «Underaiki» (creado 2026-10-03) | meta: born (persona) | snippet: Member of Goat on Sale [cat] | 6 géneros: Trap, Pop Rap, Digicore | 42 discos propios | discos ya en catálogo: «Zombie!» → álbum 13901 de «Gabylonia»; «Demonio» → álbum 1407 de «C.a.q.ll.e.d»	BD:public.persons (consulta viva 2026-10-03, aliases+redirects)	pages/underaiki.json+.html(meta)		
/artist/amado_lovera	Amado Lovera	27	D_sin_senal							20597	Amado Lovera	compacto	1.0	2026-10-02	persona_o_solista			0		4	Album:4; Appears On:1	portada_rym	con	2026-10-03 10:17:40	0		ya_persona	persona compacto→#20597 «Amado Lovera» (creado 2026-10-02) | meta: born (persona) | 4 discos propios	BD:public.persons (consulta viva 2026-10-03, aliases+redirects)	pages/amado_lovera.json+.html(meta)		
/artist/ignacio-figueredo	Ignacio Figueredo	27	D_sin_senal							19268	Ignacio Figueredo	compacto	1.0	2026-10-02	persona_o_solista			1	Folk	4	Compilation:3; Album:1	portada_rym	con	2026-10-03 06:01:34	0		ya_persona	persona compacto→#19268 «Ignacio Figueredo» (creado 2026-10-02) | meta: born (persona) | 1 géneros: Folk | 4 discos propios	BD:public.persons (consulta viva 2026-10-03, aliases+redirects)	pages/ignacio-figueredo.json+.html(meta)		
/artist/rodolfo-saglimbeni	Rodolfo Saglimbeni	26	D_sin_senal							19388	Rodolfo Saglimbeni	compacto	1.0	2026-10-02	persona_o_solista			0		1	Album:1	portada_rym	con	2026-10-03 13:15:50	0		ya_persona	persona compacto→#19388 «Rodolfo Saglimbeni» (creado 2026-10-02) | meta: born (persona) | 1 discos propios	BD:public.persons (consulta viva 2026-10-03, aliases+redirects)	pages/rodolfo-saglimbeni.json+.html(meta)		
/artist/teo-hernandez-1	Teo Hernández	26	D_miembro_de:La Crítica|Los Dementes							28674	Teo Hernández	compacto	1.0	2026-10-02	persona_miembro	La Crítica [cat]; Los Dementes [cat]		1	Salsa	1	Album:1	portada_rym	con	2026-10-03 17:37:17	1	«Mi deuda de amor» → álbum 8238 de «Los Dementes»	ya_persona	persona compacto→#28674 «Teo Hernández» (creado 2026-10-02) | meta: born (persona) | snippet: Member of La Crítica [cat]|Los Dementes [cat] | 1 géneros: Salsa | 1 discos propios | discos ya en catálogo: «Mi deuda de amor» → álbum 8238 de «Los Dementes»	BD:public.persons (consulta viva 2026-10-03, aliases+redirects)	pages/teo-hernandez-1.json+.html(meta)		
/artist/lewis-pickett	Lewis Pickett	26	D_sin_senal							28432	Lewis Pickett	compacto	1.0	2026-10-02	persona_o_solista			0		0		sin_imagen	sin_evidencia	2026-10-03 16:43:18	0		ya_persona	persona compacto→#28432 «Lewis Pickett» (creado 2026-10-02) | ficha RYM stub (sin discografía ni foto)	BD:public.persons (consulta viva 2026-10-03, aliases+redirects)	pages/lewis-pickett.json+.html(meta)		
/artist/joselo-1	Joselo	25	D_sin_senal							36365	Joselo	compacto	1.0	2026-10-02	persona_o_solista			0		8	Album:7; EP:1	portada_rym	con	2026-10-03 14:10:49	0		ya_persona	persona compacto→#36365 «Joselo» (creado 2026-10-02) | meta: born (persona) | 8 discos propios	BD:public.persons (consulta viva 2026-10-03, aliases+redirects)	pages/joselo-1.json+.html(meta)		
/artist/alberto-arvelo-torrealba	Alberto Arvelo Torrealba	25	D_sin_senal							30612	Alberto Arvelo Torrealba	compacto	1.0	2026-10-02	persona_o_solista			0		1	Album:1	portada_rym	con	2026-10-02 03:36:53	0		ya_persona	persona compacto→#30612 «Alberto Arvelo Torrealba» (creado 2026-10-02) | meta: born (persona) | 1 discos propios	BD:public.persons (consulta viva 2026-10-03, aliases+redirects)	pages/alberto-arvelo-torrealba.json+.html(meta)		
/artist/federico-villena	Federico Villena	25	D_sin_senal							33173	Federico Villena	compacto	1.0	2026-10-02	persona_o_solista			0		0		sin_imagen	sin_evidencia	2026-10-03 17:52:52	0		ya_persona	persona compacto→#33173 «Federico Villena» (creado 2026-10-02) | meta: born (persona) | ficha RYM stub (sin discografía ni foto)	BD:public.persons (consulta viva 2026-10-03, aliases+redirects)	pages/federico-villena.json+.html(meta)		
/artist/kusari-1	kusari	25	D_miembro_de:Asuka en el Fin del Mundo							39879	kusari	compacto	1.0	2026-10-04	persona_miembro	Asuka en el Fin del Mundo [cat]		1	Shoegaze	1	Single:1	portada_rym	con	2026-10-03 14:10:36	0		ya_persona	persona compacto→#39879 «kusari» (creado 2026-10-04) | snippet: Member of Asuka en el Fin del Mundo [cat] | 1 géneros: Shoegaze | 1 discos propios	BD:public.persons (consulta viva 2026-10-03, aliases+redirects)	pages/kusari-1.json+.html(meta)		
/artist/augusto-brandt	Augusto Brandt	25	D_sin_senal							20188	Augusto Brandt	compacto	1.0	2026-10-02	persona_o_solista			0		0		sin_imagen	sin_evidencia	2026-10-03 17:09:19	0		ya_persona	persona compacto→#20188 «Augusto Brandt» (creado 2026-10-02) | meta: born (persona) | ficha RYM stub (sin discografía ni foto)	BD:public.persons (consulta viva 2026-10-03, aliases+redirects)	pages/augusto-brandt.json+.html(meta)		
/artist/pastor-lopez	Pastor López	24	D_sin_senal							35568	Pastor López	compacto	1.0	2026-10-02	persona_o_solista			1	Singer-Songwriter	34	Album:24; V/A Compilation:10; Compilation:6; Single:4; Appears On:2	portada_rym	con	2026-10-03 08:42:30	1	«En México» → álbum 7911 de «Alfredo Sadel»	ya_persona	persona compacto→#35568 «Pastor López» (creado 2026-10-02) | meta: born (persona) | 1 géneros: Singer-Songwriter | 34 discos propios | discos ya en catálogo: «En México» → álbum 7911 de «Alfredo Sadel»	BD:public.persons (consulta viva 2026-10-03, aliases+redirects)	pages/pastor-lopez.json+.html(meta)		
/artist/chico-salas	Chico Salas	24	D_miembro_de:Chucho Sanoja y Su Orquesta|Jorge Beltrán y Los Peniques|Los Melódicos							29015	Chico Salas	compacto	1.0	2026-10-02	persona_miembro	Chucho Sanoja y Su Orquesta [fuera]; Jorge Beltrán y Los Peniques [fuera]; Los Melódicos [cat]; Porfi Jiménez y Su Orquesta [cat]		0		5	Album:5; Appears On:1; V/A Compilation:1	portada_rym	con	2026-10-02 03:24:01	0		ya_persona	persona compacto→#29015 «Chico Salas» (creado 2026-10-02) | meta: born (persona) | snippet: Member of Chucho Sanoja y Su Orquesta [fuera]|Jorge Beltrán y Los Peniques [fuera]|Los Melódicos [cat]|Porfi Jiménez y Su Orquesta [cat] | 5 discos propios	BD:public.persons (consulta viva 2026-10-03, aliases+redirects)	pages/chico-salas.json+.html(meta)		
/artist/rodrigo-riera	Rodrigo Riera	23	D_sin_senal							19490	Rodrigo Riera	compacto	1.0	2026-10-02	persona_o_solista			0		2	Album:2; V/A Compilation:1	portada_rym	con	2026-10-03 08:18:19	1	«Aguinaldos que no se olvidan» → álbum 8430 de «María Teresa Chacín»	ya_persona	persona compacto→#19490 «Rodrigo Riera» (creado 2026-10-02) | meta: born (persona) | 2 discos propios | discos ya en catálogo: «Aguinaldos que no se olvidan» → álbum 8430 de «María Teresa Chacín»	BD:public.persons (consulta viva 2026-10-03, aliases+redirects)	pages/rodrigo-riera.json+.html(meta)		
/artist/cheo-garcia	Cheo García	23	D_miembro_de:Billo's Caracas Boys|Jorge Beltrán y Los Peniques|Los Melódicos							26725	Cheo García	compacto	1.0	2026-10-02	persona_miembro	Billo's Caracas Boys [cat]; Jorge Beltrán y Los Peniques [fuera]; Los Melódicos [cat]; La Tremenda [fuera]; La [fuera]		0		3	Album:2; Appears On:1; Compilation:1	portada_rym	con	2026-10-03 10:00:18	1	«Anoche no dormí» → álbum 15094 de «Billo's Caracas Boys»	ya_persona	persona compacto→#26725 «Cheo García» (creado 2026-10-02) | meta: born (persona) | snippet: Member of Billo's Caracas Boys [cat]|Jorge Beltrán y Los Peniques [fuera]|Los Melódicos [cat]|La Tremenda [fuera]|La [fuera] | 3 discos propios | discos ya en catálogo: «Anoche no dormí» → álbum 15094 de «Billo's Caracas Boys»	BD:public.persons (consulta viva 2026-10-03, aliases+redirects)	pages/cheo-garcia.json+.html(meta)		
/artist/salvador-rodriguez	Salvador Rodríguez	23	D_sin_senal							22555	Salvador Rodríguez	compacto	1.0	2026-10-02	persona_o_solista			1	Joropo	1	Album:1	portada_rym	con	2026-10-03 18:08:43	0		ya_persona	persona compacto→#22555 «Salvador Rodríguez» (creado 2026-10-02) | meta: born (persona) | 1 géneros: Joropo | 1 discos propios	BD:public.persons (consulta viva 2026-10-03, aliases+redirects)	pages/salvador-rodriguez.json+.html(meta)		
/artist/memo-morales	Memo Morales	22	D_miembro_de:Billo's Caracas Boys							22525	Memo Morales	compacto	1.0	2026-10-02	persona_miembro	Billo's Caracas Boys [cat]		1	Bolero	3	Album:3	portada_rym	con	2026-10-03 10:10:48	2	«La niña Isabel» → álbum 15122 de «Billo's Caracas Boys»; «Voces de Billo: Vol. II» → álbum 15201 de «Billo's Caracas Boys»	ya_persona	persona compacto→#22525 «Memo Morales» (creado 2026-10-02) | meta: born (persona) | snippet: Member of Billo's Caracas Boys [cat] | 1 géneros: Bolero | 3 discos propios | discos ya en catálogo: «La niña Isabel» → álbum 15122 de «Billo's Caracas Boys»; «Voces de Billo: Vol. II» → álbum 15201 de «Billo's Caracas Boys»	BD:public.persons (consulta viva 2026-10-03, aliases+redirects)	pages/memo-morales.json+.html(meta)		
/artist/edgar-gurmeitte	Edgar Gurmeitte	22	D_sin_senal							31147	Edgar Gurmeitte	compacto	1.0	2026-10-02	persona_o_solista			0		1	Album:1	portada_rym	con	2026-10-03 18:12:32	0		ya_persona	persona compacto→#31147 «Edgar Gurmeitte» (creado 2026-10-02) | meta: born (persona) | 1 discos propios	BD:public.persons (consulta viva 2026-10-03, aliases+redirects)	pages/edgar-gurmeitte.json+.html(meta)		
/artist/alfredo-sanchez	Alfredo Sánchez	22	D_sin_senal							30793	Alfredo Sánchez	compacto	1.0	2026-10-02	persona_o_solista			1	Joropo	1	Album:1	portada_rym	con	2026-10-03 15:34:29	0		ya_persona	persona compacto→#30793 «Alfredo Sánchez» (creado 2026-10-02) | meta: born (persona) | 1 géneros: Joropo | 1 discos propios	BD:public.persons (consulta viva 2026-10-03, aliases+redirects)	pages/alfredo-sanchez.json+.html(meta)		
/artist/salvador-llamozas	Salvador Llamozas	22	D_sin_senal							20184	Salvador Llamozas	compacto	1.0	2026-10-02	persona_o_solista			0		0		sin_imagen	sin_evidencia	2026-10-03 12:20:10	0		ya_persona	persona compacto→#20184 «Salvador Llamozas» (creado 2026-10-02) | meta: born (persona) | ficha RYM stub (sin discografía ni foto)	BD:public.persons (consulta viva 2026-10-03, aliases+redirects)	pages/salvador-llamozas.json+.html(meta)		
/artist/olga-lopez	Olga López	21	D_sin_senal							19738	Olga López	compacto	1.0	2026-10-02	persona_o_solista			0		2	Album:2	portada_rym	con	2026-10-03 14:47:50	1	«Latam» → álbum 5815 de «Daniela Padrón»	ya_persona	persona compacto→#19738 «Olga López» (creado 2026-10-02) | 2 discos propios | discos ya en catálogo: «Latam» → álbum 5815 de «Daniela Padrón»	BD:public.persons (consulta viva 2026-10-03, aliases+redirects)	pages/olga-lopez.json+.html(meta)		
/artist/gustavo-castillo	Gustavo Castillo	21	D_sin_senal							25433	Gustavo Castillo	compacto	1.0	2026-10-02	persona_o_solista			0		1	Album:1	portada_rym	con	2026-10-03 11:55:35	0		ya_persona	persona compacto→#25433 «Gustavo Castillo» (creado 2026-10-02) | 1 discos propios	BD:public.persons (consulta viva 2026-10-03, aliases+redirects)	pages/gustavo-castillo.json+.html(meta)		
/artist/amilcar_segura	Amílcar Segura	21	D_sin_senal							29299	Amilcar Segura	compacto	1.0	2026-10-02	persona_o_solista			0		0		sin_imagen	sin_evidencia	2026-10-03 08:16:14	0		ya_persona	persona compacto→#29299 «Amilcar Segura» (creado 2026-10-02) | ficha RYM stub (sin discografía ni foto)	BD:public.persons (consulta viva 2026-10-03, aliases+redirects)	pages/amilcar_segura.json+.html(meta)		
/artist/gl1tchhhvkvmv	gL1tChhhvkVmv	21	D_miembro_de:Weed420							39880	gL1tChhhvkVmv	compacto	1.0	2026-10-04	persona_miembro	Weed420 [nuevo]		1	HexD	1	DJ Mix:1	portada_rym	con	2026-10-03 08:15:03	0		ya_persona	persona compacto→#39880 «gL1tChhhvkVmv» (creado 2026-10-04) | meta: born (persona) | snippet: Member of Weed420 [nuevo] | 1 géneros: HexD | 1 discos propios	BD:public.persons (consulta viva 2026-10-03, aliases+redirects)	pages/gl1tchhhvkvmv.json+.html(meta)		
/artist/nelson-pinedo	Nelson Pinedo	21	D_miembro_de:Sonora Matancera							27011	Nelson Pinedo	compacto	1.0	2026-10-02	persona_miembro	Sonora Matancera [fuera]		1	Bolero	14	Album:11; Appears On:6; V/A Compilation:5; Single:3	portada_rym	con	2026-10-03 08:56:13	1	«¿Quien Sera?» → álbum 13876 de «Big Soto»	ya_persona	persona compacto→#27011 «Nelson Pinedo» (creado 2026-10-02) | meta: born (persona) | snippet: Member of Sonora Matancera [fuera] | 1 géneros: Bolero | 14 discos propios | discos ya en catálogo: «¿Quien Sera?» → álbum 13876 de «Big Soto»	BD:public.persons (consulta viva 2026-10-03, aliases+redirects)	pages/nelson-pinedo.json+.html(meta)		
/artist/marianne-mali	Marianne Malí	21	C_miembro_de_banda_catalogo	Mochuelo						39874	Marianne Malí	compacto	1.0	2026-10-03	persona_miembro	Mochuelo [cat]		1	Jazz Pop	1	EP:1; Appears On:1	portada_rym	con	2026-10-03 06:28:13	0		ya_persona	persona compacto→#39874 «Marianne Malí» (creado 2026-10-03) | snippet: Member of Mochuelo [cat] | 1 géneros: Jazz Pop | 1 discos propios	BD:public.persons (consulta viva 2026-10-03, aliases+redirects)	pages/marianne-mali.json+.html(meta)		
/artist/federico-betancourt	Federico Betancourt	21	D_miembro_de:Federico y Su Combo Latino							24907	Federico Betancourt	compacto	1.0	2026-10-02	persona_miembro	Federico y Su Combo Latino [cat]		0		2	Album:2	portada_rym	con	2026-10-03 12:27:57	1	«El maestro» → álbum 8057 de «Federico y Su»	ya_persona	persona compacto→#24907 «Federico Betancourt» (creado 2026-10-02) | meta: born (persona) | snippet: Member of Federico y Su Combo Latino [cat] | 2 discos propios | discos ya en catálogo: «El maestro» → álbum 8057 de «Federico y Su»	BD:public.persons (consulta viva 2026-10-03, aliases+redirects)	pages/federico-betancourt.json+.html(meta)		
/artist/prieto-gang	Prieto Gang	21	C_miembro_de_banda_catalogo	Guerrilla Seca						39881	Prieto Gang	compacto	1.0	2026-10-04	persona_miembro	Guerrilla Seca [cat]		0		10	Album:6; Single:4; Appears On:3	portada_rym	con	2026-10-03 12:12:31	1	«Al desnudo» → álbum 2874 de «El Prieto»	ya_persona	persona compacto→#39881 «Prieto Gang» (creado 2026-10-04) | meta: born (persona) | snippet: Member of Guerrilla Seca [cat] | 10 discos propios | discos ya en catálogo: «Al desnudo» → álbum 2874 de «El Prieto»	BD:public.persons (consulta viva 2026-10-03, aliases+redirects)	pages/prieto-gang.json+.html(meta)		
/artist/oswaldo-rey	Oswaldo Rey	20	D_miembro_de:Los Megatones|Los Armonicos							31573	Oswaldo Rey	compacto	1.0	2026-10-02	persona_miembro	Los Megatones [fuera]; Los Armonicos [fuera]		1	Guaracha	1	Album:1	portada_rym	con	2026-10-03 13:35:07	0		ya_persona	persona compacto→#31573 «Oswaldo Rey» (creado 2026-10-02) | meta: born (persona) | snippet: Member of Los Megatones [fuera]|Los Armonicos [fuera] | 1 géneros: Guaracha | 1 discos propios	BD:public.persons (consulta viva 2026-10-03, aliases+redirects)	pages/oswaldo-rey.json+.html(meta)		
/artist/oswaldo-oropeza	Oswaldo Oropeza	20	D_sin_senal							25682	Oswaldo Oropeza	compacto	1.0	2026-10-02	persona_o_solista			1	Vallenato	4	Album:3; Single:1; V/A Compilation:1	portada_rym	con	2026-10-03 15:22:58	0		ya_persona	persona compacto→#25682 «Oswaldo Oropeza» (creado 2026-10-02) | meta: born (persona) | 1 géneros: Vallenato | 4 discos propios	BD:public.persons (consulta viva 2026-10-03, aliases+redirects)	pages/oswaldo-oropeza.json+.html(meta)		
/artist/ava-casas	Ava Casas	19	C_miembro_de_banda_catalogo	Americania						39875	Ava Casas	compacto	1.0	2026-10-03	persona_miembro	Americania [cat]		1	Singer-Songwriter	1	Album:1	portada_rym	con	2026-10-03 12:16:16	0		ya_persona	persona compacto→#39875 «Ava Casas» (creado 2026-10-03) | snippet: Member of Americania [cat] | 1 géneros: Singer-Songwriter | 1 discos propios	BD:public.persons (consulta viva 2026-10-03, aliases+redirects)	pages/ava-casas.json+.html(meta)		
/artist/billo-frometa	Billo Frómeta	19	D_miembro_de:Billo's Caracas Boys							20300	Billo Frometa	compacto	1.0	2026-10-02	persona_miembro	Billo's Caracas Boys [cat]		0		10	Album:8; Compilation:2; V/A Compilation:1	portada_rym	con	2026-10-03 07:22:54	7	«Concierto Venezolano» → álbum 15198 de «Billo's Caracas Boys»; «Tres viejos amigos» → álbum 6721 de «Billo's Caracas Boys / Billos / Billo Frómeta»; «Canciones de ayer y hoy» → álbum 6730 de «Billo's Caracas Boys / Billos / Billo Frómeta»	ya_persona	persona compacto→#20300 «Billo Frometa» (creado 2026-10-02) | meta: born (persona) | snippet: Member of Billo's Caracas Boys [cat] | 10 discos propios | discos ya en catálogo: «Concierto Venezolano» → álbum 15198 de «Billo's Caracas Boys»; «Tres viejos amigos» → álbum 6721 de «Billo's Caracas Boys / Billos / Billo Frómeta»	BD:public.persons (consulta viva 2026-10-03, aliases+redirects)	pages/billo-frometa.json+.html(meta)		
/artist/porfi-jimenez	Porfi Jiménez	19	D_miembro_de:Billo's Caracas Boys|Porfi Jiménez y Su Orquesta							27980	Porfi Jiménez	compacto	1.0	2026-10-02	persona_miembro	Billo's Caracas Boys [cat]; Porfi Jiménez y Su Orques [fuera]		0		8	Album:6; Single:2; Appears On:2; V/A Compilation:2	portada_rym	con	2026-10-03 08:39:42	0		ya_persona	persona compacto→#27980 «Porfi Jiménez» (creado 2026-10-02) | meta: born (persona) | snippet: Member of Billo's Caracas Boys [cat]|Porfi Jiménez y Su Orques [fuera] | 8 discos propios	BD:public.persons (consulta viva 2026-10-03, aliases+redirects)	pages/porfi-jimenez.json+.html(meta)		
/artist/rafael-suarez	Rafael Suárez	19	D_miembro_de:Quinteto Contrapunto							30439	Rafael Suárez	compacto	1.0	2026-10-02	persona_miembro	Quinteto Contrapunto [cat]		0		0		sin_imagen	con	2026-10-03 08:00:29	0		ya_persona	persona compacto→#30439 «Rafael Suárez» (creado 2026-10-02) | meta: born (persona) | snippet: Member of Quinteto Contrapunto [cat] | ficha RYM stub (sin discografía ni foto)	BD:public.persons (consulta viva 2026-10-03, aliases+redirects)	pages/rafael-suarez.json+.html(meta)		
/artist/irina-kircher	Irina Kircher	19	D_sin_senal							19982	Irina Kircher	compacto	1.0	2026-10-02	persona_o_solista			1	Classical Music	1	Compilation:1	portada_rym	con	2026-10-03 09:05:19	0		ya_persona	persona compacto→#19982 «Irina Kircher» (creado 2026-10-02) | meta: born (persona) | 1 géneros: Classical Music | 1 discos propios	BD:public.persons (consulta viva 2026-10-03, aliases+redirects)	pages/irina-kircher.json+.html(meta)		
/artist/el-otro-polo	El Otro Polo	19	C_miembro_de_banda_catalogo	Fuego Montevideo						39882	El Otro Polo	compacto	1.0	2026-10-04	persona_miembro	Fuego Montevideo [cat]		1	Jazz Pop	23	Single:19; Album:3; Appears On:3; EP:1	portada_rym	con	2026-10-03 11:35:51	2	«Bésame» → álbum 12995 de «Porfi Baloa»; «Claridad» → álbum 9576 de «Alberto "Cheche" Requena»	ya_persona	persona compacto→#39882 «El Otro Polo» (creado 2026-10-04) | snippet: Member of Fuego Montevideo [cat] | 1 géneros: Jazz Pop | 23 discos propios | discos ya en catálogo: «Bésame» → álbum 12995 de «Porfi Baloa»; «Claridad» → álbum 9576 de «Alberto "Cheche" Requena»	BD:public.persons (consulta viva 2026-10-03, aliases+redirects)	pages/el-otro-polo.json+.html(meta)		
/artist/morella-munoz	Morella Muñoz	19	D_sin_senal							19465	Morella Muñoz	compacto	1.0	2026-10-02	persona_o_solista			1	Classical Music	4	Album:4	portada_rym	con	2026-10-03 12:28:53	1	«Canciones, Tonadas y Aguinaldos Venezolanos» → álbum 5966 de «Alirio Díaz y Morella Muñoz»	ya_persona	persona compacto→#19465 «Morella Muñoz» (creado 2026-10-02) | meta: born (persona) | 1 géneros: Classical Music | 4 discos propios | discos ya en catálogo: «Canciones, Tonadas y Aguinaldos Venezolanos» → álbum 5966 de «Alirio Díaz y Morella Muñoz»	BD:public.persons (consulta viva 2026-10-03, aliases+redirects)	pages/morella-munoz.json+.html(meta)		
/artist/william-puchi	William Puchi	19	D_sin_senal							24889	William Puchi	compacto	1.0	2026-10-02	persona_o_solista			0		1	Album:1	sin_imagen	con	2026-10-03 10:47:03	0		ya_persona	persona compacto→#24889 «William Puchi» (creado 2026-10-02) | 1 discos propios	BD:public.persons (consulta viva 2026-10-03, aliases+redirects)	pages/william-puchi.json+.html(meta)		
/artist/victor-mendoza-1	Víctor Mendoza	19	C_miembro_de_banda_catalogo	Dimensión Latina|Trío Venezuela						18573	Victor Mendoza	compacto	1.0	2026-10-01	persona_miembro	Dimensión Latina [cat]; El Clan de Víctor [fuera]; Trío Venezuela [cat]		0		0		sin_imagen	con	2026-10-03 13:24:46	0		ya_persona	persona compacto→#18573 «Victor Mendoza» (creado 2026-10-01) | meta: born (persona) | snippet: Member of Dimensión Latina [cat]|El Clan de Víctor [fuera]|Trío Venezuela [cat] | ficha RYM stub (sin discografía ni foto)	BD:public.persons (consulta viva 2026-10-03, aliases+redirects)	pages/victor-mendoza-1.json+.html(meta)		
/artist/rafael-bacallao	Rafael Bacallao	19	D_miembro_de:Fajardo y Sus Estrellas|Orquesta Aragón							39883	Rafael Bacallao	compacto	1.0	2026-10-04	persona_miembro	Fajardo y Sus Estrellas [fuera]; Orquesta Aragón [cat]		0		0	Appears On:1	sin_imagen	con	2026-10-03 09:03:48	0		ya_persona	persona compacto→#39883 «Rafael Bacallao» (creado 2026-10-04) | meta: born (persona) | snippet: Member of Fajardo y Sus Estrellas [fuera]|Orquesta Aragón [cat]	BD:public.persons (consulta viva 2026-10-03, aliases+redirects)	pages/rafael-bacallao.json+.html(meta)		
/artist/bearsbeetsbattlestar	bearsbeetsbattlestar	19	D_miembro_de:cats! and beloved pets|mil ataris por segundo							39884	bearsbeetsbattlestar	compacto	1.0	2026-10-04	persona_miembro	cats! and beloved pets [cat]; mil ataris por segundo [cat]		1	Math Pop	3	EP:2; Single:1	portada_rym	con	2026-10-03 15:48:54	1	«Demo» → álbum 1007 de «Skoria»	ya_persona	persona compacto→#39884 «bearsbeetsbattlestar» (creado 2026-10-04) | snippet: Member of cats! and beloved pets [cat]|mil ataris por segundo [cat] | 1 géneros: Math Pop | 3 discos propios | discos ya en catálogo: «Demo» → álbum 1007 de «Skoria»	BD:public.persons (consulta viva 2026-10-03, aliases+redirects)	pages/bearsbeetsbattlestar.json+.html(meta)		
/artist/victor-pinero	Victor Piñero	19	D_miembro_de:Sonora Matancera							25447	Víctor Pinero	compacto	1.0	2026-10-02	persona_miembro	Sonora Matancera [fuera]		1	Bolero	10	Album:10; V/A Compilation:5; Appears On:2	portada_rym	con	2026-10-03 15:50:32	1	«Recordando al rey del merecumbé: Vol. 2» → álbum 7446 de «Los Melódicos / Renato Capriles»	ya_persona	persona compacto→#25447 «Víctor Pinero» (creado 2026-10-02) | meta: born (persona) | snippet: Member of Sonora Matancera [fuera] | 1 géneros: Bolero | 10 discos propios | discos ya en catálogo: «Recordando al rey del merecumbé: Vol. 2» → álbum 7446 de «Los Melódicos / Renato Capriles»	BD:public.persons (consulta viva 2026-10-03, aliases+redirects)	pages/victor-pinero.json+.html(meta)		
/artist/kuroky-sanchez	Kuroky Sánchez	19	D_miembro_de:Billo's Caracas Boys							26752	Kuroky Sánchez	compacto	1.0	2026-10-02	persona_miembro	Billo's Caracas Boys [cat]		0		0		sin_imagen	con	2026-10-03 07:13:51	0		ya_persona	persona compacto→#26752 «Kuroky Sánchez» (creado 2026-10-02) | snippet: Member of Billo's Caracas Boys [cat] | ficha RYM stub (sin discografía ni foto)	BD:public.persons (consulta viva 2026-10-03, aliases+redirects)	pages/kuroky-sanchez.json+.html(meta)		
/artist/miguel-briceno	Miguel Briceño	19	D_miembro_de:Billo's Caracas Boys							26648	Miguel Briceño	compacto	1.0	2026-10-02	persona_miembro	Billo's Caracas Boys [cat]		0		0		sin_imagen	con	2026-10-03 06:07:55	0		ya_persona	persona compacto→#26648 «Miguel Briceño» (creado 2026-10-02) | snippet: Member of Billo's Caracas Boys [cat] | ficha RYM stub (sin discografía ni foto)	BD:public.persons (consulta viva 2026-10-03, aliases+redirects)	pages/miguel-briceno.json+.html(meta)		
/artist/florentino-primera	Florentino Primera	19	C_miembro_de_banda_catalogo	Servando y Florentino						17400	Florentino Primera	compacto	1.0	2026-10-01	persona_miembro	Servando y Florentino [cat]		0		0	Appears On:1	sin_imagen	con	2026-10-03 11:48:48	0		ya_persona	persona compacto→#17400 «Florentino Primera» (creado 2026-10-01) | meta: born (persona) | snippet: Member of Servando y Florentino [cat]	BD:public.persons (consulta viva 2026-10-03, aliases+redirects)	pages/florentino-primera.json+.html(meta)		
/artist/eduardo-javith	Eduardo Javith	19	D_sin_senal							18093	Eduardo Javith	compacto	1.0	2026-10-01	persona_o_solista			1	House	1	Appears On:5; EP:1	portada_rym	con	2026-10-03 12:26:46	0		ya_persona	persona compacto→#18093 «Eduardo Javith» (creado 2026-10-01) | 1 géneros: House | 1 discos propios	BD:public.persons (consulta viva 2026-10-03, aliases+redirects)	pages/eduardo-javith.json+.html(meta)		
/artist/alexander-apostol	Alexander Apóstol	19	D_sin_senal							37330	Alexander Apostol	compacto	1.0	2026-10-02	persona_o_solista			0		0		sin_imagen	sin_evidencia	2026-10-03 10:40:18	0		ya_persona	persona compacto→#37330 «Alexander Apostol» (creado 2026-10-02) | meta: born (persona) | ficha RYM stub (sin discografía ni foto)	BD:public.persons (consulta viva 2026-10-03, aliases+redirects)	pages/alexander-apostol.json+.html(meta)		
/artist/cristobal-rojas	Cristóbal Rojas	19	D_sin_senal							36657	Cristobal Rojas	compacto	1.0	2026-10-02	persona_o_solista			0		0		sin_imagen	sin_evidencia	2026-10-03 10:22:06	0		ya_persona	persona compacto→#36657 «Cristobal Rojas» (creado 2026-10-02) | meta: born (persona) | ficha RYM stub (sin discografía ni foto)	BD:public.persons (consulta viva 2026-10-03, aliases+redirects)	pages/cristobal-rojas.json+.html(meta)		
/artist/pancho-prim	Pancho Prim	19	D_sin_senal							30891	Pancho Prím	compacto	1.0	2026-10-02	persona_o_solista			0		2	Album:2	portada_rym	con	2026-10-03 18:15:34	0		ya_persona	persona compacto→#30891 «Pancho Prím» (creado 2026-10-02) | meta: born (persona) | 2 discos propios	BD:public.persons (consulta viva 2026-10-03, aliases+redirects)	pages/pancho-prim.json+.html(meta)		
/artist/joaquin-arteaga	Joaquín Arteaga	19	D_miembro_de:Bloque 53|Flameland|Tromboranga							23878	Joaquin Arteaga	compacto	1.0	2026-10-02	persona_miembro	Bloque 53 [fuera]; Flameland [fuera]; Tromboranga [fuera]		0		0		sin_imagen	con	2026-10-03 17:29:23	0		ya_persona	persona compacto→#23878 «Joaquin Arteaga» (creado 2026-10-02) | meta: born (persona) | snippet: Member of Bloque 53 [fuera]|Flameland [fuera]|Tromboranga [fuera] | ficha RYM stub (sin discografía ni foto)	BD:public.persons (consulta viva 2026-10-03, aliases+redirects)	pages/joaquin-arteaga.json+.html(meta)		
/artist/napoleon_lucena	Napoleón Lucena	18	D_miembro_de:Banda Larense|Orquesta Mavare							19937	Napoleón Lucena	compacto	1.0	2026-10-02	persona_miembro	Banda Larense [fuera]; Orquesta Mavare [fuera]		0		0		sin_imagen	con	2026-10-03 09:43:17	0		ya_persona	persona compacto→#19937 «Napoleón Lucena» (creado 2026-10-02) | meta: born (persona) | snippet: Member of Banda Larense [fuera]|Orquesta Mavare [fuera] | ficha RYM stub (sin discografía ni foto)	BD:public.persons (consulta viva 2026-10-03, aliases+redirects)	pages/napoleon_lucena.json+.html(meta)		
/artist/pedro-emilio-sanchez	Pedro Emilio Sánchez	18	D_miembro_de:Palmarito							30604	Pedro Emilio Sánchez	compacto	1.0	2026-10-02	persona_miembro	Palmarito [fuera]		0		0		sin_imagen	con	2026-10-03 12:31:43	0		ya_persona	persona compacto→#30604 «Pedro Emilio Sánchez» (creado 2026-10-02) | meta: born (persona) | snippet: Member of Palmarito [fuera] | ficha RYM stub (sin discografía ni foto)	BD:public.persons (consulta viva 2026-10-03, aliases+redirects)	pages/pedro-emilio-sanchez.json+.html(meta)		
/artist/orlando-watussi	Orlando Watussi	18	D_sin_senal							21828	Orlando Watussi	compacto	1.0	2026-10-02	persona_o_solista			1	Salsa	1	Album:1	portada_rym	con	2026-10-03 18:12:54	1	«Siempre pa' lante» → álbum 8605 de «Gualberto Ibarreto»	ya_persona	persona compacto→#21828 «Orlando Watussi» (creado 2026-10-02) | meta: born (persona) | 1 géneros: Salsa | 1 discos propios | discos ya en catálogo: «Siempre pa' lante» → álbum 8605 de «Gualberto Ibarreto»	BD:public.persons (consulta viva 2026-10-03, aliases+redirects)	pages/orlando-watussi.json+.html(meta)		
/artist/juan-sebastien-jimenez	Juan-Sébastien Jiménez	18	D_miembro_de:Forgas Band Phenomena							24506	Juan Sébastien Jiménez	compacto	1.0	2026-10-02	persona_miembro	Forgas Band Phenomena [fuera]		0		0		sin_imagen	con	2026-10-03 10:35:44	0		ya_persona	persona compacto→#24506 «Juan Sébastien Jiménez» (creado 2026-10-02) | snippet: Member of Forgas Band Phenomena [fuera] | ficha RYM stub (sin discografía ni foto)	BD:public.persons (consulta viva 2026-10-03, aliases+redirects)	pages/juan-sebastien-jimenez.json+.html(meta)		
/artist/vidal_colmenares	Vidal Colmenares	18	D_sin_senal							32517	Vidal Colmenares	compacto	1.0	2026-10-02	persona_o_solista			0		1	Album:1; Appears On:1	sin_imagen	con	2026-10-03 15:15:17	0		ya_persona	persona compacto→#32517 «Vidal Colmenares» (creado 2026-10-02) | meta: born (persona) | 1 discos propios	BD:public.persons (consulta viva 2026-10-03, aliases+redirects)	pages/vidal_colmenares.json+.html(meta)		
/artist/escuela-de-vuelo	escuela de vuelo	18	D_miembro_de:Eustace							39885	escuela de vuelo	compacto	1.0	2026-10-04	persona_miembro	Eustace [cat]		1	Shoegaze	1	EP:1	portada_rym	con	2026-10-03 15:24:57	0		ya_persona	persona compacto→#39885 «escuela de vuelo» (creado 2026-10-04) | meta: born (persona) | snippet: Member of Eustace [cat] | 1 géneros: Shoegaze | 1 discos propios	BD:public.persons (consulta viva 2026-10-03, aliases+redirects)	pages/escuela-de-vuelo.json+.html(meta)		
/artist/benito-canonico	Benito Canónico	18	D_sin_senal							19304	Benito Canonico	compacto	1.0	2026-10-02	persona_o_solista			0		0		sin_imagen	sin_evidencia	2026-10-03 15:03:21	0		ya_persona	persona compacto→#19304 «Benito Canonico» (creado 2026-10-02) | meta: born (persona) | ficha RYM stub (sin discografía ni foto)	BD:public.persons (consulta viva 2026-10-03, aliases+redirects)	pages/benito-canonico.json+.html(meta)		
/artist/georgina-2	Georgina	17	C_miembro_de_banda_catalogo	Tisuby & Georgina						36513	Georgina	compacto	1.0	2026-10-02	persona_miembro	Tisuby & Georgina [cat]		1	Pop	12	Appears On:10; V/A Compilation:10; Single:6; Album:5; EP:1; Music video:1	portada_rym	con	2026-10-03 09:57:33	3	«RaRa» → álbum 6047 de «Alberto Naranjo»; «Rara» → álbum 6047 de «Alberto Naranjo»; «Aire» → álbum 5755 de «Victor Castillo»	ya_persona	persona compacto→#36513 «Georgina» (creado 2026-10-02) | meta: born (persona) | snippet: Member of Tisuby & Georgina [cat] | 1 géneros: Pop | 12 discos propios | discos ya en catálogo: «RaRa» → álbum 6047 de «Alberto Naranjo»; «Rara» → álbum 6047 de «Alberto Naranjo»	BD:public.persons (consulta viva 2026-10-03, aliases+redirects)	pages/georgina-2.json+.html(meta)		
/artist/miguel-otero-silva	Miguel Otero Silva	17	D_sin_senal							32446	Miguel Otero Silva	compacto	1.0	2026-10-02	persona_o_solista			0		1	Album:1	portada_rym	con	2026-10-03 17:20:01	0		ya_persona	persona compacto→#32446 «Miguel Otero Silva» (creado 2026-10-02) | meta: born (persona) | 1 discos propios	BD:public.persons (consulta viva 2026-10-03, aliases+redirects)	pages/miguel-otero-silva.json+.html(meta)		
/artist/manuel-lara	Manuel Lara	17	D_miembro_de:Lara Project							36097	Manuel Lara	compacto	1.0	2026-10-02	persona_miembro	Lara Project [nuevo]		0		0	Appears On:1	sin_imagen	con	2026-10-03 15:53:02	0		ya_persona	persona compacto→#36097 «Manuel Lara» (creado 2026-10-02) | snippet: Member of Lara Project [nuevo]	BD:public.persons (consulta viva 2026-10-03, aliases+redirects)	pages/manuel-lara.json+.html(meta)		
/artist/fernando-madina	Fernando Madina	17	D_miembro_de:Reincidentes							15365	Fernando Madina	compacto	1.0	2026-10-01	persona_miembro	Reincidentes [fuera]		0		0	Appears On:4; V/A Compilation:1	sin_imagen	con	2026-10-03 11:45:42	0		ya_persona	persona compacto→#15365 «Fernando Madina» (creado 2026-10-01) | meta: born (persona) | snippet: Member of Reincidentes [fuera]	BD:public.persons (consulta viva 2026-10-03, aliases+redirects)	pages/fernando-madina.json+.html(meta)		
/artist/carlos-riazuelo	Carlos Riazuelo	17	D_sin_senal							20488	Carlos Riazuelo	compacto	1.0	2026-10-02	persona_o_solista			1	Modern Classical	4	Album:3; Live Album:1	portada_rym	con	2026-10-02 03:34:39	0		ya_persona	persona compacto→#20488 «Carlos Riazuelo» (creado 2026-10-02) | meta: born (persona) | 1 géneros: Modern Classical | 4 discos propios	BD:public.persons (consulta viva 2026-10-03, aliases+redirects)	pages/carlos-riazuelo.json+.html(meta)		
/artist/jose-gregorio-lopez	José Gregorio López	16	D_sin_senal							32418	José Gregorio López	compacto	1.0	2026-10-02	persona_o_solista			1	Folk	1	Album:1	portada_rym	con	2026-10-03 11:57:38	0		ya_persona	persona compacto→#32418 «José Gregorio López» (creado 2026-10-02) | meta: born (persona) | 1 géneros: Folk | 1 discos propios	BD:public.persons (consulta viva 2026-10-03, aliases+redirects)	pages/jose-gregorio-lopez.json+.html(meta)		
/artist/llanero-electrico	Llanero Eléctrico	16	C_miembro_de_banda_catalogo	Toberías						39886	Llanero Eléctrico	compacto	1.0	2026-10-04	persona_miembro	Los Corotos [fuera]; Toberías [cat]		1	Joropo	1	Single:1	portada_rym	con	2026-10-03 17:52:16	0		ya_persona	persona compacto→#39886 «Llanero Eléctrico» (creado 2026-10-04) | meta: born (persona) | snippet: Member of Los Corotos [fuera]|Toberías [cat] | 1 géneros: Joropo | 1 discos propios	BD:public.persons (consulta viva 2026-10-03, aliases+redirects)	pages/llanero-electrico.json+.html(meta)		
/artist/solveig-hoogesteijn	Solveig Hoogesteijn	16	D_sin_senal							23736	Solveig Hoogesteijn	compacto	1.0	2026-10-02	persona_o_solista			0		0		sin_imagen	sin_evidencia	2026-10-03 08:12:56	0		ya_persona	persona compacto→#23736 «Solveig Hoogesteijn» (creado 2026-10-02) | meta: born (persona) | ficha RYM stub (sin discografía ni foto)	BD:public.persons (consulta viva 2026-10-03, aliases+redirects)	pages/solveig-hoogesteijn.json+.html(meta)		
/artist/jose-ortiz-1	José Ortiz	16	D_miembro_de:El Trabuco Venezolano							22773	José Ortiz	compacto	1.0	2026-10-02	persona_miembro	El Trabuco Venezolano [cat]		0		1	Album:1	sin_imagen	con	2026-10-03 15:31:08	0		ya_persona	persona compacto→#22773 «José Ortiz» (creado 2026-10-02) | meta: born (persona) | snippet: Member of El Trabuco Venezolano [cat] | 1 discos propios	BD:public.persons (consulta viva 2026-10-03, aliases+redirects)	pages/jose-ortiz-1.json+.html(meta)		
/artist/ulises-acosta	Ulises Acosta	16	D_sin_senal							21447	Ulises Acosta	compacto	1.0	2026-10-02	persona_o_solista			0		1	Album:1	portada_rym	con	2026-10-03 14:57:33	0		ya_persona	persona compacto→#21447 «Ulises Acosta» (creado 2026-10-02) | meta: born (persona) | 1 discos propios	BD:public.persons (consulta viva 2026-10-03, aliases+redirects)	pages/ulises-acosta.json+.html(meta)		
/artist/gerald-chacon	Gerald Chacón	16	D_sin_senal		3498	Gerardo Chacón	near	0.889	2026-10-02	21480	Gerald Chacón	compacto	1.0	2026-10-02	persona_o_solista			0		0	Appears On:3	sin_imagen	sin_evidencia	2026-10-03 13:23:01	0		ya_persona	artista near→#3498 «Gerardo Chacón» (sim 0.889, creado 2026-10-02) | persona compacto→#21480 «Gerald Chacón» (creado 2026-10-02) | meta: born (persona)	BD:public.persons (consulta viva 2026-10-03, aliases+redirects)	pages/gerald-chacon.json+.html(meta)		
/artist/djalvaro	djALVARO	16	D_miembro_de:Weed420							39887	djALVARO	compacto	1.0	2026-10-04	persona_miembro	Weed420 [nuevo]		0		0	Appears On:1	sin_imagen	con	2026-10-03 08:48:10	0		ya_persona	persona compacto→#39887 «djALVARO» (creado 2026-10-04) | meta: born (persona) | snippet: Member of Weed420 [nuevo]	BD:public.persons (consulta viva 2026-10-03, aliases+redirects)	pages/djalvaro.json+.html(meta)		
/artist/noel-grisanti	Noel Grisanti	15	D_sin_senal							15913	Noel Grisanti	compacto	1.0	2026-10-01	persona_o_solista			1	Singer-Songwriter	6	Album:6	portada_rym	con	2026-10-03 07:00:50	3	«Hasta que la muerte nos atrape» → álbum 3233 de «El Caminante»; «Festival de los payasos deprimidos» → álbum 1928 de «El Caminante»; «Dios te perdono» → álbum 3232 de «El Caminante»	ya_persona	persona compacto→#15913 «Noel Grisanti» (creado 2026-10-01) | meta: born (persona) | 1 géneros: Singer-Songwriter | 6 discos propios | discos ya en catálogo: «Hasta que la muerte nos atrape» → álbum 3233 de «El Caminante»; «Festival de los payasos deprimidos» → álbum 1928 de «El Caminante»	BD:public.persons (consulta viva 2026-10-03, aliases+redirects)	pages/noel-grisanti.json+.html(meta)		
/artist/eliezer-boyer	Eliezer Boyer	15	D_sin_senal							35699	Eliezer Boyer	compacto	1.0	2026-10-02	persona_o_solista			0		1	Album:1	sin_imagen	con	2026-10-03 06:26:10	0		ya_persona	persona compacto→#35699 «Eliezer Boyer» (creado 2026-10-02) | 1 discos propios	BD:public.persons (consulta viva 2026-10-03, aliases+redirects)	pages/eliezer-boyer.json+.html(meta)		
/artist/enrique-rivas	Enrique Rivas	15	D_sin_senal							27458	Enrique Rivas	compacto	1.0	2026-10-02	persona_o_solista			1	Joropo	3	Album:3; V/A Compilation:1	portada_rym	con	2026-10-03 07:20:13	0		ya_persona	persona compacto→#27458 «Enrique Rivas» (creado 2026-10-02) | meta: born (persona) | 1 géneros: Joropo | 3 discos propios	BD:public.persons (consulta viva 2026-10-03, aliases+redirects)	pages/enrique-rivas.json+.html(meta)		
/artist/andres_eloy_blanco	Andrés Eloy Blanco	15	D_sin_senal							27957	Andrés Eloy Blanco	compacto	1.0	2026-10-02	persona_o_solista			0		1	Album:1	portada_rym	con	2026-10-03 11:35:10	0		ya_persona	persona compacto→#27957 «Andrés Eloy Blanco» (creado 2026-10-02) | meta: born (persona) | 1 discos propios	BD:public.persons (consulta viva 2026-10-03, aliases+redirects)	pages/andres_eloy_blanco.json+.html(meta)		
/artist/enrique-torrealba	Enrique Torrealba	15	D_miembro_de:Canaima|Orlando y Su Combo|El Combo Gigante							31149	Enrique Torrealba	compacto	1.0	2026-10-02	persona_miembro	Canaima [fuera]; Orlando y Su Combo [fuera]; El Combo Gigante [fuera]		0		1	Album:1	portada_rym	con	2026-10-03 13:29:31	0		ya_persona	persona compacto→#31149 «Enrique Torrealba» (creado 2026-10-02) | meta: born (persona) | snippet: Member of Canaima [fuera]|Orlando y Su Combo [fuera]|El Combo Gigante [fuera] | 1 discos propios	BD:public.persons (consulta viva 2026-10-03, aliases+redirects)	pages/enrique-torrealba.json+.html(meta)		
/artist/luis-zea	Luis Zea	14	D_sin_senal							29998	Luis Zea	compacto	1.0	2026-10-02	persona_o_solista			0		0		sin_imagen	sin_evidencia	2026-10-03 15:28:51	0		ya_persona	persona compacto→#29998 «Luis Zea» (creado 2026-10-02) | meta: born (persona) | ficha RYM stub (sin discografía ni foto)	BD:public.persons (consulta viva 2026-10-03, aliases+redirects)	pages/luis-zea.json+.html(meta)		
/artist/leonardo-luckert	Leonardo Luckert	14	D_miembro_de:Tritonus XIV							19158	Leonardo Luckert	compacto	1.0	2026-10-02	persona_miembro	Tritonus XIV [fuera]		0		1	Album:1	portada_rym	con	2026-10-03 10:12:54	0		ya_persona	persona compacto→#19158 «Leonardo Luckert» (creado 2026-10-02) | snippet: Member of Tritonus XIV [fuera] | 1 discos propios	BD:public.persons (consulta viva 2026-10-03, aliases+redirects)	pages/leonardo-luckert.json+.html(meta)		
/artist/jose-romero-bello	José Romero Bello	13	D_miembro_de:Los Llaneros del Oeste							31819	José Romero Bello	compacto	1.0	2026-10-02	persona_miembro	Los Llaneros del Oeste [fuera]		1	Joropo	2	Album:1; Compilation:1	portada_rym	con	2026-10-03 10:48:01	0		ya_persona	persona compacto→#31819 «José Romero Bello» (creado 2026-10-02) | meta: born (persona) | snippet: Member of Los Llaneros del Oeste [fuera] | 1 géneros: Joropo | 2 discos propios	BD:public.persons (consulta viva 2026-10-03, aliases+redirects)	pages/jose-romero-bello.json+.html(meta)		
/artist/leo-pacheco	Leo Pacheco	13	D_miembro_de:La Orquesta de Oscar de León|La Renovación|La Salsa Mayor							27548	Leo Pacheco	compacto	1.0	2026-10-02	persona_miembro	La Orquesta de Oscar de León [fuera]; La Renovación [fuera]; La Salsa Mayor [fuera]		1	Bolero	1	Single:1	portada_rym	con	2026-10-03 17:39:06	0		ya_persona	persona compacto→#27548 «Leo Pacheco» (creado 2026-10-02) | meta: born (persona) | snippet: Member of La Orquesta de Oscar de León [fuera]|La Renovación [fuera]|La Salsa Mayor [fuera] | 1 géneros: Bolero | 1 discos propios	BD:public.persons (consulta viva 2026-10-03, aliases+redirects)	pages/leo-pacheco.json+.html(meta)		
/artist/ney-moreira	Ney Moreira	11	D_miembro_de:Los Brillantes							29675	Ney Moreira	compacto	1.0	2026-10-02	persona_miembro	Los Brillantes [fuera]		0		1	Album:1; Appears On:1	portada_rym	con	2026-10-03 10:11:00	0		ya_persona	persona compacto→#29675 «Ney Moreira» (creado 2026-10-02) | meta: born (persona) | snippet: Member of Los Brillantes [fuera] | 1 discos propios	BD:public.persons (consulta viva 2026-10-03, aliases+redirects)	pages/ney-moreira.json+.html(meta)		
/artist/victador	Victador	11	C_miembro_de_banda_catalogo	Los Humanoides						39888	Victador	compacto	1.0	2026-10-04	persona_miembro	Los Humanoides [cat]		0		0	Appears On:1	sin_imagen	con	2026-10-03 17:10:57	0		ya_persona	persona compacto→#39888 «Victador» (creado 2026-10-04) | snippet: Member of Los Humanoides [cat]	BD:public.persons (consulta viva 2026-10-03, aliases+redirects)	pages/victador.json+.html(meta)		
/artist/oswaldo-lares	Oswaldo Lares	11	D_sin_senal							30347	Oswaldo Lares	compacto	1.0	2026-10-02	persona_o_solista			1	Field Recording	2	Album:2	portada_rym	con	2026-10-03 14:44:07	0		ya_persona	persona compacto→#30347 «Oswaldo Lares» (creado 2026-10-02) | meta: born (persona) | 1 géneros: Field Recording | 2 discos propios	BD:public.persons (consulta viva 2026-10-03, aliases+redirects)	pages/oswaldo-lares.json+.html(meta)		
/artist/joe-ruiz	Joe Ruiz	11	D_miembro_de:Federico y Su Combo Latino|Grupo Mango|El Trabuco Venezolano							21700	Joe Ruíz	compacto	1.0	2026-10-02	persona_miembro	Federico y Su Combo Latino [cat]; Grupo Mango [cat]; El Trabuco Venezolano [cat]		1	Salsa	1	Album:1	portada_rym	con	2026-10-03 12:13:49	0		ya_persona	persona compacto→#21700 «Joe Ruíz» (creado 2026-10-02) | meta: born (persona) | snippet: Member of Federico y Su Combo Latino [cat]|Grupo Mango [cat]|El Trabuco Venezolano [cat] | 1 géneros: Salsa | 1 discos propios	BD:public.persons (consulta viva 2026-10-03, aliases+redirects)	pages/joe-ruiz.json+.html(meta)		
/artist/veztalone	Veztalone	11	D_miembro_de:Motherflowers							38124	Veztalone	compacto	1.0	2026-10-03	persona_miembro	Motherflowers [cat]		1	Hip Hop	21	Single:18; Appears On:13; Album:3; V/A Compilation:2	portada_rym	con	2026-10-03 08:11:26	0		ya_persona	persona compacto→#38124 «Veztalone» (creado 2026-10-03) | meta: born (persona) | snippet: Member of Motherflowers [cat] | 1 géneros: Hip Hop | 21 discos propios	BD:public.persons (consulta viva 2026-10-03, aliases+redirects)	pages/veztalone.json+.html(meta)		
/artist/eudes-alvarez	Eudes Álvarez	10	D_miembro_de:Hermanos Alvarez							30414	Eudes Alvarez	compacto	1.0	2026-10-02	persona_miembro	Hermanos Alvarez [fuera]		1	Joropo	1	Album:1	portada_rym	con	2026-10-03 10:35:57	0		ya_persona	persona compacto→#30414 «Eudes Alvarez» (creado 2026-10-02) | snippet: Member of Hermanos Alvarez [fuera] | 1 géneros: Joropo | 1 discos propios	BD:public.persons (consulta viva 2026-10-03, aliases+redirects)	pages/eudes-alvarez.json+.html(meta)		
/artist/jose-natalio-estrada	José Natalio Estrada	10	D_sin_senal							31314	José Natalio Estrada	compacto	1.0	2026-10-02	persona_o_solista			0		1	Album:1	portada_rym	con	2026-10-03 18:02:55	1	«Séptimo paralelo» → álbum 2309 de «Séptimo Paralelo»	ya_persona	persona compacto→#31314 «José Natalio Estrada» (creado 2026-10-02) | meta: born (persona) | 1 discos propios | discos ya en catálogo: «Séptimo paralelo» → álbum 2309 de «Séptimo Paralelo»	BD:public.persons (consulta viva 2026-10-03, aliases+redirects)	pages/jose-natalio-estrada.json+.html(meta)		
/artist/jhonny-perez	Jhonny Pérez	10	D_miembro_de:Los Pures|La Sonora Caracas|Sonero Clásico del Caribe							27320	Jhonny Pérez	compacto	1.0	2026-10-02	persona_miembro	Los Pures [nuevo]; La Sonora Caracas [cat]; Sonero Clásico del Caribe [cat]		0		0	Appears On:2	sin_imagen	con	2026-10-03 15:03:49	0		ya_persona	persona compacto→#27320 «Jhonny Pérez» (creado 2026-10-02) | meta: born (persona) | snippet: Member of Los Pures [nuevo]|La Sonora Caracas [cat]|Sonero Clásico del Caribe [cat]	BD:public.persons (consulta viva 2026-10-03, aliases+redirects)	pages/jhonny-perez.json+.html(meta)		
/artist/ray-perez	Ray Pérez	10	C_miembro_de_banda_catalogo	Los Calvos						20541	Ray Pérez	compacto	1.0	2026-10-02	persona_miembro	Los Dementes [cat]; Los Kenya [cat]; Los Calvos [cat]; Ray Pérez y su Orquesta [cat]		0		12	Album:9; Compilation:3	portada_rym	con	2026-10-03 11:49:15	3	«Ra!.. Ra!..» → álbum 6047 de «Alberto Naranjo»; «Nuevo día» → álbum 2713 de «Tercer Cuarto»; «El dictador» → álbum 8247 de «Ray Pérez y sus Dementes»	ya_persona	persona compacto→#20541 «Ray Pérez» (creado 2026-10-02) | meta: born (persona) | snippet: Member of Los Dementes [cat]|Los Kenya [cat]|Los Calvos [cat]|Ray Pérez y su Orquesta [cat] | 12 discos propios | discos ya en catálogo: «Ra!.. Ra!..» → álbum 6047 de «Alberto Naranjo»; «Nuevo día» → álbum 2713 de «Tercer Cuarto»	BD:public.persons (consulta viva 2026-10-03, aliases+redirects)	pages/ray-perez.json+.html(meta)		
/artist/nacho	Nacho	10	D_sin_senal							29921	Nacho	compacto	1.0	2026-10-02	persona_o_solista			2	Reggaetón, Latin Pop	33	Single:25; Appears On:10; Album:7; EP:1; V/A Compilation:1	portada_rym	con	2026-10-03 08:39:16	5	«Uno» → álbum 3667 de «One Road»; «Chino & Nacho Is Back» → álbum 13264 de «Chino & Nacho»; «Folklore» → álbum 6131 de «Caracas Trio»	ya_persona	persona compacto→#29921 «Nacho» (creado 2026-10-02) | meta: born (persona) | 2 géneros: Reggaetón, Latin Pop | 33 discos propios | discos ya en catálogo: «Uno» → álbum 3667 de «One Road»; «Chino & Nacho Is Back» → álbum 13264 de «Chino & Nacho»	BD:public.persons (consulta viva 2026-10-03, aliases+redirects)	pages/nacho.json+.html(meta)		
/artist/frank-lucas	Frank Lucas	10	D_miembro_de:Motherflowers							38123	Frank Lucas	compacto	1.0	2026-10-03	persona_miembro	Motherflowers [cat]		0		15	Single:13; Appears On:6; V/A Compilation:2; Album:1; EP:1	portada_rym	con	2026-10-03 07:20:39	1	«Pangea» → álbum 5293 de «Prometeo»	ya_persona	persona compacto→#38123 «Frank Lucas» (creado 2026-10-03) | snippet: Member of Motherflowers [cat] | 15 discos propios | discos ya en catálogo: «Pangea» → álbum 5293 de «Prometeo»	BD:public.persons (consulta viva 2026-10-03, aliases+redirects)	pages/frank-lucas.json+.html(meta)		
/artist/gusi	Gusi	10	D_sin_senal							35064	Gusi	compacto	1.0	2026-10-02	persona_o_solista			1	Singer-Songwriter	3	Album:3; Appears On:3	portada_rym	con	2026-10-03 13:23:14	0		ya_persona	persona compacto→#35064 «Gusi» (creado 2026-10-02) | meta: born (persona) | 1 géneros: Singer-Songwriter | 3 discos propios	BD:public.persons (consulta viva 2026-10-03, aliases+redirects)	pages/gusi.json+.html(meta)		
/artist/juan-arteta	Juan Arteta	10	D_miembro_de:Luis Arcaraz y Su Orquesta|Orquesta de José Sabre Marroquín|Perez Prado and His							39776	Juan Arteta	compacto	1.0	2026-10-03	persona_miembro	Luis Arcaraz y Su Orquesta [fuera]; Orquesta de José Sabre Marroquín [fuera]; Perez Pr [fuera]		0		2	Single:2	portada_rym	con	2026-10-03 17:29:51	0		ya_persona	persona compacto→#39776 «Juan Arteta» (creado 2026-10-03) | meta: born (persona) | snippet: Member of Luis Arcaraz y Su Orquesta [fuera]|Orquesta de José Sabre Marroquín [fuera]|Perez Pr [fuera] | 2 discos propios	BD:public.persons (consulta viva 2026-10-03, aliases+redirects)	pages/juan-arteta.json+.html(meta)		
/artist/hany_kauam	Hany Kauam	10	D_sin_senal							33589	Hany Kauam	compacto	1.0	2026-10-02	persona_o_solista			1	Latin Pop	3	Album:2; Single:1	portada_rym	con	2026-10-03 08:55:36	0		ya_persona	persona compacto→#33589 «Hany Kauam» (creado 2026-10-02) | meta: born (persona) | 1 géneros: Latin Pop | 3 discos propios	BD:public.persons (consulta viva 2026-10-03, aliases+redirects)	pages/hany_kauam.json+.html(meta)		
/artist/jesus-moreno	Jesús Moreno	9	D_sin_senal							24872	Jesús Moreno	compacto	1.0	2026-10-02	persona_o_solista			0		4	Album:4	portada_rym	con	2026-10-03 12:30:26	0		ya_persona	persona compacto→#24872 «Jesús Moreno» (creado 2026-10-02) | meta: born (persona) | 4 discos propios	BD:public.persons (consulta viva 2026-10-03, aliases+redirects)	pages/jesus-moreno.json+.html(meta)		
/artist/isaac-sasson	Isaac Sasson	9	D_miembro_de:Colérico Espín							39889	Isaac Sasson	compacto	1.0	2026-10-04	persona_miembro	Colérico Espín [cat]		2	Psychedelic Folk, Singer-Songwriter	2	Album:2	portada_rym	con	2026-10-03 07:21:56	0		ya_persona	persona compacto→#39889 «Isaac Sasson» (creado 2026-10-04) | snippet: Member of Colérico Espín [cat] | 2 géneros: Psychedelic Folk, Singer-Songwriter | 2 discos propios	BD:public.persons (consulta viva 2026-10-03, aliases+redirects)	pages/isaac-sasson.json+.html(meta)		
/artist/chucho-sanoja	Chucho Sanoja	9	D_sin_senal							30004	Chucho Sanoja	compacto	1.0	2026-10-02	persona_o_solista			0		5	Album:5; V/A Compilation:3; Appears On:1	portada_rym	con	2026-10-03 15:19:23	0		ya_persona	persona compacto→#30004 «Chucho Sanoja» (creado 2026-10-02) | meta: born (persona) | 5 discos propios	BD:public.persons (consulta viva 2026-10-03, aliases+redirects)	pages/chucho-sanoja.json+.html(meta)		
/artist/liana-malva	Liana Malva	9	D_sin_senal							36524	Liana Malva	compacto	1.0	2026-10-02	indeterminado			0		5	Appears On:9; Single:4; Album:1	portada_rym	con	2026-10-03 12:13:24	1	«Te Quiero» → álbum 13322 de «Mau y Ricky»	ya_persona	persona compacto→#36524 «Liana Malva» (creado 2026-10-02) | 5 discos propios | discos ya en catálogo: «Te Quiero» → álbum 13322 de «Mau y Ricky»	BD:public.persons (consulta viva 2026-10-03, aliases+redirects)	pages/liana-malva.json+.html(meta)		
/artist/freddy-nieto	Freddy Nieto	9	C_miembro_de_banda_catalogo	Dimensión Latina						22813	Freddy Nieto	compacto	1.0	2026-10-02	persona_miembro	Dimensión Latina [cat]; La Salsa Mayor [fuera]		1	Salsa	1	Album:1	portada_rym	con	2026-10-03 09:58:25	0		ya_persona	persona compacto→#22813 «Freddy Nieto» (creado 2026-10-02) | meta: born (persona) | snippet: Member of Dimensión Latina [cat]|La Salsa Mayor [fuera] | 1 géneros: Salsa | 1 discos propios	BD:public.persons (consulta viva 2026-10-03, aliases+redirects)	pages/freddy-nieto.json+.html(meta)		
/artist/betsayda-machado	Betsayda Machado	9	D_sin_senal							22609	Betsayda Machado	compacto	1.0	2026-10-02	persona_o_solista			2	Hispanic American Folk Music, Tamborera	4	Appears On:8; Album:2; Single:1; V/A Compilation:1; Video:1	portada_rym	con	2026-10-03 14:58:15	1	«San Miguel» → álbum 6604 de «Aquiles Báez Trío»	ya_persona	persona compacto→#22609 «Betsayda Machado» (creado 2026-10-02) | 2 géneros: Hispanic American Folk Music, Tamborera | 4 discos propios | discos ya en catálogo: «San Miguel» → álbum 6604 de «Aquiles Báez Trío»	BD:public.persons (consulta viva 2026-10-03, aliases+redirects)	pages/betsayda-machado.json+.html(meta)		
/artist/quintin-duarte	Quintín Duarte	9	D_sin_senal							30997	Quintín Duarte	compacto	1.0	2026-10-02	persona_o_solista			1	Joropo	1	Album:1	portada_rym	con	2026-10-03 06:53:07	0		ya_persona	persona compacto→#30997 «Quintín Duarte» (creado 2026-10-02) | meta: born (persona) | 1 géneros: Joropo | 1 discos propios	BD:public.persons (consulta viva 2026-10-03, aliases+redirects)	pages/quintin-duarte.json+.html(meta)		
/artist/rafael-montano	Rafael Montaño	9	D_miembro_de:Los Torrealberos							29815	Rafael Montaño	compacto	1.0	2026-10-02	persona_miembro	Los Torrealberos [nuevo]		0		6	Album:5; Appears On:1; Compilation:1	portada_rym	con	2026-10-03 06:21:27	2	«Llano adentro» → álbum 9262 de «Juan Vicente Torrealba»; «Alma llanera» → álbum 9228 de «Juan Vicente Torrealba y su Conjunto»	ya_persona	persona compacto→#29815 «Rafael Montaño» (creado 2026-10-02) | meta: born (persona) | snippet: Member of Los Torrealberos [nuevo] | 6 discos propios | discos ya en catálogo: «Llano adentro» → álbum 9262 de «Juan Vicente Torrealba»; «Alma llanera» → álbum 9228 de «Juan Vicente Torrealba y su Conjunto»	BD:public.persons (consulta viva 2026-10-03, aliases+redirects)	pages/rafael-montano.json+.html(meta)		
/artist/perucho_torcat	Perucho Torcat	9	D_miembro_de:Los Dementes							28657	Perucho Torcat	compacto	1.0	2026-10-02	persona_miembro	Los Dementes [cat]		1	Salsa	1	Album:1	portada_rym	con	2026-10-03 10:32:51	0		ya_persona	persona compacto→#28657 «Perucho Torcat» (creado 2026-10-02) | meta: born (persona) | snippet: Member of Los Dementes [cat] | 1 géneros: Salsa | 1 discos propios	BD:public.persons (consulta viva 2026-10-03, aliases+redirects)	pages/perucho_torcat.json+.html(meta)		
/artist/orestes-gomez	Orestes Gómez	9	D_miembro_de:McKlopedia							20705	Orestes Gómez	compacto	1.0	2026-10-02	persona_miembro	McKlopedia [cat]		3	Latin Rap, Pop Rap, Tamborito	16	Appears On:8; Single:7; Album:6; EP:2; Music video:1; Additional release:1	portada_rym	con	2026-10-03 11:54:46	1	«Ella» → álbum 5817 de «Daniela Padrón»	ya_persona	persona compacto→#20705 «Orestes Gómez» (creado 2026-10-02) | meta: born (persona) | snippet: Member of McKlopedia [cat] | 3 géneros: Latin Rap, Pop Rap, Tamborito | 16 discos propios | discos ya en catálogo: «Ella» → álbum 5817 de «Daniela Padrón»	BD:public.persons (consulta viva 2026-10-03, aliases+redirects)	pages/orestes-gomez.json+.html(meta)		
/artist/lorenzo_herrera	Lorenzo Herrera	8	D_sin_senal							19871	Lorenzo Herrera	compacto	1.0	2026-10-02	persona_o_solista			0		3	Single:3; Appears On:1	portada_rym	con	2026-10-03 16:34:11	0		ya_persona	persona compacto→#19871 «Lorenzo Herrera» (creado 2026-10-02) | meta: born (persona) | 3 discos propios	BD:public.persons (consulta viva 2026-10-03, aliases+redirects)	pages/lorenzo_herrera.json+.html(meta)		
/artist/ebot	Ebot	8	C_miembro_de_banda_catalogo	Elektra|Metrozubdivision						39890	Ebot	compacto	1.0	2026-10-04	persona_miembro	Elektra [cat]; Metrozubdivision [cat]		0		0	Appears On:2; V/A Compilation:1	sin_imagen	con	2026-10-03 16:27:21	0		ya_persona	persona compacto→#39890 «Ebot» (creado 2026-10-04) | snippet: Member of Elektra [cat]|Metrozubdivision [cat]	BD:public.persons (consulta viva 2026-10-03, aliases+redirects)	pages/ebot.json+.html(meta)		
/artist/freddy_coronado	Freddy Coronado	8	D_miembro_de:Billo's Caracas Boys|Conjunto Tropical|Santo Domingo Jazz Band							22435	Freddy Coronado	compacto	1.0	2026-10-02	persona_miembro	Billo's Caracas Boys [cat]; Conjunto Tropical [fuera]; Santo Domingo Jazz Band [fuera]		0		0		sin_imagen	con	2026-10-03 06:48:11	0		ya_persona	persona compacto→#22435 «Freddy Coronado» (creado 2026-10-02) | snippet: Member of Billo's Caracas Boys [cat]|Conjunto Tropical [fuera]|Santo Domingo Jazz Band [fuera] | ficha RYM stub (sin discografía ni foto)	BD:public.persons (consulta viva 2026-10-03, aliases+redirects)	pages/freddy_coronado.json+.html(meta)		
/artist/el-negrito-calaven	El Negrito Calaven	8	C_miembro_de_banda_catalogo	Los Calvos						27878	El Negrito Calavén	compacto	1.0	2026-10-02	persona_miembro	Federico y Su Combo Latino [cat]; Los Calvos [cat]; Los Kenya [cat]		1	Salsa	2	Album:1; Compilation:1	portada_rym	con	2026-10-03 18:16:06	0		ya_persona	persona compacto→#27878 «El Negrito Calavén» (creado 2026-10-02) | snippet: Member of Federico y Su Combo Latino [cat]|Los Calvos [cat]|Los Kenya [cat] | 1 géneros: Salsa | 2 discos propios	BD:public.persons (consulta viva 2026-10-03, aliases+redirects)	pages/el-negrito-calaven.json		
/artist/jose-rosario	José Rosario	8	D_miembro_de:Sonero Clásico del Caribe							39877	José Rosario	compacto	1.0	2026-10-03	persona_miembro	Sonero Clásico del Caribe [cat]		0		1	Album:1	portada_rym	con	2026-10-03 14:15:32	0		ya_persona	persona compacto→#39877 «José Rosario» (creado 2026-10-03) | meta: born (persona) | snippet: Member of Sonero Clásico del Caribe [cat] | 1 discos propios	BD:public.persons (consulta viva 2026-10-03, aliases+redirects)	pages/jose-rosario.json+.html(meta)		
/artist/agustin_irusta	Agustín Irusta	8	D_sin_senal							25462	Agustín Irusta	compacto	1.0	2026-10-02	persona_o_solista			0		4	Album:4; Appears On:1; V/A Compilation:1	portada_rym	con	2026-10-03 14:43:38	1	«Tangos» → álbum 14612 de «Simón Díaz»	ya_persona	persona compacto→#25462 «Agustín Irusta» (creado 2026-10-02) | meta: born (persona) | 4 discos propios | discos ya en catálogo: «Tangos» → álbum 14612 de «Simón Díaz»	BD:public.persons (consulta viva 2026-10-03, aliases+redirects)	pages/agustin_irusta.json+.html(meta)		
/artist/oswaldo-delgado	Oswaldo Delgado	8	C_miembro_de_banda_catalogo	Los Nogger's						27070	Oswaldo Delgado	compacto	1.0	2026-10-02	persona_miembro	Billo's Caracas Boys [cat]; Los Nogger's [cat]; Los Melódicos [cat]		0		0		sin_imagen	con	2026-10-03 15:43:51	0		ya_persona	persona compacto→#27070 «Oswaldo Delgado» (creado 2026-10-02) | meta: born (persona) | snippet: Member of Billo's Caracas Boys [cat]|Los Nogger's [cat]|Los Melódicos [cat] | ficha RYM stub (sin discografía ni foto)	BD:public.persons (consulta viva 2026-10-03, aliases+redirects)	pages/oswaldo-delgado.json+.html(meta)		
/artist/mrodriguez	Mrodriguez	8	D_sin_senal							27866	M. Rodríguez	compacto	1.0	2026-10-02	persona_o_solista			1	Tech House	1	EP:1	sin_imagen	con	2026-10-03 12:21:37	0		ya_persona	persona compacto→#27866 «M. Rodríguez» (creado 2026-10-02) | 1 géneros: Tech House | 1 discos propios	BD:public.persons (consulta viva 2026-10-03, aliases+redirects)	pages/mrodriguez.json+.html(meta)		
/artist/giraldo_piloto_f1	Giraldo Piloto	7	D_miembro_de:Giraldo Piloto & Klimax|NG La Banda							26077	Giraldo Piloto	compacto	1.0	2026-10-02	persona_miembro	Giraldo Piloto & Klimax [fuera]; NG La Banda [fuera]		0		1	Album:1	portada_rym	con	2026-10-03 09:03:37	0		ya_persona	persona compacto→#26077 «Giraldo Piloto» (creado 2026-10-02) | meta: born (persona) | snippet: Member of Giraldo Piloto & Klimax [fuera]|NG La Banda [fuera] | 1 discos propios	BD:public.persons (consulta viva 2026-10-03, aliases+redirects)	pages/giraldo_piloto_f1.json+.html(meta)		
/artist/manolo-monterrey	Manolo Monterrey	7	D_miembro_de:Billo's Caracas Boys							21676	Manolo Monterrey	compacto	1.0	2026-10-02	persona_miembro	Billo's Caracas Boys [cat]		0		4	Album:3; Appears On:1; Compilation:1; V/A Compilation:1	portada_rym	con	2026-10-03 11:41:01	0		ya_persona	persona compacto→#21676 «Manolo Monterrey» (creado 2026-10-02) | meta: born (persona) | snippet: Member of Billo's Caracas Boys [cat] | 4 discos propios	BD:public.persons (consulta viva 2026-10-03, aliases+redirects)	pages/manolo-monterrey.json+.html(meta)		
/artist/tata-guerra	Tata Guerra	7	D_miembro_de:El Clan de Víctor|Sonora del Caribe|Los Melódicos							22786	Tata Guerra	compacto	1.0	2026-10-02	persona_miembro	El Clan de Víctor [fuera]; Sonora del Caribe [fuera]; Los Melódicos [cat]; Los Montuneros [fuera]; Orques [fuera]		0		0		sin_imagen	con	2026-10-03 13:54:21	0		ya_persona	persona compacto→#22786 «Tata Guerra» (creado 2026-10-02) | meta: born (persona) | snippet: Member of El Clan de Víctor [fuera]|Sonora del Caribe [fuera]|Los Melódicos [cat]|Los Montuneros [fuera]|Orques [fuera] | ficha RYM stub (sin discografía ni foto)	BD:public.persons (consulta viva 2026-10-03, aliases+redirects)	pages/tata-guerra.json+.html(meta)		
/artist/alci-sanchez	Alci Sánchez	7	D_sin_senal							26760	Alci Sánchez	compacto	1.0	2026-10-02	persona_o_solista			0		1	V/A Compilation:2; Album:1; Appears On:1	portada_rym	con	2026-10-03 18:16:55	0		ya_persona	persona compacto→#26760 «Alci Sánchez» (creado 2026-10-02) | meta: born (persona) | 1 discos propios	BD:public.persons (consulta viva 2026-10-03, aliases+redirects)	pages/alci-sanchez.json+.html(meta)		
/artist/pedro-carrero	Pedro Carrero	7	D_miembro_de:Orquesta Sinfónica Simón Bolívar							22065	Pedro Carrero	compacto	1.0	2026-10-02	persona_miembro	Orquesta Sinfónica Simón Bolívar [cat]		1	Classical Music	1	Album:1	portada_rym	con	2026-10-02 03:34:53	0		ya_persona	persona compacto→#22065 «Pedro Carrero» (creado 2026-10-02) | snippet: Member of Orquesta Sinfónica Simón Bolívar [cat] | 1 géneros: Classical Music | 1 discos propios	BD:public.persons (consulta viva 2026-10-03, aliases+redirects)	pages/pedro-carrero.json+.html(meta)		
/artist/eduardo-diaz-1	Eduardo Díaz	7	D_miembro_de:Los Melódicos|Sonora Camagüey							24954	Eduardo Díaz	compacto	1.0	2026-10-02	persona_miembro	Los Melódicos [cat]; Sonora Camagüey [fuera]		0		1	Album:1	portada_rym	con	2026-10-03 10:08:25	1	«Kikaro y su ritmo de ayer» → álbum 7280 de «Kikaro»	ya_persona	persona compacto→#24954 «Eduardo Díaz» (creado 2026-10-02) | snippet: Member of Los Melódicos [cat]|Sonora Camagüey [fuera] | 1 discos propios | discos ya en catálogo: «Kikaro y su ritmo de ayer» → álbum 7280 de «Kikaro»	BD:public.persons (consulta viva 2026-10-03, aliases+redirects)	pages/eduardo-diaz-1.json+.html(meta)		
/artist/nelly-mele-lara	Nelly Mele Lara	7	D_sin_senal							20519	Nelly Mele Lara	compacto	1.0	2026-10-02	persona_o_solista			0		0		sin_imagen	sin_evidencia	2026-10-03 18:21:29	0		ya_persona	persona compacto→#20519 «Nelly Mele Lara» (creado 2026-10-02) | meta: born (persona) | ficha RYM stub (sin discografía ni foto)	BD:public.persons (consulta viva 2026-10-03, aliases+redirects)	pages/nelly-mele-lara.json+.html(meta)		
/artist/cesar-bolivar	César Bolívar	7	D_sin_senal							21818	Cesar Bolívar	compacto	1.0	2026-10-02	persona_o_solista			0		0		sin_imagen	sin_evidencia	2026-10-03 15:55:41	0		ya_persona	persona compacto→#21818 «Cesar Bolívar» (creado 2026-10-02) | meta: born (persona) | ficha RYM stub (sin discografía ni foto)	BD:public.persons (consulta viva 2026-10-03, aliases+redirects)	pages/cesar-bolivar.json+.html(meta)		
/artist/mayra-alejandra	Mayra Alejandra	7	D_sin_senal							28231	Mayra Alejandra	compacto	1.0	2026-10-02	persona_o_solista			0		0		sin_imagen	sin_evidencia	2026-10-03 07:08:07	0		ya_persona	persona compacto→#28231 «Mayra Alejandra» (creado 2026-10-02) | meta: born (persona) | ficha RYM stub (sin discografía ni foto)	BD:public.persons (consulta viva 2026-10-03, aliases+redirects)	pages/mayra-alejandra.json+.html(meta)		
/artist/pedro-leon-zapata	Pedro León Zapata	7	D_sin_senal							26083	Pedro León Zapata	compacto	1.0	2026-10-02	persona_o_solista			0		0		sin_imagen	sin_evidencia	2026-10-03 10:50:35	0		ya_persona	persona compacto→#26083 «Pedro León Zapata» (creado 2026-10-02) | meta: born (persona) | ficha RYM stub (sin discografía ni foto)	BD:public.persons (consulta viva 2026-10-03, aliases+redirects)	pages/pedro-leon-zapata.json+.html(meta)		
/artist/moises-moleiro	Moisés Moleiro	7	D_sin_senal							19476	Moises Moleiro	compacto	1.0	2026-10-02	persona_o_solista			0		0		sin_imagen	sin_evidencia	2026-10-03 08:57:45	0		ya_persona	persona compacto→#19476 «Moises Moleiro» (creado 2026-10-02) | meta: born (persona) | ficha RYM stub (sin discografía ni foto)	BD:public.persons (consulta viva 2026-10-03, aliases+redirects)	pages/moises-moleiro.json+.html(meta)		
/artist/rosario-marciano	Rosario Marciano	7	D_sin_senal							19501	Rosario Marciano	compacto	1.0	2026-10-02	persona_o_solista			1	Classical Music	1	Album:1	sin_imagen	con	2026-10-03 11:42:44	0		ya_persona	persona compacto→#19501 «Rosario Marciano» (creado 2026-10-02) | meta: born (persona) | 1 géneros: Classical Music | 1 discos propios	BD:public.persons (consulta viva 2026-10-03, aliases+redirects)	pages/rosario-marciano.json+.html(meta)		
/artist/nigu-moka	Nigu Moka	7	D_miembro_de:Pulpo							39891	Nigu Moka	compacto	1.0	2026-10-04	persona_miembro	Pulpo [cat]		0		3	EP:2; Single:1	portada_rym	con	2026-10-03 11:47:37	0		ya_persona	persona compacto→#39891 «Nigu Moka» (creado 2026-10-04) | meta: born (persona) | snippet: Member of Pulpo [cat] | 3 discos propios	BD:public.persons (consulta viva 2026-10-03, aliases+redirects)	pages/nigu-moka.json+.html(meta)		
/artist/nano-grant	Nano Grant	7	D_sin_senal							28665	Nano Grant	compacto	1.0	2026-10-02	persona_o_solista			0		0		sin_imagen	sin_evidencia	2026-10-03 09:31:23	0		ya_persona	persona compacto→#28665 «Nano Grant» (creado 2026-10-02) | meta: born (persona) | ficha RYM stub (sin discografía ni foto)	BD:public.persons (consulta viva 2026-10-03, aliases+redirects)	pages/nano-grant.json+.html(meta)		
/artist/sebastian-cova-1	Sebastián Cova	7	D_miembro_de:mil ataris por segundo|Ravahil							39892	Sebastián Cova	compacto	1.0	2026-10-04	persona_miembro	mil ataris por segundo [cat]; Ravahil [cat]		1	Indie Folk	2	Album:1; EP:1	portada_rym	con	2026-10-03 18:09:31	0		ya_persona	persona compacto→#39892 «Sebastián Cova» (creado 2026-10-04) | meta: born (persona) | snippet: Member of mil ataris por segundo [cat]|Ravahil [cat] | 1 géneros: Indie Folk | 2 discos propios	BD:public.persons (consulta viva 2026-10-03, aliases+redirects)	pages/sebastian-cova-1.json+.html(meta)		
/artist/paaris	PAARIS	7	C_miembro_de_banda_catalogo	Fauna|Primera Edición						39893	PAARIS	compacto	1.0	2026-10-04	persona_miembro	Dankrupt [fuera]; Fauna [cat]; Primera Edición [cat]		0		1	Album:1	portada_rym	con	2026-10-03 11:57:52	0		ya_persona	persona compacto→#39893 «PAARIS» (creado 2026-10-04) | snippet: Member of Dankrupt [fuera]|Fauna [cat]|Primera Edición [cat] | 1 discos propios	BD:public.persons (consulta viva 2026-10-03, aliases+redirects)	pages/paaris.json+.html(meta)		
/artist/akilin	Akilin	7	C_miembro_de_banda_catalogo	Bituaya						39876	Akilin	compacto	1.0	2026-10-03	persona_miembro	Bituaya [cat]		0		1	Album:1; Appears On:1	portada_rym	con	2026-10-03 16:47:29	0		ya_persona	persona compacto→#39876 «Akilin» (creado 2026-10-03) | snippet: Member of Bituaya [cat] | 1 discos propios	BD:public.persons (consulta viva 2026-10-03, aliases+redirects)	pages/akilin.json+.html(meta)		
/artist/solo-soul	Solo Soul	7	C_miembro_de_banda_catalogo	Séptima Raza						39894	Solo Soul	compacto	1.0	2026-10-04	persona_miembro	Séptima Raza [cat]		0		1	Album:1; Appears On:1	sin_imagen	con	2026-10-03 07:21:47	0		ya_persona	persona compacto→#39894 «Solo Soul» (creado 2026-10-04) | snippet: Member of Séptima Raza [cat] | 1 discos propios	BD:public.persons (consulta viva 2026-10-03, aliases+redirects)	pages/solo-soul.json+.html(meta)		
/artist/joel-novoa-1	Joel Novoa	7	D_sin_senal							19184	Joel Novoa	compacto	1.0	2026-10-02	persona_o_solista			0		0		sin_imagen	sin_evidencia	2026-10-03 15:59:08	0		ya_persona	persona compacto→#19184 «Joel Novoa» (creado 2026-10-02) | meta: born (persona) | ficha RYM stub (sin discografía ni foto)	BD:public.persons (consulta viva 2026-10-03, aliases+redirects)	pages/joel-novoa-1.json+.html(meta)		
/artist/chu-quintero	Chu Quintero	7	C_miembro_de_banda_catalogo	Grupo Pan						33747	Chu Quintero	compacto	1.0	2026-10-02	persona_miembro	El Trabuco Venezolano [cat]; Grupo Madera [cat]; Grupo Pan [cat]		0		0		sin_imagen	con	2026-10-03 10:47:12	0		ya_persona	persona compacto→#33747 «Chu Quintero» (creado 2026-10-02) | meta: born (persona) | snippet: Member of El Trabuco Venezolano [cat]|Grupo Madera [cat]|Grupo Pan [cat] | ficha RYM stub (sin discografía ni foto)	BD:public.persons (consulta viva 2026-10-03, aliases+redirects)	pages/chu-quintero.json+.html(meta)		
/artist/cesar-monge	César Monge	7	C_miembro_de_banda_catalogo	Dimensión Latina|Grupo Pan						15502	César Monge	compacto	1.0	2026-10-01	persona_miembro	Federico y Su Combo Latino [cat]; Dimensión Latina [cat]; Grupo Pan [cat]		0		2	Album:2; Appears On:1	portada_rym	con	2026-10-03 08:12:18	0		ya_persona	persona compacto→#15502 «César Monge» (creado 2026-10-01) | meta: born (persona) | snippet: Member of Federico y Su Combo Latino [cat]|Dimensión Latina [cat]|Grupo Pan [cat] | 2 discos propios	BD:public.persons (consulta viva 2026-10-03, aliases+redirects)	pages/cesar-monge.json+.html(meta)		
/artist/wladimir	Wladimir	7	C_miembro_de_banda_catalogo	Dimensión Latina						18571	Wladimir	compacto	1.0	2026-10-01	persona_miembro	Federico y Su Combo Latino [cat]; Dimensión Latina [cat]; La Salsa Mayor [fuera]		0		2	Album:2	portada_rym	con	2026-10-03 14:45:30	1	«Doble Play» → álbum 12869 de «Oscar D' León»	ya_persona	persona compacto→#18571 «Wladimir» (creado 2026-10-01) | meta: born (persona) | snippet: Member of Federico y Su Combo Latino [cat]|Dimensión Latina [cat]|La Salsa Mayor [fuera] | 2 discos propios | discos ya en catálogo: «Doble Play» → álbum 12869 de «Oscar D' León»	BD:public.persons (consulta viva 2026-10-03, aliases+redirects)	pages/wladimir.json+.html(meta)		
/artist/calle-ciega	Calle Ciega	7	D_sin_senal							35280	Calle Ciega	compacto	1.0	2026-10-02	banda		1996	1	Merenhouse	6	Album:5; Music video:2; Appears On:1; Compilation:1	portada_rym	con	2026-10-03 09:40:55	1	«Una Vez Más» → álbum 3870 de «Carlos Morean»	ya_persona	persona compacto→#35280 «Calle Ciega» (creado 2026-10-02) | meta: formed 1996 | 1 géneros: Merenhouse | 6 discos propios | discos ya en catálogo: «Una Vez Más» → álbum 3870 de «Carlos Morean»	BD:public.persons (consulta viva 2026-10-03, aliases+redirects)	pages/calle-ciega.json+.html(meta)		
/artist/arturo-garcia	Arturo García	7	D_sin_senal							30738	Arturo García	compacto	1.0	2026-10-02	persona_o_solista			1	Folk	1	Album:1	portada_rym	con	2026-10-03 14:49:25	0		ya_persona	persona compacto→#30738 «Arturo García» (creado 2026-10-02) | meta: born (persona) | 1 géneros: Folk | 1 discos propios	BD:public.persons (consulta viva 2026-10-03, aliases+redirects)	pages/arturo-garcia.json+.html(meta)		
/artist/carlin-rodriguez	Carlín Rodríguez	7	D_miembro_de:El Trabuco Venezolano|Federico y Su Combo Latino|Los Kenya		3628	Carlos Rodríguez	near	0.875	2026-10-02	21250	Carlin Rodríguez	compacto	1.0	2026-10-02	persona_miembro	El Trabuco Venezolano [cat]; Federico y Su Combo Latino [cat]; Los Kenya [cat]		0		0		sin_imagen	con	2026-10-03 10:05:32	0		ya_persona	artista near→#3628 «Carlos Rodríguez» (sim 0.875, creado 2026-10-02) | persona compacto→#21250 «Carlin Rodríguez» (creado 2026-10-02) | meta: born (persona) | snippet: Member of El Trabuco Venezolano [cat]|Federico y Su Combo Latino [cat]|Los Kenya [cat] | ficha RYM stub (sin discografía ni foto)	BD:public.persons (consulta viva 2026-10-03, aliases+redirects)	pages/carlin-rodriguez.json+.html(meta)		
/artist/los-torrealberos	Los Torrealberos	7	E_banda_con_instrumentos	Juan Vicente Torrealba (founder, guitar, harp), Arturo Torrealba Pérez (cuatro), Santana T						31907	Los Torrealberos	compacto	1.0	2026-10-02	banda		1947	1	Bolero	21	Album:19; Compilation:2	portada_rym	con	2026-10-03 10:17:17	17	«La musica mas pura y bella de Venezuela» → álbum 9210 de «Los Torrealberos Juan Vicente Torrealba»; «La musica mas pura y bella de Venezuela» → álbum 9210 de «Los Torrealberos Juan Vicente Torrealba»; «La musica mas pura y bella de Venezuela» → álbum 9210 de «Los Torrealberos Juan Vicente Torrealba»	ya_persona	persona compacto→#31907 «Los Torrealberos» (creado 2026-10-02) | meta: formed 1947 | snippet: Members con instrumentos | 1 géneros: Bolero | 21 discos propios | discos ya en catálogo: «La musica mas pura y bella de Venezuela» → álbum 9210 de «Los Torrealberos Juan Vicente Torrealba»; «La musica mas pura y bella de Venezuela» → álbum 9210 de «Los Torrealberos Juan Vicente Torrealba»	BD:public.persons (consulta viva 2026-10-03, aliases+redirects)	pages/los-torrealberos.json+.html(meta)		
/artist/robert-vilera	Robert Vilera	7	D_sin_senal							21839	Robert Vilera	compacto	1.0	2026-10-02	persona_o_solista			0		1	Single:1	portada_rym	con	2026-10-03 13:52:32	0		ya_persona	persona compacto→#21839 «Robert Vilera» (creado 2026-10-02) | 1 discos propios	BD:public.persons (consulta viva 2026-10-03, aliases+redirects)	pages/robert-vilera.json+.html(meta)		
/artist/luis-gomez-imbert	Luis Gómez-Imbert	7	D_sin_senal							19252	Luis Gómez Imbert	compacto	1.0	2026-10-02	persona_o_solista			1	Modern Classical	2	Album:2	portada_rym	con	2026-10-03 07:19:59	0		ya_persona	persona compacto→#19252 «Luis Gómez Imbert» (creado 2026-10-02) | 1 géneros: Modern Classical | 2 discos propios	BD:public.persons (consulta viva 2026-10-03, aliases+redirects)	pages/luis-gomez-imbert.json+.html(meta)		
/artist/yei-1	YEI	7	C_miembro_de_banda_catalogo	Telegrama						39895	YEI	compacto	1.0	2026-10-04	persona_miembro	Telegrama [cat]		1	Indie Rock	3	Single:2; Album:1; V/A Compilation:1	portada_rym	con	2026-10-03 08:06:13	0		ya_persona	persona compacto→#39895 «YEI» (creado 2026-10-04) | snippet: Member of Telegrama [cat] | 1 géneros: Indie Rock | 3 discos propios	BD:public.persons (consulta viva 2026-10-03, aliases+redirects)	pages/yei-1.json+.html(meta)		
/artist/bolas-criollas	bolas criollas	7	D_miembro_de:mil ataris por segundo							39896	bolas criollas	compacto	1.0	2026-10-04	persona_miembro	mil ataris por segundo [cat]		1	Emo	2	EP:1; Single:1	portada_rym	con	2026-10-03 10:12:00	0		ya_persona	persona compacto→#39896 «bolas criollas» (creado 2026-10-04) | meta: born (persona) | snippet: Member of mil ataris por segundo [cat] | 1 géneros: Emo | 2 discos propios	BD:public.persons (consulta viva 2026-10-03, aliases+redirects)	pages/bolas-criollas.json+.html(meta)		
/artist/gorgias-sanchez	Gorgias Sánchez	7	D_sin_senal							21486	Gorgias Sánchez	compacto	1.0	2026-10-02	persona_o_solista			0		0		sin_imagen	sin_evidencia	2026-10-03 18:23:20	0		ya_persona	persona compacto→#21486 «Gorgias Sánchez» (creado 2026-10-02) | meta: born (persona) | ficha RYM stub (sin discografía ni foto)	BD:public.persons (consulta viva 2026-10-03, aliases+redirects)	pages/gorgias-sanchez.json+.html(meta)		
/artist/mayre-martinez	Mayré Martínez	7	D_sin_senal							35783	Mayré Martínez	compacto	1.0	2026-10-02	persona_o_solista			0		1	Appears On:2; Album:1	portada_rym	con	2026-10-03 06:51:57	0		ya_persona	persona compacto→#35783 «Mayré Martínez» (creado 2026-10-02) | meta: born (persona) | 1 discos propios	BD:public.persons (consulta viva 2026-10-03, aliases+redirects)	pages/mayre-martinez.json+.html(meta)		
/artist/elba-escobar	Elba Escobar	7	D_sin_senal							33659	Elba Escobar	compacto	1.0	2026-10-02	persona_o_solista			0		0		sin_imagen	sin_evidencia	2026-10-03 14:48:43	0		ya_persona	persona compacto→#33659 «Elba Escobar» (creado 2026-10-02) | meta: born (persona) | ficha RYM stub (sin discografía ni foto)	BD:public.persons (consulta viva 2026-10-03, aliases+redirects)	pages/elba-escobar.json+.html(meta)		
/artist/jose-luis-munoz	José Luis Muñoz	7	D_sin_senal							33198	José Luis Muñoz	compacto	1.0	2026-10-02	persona_o_solista			0		0		sin_imagen	sin_evidencia	2026-10-03 11:56:21	0		ya_persona	persona compacto→#33198 «José Luis Muñoz» (creado 2026-10-02) | meta: born (persona) | ficha RYM stub (sin discografía ni foto)	BD:public.persons (consulta viva 2026-10-03, aliases+redirects)	pages/jose-luis-munoz.json+.html(meta)		
/artist/caupolican-ovalles	Caupolicán Ovalles	7	D_sin_senal							30005	Caupolicán Ovalles	compacto	1.0	2026-10-02	persona_o_solista			0		0		sin_imagen	sin_evidencia	2026-10-03 17:17:20	0		ya_persona	persona compacto→#30005 «Caupolicán Ovalles» (creado 2026-10-02) | meta: born (persona) | ficha RYM stub (sin discografía ni foto)	BD:public.persons (consulta viva 2026-10-03, aliases+redirects)	pages/caupolican-ovalles.json+.html(meta)		
/artist/carlos-daniel-palacios	Carlos Daniel Palacios	7	D_miembro_de:El Trabuco Venezolano|Grupo Madera|La Renovación							21277	Carlos Daniel Palacios	compacto	1.0	2026-10-02	persona_miembro	El Trabuco Venezolano [cat]; Grupo Madera [cat]; La Renovación [fuera]; Los Gaitetricos [fuera]; Los Pacheco [fuera]		0		0		sin_imagen	con	2026-10-03 17:37:03	0		ya_persona	persona compacto→#21277 «Carlos Daniel Palacios» (creado 2026-10-02) | meta: born (persona) | snippet: Member of El Trabuco Venezolano [cat]|Grupo Madera [cat]|La Renovación [fuera]|Los Gaitetricos [fuera]|Los Pacheco [fuera] | ficha RYM stub (sin discografía ni foto)	BD:public.persons (consulta viva 2026-10-03, aliases+redirects)	pages/carlos-daniel-palacios.json+.html(meta)		
/artist/nene-quintero	Nené Quintero	7	C_miembro_de_banda_catalogo	Esperanto|Grupo Pan						21833	Nene Quintero	compacto	1.0	2026-10-02	persona_miembro	El Trabuco Venezolano [cat]; Esperanto [cat]; Grupo Pan [cat]; José Quintero y Su Sexteto [fuera]; La Retreta Mayor [cat]; Los Balzehaguaos [fuera]		0		1	Album:1	portada_rym	con	2026-10-03 17:31:19	1	«Parroquia» → álbum 9628 de «Edward Ramírez»	ya_persona	persona compacto→#21833 «Nene Quintero» (creado 2026-10-02) | meta: born (persona) | snippet: Member of El Trabuco Venezolano [cat]|Esperanto [cat]|Grupo Pan [cat]|José Quintero y Su Sexteto [fuera]|La Retreta Mayor [cat]|Los Balzehaguaos [fuera] | 1 discos propios | discos ya en catálogo: «Parroquia» → álbum 9628 de «Edward Ramírez»	BD:public.persons (consulta viva 2026-10-03, aliases+redirects)	pages/nene-quintero.json+.html(meta)		
/artist/felipe-rengifo	Felipe Rengifo	7	D_miembro_de:El Trabuco Venezolano|Grupo Madera|Macondito							20787	Felipe Rengifo	compacto	1.0	2026-10-02	persona_miembro	El Trabuco Venezolano [cat]; Grupo Madera [cat]; Macondito [fuera]; Ofrenda [fuera]		0		0		sin_imagen	con	2026-10-02 03:39:16	0		ya_persona	persona compacto→#20787 «Felipe Rengifo» (creado 2026-10-02) | meta: born (persona) | snippet: Member of El Trabuco Venezolano [cat]|Grupo Madera [cat]|Macondito [fuera]|Ofrenda [fuera]	BD:public.persons (consulta viva 2026-10-03, aliases+redirects)	pages/felipe-rengifo.json+.html(meta)		
/artist/hilandera	Hilandera	7	C_miembro_de_banda_catalogo	Jóvenes y Sexys						39897	Hilandera	compacto	1.0	2026-10-04	persona_miembro	Jóvenes y Sexys [cat]		0		9	Appears On:6; Album:3; EP:3; Single:3	portada_rym	con	2026-10-03 13:34:55	1	«Máquina» → álbum 5255 de «Lilith the Fallen»	ya_persona	persona compacto→#39897 «Hilandera» (creado 2026-10-04) | meta: born (persona) | snippet: Member of Jóvenes y Sexys [cat] | 9 discos propios | discos ya en catálogo: «Máquina» → álbum 5255 de «Lilith the Fallen»	BD:public.persons (consulta viva 2026-10-03, aliases+redirects)	pages/hilandera.json+.html(meta)		
/artist/miguel-el-enano-gonzalez	Miguel "El Enano" González	7	C_miembro_de_banda_catalogo	Caramelos de Cianuro						39898	Miguel "El Enano" González	compacto	1.0	2026-10-04	persona_miembro	Caramelos de Cianuro [cat]		0		0		sin_imagen	con	2026-10-03 07:08:52	0		ya_persona	persona compacto→#39898 «Miguel "El Enano" González» (creado 2026-10-04) | snippet: Member of Caramelos de Cianuro [cat] | ficha RYM stub (sin discografía ni foto)	BD:public.persons (consulta viva 2026-10-03, aliases+redirects)	pages/miguel-el-enano-gonzalez.json		
/artist/federico-jr	Federíco Jr.	7	D_miembro_de:Federico y Su Combo Latino|Magia Caribeña							39899	Federíco Jr.	compacto	1.0	2026-10-04	persona_miembro	Federico y Su Combo Latino [cat]; Magia Caribeña [fuera]		0		1	Album:1	portada_rym	con	2026-10-03 10:36:52	0		ya_persona	persona compacto→#39899 «Federíco Jr.» (creado 2026-10-04) | snippet: Member of Federico y Su Combo Latino [cat]|Magia Caribeña [fuera] | 1 discos propios	BD:public.persons (consulta viva 2026-10-03, aliases+redirects)	pages/federico-jr.json+.html(meta)		
/artist/yoncarlos-medina	Yoncarlos Medina	7	D_sin_senal							1183	Yon Carlos Medina	compacto	1.0	2026-09-13	persona_o_solista			0		1	Album:1	portada_rym	con	2026-10-03 09:38:45	0		ya_persona	persona compacto→#1183 «Yon Carlos Medina» (creado 2026-09-13) | 1 discos propios	BD:public.persons (consulta viva 2026-10-03, aliases+redirects)	pages/yoncarlos-medina.json+.html(meta)		
/artist/victor-drija	Víctor Drija	7	D_sin_senal							33615	Víctor Drija	compacto	1.0	2026-10-02	persona_o_solista			0		21	Single:18; Album:2; EP:1; Appears On:1; V/A Compilation:1	portada_rym	con	2026-10-03 14:59:00	2	«I Love You» → álbum 4842 de «Los Memphis»; «Un poquito más» → álbum 4914 de «Delia»	ya_persona	persona compacto→#33615 «Víctor Drija» (creado 2026-10-02) | meta: born (persona) | 21 discos propios | discos ya en catálogo: «I Love You» → álbum 4842 de «Los Memphis»; «Un poquito más» → álbum 4914 de «Delia»	BD:public.persons (consulta viva 2026-10-03, aliases+redirects)	pages/victor-drija.json+.html(meta)		
/artist/swan-durh	swan durh	7	D_miembro_de:UNDYING TRUTH|Weed420							39900	swan durh	compacto	1.0	2026-10-04	persona_miembro	UNDYING TRUTH [nuevo]; Weed420 [nuevo]		1	Experimental	4	Single:4; Appears On:1	portada_rym	con	2026-10-03 06:33:48	0		ya_persona	persona compacto→#39900 «swan durh» (creado 2026-10-04) | meta: born (persona) | snippet: Member of UNDYING TRUTH [nuevo]|Weed420 [nuevo] | 1 géneros: Experimental | 4 discos propios	BD:public.persons (consulta viva 2026-10-03, aliases+redirects)	pages/swan-durh.json+.html(meta)		
/artist/cloudy-2	cloudy	7	D_miembro_de:UNDYING TRUTH							39901	cloudy	compacto	1.0	2026-10-04	persona_miembro	UNDYING TRUTH [nuevo]		1	Sound Collage	15	Appears On:11; Single:10; Album:2; DJ Mix:2; EP:1	portada_rym	con	2026-10-03 09:48:21	0		ya_persona	persona compacto→#39901 «cloudy» (creado 2026-10-04) | snippet: Member of UNDYING TRUTH [nuevo] | 1 géneros: Sound Collage | 15 discos propios	BD:public.persons (consulta viva 2026-10-03, aliases+redirects)	pages/cloudy-2.json+.html(meta)		
/artist/jose-montecano	José Montecano	7	D_sin_senal							25648	José Montecano	compacto	1.0	2026-10-02	persona_o_solista			1	Singer-Songwriter	1	Album:1	portada_rym	con	2026-10-03 14:14:40	1	«Por si no lo sabia» → álbum 6690 de «Alí Primera»	ya_persona	persona compacto→#25648 «José Montecano» (creado 2026-10-02) | meta: born (persona) | 1 géneros: Singer-Songwriter | 1 discos propios | discos ya en catálogo: «Por si no lo sabia» → álbum 6690 de «Alí Primera»	BD:public.persons (consulta viva 2026-10-03, aliases+redirects)	pages/jose-montecano.json+.html(meta)		
/artist/eduardo-marturet	Eduardo Marturet	6	D_sin_senal							19984	Eduardo Marturet	compacto	1.0	2026-10-02	persona_o_solista			0		9	Album:7; Single:1; Compilation:1	portada_rym	con	2026-10-03 06:13:58	0		ya_persona	persona compacto→#19984 «Eduardo Marturet» (creado 2026-10-02) | meta: born (persona) | 9 discos propios	BD:public.persons (consulta viva 2026-10-03, aliases+redirects)	pages/eduardo-marturet.json+.html(meta)		
/artist/sibilino	Sibilino	6	C_miembro_de_banda_catalogo	3 Dueños|Vagos y Maleantes						39902	Sibilino	compacto	1.0	2026-10-04	persona_miembro	3 Dueños [cat]; Vagos y Maleantes [cat]		0		3	Appears On:7; Album:2; Single:1	portada_rym	con	2026-10-03 17:51:45	1	«Señores» → álbum 13784 de «Lil Supa'»	ya_persona	persona compacto→#39902 «Sibilino» (creado 2026-10-04) | snippet: Member of 3 Dueños [cat]|Vagos y Maleantes [cat] | 3 discos propios | discos ya en catálogo: «Señores» → álbum 13784 de «Lil Supa'»	BD:public.persons (consulta viva 2026-10-03, aliases+redirects)	pages/sibilino.json+.html(meta)		
/artist/servando-primera	Servando Primera	6	C_miembro_de_banda_catalogo	Servando y Florentino						17399	Servando Primera	compacto	1.0	2026-10-01	persona_miembro	Servando y Florentino [cat]		0		1	Appears On:2; Single:1	portada_rym	con	2026-10-03 16:56:08	1	«La tormenta» → álbum 13932 de «Rawayana»	ya_persona	persona compacto→#17399 «Servando Primera» (creado 2026-10-01) | meta: born (persona) | snippet: Member of Servando y Florentino [cat] | 1 discos propios | discos ya en catálogo: «La tormenta» → álbum 13932 de «Rawayana»	BD:public.persons (consulta viva 2026-10-03, aliases+redirects)	pages/servando-primera.json+.html(meta)		
/artist/carlos-izcaray	Carlos Izcaray	6	D_sin_senal							19954	Carlos Izcaray	compacto	1.0	2026-10-02	persona_o_solista			0		1	Album:1	portada_rym	con	2026-10-03 14:02:02	0		ya_persona	persona compacto→#19954 «Carlos Izcaray» (creado 2026-10-02) | meta: born (persona) | 1 discos propios	BD:public.persons (consulta viva 2026-10-03, aliases+redirects)	pages/carlos-izcaray.json+.html(meta)		
/artist/elena-abend	Elena Abend	6	D_sin_senal							20357	Elena Abend	compacto	1.0	2026-10-02	persona_o_solista			1	Classical Music	1	Album:1	portada_rym	con	2026-10-03 13:24:31	0		ya_persona	persona compacto→#20357 «Elena Abend» (creado 2026-10-02) | 1 géneros: Classical Music | 1 discos propios	BD:public.persons (consulta viva 2026-10-03, aliases+redirects)	pages/elena-abend.json+.html(meta)		
/artist/sebastian-araujo	Sebastián Araujo	6	C_miembro_de_banda_catalogo	Bacalao Men|Cero a la Izquierda|Dermis Tatú						3411	Sebastián Araujo	compacto	1.0	2026-09-13	persona_miembro	Bacalao Men [cat]; Cero a la Izquierda [cat]; Dermis Tatú [cat]; Sentimiento Muerto [cat]; Un Perfecto Ext [fuera]		0		0		sin_imagen	con	2026-10-03 09:52:03	0		ya_persona	persona compacto→#3411 «Sebastián Araujo» (creado 2026-09-13) | meta: born (persona) | snippet: Member of Bacalao Men [cat]|Cero a la Izquierda [cat]|Dermis Tatú [cat]|Sentimiento Muerto [cat]|Un Perfecto Ext [fuera] | ficha RYM stub (sin discografía ni foto)	BD:public.persons (consulta viva 2026-10-03, aliases+redirects)	pages/sebastian-araujo.json+.html(meta)		
/artist/beto-montenegro	Beto Montenegro	6	C_miembro_de_banda_catalogo	Rawayana						39191	Beto Montenegro	compacto	1.0	2026-10-03	persona_miembro	ASTROPICAL [fuera]; Rawayana [cat]		0		1	Appears On:7; EP:1	portada_rym	con	2026-10-03 13:30:03	0		ya_persona	persona compacto→#39191 «Beto Montenegro» (creado 2026-10-03) | meta: born (persona) | snippet: Member of ASTROPICAL [fuera]|Rawayana [cat] | 1 discos propios	BD:public.persons (consulta viva 2026-10-03, aliases+redirects)	pages/beto-montenegro.json+.html(meta)		
/artist/alejandro-berti	Alejandro Berti	6	D_sin_senal							16270	Alejandro Berti	compacto	1.0	2026-10-01	persona_o_solista			0		0	Appears On:1	sin_imagen	sin_evidencia	2026-10-03 12:16:06	0		ya_persona	persona compacto→#16270 «Alejandro Berti» (creado 2026-10-01)	BD:public.persons (consulta viva 2026-10-03, aliases+redirects)	pages/alejandro-berti.json+.html(meta)		
/artist/samia-ibrahim	Samia Ibrahim	6	D_sin_senal							19619	Samia Ibrahim	compacto	1.0	2026-10-02	persona_o_solista			0		0		sin_imagen	sin_evidencia	2026-10-03 11:47:25	0		ya_persona	persona compacto→#19619 «Samia Ibrahim» (creado 2026-10-02) | meta: born (persona) | ficha RYM stub (sin discografía ni foto)	BD:public.persons (consulta viva 2026-10-03, aliases+redirects)	pages/samia-ibrahim.json+.html(meta)		
/artist/coyote-dax	Coyote Dax	6	D_miembro_de:Los Fantasmas del Caribe							39903	Coyote Dax	compacto	1.0	2026-10-04	persona_miembro	Los Fantasmas del Caribe [cat]		1	Pop	6	Album:4; V/A Compilation:3; Single:2	portada_rym	con	2026-10-03 10:08:48	0		ya_persona	persona compacto→#39903 «Coyote Dax» (creado 2026-10-04) | meta: born (persona) | snippet: Member of Los Fantasmas del Caribe [cat] | 1 géneros: Pop | 6 discos propios	BD:public.persons (consulta viva 2026-10-03, aliases+redirects)	pages/coyote-dax.json+.html(meta)		
/artist/gus_rios	Gus Rios	6	D_miembro_de:Divine Empire|The Evil Amidst|Malevolent Creation							17835	Gus Ríos	compacto	1.0	2026-10-01	persona_miembro	Divine Empire [fuera]; The Evil Amidst [fuera]; Malevolent Creation [fuera]; Manntis [fuera]; Murder Suicide [fuera]; Resurrection [fuera]		0		0		sin_imagen	con	2026-10-02 03:33:44	0		ya_persona	persona compacto→#17835 «Gus Ríos» (creado 2026-10-01) | snippet: Member of Divine Empire [fuera]|The Evil Amidst [fuera]|Malevolent Creation [fuera]|Manntis [fuera]|Murder Suicide [fuera]|Resurrection [fuera]	BD:public.persons (consulta viva 2026-10-03, aliases+redirects)	pages/gus_rios.json+.html(meta)		
/artist/ilse-1	Ilse	6	D_miembro_de:Flans							15722	Ilse	compacto	1.0	2026-10-01	persona_miembro	Flans [fuera]		0		3	Album:2; Compilation:1; V/A Compilation:1	portada_rym	con	2026-10-03 14:09:03	0		ya_persona	persona compacto→#15722 «Ilse» (creado 2026-10-01) | meta: born (persona) | snippet: Member of Flans [fuera] | 3 discos propios	BD:public.persons (consulta viva 2026-10-03, aliases+redirects)	pages/ilse-1.json+.html(meta)		
/artist/la_seguridad_nacional	La Seguridad Nacional	6	A_probable	seguridad nacional (sim 0.92, id 218)						35273	La Seguridad Nacional	compacto	1.0	2026-10-02	banda		1980	1	Post-Punk	2	V/A Compilation:2; Album:1; Compilation:1	portada_rym	con	2026-10-03 08:53:21	1	«Documento de Actitud» → álbum 319 de «Seguridad Nacional»	ya_persona	persona compacto→#35273 «La Seguridad Nacional» (creado 2026-10-02) | meta: formed 1980 | snippet: Members con instrumentos | 1 géneros: Post-Punk | 2 discos propios | discos ya en catálogo: «Documento de Actitud» → álbum 319 de «Seguridad Nacional»	BD:public.persons (consulta viva 2026-10-03, aliases+redirects)	pages/la_seguridad_nacional.json+.html(meta)		
/artist/isra	Isra	6	C_miembro_de_banda_catalogo	Me Vs Murphy						39904	Isra	compacto	1.0	2026-10-04	persona_miembro	Me Vs Murphy [cat]		0		24	Single:23; Appears On:2; Album:1; Music video:1	portada_rym	con	2026-10-03 06:39:31	3	«Malibu» → álbum 13850 de «Big Soto»; «Oveja negra» → álbum 15437 de «Apache»; «Volver» → álbum 13444 de «Micro TDH»	ya_persona	persona compacto→#39904 «Isra» (creado 2026-10-04) | meta: born (persona) | snippet: Member of Me Vs Murphy [cat] | 24 discos propios | discos ya en catálogo: «Malibu» → álbum 13850 de «Big Soto»; «Oveja negra» → álbum 15437 de «Apache»	BD:public.persons (consulta viva 2026-10-03, aliases+redirects)	pages/isra.json+.html(meta)		
/artist/manuel_hernandez_silva	Manuel Hernández Silva	6	D_sin_senal							20627	Manuel Hernández Silva	compacto	1.0	2026-10-02	persona_o_solista			1	Classical Music	1	Album:1; Appears On:1	portada_rym	con	2026-10-03 12:29:17	0		ya_persona	persona compacto→#20627 «Manuel Hernández Silva» (creado 2026-10-02) | meta: born (persona) | 1 géneros: Classical Music | 1 discos propios	BD:public.persons (consulta viva 2026-10-03, aliases+redirects)	pages/manuel_hernandez_silva.json+.html(meta)		
/artist/santiago-dobles	Santiago Dobles	6	D_miembro_de:Aghora|Council of the Fallen|Cynic							23707	Santiago Dobles	compacto	1.0	2026-10-02	persona_miembro	Aghora [fuera]; Council of the Fallen [fuera]; Cynic [fuera]; Order of Ennead [fuera]; Pestilence [fuera]; Synkronizity [fuera]		0		0		sin_imagen	con	2026-10-03 06:00:53	0		ya_persona	persona compacto→#23707 «Santiago Dobles» (creado 2026-10-02) | meta: born (persona) | snippet: Member of Aghora [fuera]|Council of the Fallen [fuera]|Cynic [fuera]|Order of Ennead [fuera]|Pestilence [fuera]|Synkronizity [fuera] | ficha RYM stub (sin discografía ni foto)	BD:public.persons (consulta viva 2026-10-03, aliases+redirects)	pages/santiago-dobles.json+.html(meta)		
/artist/carlos-quintana	Carlos Quintana	6	D_miembro_de:Tabaco y Sus Metales							29927	Carlos Quintana	compacto	1.0	2026-10-02	persona_miembro	Tabaco y Sus Metales [fuera]		1	Salsa	2	Album:1; Compilation:1	portada_rym	con	2026-10-03 18:01:25	0		ya_persona	persona compacto→#29927 «Carlos Quintana» (creado 2026-10-02) | meta: born (persona) | snippet: Member of Tabaco y Sus Metales [fuera] | 1 géneros: Salsa | 2 discos propios	BD:public.persons (consulta viva 2026-10-03, aliases+redirects)	pages/carlos-quintana.json+.html(meta)		
/artist/luis-felipe-gonzalez	Luis Felipe González	6	D_miembro_de:Nelson y Sus Estrellas|Orquesta La Super Banda							20565	Luis Felipe González	compacto	1.0	2026-10-02	persona_miembro	Nelson y Sus Estrellas [fuera]; Orquesta La Super Banda [fuera]		0		10	V/A Compilation:10; Album:9; Compilation:1	portada_rym	con	2026-10-03 12:18:13	1	«Solo Boleros» → álbum 12923 de «Oscar D' León»	ya_persona	persona compacto→#20565 «Luis Felipe González» (creado 2026-10-02) | meta: born (persona) | snippet: Member of Nelson y Sus Estrellas [fuera]|Orquesta La Super Banda [fuera] | 10 discos propios | discos ya en catálogo: «Solo Boleros» → álbum 12923 de «Oscar D' León»	BD:public.persons (consulta viva 2026-10-03, aliases+redirects)	pages/luis-felipe-gonzalez.json+.html(meta)		
/artist/omar_vizquel	Omar Vizquel	6	D_sin_senal							33656	Omar Vizquel	compacto	1.0	2026-10-02	persona_o_solista			0		0	Appears On:1	sin_imagen	sin_evidencia	2026-10-03 09:51:34	0		ya_persona	persona compacto→#33656 «Omar Vizquel» (creado 2026-10-02) | meta: born (persona)	BD:public.persons (consulta viva 2026-10-03, aliases+redirects)	pages/omar_vizquel.json+.html(meta)		
/artist/gustavo_matamoros	Gustavo Matamoros	6	D_sin_senal							19251	Gustavo Matamoros	compacto	1.0	2026-10-02	persona_o_solista			2	Free Improvisation, Nature Recordings	1	Appears On:2; Album:1	portada_rym	con	2026-10-03 08:02:39	0		ya_persona	persona compacto→#19251 «Gustavo Matamoros» (creado 2026-10-02) | meta: born (persona) | 2 géneros: Free Improvisation, Nature Recordings | 1 discos propios	BD:public.persons (consulta viva 2026-10-03, aliases+redirects)	pages/gustavo_matamoros.json+.html(meta)		
/artist/mpeach	MPeach	6	C_miembro_de_banda_catalogo	Todosantos						18569	Mpeach	compacto	1.0	2026-10-01	persona_miembro	Todosantos [cat]		1	Electronic	4	Appears On:4; V/A Compilation:2; Album:1; EP:1; DJ Mix:1; Video:1	portada_rym	con	2026-10-03 14:14:53	2	«Boiler Room: Caracas» → álbum 15468 de «Cardopusher»; «Boiler Room: Caracas» → álbum 15468 de «Cardopusher»	ya_persona	persona compacto→#18569 «Mpeach» (creado 2026-10-01) | snippet: Member of Todosantos [cat] | 1 géneros: Electronic | 4 discos propios | discos ya en catálogo: «Boiler Room: Caracas» → álbum 15468 de «Cardopusher»; «Boiler Room: Caracas» → álbum 15468 de «Cardopusher»	BD:public.persons (consulta viva 2026-10-03, aliases+redirects)	pages/mpeach.json+.html(meta)		
/artist/spell-1	Spell	6	D_miembro_de:Curse|Fire|Tormentor							39905	Spell	compacto	1.0	2026-10-04	persona_miembro	Curse [cat]; Fire [cat]; Tormentor [fuera]		1	Black Metal	1	Album:1	portada_rym	con	2026-10-03 15:54:09	0		ya_persona	persona compacto→#39905 «Spell» (creado 2026-10-04) | meta: born (persona) | snippet: Member of Curse [cat]|Fire [cat]|Tormentor [fuera] | 1 géneros: Black Metal | 1 discos propios	BD:public.persons (consulta viva 2026-10-03, aliases+redirects)	pages/spell-1.json+.html(meta)		
/artist/diana_arismendi	Diana Arismendi	5	D_sin_senal							33225	Diana Arismendi	compacto	1.0	2026-10-02	persona_o_solista			0		0		sin_imagen	sin_evidencia	2026-10-03 09:05:29	0		ya_persona	persona compacto→#33225 «Diana Arismendi» (creado 2026-10-02) | meta: born (persona) | ficha RYM stub (sin discografía ni foto)	BD:public.persons (consulta viva 2026-10-03, aliases+redirects)	pages/diana_arismendi.json+.html(meta)		
/artist/abraham-pulido	Abraham Pulido	5	D_sin_senal							32465	Abraham Pulido	compacto	1.0	2026-10-02	persona_o_solista			0		0		sin_imagen	sin_evidencia	2026-10-03 06:45:07	0		ya_persona	persona compacto→#32465 «Abraham Pulido» (creado 2026-10-02) | meta: born (persona) | ficha RYM stub (sin discografía ni foto)	BD:public.persons (consulta viva 2026-10-03, aliases+redirects)	pages/abraham-pulido.json+.html(meta)		
/artist/yennifer_correia	Yennifer Correia	5	D_sin_senal							19316	Yennifer Correia	compacto	1.0	2026-10-02	persona_o_solista			0		0		sin_imagen	sin_evidencia	2026-10-03 08:19:02	0		ya_persona	persona compacto→#19316 «Yennifer Correia» (creado 2026-10-02) | ficha RYM stub (sin discografía ni foto)	BD:public.persons (consulta viva 2026-10-03, aliases+redirects)	pages/yennifer_correia.json+.html(meta)		
/artist/recordatorio	Recordatorio	5	C_miembro_de_banda_catalogo	Americania						39906	Recordatorio	compacto	1.0	2026-10-04	persona_miembro	Americania [cat]		0		13	Single:10; Appears On:3; Album:2; EP:1	portada_rym	con	2026-10-03 10:03:38	1	«Besos Infinitos» → álbum 12829 de «Sunsplash»	ya_persona	persona compacto→#39906 «Recordatorio» (creado 2026-10-04) | meta: born (persona) | snippet: Member of Americania [cat] | 13 discos propios | discos ya en catálogo: «Besos Infinitos» → álbum 12829 de «Sunsplash»	BD:public.persons (consulta viva 2026-10-03, aliases+redirects)	pages/recordatorio.json+.html(meta)		
/artist/iran-2	Irán	5	C_miembro_de_banda_catalogo	Los Paranoias						39907	Irán	compacto	1.0	2026-10-04	persona_miembro	Los Paranoias [cat]; The Zappe Cats [fuera]		0		13	Single:10; EP:2; Album:1; Appears On:1	portada_rym	con	2026-10-03 10:18:26	0		ya_persona	persona compacto→#39907 «Irán» (creado 2026-10-04) | snippet: Member of Los Paranoias [cat]|The Zappe Cats [fuera] | 13 discos propios	BD:public.persons (consulta viva 2026-10-03, aliases+redirects)	pages/iran-2.json+.html(meta)		
/artist/isabel-palacios	Isabel Palacios	5	D_sin_senal							19122	Isabel Palacios	compacto	1.0	2026-10-02	persona_o_solista			1	Choral	1	Album:1	portada_rym	con	2026-10-03 10:13:20	0		ya_persona	persona compacto→#19122 «Isabel Palacios» (creado 2026-10-02) | meta: born (persona) | 1 géneros: Choral | 1 discos propios	BD:public.persons (consulta viva 2026-10-03, aliases+redirects)	pages/isabel-palacios.json+.html(meta)		
/artist/gabo-xeart	Gabo Xeart	5	D_miembro_de:Weed420							39908	Gabo Xeart	compacto	1.0	2026-10-04	persona_miembro	Weed420 [nuevo]		4	Instrumental Hip Hop, Dreampunk, Ambient, Jazz Rap	4	Album:2; Mixtape:1; DJ Mix:1	portada_rym	con	2026-10-03 16:34:27	0		ya_persona	persona compacto→#39908 «Gabo Xeart» (creado 2026-10-04) | meta: born (persona) | snippet: Member of Weed420 [nuevo] | 4 géneros: Instrumental Hip Hop, Dreampunk, Ambient | 4 discos propios	BD:public.persons (consulta viva 2026-10-03, aliases+redirects)	pages/gabo-xeart.json+.html(meta)		
/artist/naty-martinez	Naty Martínez	5	D_miembro_de:Orquesta La Amistad|Nati y Su Orquesta|La Magnifica							24851	Naty Martínez	compacto	1.0	2026-10-02	persona_miembro	Orquesta La Amistad [cat]; Nati y Su Orquesta [cat]; La Magnifica [fuera]; Tabaco y Sus Metales [fuera]		0		3	Album:3	portada_rym	con	2026-10-03 08:47:56	1	«La experiencia y el futuro» → álbum 6857 de «Canelita Medina»	ya_persona	persona compacto→#24851 «Naty Martínez» (creado 2026-10-02) | meta: born (persona) | snippet: Member of Orquesta La Amistad [cat]|Nati y Su Orquesta [cat]|La Magnifica [fuera]|Tabaco y Sus Metales [fuera] | 3 discos propios | discos ya en catálogo: «La experiencia y el futuro» → álbum 6857 de «Canelita Medina»	BD:public.persons (consulta viva 2026-10-03, aliases+redirects)	pages/naty-martinez.json+.html(meta)		
/artist/sheryl-rubio	Sheryl Rubio	5	D_sin_senal							37265	Sheryl Rubio	compacto	1.0	2026-10-02	persona_o_solista			0		2	Single:2; V/A Compilation:1	portada_rym	con	2026-10-03 13:55:08	0		ya_persona	persona compacto→#37265 «Sheryl Rubio» (creado 2026-10-02) | meta: born (persona) | 2 discos propios	BD:public.persons (consulta viva 2026-10-03, aliases+redirects)	pages/sheryl-rubio.json+.html(meta)		
/artist/nerio-gutierrez	Nerio Gutiérrez	5	D_sin_senal							19075	Nerio Gutierrez	compacto	1.0	2026-10-02	persona_o_solista			0		0		sin_imagen	sin_evidencia	2026-10-03 07:05:42	0		ya_persona	persona compacto→#19075 «Nerio Gutierrez» (creado 2026-10-02) | ficha RYM stub (sin discografía ni foto)	BD:public.persons (consulta viva 2026-10-03, aliases+redirects)	pages/nerio-gutierrez.json+.html(meta)		
/artist/nelson_rojas	Nelson Rojas	5	D_miembro_de:Bulenga							31192	Nelson Rojas	compacto	1.0	2026-10-02	persona_miembro	Bulenga [fuera]		0		1	Album:1	sin_imagen	con	2026-10-03 17:15:47	0		ya_persona	persona compacto→#31192 «Nelson Rojas» (creado 2026-10-02) | meta: born (persona) | snippet: Member of Bulenga [fuera] | 1 discos propios	BD:public.persons (consulta viva 2026-10-03, aliases+redirects)	pages/nelson_rojas.json+.html(meta)		
/artist/federico-vollmer	Federico Vollmer	5	D_sin_senal							19710	Federico Vollmer	compacto	1.0	2026-10-02	persona_o_solista			0		0		sin_imagen	sin_evidencia	2026-10-03 18:11:36	0		ya_persona	persona compacto→#19710 «Federico Vollmer» (creado 2026-10-02) | meta: born (persona) | ficha RYM stub (sin discografía ni foto)	BD:public.persons (consulta viva 2026-10-03, aliases+redirects)	pages/federico-vollmer.json+.html(meta)		
/artist/norman-cepeda	Norman Cepeda	5	D_miembro_de:Guaco							24945	Norman Cepeda	compacto	1.0	2026-10-02	persona_miembro	Guaco [cat]		0		0		sin_imagen	con	2026-10-03 12:21:51	0		ya_persona	persona compacto→#24945 «Norman Cepeda» (creado 2026-10-02) | meta: born (persona) | snippet: Member of Guaco [cat] | ficha RYM stub (sin discografía ni foto)	BD:public.persons (consulta viva 2026-10-03, aliases+redirects)	pages/norman-cepeda.json+.html(meta)		
/artist/alonso-casual	Alonso Casual	5	D_miembro_de:Guacamayo Terca							39909	Alonso Casual	compacto	1.0	2026-10-04	persona_miembro	Guacamayo Terca [cat]		1	Singer-Songwriter	10	Single:4; Album:3; EP:3; Appears On:1	portada_rym	con	2026-10-02 03:35:38	0		ya_persona	persona compacto→#39909 «Alonso Casual» (creado 2026-10-04) | snippet: Member of Guacamayo Terca [cat] | 1 géneros: Singer-Songwriter | 10 discos propios	BD:public.persons (consulta viva 2026-10-03, aliases+redirects)	pages/alonso-casual.json+.html(meta)		
/artist/claudia-lizardo	Claudia Lizardo	5	D_miembro_de:La Pequeña Revancha							39910	Claudia Lizardo	compacto	1.0	2026-10-04	persona_miembro	La Pequeña Revancha [cat]		0		0	Appears On:1	sin_imagen	con	2026-10-03 10:00:27	0		ya_persona	persona compacto→#39910 «Claudia Lizardo» (creado 2026-10-04) | meta: born (persona) | snippet: Member of La Pequeña Revancha [cat]	BD:public.persons (consulta viva 2026-10-03, aliases+redirects)	pages/claudia-lizardo.json+.html(meta)		
/artist/monno-briceno	Monno Briceno	5	C_miembro_de_banda_catalogo	Salpachino						39911	Monno Briceno	compacto	1.0	2026-10-04	persona_miembro	Atlas [fuera]; Espíritu Animal [fuera]; Pasticho [fuera]; Salpachino [cat]; La Vida Bohème [cat]		0		3	Single:2; EP:1; Appears On:1	portada_rym	con	2026-10-03 11:53:44	0		ya_persona	persona compacto→#39911 «Monno Briceno» (creado 2026-10-04) | snippet: Member of Atlas [fuera]|Espíritu Animal [fuera]|Pasticho [fuera]|Salpachino [cat]|La Vida Bohème [cat] | 3 discos propios	BD:public.persons (consulta viva 2026-10-03, aliases+redirects)	pages/monno-briceno.json+.html(meta)		
/artist/luis-fernandez-1	Luis Fernández	5	D_sin_senal							2221	Luis Fernández	compacto	1.0	2026-09-13	persona_o_solista			0		0		sin_imagen	sin_evidencia	2026-10-03 06:41:13	0		ya_persona	persona compacto→#2221 «Luis Fernández» (creado 2026-09-13) | meta: born (persona) | ficha RYM stub (sin discografía ni foto)	BD:public.persons (consulta viva 2026-10-03, aliases+redirects)	pages/luis-fernandez-1.json+.html(meta)		
/artist/mazzarri	Mazzarri	5	D_sin_senal							36100	Mazzarri	compacto	1.0	2026-10-02	persona_o_solista			0		2	Single:2; Appears On:1	portada_rym	con	2026-10-03 10:40:41	0		ya_persona	persona compacto→#36100 «Mazzarri» (creado 2026-10-02) | 2 discos propios	BD:public.persons (consulta viva 2026-10-03, aliases+redirects)	pages/mazzarri.json+.html(meta)		
/artist/mimi-lazo	Mimí Lazo	5	D_sin_senal							33657	Mimí Lazo	compacto	1.0	2026-10-02	persona_o_solista			0		0		sin_imagen	sin_evidencia	2026-10-03 10:21:04	0		ya_persona	persona compacto→#33657 «Mimí Lazo» (creado 2026-10-02) | meta: born (persona) | ficha RYM stub (sin discografía ni foto)	BD:public.persons (consulta viva 2026-10-03, aliases+redirects)	pages/mimi-lazo.json+.html(meta)		
/artist/mau-montaner	Mau Montaner	5	D_miembro_de:Mau y Ricky							39912	Mau Montaner	compacto	1.0	2026-10-04	persona_miembro	Mau y Ricky [cat]		0		0		sin_imagen	con	2026-10-03 16:30:18	0		ya_persona	persona compacto→#39912 «Mau Montaner» (creado 2026-10-04) | meta: born (persona) | snippet: Member of Mau y Ricky [cat] | ficha RYM stub (sin discografía ni foto)	BD:public.persons (consulta viva 2026-10-03, aliases+redirects)	pages/mau-montaner.json+.html(meta)		
/artist/ricky-montaner	Ricky Montaner	5	D_miembro_de:Mau y Ricky							39913	Ricky Montaner	compacto	1.0	2026-10-04	persona_miembro	Mau y Ricky [cat]		0		0		sin_imagen	con	2026-10-03 07:11:48	0		ya_persona	persona compacto→#39913 «Ricky Montaner» (creado 2026-10-04) | meta: born (persona) | snippet: Member of Mau y Ricky [cat] | ficha RYM stub (sin discografía ni foto)	BD:public.persons (consulta viva 2026-10-03, aliases+redirects)	pages/ricky-montaner.json+.html(meta)		
/artist/juan-sebastian-vasquez	Juan Sebastián Vásquez	5	D_sin_senal							37229	Juan Sebastián Vásquez	compacto	1.0	2026-10-02	persona_o_solista			0		0		sin_imagen	sin_evidencia	2026-10-03 15:32:46	0		ya_persona	persona compacto→#37229 «Juan Sebastián Vásquez» (creado 2026-10-02) | meta: born (persona) | ficha RYM stub (sin discografía ni foto)	BD:public.persons (consulta viva 2026-10-03, aliases+redirects)	pages/juan-sebastian-vasquez.json+.html(meta)		
/artist/alejandro-rojas	Alejandro Rojas	5	D_sin_senal							28548	Alejandro Rojas	compacto	1.0	2026-10-02	persona_o_solista			0		0		sin_imagen	sin_evidencia	2026-10-03 18:13:29	0		ya_persona	persona compacto→#28548 «Alejandro Rojas» (creado 2026-10-02) | meta: born (persona) | ficha RYM stub (sin discografía ni foto)	BD:public.persons (consulta viva 2026-10-03, aliases+redirects)	pages/alejandro-rojas.json+.html(meta)		
/artist/mariaca-semprun	Mariaca Semprún	5	D_sin_senal							19774	Mariaca Semprún	compacto	1.0	2026-10-02	persona_o_solista			0		1	Single:1	sin_imagen	con	2026-10-03 07:59:04	0		ya_persona	persona compacto→#19774 «Mariaca Semprún» (creado 2026-10-02) | meta: born (persona) | 1 discos propios	BD:public.persons (consulta viva 2026-10-03, aliases+redirects)	pages/mariaca-semprun.json+.html(meta)		
/artist/jey-da-polemic	Jey da Polemic	5	D_miembro_de:Secuaces							39914	Jey da Polemic	compacto	1.0	2026-10-04	persona_miembro	Secuaces [cat]		0		0	Appears On:1	sin_imagen	con	2026-10-03 10:36:25	0		ya_persona	persona compacto→#39914 «Jey da Polemic» (creado 2026-10-04) | meta: born (persona) | snippet: Member of Secuaces [cat]	BD:public.persons (consulta viva 2026-10-03, aliases+redirects)	pages/jey-da-polemic.json+.html(meta)		
/artist/rafael-romero	Rafael Romero	5	D_sin_senal							32978	Rafael Romero	compacto	1.0	2026-10-02	persona_o_solista			0		0		sin_imagen	sin_evidencia	2026-10-03 15:29:50	0		ya_persona	persona compacto→#32978 «Rafael Romero» (creado 2026-10-02) | meta: born (persona) | ficha RYM stub (sin discografía ni foto)	BD:public.persons (consulta viva 2026-10-03, aliases+redirects)	pages/rafael-romero.json+.html(meta)		
/artist/cesar-alejandro-carrillo	César Alejandro Carrillo	5	D_sin_senal							31115	César Alejandro Carrillo	compacto	1.0	2026-10-02	persona_o_solista			0		0		sin_imagen	sin_evidencia	2026-10-03 12:14:14	0		ya_persona	persona compacto→#31115 «César Alejandro Carrillo» (creado 2026-10-02) | meta: born (persona) | ficha RYM stub (sin discografía ni foto)	BD:public.persons (consulta viva 2026-10-03, aliases+redirects)	pages/cesar-alejandro-carrillo.json+.html(meta)		
/artist/freddy-leon	Freddy Leon	5	D_sin_senal							20001	Freddy León	compacto	1.0	2026-10-02	persona_o_solista			0		1	Album:1; V/A Compilation:1	sin_imagen	con	2026-10-03 14:07:38	0		ya_persona	persona compacto→#20001 «Freddy León» (creado 2026-10-02) | meta: born (persona) | 1 discos propios	BD:public.persons (consulta viva 2026-10-03, aliases+redirects)	pages/freddy-leon.json+.html(meta)		
/artist/natacha-valladares	Natacha Valladares	5	D_sin_senal							19138	Natacha Valladares	compacto	1.0	2026-10-02	persona_o_solista			0		1	Album:1	portada_rym	con	2026-10-03 09:43:03	0		ya_persona	persona compacto→#19138 «Natacha Valladares» (creado 2026-10-02) | 1 discos propios	BD:public.persons (consulta viva 2026-10-03, aliases+redirects)	pages/natacha-valladares.json+.html(meta)		
/artist/pedro-mauricio-gonzalez	Pedro Mauricio González	5	D_sin_senal							21363	Pedro Mauricio González	compacto	1.0	2026-10-02	persona_o_solista			0		0		sin_imagen	sin_evidencia	2026-10-03 17:36:53	0		ya_persona	persona compacto→#21363 «Pedro Mauricio González» (creado 2026-10-02) | meta: born (persona) | ficha RYM stub (sin discografía ni foto)	BD:public.persons (consulta viva 2026-10-03, aliases+redirects)	pages/pedro-mauricio-gonzalez.json+.html(meta)		
/artist/jesus-gomez-2	Jesús Gómez	5	D_miembro_de:El Sonero Clásico del Caribe							25181	Jesús Gómez	compacto	1.0	2026-10-02	persona_miembro	El Sonero Clásico del Caribe [fuera]		0		1	Album:1	sin_imagen	con	2026-10-03 14:47:17	0		ya_persona	persona compacto→#25181 «Jesús Gómez» (creado 2026-10-02) | meta: born (persona) | snippet: Member of El Sonero Clásico del Caribe [fuera] | 1 discos propios	BD:public.persons (consulta viva 2026-10-03, aliases+redirects)	pages/jesus-gomez-2.json+.html(meta)		
/artist/jose-delgado-3	José Delgado	5	D_miembro_de:Trova Gaitera							31453	José Delgado	compacto	1.0	2026-10-02	persona_miembro	Trova Gaitera [fuera]		0		6	Album:5; Appears On:3; Live Album:1	portada_rym	con	2026-10-03 10:45:29	0		ya_persona	persona compacto→#31453 «José Delgado» (creado 2026-10-02) | meta: born (persona) | snippet: Member of Trova Gaitera [fuera] | 6 discos propios	BD:public.persons (consulta viva 2026-10-03, aliases+redirects)	pages/jose-delgado-3.json+.html(meta)		
/artist/diego-gamez	Diego Gámez	5	D_miembro_de:333							31187	Diego Gámez	compacto	1.0	2026-10-02	persona_miembro	333 [fuera]		1	House	1	EP:1	portada_rym	con	2026-10-03 09:46:05	0		ya_persona	persona compacto→#31187 «Diego Gámez» (creado 2026-10-02) | meta: born (persona) | snippet: Member of 333 [fuera] | 1 géneros: House | 1 discos propios	BD:public.persons (consulta viva 2026-10-03, aliases+redirects)	pages/diego-gamez.json+.html(meta)		
/artist/john-petrizzelli	John Petrizzelli	5	D_sin_senal							31316	John Petrizzelli	compacto	1.0	2026-10-02	persona_o_solista			0		0		sin_imagen	sin_evidencia	2026-10-03 14:12:57	0		ya_persona	persona compacto→#31316 «John Petrizzelli» (creado 2026-10-02) | meta: born (persona) | ficha RYM stub (sin discografía ni foto)	BD:public.persons (consulta viva 2026-10-03, aliases+redirects)	pages/john-petrizzelli.json+.html(meta)		
/artist/raul-borges	Raúl Borges	5	D_sin_senal							19420	Raúl Borges	compacto	1.0	2026-10-02	persona_o_solista			0		1	Single:1	sin_imagen	con	2026-10-03 07:13:31	0		ya_persona	persona compacto→#19420 «Raúl Borges» (creado 2026-10-02) | meta: born (persona) | 1 discos propios	BD:public.persons (consulta viva 2026-10-03, aliases+redirects)	pages/raul-borges.json+.html(meta)		
/artist/maria-pura-imhof	María Pura Imhof	5	C_miembro_de_banda_catalogo	Sonica						39915	María Pura Imhof	compacto	1.0	2026-10-04	persona_miembro	Pasaje Zing [fuera]; Sonica [cat]		0		0		sin_imagen	con	2026-10-03 13:51:27	0		ya_persona	persona compacto→#39915 «María Pura Imhof» (creado 2026-10-04) | meta: born (persona) | snippet: Member of Pasaje Zing [fuera]|Sonica [cat] | ficha RYM stub (sin discografía ni foto)	BD:public.persons (consulta viva 2026-10-03, aliases+redirects)	pages/maria-pura-imhof.json+.html(meta)		
/artist/coco-arocha	Coco Arocha	5	D_miembro_de:Ravahil							39916	Coco Arocha	compacto	1.0	2026-10-04	persona_miembro	Ravahil [cat]		0		1	Single:1	sin_imagen	con	2026-10-03 16:38:34	0		ya_persona	persona compacto→#39916 «Coco Arocha» (creado 2026-10-04) | meta: born (persona) | snippet: Member of Ravahil [cat] | 1 discos propios	BD:public.persons (consulta viva 2026-10-03, aliases+redirects)	pages/coco-arocha.json+.html(meta)		
/artist/cheo-navarro	Cheo Navarro	5	D_sin_senal							21473	Cheo Navarro	compacto	1.0	2026-10-02	persona_o_solista			1	Salsa	2	Album:2	portada_rym	con	2026-10-03 08:55:49	0		ya_persona	persona compacto→#21473 «Cheo Navarro» (creado 2026-10-02) | meta: born (persona) | 1 géneros: Salsa | 2 discos propios	BD:public.persons (consulta viva 2026-10-03, aliases+redirects)	pages/cheo-navarro.json+.html(meta)		
/artist/mon-carrillo	Mon Carrillo	5	D_miembro_de:Mon Carrillo y Su Sexteto|Salsa Suprema							39917	Mon Carrillo	compacto	1.0	2026-10-04	persona_miembro	Mon Carrillo y Su Sexteto [cat]; Salsa Suprema [fuera]		0		0		sin_imagen	con	2026-10-03 15:16:15	0		ya_persona	persona compacto→#39917 «Mon Carrillo» (creado 2026-10-04) | meta: born (persona) | snippet: Member of Mon Carrillo y Su Sexteto [cat]|Salsa Suprema [fuera] | ficha RYM stub (sin discografía ni foto)	BD:public.persons (consulta viva 2026-10-03, aliases+redirects)	pages/mon-carrillo.json+.html(meta)		
/artist/eddie-hermida	Eddie Hermida	5	C_miembro_de_banda_catalogo	Suicide Silence						39918	Eddie Hermida	compacto	1.0	2026-10-04	persona_miembro	All Shall Perish [fuera]; Corvid-19 [fuera]; Gunmetal Grey [fuera]; Suicide Silence [cat]		0		0	Appears On:11	sin_imagen	con	2026-10-03 06:00:42	0		ya_persona	persona compacto→#39918 «Eddie Hermida» (creado 2026-10-04) | meta: born (persona) | snippet: Member of All Shall Perish [fuera]|Corvid-19 [fuera]|Gunmetal Grey [fuera]|Suicide Silence [cat]	BD:public.persons (consulta viva 2026-10-03, aliases+redirects)	pages/eddie-hermida.json+.html(meta)		
/artist/abdenago-borjas	Abdénago Borjas	5	D_miembro_de:Gran Coquivacoa							25240	Abdénago Borjas	compacto	1.0	2026-10-02	persona_miembro	Gran Coquivacoa [cat]		0		0	Appears On:3	sin_imagen	con	2026-10-03 15:23:10	0		ya_persona	persona compacto→#25240 «Abdénago Borjas» (creado 2026-10-02) | meta: born (persona) | snippet: Member of Gran Coquivacoa [cat]	BD:public.persons (consulta viva 2026-10-03, aliases+redirects)	pages/abdenago-borjas.json+.html(meta)		
/artist/beto-borjas	Beto Borjas	5	D_miembro_de:Gran Coquivacoa							39919	Beto Borjas	compacto	1.0	2026-10-04	persona_miembro	Gran Coquivacoa [cat]		0		0		sin_imagen	con	2026-10-03 10:08:38	0		ya_persona	persona compacto→#39919 «Beto Borjas» (creado 2026-10-04) | meta: born (persona) | snippet: Member of Gran Coquivacoa [cat] | ficha RYM stub (sin discografía ni foto)	BD:public.persons (consulta viva 2026-10-03, aliases+redirects)	pages/beto-borjas.json+.html(meta)		
/artist/joe-urdaneta	Joe Urdaneta	5	D_miembro_de:Billo's Caracas Boys							26750	Joe Urdaneta	compacto	1.0	2026-10-02	persona_miembro	Billo's Caracas Boys [cat]		0		1	Album:1	portada_rym	con	2026-10-03 15:35:31	0		ya_persona	persona compacto→#26750 «Joe Urdaneta» (creado 2026-10-02) | meta: born (persona) | snippet: Member of Billo's Caracas Boys [cat] | 1 discos propios	BD:public.persons (consulta viva 2026-10-03, aliases+redirects)	pages/joe-urdaneta.json+.html(meta)		
/artist/mario-viloria	Mario Viloria	5	D_miembro_de:Estrellas del Zulia|Guaco							28050	Mario Viloría	compacto	1.0	2026-10-02	persona_miembro	Estrellas del Zulia [fuera]; Guaco [cat]		0		0		sin_imagen	con	2026-10-03 17:20:12	0		ya_persona	persona compacto→#28050 «Mario Viloría» (creado 2026-10-02) | meta: born (persona) | snippet: Member of Estrellas del Zulia [fuera]|Guaco [cat] | ficha RYM stub (sin discografía ni foto)	BD:public.persons (consulta viva 2026-10-03, aliases+redirects)	pages/mario-viloria.json+.html(meta)		
/artist/elsa_y_elmar	Elsa y Elmar	5	D_sin_senal							35292	Elsa y Elmar	compacto	1.0	2026-10-02	persona_o_solista			4	Latin Pop, Alt-Pop, Indie Pop, Indietronica	43	Single:32; Appears On:13; Album:5; EP:5; Music video:3; V/A Compilation:1; Additional release:1	portada_rym	con	2026-10-03 10:02:12	1	«Flecha» → álbum 2231 de «Oktavo Pasajero»	ya_persona	persona compacto→#35292 «Elsa y Elmar» (creado 2026-10-02) | 4 géneros: Latin Pop, Alt-Pop, Indie Pop | 43 discos propios | discos ya en catálogo: «Flecha» → álbum 2231 de «Oktavo Pasajero»	BD:public.persons (consulta viva 2026-10-03, aliases+redirects)	pages/elsa_y_elmar.json+.html(meta)		
/artist/edson_velandia	Edson Velandia	5	D_miembro_de:Cabuya|Velandia y la Tigra							39920	Edson Velandia	compacto	1.0	2026-10-04	persona_miembro	Cabuya [cat]; Velandia y la Tigra [cat]		0		7	Appears On:8; Album:5; Single:2	portada_rym	con	2026-10-03 14:58:01	0		ya_persona	persona compacto→#39920 «Edson Velandia» (creado 2026-10-04) | meta: born (persona) | snippet: Member of Cabuya [cat]|Velandia y la Tigra [cat] | 7 discos propios	BD:public.persons (consulta viva 2026-10-03, aliases+redirects)	pages/edson_velandia.json+.html(meta)		
/artist/pablus-gallinazo	Pablus Gallinazo	5	D_sin_senal							26987	Pablus Gallinazo	compacto	1.0	2026-10-02	persona_o_solista			1	Nueva canción latinoamericana	5	Album:5	portada_rym	con	2026-10-03 09:30:03	0		ya_persona	persona compacto→#26987 «Pablus Gallinazo» (creado 2026-10-02) | meta: born (persona) | 1 géneros: Nueva canción latinoamericana | 5 discos propios	BD:public.persons (consulta viva 2026-10-03, aliases+redirects)	pages/pablus-gallinazo.json+.html(meta)		
/artist/ruben-dario-salcedo	Rubén Darío Salcedo	5	D_miembro_de:Los Corraleros de Majagual|Los Caporales del Magdalena|Súper-combo Los Diamantes							26614	Rubén Darío Salcedo	compacto	1.0	2026-10-02	persona_miembro	Los Corraleros de Majagual [fuera]; Los Caporales del Magdalena [fuera]; Súper-combo Los Diamantes [fuera]		0		1	Album:1; V/A Compilation:1	portada_rym	con	2026-10-03 12:27:11	1	«Espejismo» → álbum 6487 de «Virgilio Armas»	ya_persona	persona compacto→#26614 «Rubén Darío Salcedo» (creado 2026-10-02) | meta: born (persona) | snippet: Member of Los Corraleros de Majagual [fuera]|Los Caporales del Magdalena [fuera]|Súper-combo Los Diamantes [fuera] | 1 discos propios | discos ya en catálogo: «Espejismo» → álbum 6487 de «Virgilio Armas»	BD:public.persons (consulta viva 2026-10-03, aliases+redirects)	pages/ruben-dario-salcedo.json+.html(meta)		
/artist/jose-archila	José Archila	4	D_sin_senal							31083	José Archila	compacto	1.0	2026-10-02	persona_o_solista			1	Música llanera	2	Album:2; V/A Compilation:1	portada_rym	con	2026-10-03 12:30:53	0		ya_persona	persona compacto→#31083 «José Archila» (creado 2026-10-02) | meta: born (persona) | 1 géneros: Música llanera | 2 discos propios	BD:public.persons (consulta viva 2026-10-03, aliases+redirects)	pages/jose-archila.json+.html(meta)		
/artist/boy-dap	Boy Dap	4	D_sin_senal							27068	Boy Dap	compacto	1.0	2026-10-02	persona_o_solista			0		4	Album:4	portada_rym	con	2026-10-03 17:12:58	0		ya_persona	persona compacto→#27068 «Boy Dap» (creado 2026-10-02) | meta: born (persona) | 4 discos propios	BD:public.persons (consulta viva 2026-10-03, aliases+redirects)	pages/boy-dap.json+.html(meta)		
/artist/rudy-plaate	Rudy Plaate	4	D_sin_senal							33233	Rudy Plaate	compacto	1.0	2026-10-02	persona_o_solista			1	Caribbean Folk Music	6	Album:3; EP:3; Appears On:2	portada_rym	con	2026-10-03 09:30:42	0		ya_persona	persona compacto→#33233 «Rudy Plaate» (creado 2026-10-02) | meta: born (persona) | 1 géneros: Caribbean Folk Music | 6 discos propios	BD:public.persons (consulta viva 2026-10-03, aliases+redirects)	pages/rudy-plaate.json+.html(meta)		
/artist/edgar-palm	Edgar Palm	4	D_sin_senal							33234	Edgar Palm	compacto	1.0	2026-10-02	persona_o_solista			1	Tumba	1	Album:1; Appears On:1; V/A Compilation:1	portada_rym	con	2026-10-03 08:11:12	0		ya_persona	persona compacto→#33234 «Edgar Palm» (creado 2026-10-02) | meta: born (persona) | 1 géneros: Tumba | 1 discos propios	BD:public.persons (consulta viva 2026-10-03, aliases+redirects)	pages/edgar-palm.json+.html(meta)		
/artist/randy_winterdal	Randy Winterdal	4	D_miembro_de:Cross Currents|Samba Salad							23759	Randy Winterdal	compacto	1.0	2026-10-02	persona_miembro	Cross Currents [fuera]; Samba Salad [fuera]		0		1	Album:1	portada_rym	con	2026-10-03 08:13:54	0		ya_persona	persona compacto→#23759 «Randy Winterdal» (creado 2026-10-02) | meta: born (persona) | snippet: Member of Cross Currents [fuera]|Samba Salad [fuera] | 1 discos propios	BD:public.persons (consulta viva 2026-10-03, aliases+redirects)	pages/randy_winterdal.json+.html(meta)		
/artist/puertoazul	puertoazul	3	D_miembro_de:Paisaje Local							39921	puertoazul	compacto	1.0	2026-10-04	persona_miembro	Paisaje Local [cat]		1	Indie Pop	6	Single:4; Appears On:2; Album:1; EP:1; V/A Compilation:1	portada_rym	con	2026-10-03 16:33:58	0		ya_persona	persona compacto→#39921 «puertoazul» (creado 2026-10-04) | snippet: Member of Paisaje Local [cat] | 1 géneros: Indie Pop | 6 discos propios	BD:public.persons (consulta viva 2026-10-03, aliases+redirects)	pages/puertoazul.json+.html(meta)		
/artist/jose-tineo	José Tineo	3	D_miembro_de:Cardenales del Éxito|Guaco							28051	José Tineo	compacto	1.0	2026-10-02	persona_miembro	Cardenales del Éxito [cat]; Guaco [cat]		0		0		sin_imagen	con	2026-10-03 13:23:26	0		ya_persona	persona compacto→#28051 «José Tineo» (creado 2026-10-02) | meta: born (persona) | snippet: Member of Cardenales del Éxito [cat]|Guaco [cat] | ficha RYM stub (sin discografía ni foto)	BD:public.persons (consulta viva 2026-10-03, aliases+redirects)	pages/jose-tineo.json+.html(meta)		
/artist/sr-presidente	Sr. Presidente	3	B_near_miss_revisar	presidente (sim 0.87, id 1696)						39922	Sr. Presidente	compacto	1.0	2026-10-04	persona_miembro	tlx [cat]		3	Art Pop, Indietronica, Indie Pop	10	Album:6; EP:2; Appears On:2; Single:1; Compilation:1	portada_rym	con	2026-10-03 09:32:50	2	«Poietiké» → álbum 2384 de «Presidente»; «Solo» → álbum 9486 de «Luis Julio Toro»	ya_persona	persona compacto→#39922 «Sr. Presidente» (creado 2026-10-04) | snippet: Member of tlx [cat] | 3 géneros: Art Pop, Indietronica, Indie Pop | 10 discos propios | discos ya en catálogo: «Poietiké» → álbum 2384 de «Presidente»; «Solo» → álbum 9486 de «Luis Julio Toro»	BD:public.persons (consulta viva 2026-10-03, aliases+redirects)	pages/sr-presidente.json+.html(meta)		
/artist/sergio-valentin	Sergio Valentín	3	D_miembro_de:Hippito y sus Chatarritas|Porfi Jiménez y Su Orquesta|Los Singers							39923	Sergio Valentín	compacto	1.0	2026-10-04	persona_miembro	Hippito y sus Chatarritas [fuera]; Porfi Jiménez y Su Orquesta [cat]; Los Singers [fuera]		0		1	Album:1	portada_rym	con	2026-10-03 06:59:15	0		ya_persona	persona compacto→#39923 «Sergio Valentín» (creado 2026-10-04) | meta: born (persona) | snippet: Member of Hippito y sus Chatarritas [fuera]|Porfi Jiménez y Su Orquesta [cat]|Los Singers [fuera] | 1 discos propios	BD:public.persons (consulta viva 2026-10-03, aliases+redirects)	pages/sergio-valentin.json+.html(meta)		
/artist/ana-maria-simon	Ana María Simon	3	D_sin_senal							25758	Ana María Simón	compacto	1.0	2026-10-02	persona_o_solista			0		0		sin_imagen	sin_evidencia	2026-10-03 08:57:21	0		ya_persona	persona compacto→#25758 «Ana María Simón» (creado 2026-10-02) | meta: born (persona) | ficha RYM stub (sin discografía ni foto)	BD:public.persons (consulta viva 2026-10-03, aliases+redirects)	pages/ana-maria-simon.json+.html(meta)		
/artist/orlando-urdaneta	Orlando Urdaneta	3	D_sin_senal							20441	Orlando Urdaneta	compacto	1.0	2026-10-02	persona_o_solista			0		0		sin_imagen	sin_evidencia	2026-10-03 13:51:56	0		ya_persona	persona compacto→#20441 «Orlando Urdaneta» (creado 2026-10-02) | meta: born (persona) | ficha RYM stub (sin discografía ni foto)	BD:public.persons (consulta viva 2026-10-03, aliases+redirects)	pages/orlando-urdaneta.json+.html(meta)		
/artist/willy-quintero	Willy Quintero	3	D_miembro_de:Los Dandys|Los Melódicos|Mario y Sus Diamantes							28890	Willy Quintero	compacto	1.0	2026-10-02	persona_miembro	Los Dandys [fuera]; Los Melódicos [cat]; Mario y Sus Diamantes [cat]; Sonora del Caribe [fuera]; Super Combo Los Tropicales [cat]		1	Salsa	3	Album:3; V/A Compilation:2	portada_rym	con	2026-10-03 15:24:39	0		ya_persona	persona compacto→#28890 «Willy Quintero» (creado 2026-10-02) | meta: born (persona) | snippet: Member of Los Dandys [fuera]|Los Melódicos [cat]|Mario y Sus Diamantes [cat]|Sonora del Caribe [fuera]|Super Combo Los Tropicales [cat] | 1 géneros: Salsa | 3 discos propios	BD:public.persons (consulta viva 2026-10-03, aliases+redirects)	pages/willy-quintero.json+.html(meta)		
/artist/raul-vale	Raúl Vale	3	D_sin_senal							25822	Raúl Vale	compacto	1.0	2026-10-02	persona_o_solista			0		2	Album:2	portada_rym	con	2026-10-03 08:13:10	0		ya_persona	persona compacto→#25822 «Raúl Vale» (creado 2026-10-02) | meta: born (persona) | 2 discos propios	BD:public.persons (consulta viva 2026-10-03, aliases+redirects)	pages/raul-vale.json+.html(meta)		
/artist/oscar-borjas	Óscar Borjas	3	D_miembro_de:Gran Coquivacoa|Super Combo Los Tropicales							33639	Oscar Borjas	compacto	1.0	2026-10-02	persona_miembro	Gran Coquivacoa [cat]; Super Combo Los Tropicales [cat]		0		0		sin_imagen	con	2026-10-03 06:33:19	0		ya_persona	persona compacto→#33639 «Oscar Borjas» (creado 2026-10-02) | meta: born (persona) | snippet: Member of Gran Coquivacoa [cat]|Super Combo Los Tropicales [cat] | ficha RYM stub (sin discografía ni foto)	BD:public.persons (consulta viva 2026-10-03, aliases+redirects)	pages/oscar-borjas.json+.html(meta)		
/artist/ronald-borjas	Ronald Borjas	3	D_miembro_de:Asterisco Song|Bacanos|Bochinche							25831	Ronald Borjas	compacto	1.0	2026-10-02	persona_miembro	Asterisco Song [fuera]; Bacanos [cat]; Bochinche [fuera]; Caribe Song [fuera]; Classic [fuera]; Guaco [cat]		0		5	Appears On:8; Album:2; Single:2; Live Album:1	portada_rym	con	2026-10-03 10:40:29	0		ya_persona	persona compacto→#25831 «Ronald Borjas» (creado 2026-10-02) | meta: born (persona) | snippet: Member of Asterisco Song [fuera]|Bacanos [cat]|Bochinche [fuera]|Caribe Song [fuera]|Classic [fuera]|Guaco [cat] | 5 discos propios	BD:public.persons (consulta viva 2026-10-03, aliases+redirects)	pages/ronald-borjas.json+.html(meta)		
/artist/nerio-franco	Nerio Franco	3	D_miembro_de:Cardenales del Éxito|La Banda Gaitera|Los Blanco							25009	Nerio Franco	compacto	1.0	2026-10-02	persona_miembro	Cardenales del Éxito [cat]; La Banda Gaitera [fuera]; Los Blanco [cat]; Estrellas del Zulia [fuera]; Guaco [cat]; La Sonora Juventud [fuera]		0		0		sin_imagen	con	2026-10-03 15:42:14	0		ya_persona	persona compacto→#25009 «Nerio Franco» (creado 2026-10-02) | meta: born (persona) | snippet: Member of Cardenales del Éxito [cat]|La Banda Gaitera [fuera]|Los Blanco [cat]|Estrellas del Zulia [fuera]|Guaco [cat]|La Sonora Juventud [fuera] | ficha RYM stub (sin discografía ni foto)	BD:public.persons (consulta viva 2026-10-03, aliases+redirects)	pages/nerio-franco.json+.html(meta)		
/artist/ender-fuenmayor	Ender Fuenmayor	3	D_miembro_de:Alitasía|Cardenales del Éxito|Élite Gaitera							28054	Ender Fuenmayor	compacto	1.0	2026-10-02	persona_miembro	Alitasía [fuera]; Cardenales del Éxito [cat]; Élite Gaitera [fuera]; Gaiteros del 35 [fuera]; Gran Orinoco [fuera]; Pequeño Remanente [fuera]		0		0		sin_imagen	con	2026-10-03 10:22:21	0		ya_persona	persona compacto→#28054 «Ender Fuenmayor» (creado 2026-10-02) | meta: born (persona) | snippet: Member of Alitasía [fuera]|Cardenales del Éxito [cat]|Élite Gaitera [fuera]|Gaiteros del 35 [fuera]|Gran Orinoco [fuera]|Pequeño Remanente [fuera] | ficha RYM stub (sin discografía ni foto)	BD:public.persons (consulta viva 2026-10-03, aliases+redirects)	pages/ender-fuenmayor.json+.html(meta)		
/artist/eudomar-peralta	Eudomar Peralta	3	D_miembro_de:Cardenales del Pueblo|Conjunto Los Guaco|Estrellas del Zulia							28057	Eudomar Peralta	compacto	1.0	2026-10-02	persona_miembro	Cardenales del Pueblo [fuera]; Conjunto Los Guaco [fuera]; Estrellas del Zulia [fuera]; Universidad de la Gaita [fuera]; Rincón Morales [cat]		0		0		sin_imagen	con	2026-10-03 13:32:45	0		ya_persona	persona compacto→#28057 «Eudomar Peralta» (creado 2026-10-02) | meta: born (persona) | snippet: Member of Cardenales del Pueblo [fuera]|Conjunto Los Guaco [fuera]|Estrellas del Zulia [fuera]|Universidad de la Gaita [fuera]|Rincón Morales [cat] | ficha RYM stub (sin discografía ni foto)	BD:public.persons (consulta viva 2026-10-03, aliases+redirects)	pages/eudomar-peralta.json+.html(meta)		
/artist/luis-rincon	Luis Rincón	3	D_miembro_de:Guaco							26020	Luís Rincón	compacto	1.0	2026-10-02	persona_miembro	Guaco [cat]		0		0		sin_imagen	con	2026-10-03 15:20:51	0		ya_persona	persona compacto→#26020 «Luís Rincón» (creado 2026-10-02) | meta: born (persona) | snippet: Member of Guaco [cat] | ficha RYM stub (sin discografía ni foto)	BD:public.persons (consulta viva 2026-10-03, aliases+redirects)	pages/luis-rincon.json+.html(meta)		
/artist/ricardo-hernandez	Ricardo Hernández	3	D_miembro_de:Estrellas del Zulia|Guaco|Los Ilustres							19923	Ricardo Hernández	compacto	1.0	2026-10-02	persona_miembro	Estrellas del Zulia [fuera]; Guaco [cat]; Los Ilustres [fuera]; Santanita [fuera]; Sentimiento Nacional [fuera]		0		1	Album:1	portada_rym	con	2026-10-03 13:20:52	0		ya_persona	persona compacto→#19923 «Ricardo Hernández» (creado 2026-10-02) | meta: born (persona) | snippet: Member of Estrellas del Zulia [fuera]|Guaco [cat]|Los Ilustres [fuera]|Santanita [fuera]|Sentimiento Nacional [fuera] | 1 discos propios	BD:public.persons (consulta viva 2026-10-03, aliases+redirects)	pages/ricardo-hernandez.json+.html(meta)		
/artist/felipe-pelaez	Felipe Peláez	3	D_sin_senal							35915	Felipe Peláez	compacto	1.0	2026-10-02	persona_o_solista			0		7	Appears On:10; Album:5; Single:2; V/A Compilation:1	portada_rym	con	2026-10-03 08:56:03	4	«Diferente» → álbum 2949 de «Prozak»; «Esencia» → álbum 13889 de «Gabylonia»; «El de Siempre» → álbum 3160 de «Frank Quintero»	ya_persona	persona compacto→#35915 «Felipe Peláez» (creado 2026-10-02) | meta: born (persona) | 7 discos propios | discos ya en catálogo: «Diferente» → álbum 2949 de «Prozak»; «Esencia» → álbum 13889 de «Gabylonia»	BD:public.persons (consulta viva 2026-10-03, aliases+redirects)	pages/felipe-pelaez.json+.html(meta)		
/artist/amilcar-boscan	Amilcar Boscan	3	D_miembro_de:Guaco							25155	Amílcar Boscán	compacto	1.0	2026-10-02	persona_miembro	Guaco [cat]		1	Salsa	1	Album:1; V/A Compilation:1	portada_rym	con	2026-10-03 09:05:51	0		ya_persona	persona compacto→#25155 «Amílcar Boscán» (creado 2026-10-02) | meta: born (persona) | snippet: Member of Guaco [cat] | 1 géneros: Salsa | 1 discos propios	BD:public.persons (consulta viva 2026-10-03, aliases+redirects)	pages/amilcar-boscan.json+.html(meta)		
/artist/linda-sjoquist	Linda Sjöquist	3	D_sin_senal							16802	Linda Sjöquist	compacto	1.0	2026-10-01	persona_o_solista			2	Singer-Songwriter, Ambient Pop	5	Single:3; Album:2; Appears On:1	portada_rym	con	2026-10-03 11:35:38	1	«Terciopelo» → álbum 4236 de «Ilan Chester»	ya_persona	persona compacto→#16802 «Linda Sjöquist» (creado 2026-10-01) | meta: born (persona) | 2 géneros: Singer-Songwriter, Ambient Pop | 5 discos propios | discos ya en catálogo: «Terciopelo» → álbum 4236 de «Ilan Chester»	BD:public.persons (consulta viva 2026-10-03, aliases+redirects)	pages/linda-sjoquist.json+.html(meta)		
/artist/demarchi	Demarchi	3	D_miembro_de:Clan Coral|Technicolor							39924	Demarchi	compacto	1.0	2026-10-04	persona_miembro	Clan Coral [cat]; Technicolor [cat]		0		1	EP:1	portada_rym	con	2026-10-03 11:55:18	0		ya_persona	persona compacto→#39924 «Demarchi» (creado 2026-10-04) | snippet: Member of Clan Coral [cat]|Technicolor [cat] | 1 discos propios	BD:public.persons (consulta viva 2026-10-03, aliases+redirects)	pages/demarchi.json+.html(meta)		
/artist/alexis-moreno	Alexis Moreno	3	D_miembro_de:Guaco							24947	Alexis Moreno	compacto	1.0	2026-10-02	persona_miembro	Guaco [cat]		0		0		sin_imagen	con	2026-10-03 17:08:11	0		ya_persona	persona compacto→#24947 «Alexis Moreno» (creado 2026-10-02) | meta: born (persona) | snippet: Member of Guaco [cat] | ficha RYM stub (sin discografía ni foto)	BD:public.persons (consulta viva 2026-10-03, aliases+redirects)	pages/alexis-moreno.json+.html(meta)		
/artist/nelson-henriquez	Nelson Henriquez	3	D_miembro_de:Super Combo Los Tropicales							26904	Nelson Henríquez	compacto	1.0	2026-10-02	persona_miembro	Super Combo Los Tropicales [cat]		0		6	V/A Compilation:5; Album:3; Single:2; Compilation:1	portada_rym	con	2026-10-03 16:38:23	1	«Mentirosa» → álbum 13124 de «Roberto Antonio»	ya_persona	persona compacto→#26904 «Nelson Henríquez» (creado 2026-10-02) | meta: born (persona) | snippet: Member of Super Combo Los Tropicales [cat] | 6 discos propios | discos ya en catálogo: «Mentirosa» → álbum 13124 de «Roberto Antonio»	BD:public.persons (consulta viva 2026-10-03, aliases+redirects)	pages/nelson-henriquez.json+.html(meta)		
/artist/enio-la-formula	Enio La Formula	3	C_miembro_de_banda_catalogo	Tecupae						39925	Enio La Formula	compacto	1.0	2026-10-04	persona_miembro	Tecupae [cat]		0		1	Single:1; Music video:1	sin_imagen	con	2026-10-03 17:05:39	0		ya_persona	persona compacto→#39925 «Enio La Formula» (creado 2026-10-04) | snippet: Member of Tecupae [cat] | 1 discos propios	BD:public.persons (consulta viva 2026-10-03, aliases+redirects)	pages/enio-la-formula.json+.html(meta)		
/artist/beet-acosta	Beet Acosta	3	D_miembro_de:Caibo							39926	Beet Acosta	compacto	1.0	2026-10-04	persona_miembro	Caibo [cat]		0		0	Appears On:2	sin_imagen	con	2026-10-03 17:13:38	0		ya_persona	persona compacto→#39926 «Beet Acosta» (creado 2026-10-04) | snippet: Member of Caibo [cat]	BD:public.persons (consulta viva 2026-10-03, aliases+redirects)	pages/beet-acosta.json+.html(meta)		
/artist/ender-carruyo	Ender Carruyo	3	D_miembro_de:Billo's Caracas Boys|Gran Coquivacoa|Orquesta Hermanos Carruyo							27159	Ender Carruyo	compacto	1.0	2026-10-02	persona_miembro	Billo's Caracas Boys [cat]; Gran Coquivacoa [cat]; Orquesta Hermanos Carruyo [fuera]; Orquesta Ideal [fuera]		0		0		sin_imagen	con	2026-10-03 15:32:23	0		ya_persona	persona compacto→#27159 «Ender Carruyo» (creado 2026-10-02) | meta: born (persona) | snippet: Member of Billo's Caracas Boys [cat]|Gran Coquivacoa [cat]|Orquesta Hermanos Carruyo [fuera]|Orquesta Ideal [fuera] | ficha RYM stub (sin discografía ni foto)	BD:public.persons (consulta viva 2026-10-03, aliases+redirects)	pages/ender-carruyo.json+.html(meta)		
/artist/billy-ocean	Billy Ocean	1	D_miembro_de:Scorched Earth							39927	Billy Ocean	compacto	1.0	2026-10-04	persona_miembro	Scorched Earth [cat]		6	Pop Soul, Contemporary R&B, Dance-Pop, Disco, Synth Funk, Boogie	56	Single:30; Album:12; Appears On:11; Compilation:10; V/A Compilation:10; Music video:3; Bootleg / Unauthorized:3; Video:1	portada_rym	con	2026-10-03 06:33:07	0		ya_persona	persona compacto→#39927 «Billy Ocean» (creado 2026-10-04) | meta: born (persona) | snippet: Member of Scorched Earth [cat] | 6 géneros: Pop Soul, Contemporary R&B, Dance-Pop | 56 discos propios	BD:public.persons (consulta viva 2026-10-03, aliases+redirects)	pages/billy-ocean.json+.html(meta)		
/artist/luis-diaz-2	Luis Díaz	1	D_sin_senal							21817	Luis Díaz	compacto	1.0	2026-10-02	persona_o_solista			0		1	Single:1	portada_rym	con	2026-10-03 08:09:31	0		ya_persona	persona compacto→#21817 «Luis Díaz» (creado 2026-10-02) | meta: born (persona) | 1 discos propios	BD:public.persons (consulta viva 2026-10-03, aliases+redirects)	pages/luis-diaz-2.json+.html(meta)		
/artist/leandro-diaz	Leandro Díaz	1	D_sin_senal							29089	Leandro Díaz	compacto	1.0	2026-10-02	persona_o_solista			0		0		sin_imagen	sin_evidencia	2026-10-03 17:37:57	0		ya_persona	persona compacto→#29089 «Leandro Díaz» (creado 2026-10-02) | meta: born (persona) | ficha RYM stub (sin discografía ni foto)	BD:public.persons (consulta viva 2026-10-03, aliases+redirects)	pages/leandro-diaz.json+.html(meta)		
/artist/rial-guawanko	Ríal Guawankó	20	D_miembro_de:El Dojo							2831	Kenys Santiago	alias	1.0	2026-09-13	persona_miembro	El Dojo [fuera]		4	Latin Rap, Boom Bap, Jazz Rap, Abstract Hip Hop	7	Appears On:13; Album:4; Single:2; Mixtape:1	portada_rym	con	2026-10-03 07:13:17	1	«Ritual The Mix Tape» → álbum 13756 de «Lil Supa'»	ya_persona_alias	persona alias→#2831 «Kenys Santiago» (creado 2026-09-13) | meta: born (persona) | snippet: Member of El Dojo [fuera] | 4 géneros: Latin Rap, Boom Bap, Jazz Rap | 7 discos propios | discos ya en catálogo: «Ritual The Mix Tape» → álbum 13756 de «Lil Supa'»	BD:public.persons (consulta viva 2026-10-03, aliases+redirects)	pages/rial-guawanko.json+.html(meta)		
/artist/nina-10	Nina	19	D_sin_senal							16609	Judith Jaque	alias	1.0	2026-10-01	persona_o_solista			0		2	Appears On:2; EP:1; Single:1	portada_rym	con	2026-10-03 17:38:39	0		ya_persona_alias	persona alias→#16609 «Judith Jaque» (creado 2026-10-01) | meta: born (persona) | 2 discos propios	BD:public.persons (consulta viva 2026-10-03, aliases+redirects)	pages/nina-10.json+.html(meta)		
/artist/gus-6	Gus	15	D_sin_senal							1123	Gustavo Corma	alias	1.0	2026-09-13	persona_o_solista			0		4	Appears On:4; EP:2; Album:1; Single:1	portada_rym	con	2026-10-03 18:09:20	0		ya_persona_alias	persona alias→#1123 «Gustavo Corma» (creado 2026-09-13) | meta: born (persona) | 4 discos propios	BD:public.persons (consulta viva 2026-10-03, aliases+redirects)	pages/gus-6.json+.html(meta)		
/artist/nasty-killah	Nasty Killah	7	D_miembro_de:El Dojo|Pinto Terror							2839	Joyner Lares	alias	1.0	2026-09-13	persona_miembro	El Dojo [fuera]; Pinto Terror [fuera]		1	Hip Hop	7	Appears On:11; Album:4; EP:2; Mixtape:1	portada_rym	con	2026-10-03 10:45:18	2	«Primogénito» → álbum 5562 de «María Rivas»; «Ritual The Mix Tape» → álbum 13756 de «Lil Supa'»	ya_persona_alias	persona alias→#2839 «Joyner Lares» (creado 2026-09-13) | meta: born (persona) | snippet: Member of El Dojo [fuera]|Pinto Terror [fuera] | 1 géneros: Hip Hop | 7 discos propios | discos ya en catálogo: «Primogénito» → álbum 5562 de «María Rivas»; «Ritual The Mix Tape» → álbum 13756 de «Lil Supa'»	BD:public.persons (consulta viva 2026-10-03, aliases+redirects)	pages/nasty-killah.json+.html(meta)		
/artist/pedro-vicente-lizardo	Pedro Vicente Lizardo	7	C_miembro_de_banda_catalogo	Apocalipsis|La Misma Gente						1068	Pedro V. Lizardo	alias	1.0	2026-09-13	persona_miembro	Apocalipsis [cat]; Los Barracudas [fuera]; La Misma Gente [cat]; The Nothing [fuera]		0		0		sin_imagen	con	2026-10-03 09:31:37	0		ya_persona_alias	persona alias→#1068 «Pedro V. Lizardo» (creado 2026-09-13) | meta: born (persona) | snippet: Member of Apocalipsis [cat]|Los Barracudas [fuera]|La Misma Gente [cat]|The Nothing [fuera] | ficha RYM stub (sin discografía ni foto)	BD:public.persons (consulta viva 2026-10-03, aliases+redirects)	pages/pedro-vicente-lizardo.json+.html(meta)		
/artist/joseito-romero	Joseito Romero	6	D_sin_senal							603	José "Joseíto" Romero	alias	1.0	2026-09-13	persona_o_solista			0		2	Album:2	portada_rym	con	2026-10-03 13:56:02	0		ya_persona_alias	persona alias→#603 «José "Joseíto" Romero» (creado 2026-09-13) | meta: born (persona) | 2 discos propios	BD:public.persons (consulta viva 2026-10-03, aliases+redirects)	pages/joseito-romero.json+.html(meta)		
/artist/jose-echezuria	José Echezuría	6	C_miembro_de_banda_catalogo	Cero a la Izquierda|La Calle|Pacífica						511	José "Pingüino" Echezuría	alias	1.0	2026-09-13	persona_miembro	Cero a la Izquierda [cat]; La Calle [cat]; Pacífica [cat]; Sentimiento Muerto [cat]		0		0		sin_imagen	con	2026-10-03 06:09:12	0		ya_persona_alias	persona alias→#511 «José "Pingüino" Echezuría» (creado 2026-09-13) | meta: born (persona) | snippet: Member of Cero a la Izquierda [cat]|La Calle [cat]|Pacífica [cat]|Sentimiento Muerto [cat] | ficha RYM stub (sin discografía ni foto)	BD:public.persons (consulta viva 2026-10-03, aliases+redirects)	pages/jose-echezuria.json+.html(meta)		
/artist/diego-el-negro-alvarez	Diego "El Negro" Álvarez	6	D_sin_senal							963	Diego Álvarez	alias	1.0	2026-09-13	persona_o_solista			0		0	Appears On:1	sin_imagen	sin_evidencia	2026-10-03 14:13:09	0		ya_persona_alias	persona alias→#963 «Diego Álvarez» (creado 2026-09-13)	BD:public.persons (consulta viva 2026-10-03, aliases+redirects)	pages/diego-el-negro-alvarez.json		
/artist/rudy-pagliuca	Rudy Pagliuca	6	C_miembro_de_banda_catalogo	Malanga						987	Rodolfo "Rudy" Pagliuca	alias	1.0	2026-09-13	persona_miembro	Malanga [cat]; Los Melódicos [cat]		0		0	Appears On:1	sin_imagen	con	2026-10-03 15:13:12	0		ya_persona_alias	persona alias→#987 «Rodolfo "Rudy" Pagliuca» (creado 2026-09-13) | meta: born (persona) | snippet: Member of Malanga [cat]|Los Melódicos [cat]	BD:public.persons (consulta viva 2026-10-03, aliases+redirects)	pages/rudy-pagliuca.json+.html(meta)		
/artist/daniel-de-sousa	Daniel de Sousa	6	C_miembro_de_banda_catalogo	La Vida Bohème						1522	Daniel "Mono" De Sousa	alias	1.0	2026-09-13	persona_miembro	La Vida Bohème [cat]		0		4	Single:3; EP:1	portada_rym	con	2026-10-03 11:40:31	0		ya_persona_alias	persona alias→#1522 «Daniel "Mono" De Sousa» (creado 2026-09-13) | meta: born (persona) | snippet: Member of La Vida Bohème [cat] | 4 discos propios	BD:public.persons (consulta viva 2026-10-03, aliases+redirects)	pages/daniel-de-sousa.json+.html(meta)		
/artist/marco-toro-bernal	Marco Toro Bernal	5	C_miembro_de_banda_catalogo	Laberinto						1192	Toro Bernal	alias	1.0	2026-09-13	persona_miembro	Cubop City Big Band [fuera]; Drums United [fuera]; Laberinto [cat]; Toro Ensamble [fuera]		0		0		sin_imagen	con	2026-10-03 16:33:44	0		ya_persona_alias	persona alias→#1192 «Toro Bernal» (creado 2026-09-13) | meta: born (persona) | snippet: Member of Cubop City Big Band [fuera]|Drums United [fuera]|Laberinto [cat]|Toro Ensamble [fuera] | ficha RYM stub (sin discografía ni foto)	BD:public.persons (consulta viva 2026-10-03, aliases+redirects)	pages/marco-toro-bernal.json+.html(meta)		
/artist/mariano-alvarez	Mariano Álvarez	22	D_sin_senal							26500	Mario Alvarez	near	0.929	2026-10-02	persona_o_solista			0		0		sin_imagen	sin_evidencia	2026-10-03 11:50:01	0		revisar_homonimo	persona near→#26500 «Mario Alvarez» (sim 0.929, creado 2026-10-02) | meta: born (persona) | ficha RYM stub (sin discografía ni foto)	BD:public.artists+persons (consulta viva 2026-10-03, aliases+redirects)	pages/mariano-alvarez.json+.html(meta)		
/artist/jota-rodriguez	Jota Rodríguez	10	D_sin_senal							14271	Joan Rodriguez	near	0.929	2026-10-01	indeterminado			0		0		sin_imagen	sin_evidencia	2026-10-03 08:00:51	0		revisar_homonimo	persona near→#14271 «Joan Rodriguez» (sim 0.929, creado 2026-10-01) | ficha RYM stub (sin discografía ni foto)	BD:public.artists+persons (consulta viva 2026-10-03, aliases+redirects)	pages/jota-rodriguez.json+.html(meta)		
/artist/raquel-gonzalez-1	Raquel González	9	D_sin_senal							7943	Rael González	near	0.929	2026-09-13	persona_o_solista			1	Joropo	1	Album:1	portada_rym	con	2026-10-03 12:22:01	0		revisar_homonimo	persona near→#7943 «Rael González» (sim 0.929, creado 2026-09-13) | meta: born (persona) | 1 géneros: Joropo | 1 discos propios	BD:public.artists+persons (consulta viva 2026-10-03, aliases+redirects)	pages/raquel-gonzalez-1.json+.html(meta)		
/artist/carlitos-flores	Carlitos Flores	8	D_sin_senal							25703	Carlos Flores	near	0.929	2026-10-02	indeterminado			1	Ranchera	1	Album:1	portada_rym	con	2026-10-03 16:32:59	0		revisar_homonimo	persona near→#25703 «Carlos Flores» (sim 0.929, creado 2026-10-02) | 1 géneros: Ranchera | 1 discos propios	BD:public.artists+persons (consulta viva 2026-10-03, aliases+redirects)	pages/carlitos-flores.json+.html(meta)		
/artist/adriana-2	Adriana	7	D_sin_senal							25762	Adrián	near	0.923	2026-10-02	persona_o_solista			1	Latin Pop	1	Album:1	portada_rym	con	2026-10-03 16:37:24	0		revisar_homonimo	persona near→#25762 «Adrián» (sim 0.923, creado 2026-10-02) | 1 géneros: Latin Pop | 1 discos propios	BD:public.artists+persons (consulta viva 2026-10-03, aliases+redirects)	pages/adriana-2.json+.html(meta)		
/artist/la-cruz-3	La Cruz	5	D_miembro_de:Operación Triunfo 2018							24932	L. Cruz	near	0.923	2026-10-02	persona_miembro	Operación Triunfo 2018 [fuera]		2	Reggaetón, Latin Pop	22	Single:19; Appears On:5; EP:2; Music video:2; Album:1; V/A Compilation:1	portada_rym	con	2026-10-03 09:57:47	0		revisar_homonimo	persona near→#24932 «L. Cruz» (sim 0.923, creado 2026-10-02) | meta: born (persona) | snippet: Member of Operación Triunfo 2018 [fuera] | 2 géneros: Reggaetón, Latin Pop | 22 discos propios	BD:public.artists+persons (consulta viva 2026-10-03, aliases+redirects)	pages/la-cruz-3.json+.html(meta)		
/artist/gustavo-elis	Gustavo Elis	5	D_miembro_de:Gustavo y Rein							36298	Gustavo Celís	near	0.96	2026-10-02	persona_miembro	Gustavo y Rein [fuera]		0		0	Appears On:1	sin_imagen	con	2026-10-03 18:18:16	0		revisar_homonimo	persona near→#36298 «Gustavo Celís» (sim 0.96, creado 2026-10-02) | meta: born (persona) | snippet: Member of Gustavo y Rein [fuera]	BD:public.artists+persons (consulta viva 2026-10-03, aliases+redirects)	pages/gustavo-elis.json+.html(meta)		
/artist/rebelion	Rebelión	5	A_probable	rebellion (sim 0.94, id 914)	914	Rebellion	near	0.941	2026-09-13						banda		1995	1	Black Metal	1	Album:1	portada_rym	con	2026-10-03 18:17:39	0		revisar_homonimo	artista near→#914 «Rebellion» (sim 0.941, creado 2026-09-13) | meta: formed 1995 | snippet: Members con instrumentos | 1 géneros: Black Metal | 1 discos propios	BD:public.artists+persons (consulta viva 2026-10-03, aliases+redirects)	pages/rebelion.json+.html(meta)		
/artist/miguel-farias	Miguel Farías	3	D_sin_senal							1165	Miguel Arias	near	0.96	2026-09-13	persona_o_solista			0		1	Live Album:1; Appears On:1	portada_rym	con	2026-10-03 15:12:09	0		revisar_homonimo	persona near→#1165 «Miguel Arias» (sim 0.96, creado 2026-09-13) | meta: born (persona) | 1 discos propios	BD:public.artists+persons (consulta viva 2026-10-03, aliases+redirects)	pages/miguel-farias.json+.html(meta)		
/artist/gustavo-casas-y-los-que-buscan	Gustavo Casas y los Que Buscan	7	C_miembro_de_banda_catalogo	Wahala											persona_miembro	Wahala [cat]		0		3	EP:2; Single:1; Music video:1; V/A Compilation:1	portada_rym	con	2026-10-03 07:14:01	0		alta_persona_miembro	snippet: Member of Wahala [cat] | 3 discos propios	BD:public.artists+persons	pages/gustavo-casas-y-los-que-buscan.json+.html(meta)		
/artist/nelson-morales	Nelson Morales	32	D_sin_senal												persona_o_solista			1	Folk	2	Album:2	portada_rym	con	2026-10-03 17:43:24	0		revisar_persona_solista	meta: born (persona) | 1 géneros: Folk | 2 discos propios	BD:public.artists+persons	pages/nelson-morales.json+.html(meta)		
/artist/levy-rossell	Levy Rossell	30	D_sin_senal												persona_o_solista			0		1	Album:1	sin_imagen	con	2026-10-03 10:44:43	0		revisar_persona_solista	meta: born (persona) | 1 discos propios	BD:public.artists+persons	pages/levy-rossell.json+.html(meta)		
/artist/lilatari	LILATARI	29	D_sin_senal												persona_o_solista			1	Trap	1	Album:1	portada_rym	con	2026-10-03 17:42:44	0		revisar_persona_solista	1 géneros: Trap | 1 discos propios	BD:public.artists+persons	pages/lilatari.json+.html(meta)		
/artist/luidig-ochoa	Luidig Ochoa	29	D_sin_senal												persona_o_solista			0		1	Album:1	portada_rym	con	2026-10-03 09:36:53	0		revisar_persona_solista	1 discos propios	BD:public.artists+persons	pages/luidig-ochoa.json+.html(meta)		
/artist/manuel-guzman	Manuel Guzman	28	D_sin_senal												persona_o_solista			1	Deep Tech	2	EP:2	portada_rym	con	2026-10-03 15:51:03	0		revisar_persona_solista	meta: born (persona) | 1 géneros: Deep Tech | 2 discos propios	BD:public.artists+persons	pages/manuel-guzman.json+.html(meta)		
/artist/dejavu	Dejavú	28	D_sin_senal												persona_o_solista			0		2	Album:1; EP:1	portada_rym	con	2026-10-03 06:53:59	0		revisar_persona_solista	2 discos propios	BD:public.artists+persons	pages/dejavu.json+.html(meta)		
/artist/utsush	utsush	26	D_sin_senal												persona_o_solista			1	Cloud Rap	4	EP:3; Single:1	portada_rym	con	2026-10-03 09:00:11	0		revisar_persona_solista	1 géneros: Cloud Rap | 4 discos propios	BD:public.artists+persons	pages/utsush.json+.html(meta)		
/artist/stangah	STANGAH	26	D_sin_senal												persona_o_solista			1	Pop	1	Album:1	portada_rym	con	2026-10-03 15:26:31	0		revisar_persona_solista	meta: born (persona) | 1 géneros: Pop | 1 discos propios	BD:public.artists+persons	pages/stangah.json+.html(meta)		
/artist/perucho-conde	Perucho Conde	26	D_sin_senal												persona_o_solista			1	Latin Rap	3	Album:2; Single:1; Appears On:1	portada_rym	con	2026-10-03 09:31:09	0		revisar_persona_solista	meta: born (persona) | 1 géneros: Latin Rap | 3 discos propios	BD:public.artists+persons	pages/perucho-conde.json+.html(meta)		
/artist/xix-3	XIX	26	D_sin_senal												persona_o_solista			1	Techno	9	Album:4; EP:3; DJ Mix:1; Video:1	portada_rym	con	2026-10-03 13:16:03	0		revisar_persona_solista	meta: born (persona) | 1 géneros: Techno | 9 discos propios	BD:public.artists+persons	pages/xix-3.json+.html(meta)		
/artist/feral-nox-1	Feral Nox	26	D_sin_senal												persona_o_solista			1	Experimental	4	EP:3; Album:1	portada_rym	con	2026-10-03 17:22:42	0		revisar_persona_solista	meta: born (persona) | 1 géneros: Experimental | 4 discos propios	BD:public.artists+persons	pages/feral-nox-1.json+.html(meta)		
/artist/replinter	Replinter	25	D_sin_senal												persona_o_solista			1	Experimental	4	DJ Mix:2; EP:1; Single:1; Appears On:1	portada_rym	con	2026-10-03 06:45:24	0		revisar_persona_solista	1 géneros: Experimental | 4 discos propios	BD:public.artists+persons	pages/replinter.json+.html(meta)		
/artist/proxima-estacion	Próxima Estación	25	D_sin_senal												persona_o_solista			1	Indie Folk	2	EP:1; Single:1	portada_rym	con	2026-10-03 17:09:35	0		revisar_persona_solista	1 géneros: Indie Folk | 2 discos propios	BD:public.artists+persons	pages/proxima-estacion.json+.html(meta)		
/artist/reymar-perdomo	Reymar Perdomo	25	D_sin_senal												persona_o_solista			0		2	Single:2	portada_rym	con	2026-10-02 03:31:01	0		revisar_persona_solista	2 discos propios	BD:public.artists+persons	pages/reymar-perdomo.json+.html(meta)		
/artist/the-cure-for-anxiety	The Cure for Anxiety	25	D_sin_senal												persona_o_solista			1	Ambient	2	EP:1; Single:1	portada_rym	con	2026-10-03 08:40:33	0		revisar_persona_solista	meta: born (persona) | 1 géneros: Ambient | 2 discos propios	BD:public.artists+persons	pages/the-cure-for-anxiety.json+.html(meta)		
/artist/dorancel-daga	Doráncel Daga	25	D_sin_senal												persona_o_solista			1	Indie Rock	4	Single:2; Video:2	portada_rym	con	2026-10-02 03:30:15	0		revisar_persona_solista	meta: born (persona) | 1 géneros: Indie Rock | 4 discos propios	BD:public.artists+persons	pages/dorancel-daga.json+.html(meta)		
/artist/yung-iverson	Yung Iverson	25	D_sin_senal												persona_o_solista			1	Trap	38	Single:32; Appears On:10; Album:3; EP:3; V/A Compilation:1	portada_rym	con	2026-10-03 13:54:32	0		revisar_persona_solista	1 géneros: Trap | 38 discos propios	BD:public.artists+persons	pages/yung-iverson.json+.html(meta)		
/artist/vicentico-rodriguez	Vicentico Rodríguez	24	D_sin_senal												persona_o_solista			1	Música llanera	2	Album:1; Single:1	portada_rym	con	2026-10-03 18:19:35	0		revisar_persona_solista	meta: born (persona) | 1 géneros: Música llanera | 2 discos propios	BD:public.artists+persons	pages/vicentico-rodriguez.json+.html(meta)		
/artist/satosgang	satosgang	24	D_sin_senal												persona_o_solista			1	Drum and Bass	11	Single:7; Album:2; EP:2	portada_rym	con	2026-10-03 15:55:55	0		revisar_persona_solista	1 géneros: Drum and Bass | 11 discos propios	BD:public.artists+persons	pages/satosgang.json+.html(meta)		
/artist/nieves	Nieves	24	D_sin_senal												persona_o_solista			1	Slacker Rock	1	Album:1; Appears On:1	portada_rym	con	2026-10-03 14:04:56	0		revisar_persona_solista	1 géneros: Slacker Rock | 1 discos propios	BD:public.artists+persons	pages/nieves.json+.html(meta)		
/artist/evaluna-montaner	Evaluna Montaner	24	D_sin_senal												persona_o_solista			0		9	Single:9; Appears On:5	portada_rym	con	2026-10-03 18:07:14	3	«Amén» → álbum 13509 de «Ricardo Montaner»; «Amén (Acústico)» → álbum 13544 de «Ricardo Montaner»; «Índigo» → álbum 15501 de «Indigo»	revisar_persona_solista	meta: born (persona) | 9 discos propios | discos ya en catálogo: «Amén» → álbum 13509 de «Ricardo Montaner»; «Amén (Acústico)» → álbum 13544 de «Ricardo Montaner»	BD:public.artists+persons	pages/evaluna-montaner.json+.html(meta)		
/artist/la-torre-de-babiel	La Torre de Babiel	24	D_sin_senal												persona_o_solista			1	Experimental	1	Album:1	portada_rym	con	2026-10-03 15:59:34	0		revisar_persona_solista	1 géneros: Experimental | 1 discos propios	BD:public.artists+persons	pages/la-torre-de-babiel.json+.html(meta)		
/artist/treizy	Treizy	24	D_sin_senal												persona_o_solista			0		2	Album:2	portada_rym	con	2026-10-03 15:22:03	1	«Buena Mierda» → álbum 13801 de «Neutro Shorty»	revisar_persona_solista	meta: born (persona) | 2 discos propios | discos ya en catálogo: «Buena Mierda» → álbum 13801 de «Neutro Shorty»	BD:public.artists+persons	pages/treizy.json+.html(meta)		
/artist/letra-emece	Letra Emece	23	D_sin_senal												persona_o_solista			0		1	Single:1; Appears On:1	portada_rym	con	2026-10-03 10:31:59	0		revisar_persona_solista	meta: born (persona) | 1 discos propios	BD:public.artists+persons	pages/letra-emece.json+.html(meta)		
/artist/yadam	Yadam	23	D_sin_senal												persona_o_solista			1	Alt-Pop	5	EP:2; Single:2; Album:1; Appears On:1	portada_rym	con	2026-10-03 10:07:58	1	«Alma» → álbum 882 de «Alma»	revisar_persona_solista	meta: born (persona) | 1 géneros: Alt-Pop | 5 discos propios | discos ya en catálogo: «Alma» → álbum 882 de «Alma»	BD:public.artists+persons	pages/yadam.json+.html(meta)		
/artist/celestial-theory	Celestial Theory	23	D_sin_senal												persona_o_solista			2	Symphonic Metal, Melodic Death Metal	1	Album:1	sin_imagen	con	2026-10-03 17:10:05	0		revisar_persona_solista	meta: born (persona) | 2 géneros: Symphonic Metal, Melodic Death Metal | 1 discos propios	BD:public.artists+persons	pages/celestial-theory.json+.html(meta)		
/artist/gilberto-perez	Gilberto Perez	23	D_sin_senal												persona_o_solista			0		21	Album:14; V/A Compilation:7; Single:6; Appears On:2; Compilation:1	portada_rym	con	2026-10-03 18:01:59	1	«Mis favoritas» → álbum 13247 de «Joseph Palacios»	revisar_persona_solista	meta: born (persona) | 21 discos propios | discos ya en catálogo: «Mis favoritas» → álbum 13247 de «Joseph Palacios»	BD:public.artists+persons	pages/gilberto-perez.json+.html(meta)		
/artist/suei	suei	22	D_sin_senal												persona_o_solista			3	Alternative R&B, Pop Rap, Contemporary R&B	40	Single:33; Appears On:12; Album:3; EP:2; Additional release:2; Music video:1	portada_rym	con	2026-10-02 03:28:32	3	«Mmm» → álbum 13630 de «Lasso»; «Aire» → álbum 5755 de «Victor Castillo»; «933» → álbum 13851 de «Big Soto»	revisar_persona_solista	3 géneros: Alternative R&B, Pop Rap, Contemporary R&B | 40 discos propios | discos ya en catálogo: «Mmm» → álbum 13630 de «Lasso»; «Aire» → álbum 5755 de «Victor Castillo»	BD:public.artists+persons	pages/suei.json+.html(meta)		
/artist/el-cafe-atomico	El Café Atómico	22	D_sin_senal												persona_o_solista			6	Experimental Rock, Neo-Psychedelia, Tropicanibalismo, Psychedelic Rock, Psychedelic Folk, Freak Folk	23	Album:14; Appears On:8; EP:4; Mixtape:3; Live Album:1; Compilation:1; V/A Compilation:1	portada_rym	con	2026-10-03 15:04:42	0		revisar_persona_solista	6 géneros: Experimental Rock, Neo-Psychedelia, Tropicanibalismo | 23 discos propios	BD:public.artists+persons	pages/el-cafe-atomico.json+.html(meta)		
/artist/soos-days	Soos Days	22	D_sin_senal												persona_o_solista			1	Indie Folk	1	Single:1	portada_rym	con	2026-10-03 08:50:41	0		revisar_persona_solista	1 géneros: Indie Folk | 1 discos propios	BD:public.artists+persons	pages/soos-days.json+.html(meta)		
/artist/tomas-montilla	Tomás Montilla	22	D_sin_senal												persona_o_solista			0		1	Album:1	portada_rym	con	2026-10-03 06:45:36	0		revisar_persona_solista	meta: born (persona) | 1 discos propios	BD:public.artists+persons	pages/tomas-montilla.json+.html(meta)		
/artist/emily-galaviz	Emily Galaviz	22	D_sin_senal												persona_o_solista			1	Música llanera	6	Video:3; EP:2; Single:1	portada_rym	con	2026-10-03 16:36:12	0		revisar_persona_solista	1 géneros: Música llanera | 6 discos propios	BD:public.artists+persons	pages/emily-galaviz.json+.html(meta)		
/artist/pepe-camarillo	Pepe Camarillo	22	D_sin_senal												persona_o_solista			1	Mariachi	2	Album:1; Single:1	portada_rym	con	2026-10-03 06:34:33	1	«Nocturnal» → álbum 6359 de «María Alejandra Rodríguez»	revisar_persona_solista	meta: born (persona) | 1 géneros: Mariachi | 2 discos propios | discos ya en catálogo: «Nocturnal» → álbum 6359 de «María Alejandra Rodríguez»	BD:public.artists+persons	pages/pepe-camarillo.json+.html(meta)		
/artist/johnny-herrera	Johnny Herrera	22	D_sin_senal												persona_o_solista			1	Tejano Music	3	Single:3	portada_rym	con	2026-10-03 07:12:13	0		revisar_persona_solista	meta: born (persona) | 1 géneros: Tejano Music | 3 discos propios	BD:public.artists+persons	pages/johnny-herrera.json+.html(meta)		
/artist/andrea-maramara	Andrea Maramara	21	D_sin_senal												persona_o_solista			0		1	Single:1	portada_rym	con	2026-10-03 14:46:32	0		revisar_persona_solista	meta: born (persona) | 1 discos propios	BD:public.artists+persons	pages/andrea-maramara.json+.html(meta)		
/artist/orquesta-pasion-juvenil	Orquesta Pasión Juvenil	21	D_sin_senal												persona_o_solista			1	Salsa	1	Album:1	portada_rym	con	2026-10-03 10:32:30	0		revisar_persona_solista	1 géneros: Salsa | 1 discos propios	BD:public.artists+persons	pages/orquesta-pasion-juvenil.json+.html(meta)		
/artist/_dlm	//DLM	21	D_sin_senal												persona_o_solista			2	Dreampunk, Ambient	15	Album:11; Appears On:4; EP:2; Single:2; V/A Compilation:2	portada_rym	con	2026-10-03 10:43:54	2	«Caracas» → álbum 273 de «Maskhera»; «Catharsis» → álbum 1677 de «Subconsciente?»	revisar_persona_solista	meta: born (persona) | 2 géneros: Dreampunk, Ambient | 15 discos propios | discos ya en catálogo: «Caracas» → álbum 273 de «Maskhera»; «Catharsis» → álbum 1677 de «Subconsciente?»	BD:public.artists+persons	pages/_dlm.json+.html(meta)		
/artist/yorghaki	Yorghaki	21	D_sin_senal												persona_o_solista			1	Latin Pop	14	Single:11; Album:2; Appears On:2; EP:1	portada_rym	con	2026-10-03 14:00:35	0		revisar_persona_solista	meta: born (persona) | 1 géneros: Latin Pop | 14 discos propios	BD:public.artists+persons	pages/yorghaki.json+.html(meta)		
/artist/emmanuel-abraham	Emmanuel Abraham	21	D_sin_senal												persona_o_solista			1	Experimental	7	Album:6; Single:1	portada_rym	con	2026-10-03 10:42:40	1	«Visiones» → álbum 6129 de «Borburata Jazz»	revisar_persona_solista	1 géneros: Experimental | 7 discos propios | discos ya en catálogo: «Visiones» → álbum 6129 de «Borburata Jazz»	BD:public.artists+persons	pages/emmanuel-abraham.json+.html(meta)		
/artist/king-pride	King Pride	20	D_sin_senal												persona_o_solista			0		5	Mixtape:5; Appears On:3	portada_rym	con	2026-10-03 17:20:44	0		revisar_persona_solista	meta: born (persona) | 5 discos propios	BD:public.artists+persons	pages/king-pride.json+.html(meta)		
/artist/romina-palmisano	Romina Palmisano	20	D_sin_senal												persona_o_solista			0		6	Single:5; EP:1	portada_rym	con	2026-10-03 18:16:17	2	«Inolvidable» → álbum 6969 de «Dimension Latina»; «Inolvidable» → álbum 6969 de «Dimension Latina»	revisar_persona_solista	meta: born (persona) | 6 discos propios | discos ya en catálogo: «Inolvidable» → álbum 6969 de «Dimension Latina»; «Inolvidable» → álbum 6969 de «Dimension Latina»	BD:public.artists+persons	pages/romina-palmisano.json+.html(meta)		
/artist/alaya-1	Alaya	20	D_sin_senal												persona_o_solista			1	Latin Pop	1	Album:1	sin_imagen	con	2026-10-03 16:00:51	0		revisar_persona_solista	meta: born (persona) | 1 géneros: Latin Pop | 1 discos propios	BD:public.artists+persons	pages/alaya-1.json+.html(meta)		
/artist/adso-alejandro	Adso Alejandro	19	D_sin_senal												persona_o_solista			1	Trap	22	Single:20; Appears On:10; Album:2	portada_rym	con	2026-10-03 17:07:34	4	«Virus» → álbum 755 de «Vallium 100kg»; «After Party» → álbum 3114 de «Valencia DKE»; «Tengo» → álbum 3900 de «Chasin»	revisar_persona_solista	meta: born (persona) | 1 géneros: Trap | 22 discos propios | discos ya en catálogo: «Virus» → álbum 755 de «Vallium 100kg»; «After Party» → álbum 3114 de «Valencia DKE»	BD:public.artists+persons	pages/adso-alejandro.json+.html(meta)		
/artist/jeeiph	Jeeiph	19	D_sin_senal												persona_o_solista			0		21	Single:20; Appears On:3; Album:1	portada_rym	con	2026-10-03 07:18:45	2	«La rumba» → álbum 9058 de «Tambor Urbano»; «Qué tú cré?» → álbum 13421 de «Micro TDH»	revisar_persona_solista	meta: born (persona) | 21 discos propios | discos ya en catálogo: «La rumba» → álbum 9058 de «Tambor Urbano»; «Qué tú cré?» → álbum 13421 de «Micro TDH»	BD:public.artists+persons	pages/jeeiph.json+.html(meta)		
/artist/moises_velasquez	Moisés Velásquez	19	D_sin_senal												persona_o_solista			0		1	Album:1	sin_imagen	con	2026-10-03 16:36:58	0		revisar_persona_solista	meta: born (persona) | 1 discos propios	BD:public.artists+persons	pages/moises_velasquez.json+.html(meta)		
/artist/empty-stomach	Empty Stomach	19	D_sin_senal												persona_o_solista			1	Experimental	6	Single:3; Album:2; EP:1	portada_rym	con	2026-10-03 08:17:15	0		revisar_persona_solista	meta: born (persona) | 1 géneros: Experimental | 6 discos propios	BD:public.artists+persons	pages/empty-stomach.json+.html(meta)		
/artist/rosa-esber	Rosa Esber	19	D_sin_senal												persona_o_solista			1	Indie Pop	4	Single:3; EP:1	portada_rym	con	2026-10-03 16:39:26	0		revisar_persona_solista	1 géneros: Indie Pop | 4 discos propios	BD:public.artists+persons	pages/rosa-esber.json+.html(meta)		
/artist/capitan-mostacho	Capitán Mostacho	19	D_sin_senal												persona_o_solista			1	Indie Rock	6	Single:6	portada_rym	con	2026-10-03 06:01:22	1	«Juegos de Azar» → álbum 3014 de «Aditus»	revisar_persona_solista	1 géneros: Indie Rock | 6 discos propios | discos ya en catálogo: «Juegos de Azar» → álbum 3014 de «Aditus»	BD:public.artists+persons	pages/capitan-mostacho.json+.html(meta)		
/artist/musiana	MUSIANA	19	D_sin_senal												persona_o_solista			0		1	Album:1	portada_rym	con	2026-10-03 13:35:33	0		revisar_persona_solista	1 discos propios	BD:public.artists+persons	pages/musiana.json+.html(meta)		
/artist/chivin	Chivin	19	D_sin_senal												persona_o_solista			2	Reggaetón, Hip Hop	1	Single:1	sin_imagen	con	2026-10-03 15:20:38	0		revisar_persona_solista	meta: born (persona) | 2 géneros: Reggaetón, Hip Hop | 1 discos propios	BD:public.artists+persons	pages/chivin.json+.html(meta)		
/artist/carmen-alicia-lara	Carmen Alicia Lara	19	D_sin_senal												persona_o_solista			0		1	Album:1	portada_rym	con	2026-10-03 09:41:59	0		revisar_persona_solista	meta: born (persona) | 1 discos propios	BD:public.artists+persons	pages/carmen-alicia-lara.json+.html(meta)		
/artist/yoangel-torrealba	Yoangel Torrealba	19	D_sin_senal												persona_o_solista			1	Música llanera	3	Album:2; Single:1	portada_rym	con	2026-10-03 15:04:31	0		revisar_persona_solista	meta: born (persona) | 1 géneros: Música llanera | 3 discos propios	BD:public.artists+persons	pages/yoangel-torrealba.json+.html(meta)		
/artist/el-carrao-de-palmarito	El Carrao de Palmarito	19	D_sin_senal												persona_o_solista			2	Música llanera, Joropo	6	Album:4; Compilation:2; Appears On:1	portada_rym	con	2026-10-03 14:56:41	1	«Clásicos de Oro» → álbum 8221 de «Los Blanco»	revisar_persona_solista	meta: born (persona) | 2 géneros: Música llanera, Joropo | 6 discos propios | discos ya en catálogo: «Clásicos de Oro» → álbum 8221 de «Los Blanco»	BD:public.artists+persons	pages/el-carrao-de-palmarito.json+.html(meta)		
/artist/tripulangel	Tripulangel	18	D_sin_senal												persona_o_solista			1	Pop	1	Album:1	portada_rym	con	2026-10-03 14:06:49	0		revisar_persona_solista	1 géneros: Pop | 1 discos propios	BD:public.artists+persons	pages/tripulangel.json+.html(meta)		
/artist/moncho-y-su-banda	Moncho y su Banda	18	D_sin_senal												persona_o_solista			1	Salsa	2	Album:2	portada_rym	con	2026-10-03 11:50:29	0		revisar_persona_solista	1 géneros: Salsa | 2 discos propios	BD:public.artists+persons	pages/moncho-y-su-banda.json+.html(meta)		
/artist/michi-sanz	Michi Sanz	18	D_sin_senal												persona_o_solista			1	Singer-Songwriter	4	Single:3; EP:1	portada_rym	con	2026-10-03 06:44:57	0		revisar_persona_solista	1 géneros: Singer-Songwriter | 4 discos propios	BD:public.artists+persons	pages/michi-sanz.json+.html(meta)		
/artist/friman	Friman	18	D_sin_senal												persona_o_solista			1	Trap	9	Appears On:10; Album:5; Single:4	portada_rym	con	2026-10-03 18:02:10	0		revisar_persona_solista	meta: born (persona) | 1 géneros: Trap | 9 discos propios	BD:public.artists+persons	pages/friman.json+.html(meta)		
/artist/reggi-el-autentico	Reggi el Auténtico	18	D_sin_senal												persona_o_solista			0		2	Appears On:3; Album:2	sin_imagen	con	2026-10-03 15:19:08	0		revisar_persona_solista	2 discos propios	BD:public.artists+persons	pages/reggi-el-autentico.json+.html(meta)		
/artist/la-banda-show	La Banda Show	18	D_sin_senal												persona_o_solista			1	Pep Band	2	Album:2	portada_rym	con	2026-10-03 06:47:58	0		revisar_persona_solista	1 géneros: Pep Band | 2 discos propios	BD:public.artists+persons	pages/la-banda-show.json+.html(meta)		
/artist/mangus	Mangus	18	D_sin_senal												persona_o_solista			0		5	na:5	portada_rym	con	2026-10-02 03:21:05	1	«Tan poco» → álbum 14208 de «Irepelusa»	revisar_persona_solista	meta: born (persona) | 5 discos propios | discos ya en catálogo: «Tan poco» → álbum 14208 de «Irepelusa»	BD:public.artists+persons	pages/mangus.json+.html(meta)		
/artist/miguelito-diaz	Miguelito Díaz	18	D_sin_senal												persona_o_solista			1	Joropo	1	Single:1	portada_rym	con	2026-10-02 03:36:33	0		revisar_persona_solista	meta: born (persona) | 1 géneros: Joropo | 1 discos propios	BD:public.artists+persons	pages/miguelito-diaz.json+.html(meta)		
/artist/guillermo-william-marquez-corao	Guillermo William Márquez Corao	18	D_sin_senal												persona_o_solista			1	Nueva canción latinoamericana	1	Album:1	portada_rym	con	2026-10-03 11:33:47	0		revisar_persona_solista	meta: born (persona) | 1 géneros: Nueva canción latinoamericana | 1 discos propios	BD:public.artists+persons	pages/guillermo-william-marquez-corao.json+.html(meta)		
/artist/alicia-machado	Alicia Machado	18	D_sin_senal												persona_o_solista			0		1	Single:1; Music video:1	portada_rym	con	2026-10-03 15:11:12	0		revisar_persona_solista	meta: born (persona) | 1 discos propios	BD:public.artists+persons	pages/alicia-machado.json+.html(meta)		
/artist/greygerm	GreyGerm	18	D_sin_senal												persona_o_solista			0		1	EP:1	portada_rym	con	2026-10-03 17:22:53	0		revisar_persona_solista	meta: born (persona) | 1 discos propios	BD:public.artists+persons	pages/greygerm.json+.html(meta)		
/artist/samuel-acosta	Samuel Acosta	18	D_sin_senal												persona_o_solista			1	Indie Rock	9	Single:6; Album:2; Appears On:2; EP:1	portada_rym	con	2026-10-03 15:56:31	0		revisar_persona_solista	meta: born (persona) | 1 géneros: Indie Rock | 9 discos propios	BD:public.artists+persons	pages/samuel-acosta.json+.html(meta)		
/artist/waru7k	Waru7k	18	D_sin_senal												persona_o_solista			2	HexD, Digital Hardcore	7	DJ Mix:6; Single:1	portada_rym	con	2026-10-03 07:57:17	0		revisar_persona_solista	2 géneros: HexD, Digital Hardcore | 7 discos propios	BD:public.artists+persons	pages/waru7k.json+.html(meta)		
/artist/kazugi	Kazugi	18	D_sin_senal												persona_o_solista			0		1	Video:1	sin_imagen	con	2026-10-03 14:08:03	0		revisar_persona_solista	meta: born (persona) | 1 discos propios	BD:public.artists+persons	pages/kazugi.json+.html(meta)		
/artist/v-rod	V Rod	18	D_sin_senal												persona_o_solista			0		5	Single:5; V/A Compilation:1	portada_rym	con	2026-10-03 18:22:30	1	«Mala» → álbum 7771 de «Sexteto Juventud»	revisar_persona_solista	5 discos propios | discos ya en catálogo: «Mala» → álbum 7771 de «Sexteto Juventud»	BD:public.artists+persons	pages/v-rod.json+.html(meta)		
/artist/sergio-rosales	Sergio Rosales	18	D_sin_senal												persona_o_solista			0		1	Album:1	portada_rym	con	2026-10-03 08:57:09	0		revisar_persona_solista	meta: born (persona) | 1 discos propios	BD:public.artists+persons	pages/sergio-rosales.json+.html(meta)		
/artist/lery-cattleya	Lery Cattleya	18	D_sin_senal												persona_o_solista			0		3	Single:2; Album:1; Appears On:1	portada_rym	con	2026-10-03 16:31:35	0		revisar_persona_solista	meta: born (persona) | 3 discos propios	BD:public.artists+persons	pages/lery-cattleya.json+.html(meta)		
/artist/vict-molina	Vict Molina	18	D_sin_senal												persona_o_solista			1	Pop	2	Appears On:4; Single:2	portada_rym	con	2026-10-03 12:13:37	0		revisar_persona_solista	meta: born (persona) | 1 géneros: Pop | 2 discos propios	BD:public.artists+persons	pages/vict-molina.json+.html(meta)		
/artist/lara-project	Lara Project	18	D_sin_senal												persona_o_solista			2	Synthpop, Dance-Pop	18	Single:12; Album:3; EP:3; Appears On:3	portada_rym	con	2026-10-03 08:48:53	2	«Sobrenatural» → álbum 5473 de «No More Blood»; «Control» → álbum 3858 de «Caramelos De Cianuro»	revisar_persona_solista	2 géneros: Synthpop, Dance-Pop | 18 discos propios | discos ya en catálogo: «Sobrenatural» → álbum 5473 de «No More Blood»; «Control» → álbum 3858 de «Caramelos De Cianuro»	BD:public.artists+persons	pages/lara-project.json+.html(meta)		
/artist/samuel-sahlieh	Samuel Sahlieh	17	D_sin_senal												persona_o_solista			0		2	Album:1; EP:1	portada_rym	con	2026-10-03 08:56:28	0		revisar_persona_solista	2 discos propios	BD:public.artists+persons	pages/samuel-sahlieh.json+.html(meta)		
/artist/grupo-cuyagua	Grupo Cuyagua	17	D_sin_senal												persona_o_solista			0		1	Compilation:1	portada_rym	con	2026-10-03 13:36:03	0		revisar_persona_solista	1 discos propios	BD:public.artists+persons	pages/grupo-cuyagua.json+.html(meta)		
/artist/tar-majenye	Tar Majenye	16	D_sin_senal												persona_o_solista			1	Folk	4	Album:3; Compilation:1	portada_rym	con	2026-10-03 12:17:35	0		revisar_persona_solista	meta: born (persona) | 1 géneros: Folk | 4 discos propios	BD:public.artists+persons	pages/tar-majenye.json+.html(meta)		
/artist/panchito-prin	Panchito Prin	16	D_sin_senal												persona_o_solista			0		1	Album:1	portada_rym	con	2026-10-03 06:20:25	0		revisar_persona_solista	meta: born (persona) | 1 discos propios	BD:public.artists+persons	pages/panchito-prin.json+.html(meta)		
/artist/ferraz	Ferraz	15	D_sin_senal												persona_o_solista			0		10	Appears On:10; Single:7; Album:2; EP:1	portada_rym	con	2026-10-03 07:12:52	0		revisar_persona_solista	10 discos propios	BD:public.artists+persons	pages/ferraz.json+.html(meta)		
/artist/badborn	Badborn	15	D_sin_senal												persona_o_solista			1	Experimental	7	Single:6; Appears On:3; Album:1; V/A Compilation:1	portada_rym	con	2026-10-03 15:25:09	0		revisar_persona_solista	meta: born (persona) | 1 géneros: Experimental | 7 discos propios	BD:public.artists+persons	pages/badborn.json+.html(meta)		
/artist/mari-la-carajita	Mari la Carajita	15	D_sin_senal												persona_o_solista			0		7	Single:6; EP:1; Appears On:1	portada_rym	con	2026-10-03 08:00:42	1	«de locos» → álbum 8242 de «Los Dementes»	revisar_persona_solista	meta: born (persona) | 7 discos propios | discos ya en catálogo: «de locos» → álbum 8242 de «Los Dementes»	BD:public.artists+persons	pages/mari-la-carajita.json+.html(meta)		
/artist/chico-mono-y-sus-monitos	Chico Mono y sus monitos	15	D_sin_senal												persona_o_solista			0		1	Album:1	portada_rym	con	2026-10-03 08:04:04	0		revisar_persona_solista	1 discos propios	BD:public.artists+persons	pages/chico-mono-y-sus-monitos.json+.html(meta)		
/artist/mikaela-monet	Mikaela Monet	14	D_sin_senal												persona_o_solista			0		1	Single:1	portada_rym	con	2026-10-03 10:21:18	0		revisar_persona_solista	meta: born (persona) | 1 discos propios	BD:public.artists+persons	pages/mikaela-monet.json+.html(meta)		
/artist/85-dba	85 DBA	14	D_sin_senal												persona_o_solista			0		8	Single:5; EP:3	portada_rym	con	2026-10-03 06:14:23	0		revisar_persona_solista	8 discos propios	BD:public.artists+persons	pages/85-dba.json+.html(meta)		
/artist/seji-morto	Seji Morto	14	D_sin_senal												persona_o_solista			0		4	Additional release:2; Mixtape:1; Single:1; Music video:1	portada_rym	con	2026-10-03 08:05:32	0		revisar_persona_solista	meta: born (persona) | 4 discos propios	BD:public.artists+persons	pages/seji-morto.json+.html(meta)		
/artist/briella	Briella	14	D_sin_senal												persona_o_solista			0		4	Album:2; EP:1; Single:1	portada_rym	con	2026-10-03 13:16:17	0		revisar_persona_solista	meta: born (persona) | 4 discos propios	BD:public.artists+persons	pages/briella.json+.html(meta)		
/artist/damaso-delgado	Dámaso Delgado	13	D_sin_senal												persona_o_solista			0		1	Album:1	portada_rym	con	2026-10-03 16:41:34	0		revisar_persona_solista	meta: born (persona) | 1 discos propios	BD:public.artists+persons	pages/damaso-delgado.json+.html(meta)		
/artist/adrian-guacaran	Adrian Guacaran	13	D_sin_senal												persona_o_solista			0		1	Album:1	portada_rym	con	2026-10-03 12:20:00	0		revisar_persona_solista	meta: born (persona) | 1 discos propios	BD:public.artists+persons	pages/adrian-guacaran.json+.html(meta)		
/artist/cornelio-salazar	Cornelio Salazar	13	D_sin_senal												persona_o_solista			1	Folk	1	Album:1	portada_rym	con	2026-10-03 11:56:06	0		revisar_persona_solista	meta: born (persona) | 1 géneros: Folk | 1 discos propios	BD:public.artists+persons	pages/cornelio-salazar.json+.html(meta)		
/artist/giovanni-guzzo	Giovanni Guzzo	13	D_sin_senal												persona_o_solista			2	Chamber Music, Romanticism	4	Album:4	portada_rym	con	2026-10-03 16:46:12	0		revisar_persona_solista	meta: born (persona) | 2 géneros: Chamber Music, Romanticism | 4 discos propios	BD:public.artists+persons	pages/giovanni-guzzo.json+.html(meta)		
/artist/lu-marie	Lú Marié	12	D_sin_senal												persona_o_solista			0		3	Single:3	portada_rym	con	2026-10-03 13:59:49	0		revisar_persona_solista	meta: born (persona) | 3 discos propios	BD:public.artists+persons	pages/lu-marie.json+.html(meta)		
/artist/erika-needs	Erika Needs	12	D_sin_senal												persona_o_solista			0		1	EP:1; Appears On:1	portada_rym	con	2026-10-03 06:40:54	0		revisar_persona_solista	1 discos propios	BD:public.artists+persons	pages/erika-needs.json+.html(meta)		
/artist/aurora-dream	Aurora Dream	12	D_sin_senal												persona_o_solista			0		2	Album:2	portada_rym	con	2026-10-03 14:01:28	0		revisar_persona_solista	meta: born (persona) | 2 discos propios	BD:public.artists+persons	pages/aurora-dream.json+.html(meta)		
/artist/dell-soda	Dell Soda	12	D_sin_senal												persona_o_solista			1	Funk 150 bpm	34	Album:18; Mixtape:9; EP:3; Appears On:3; Single:2; Compilation:2; V/A Compilation:1	portada_rym	con	2026-10-03 06:58:08	0		revisar_persona_solista	meta: born (persona) | 1 géneros: Funk 150 bpm | 34 discos propios	BD:public.artists+persons	pages/dell-soda.json+.html(meta)		
/artist/atipico	Atípico	11	D_sin_senal												persona_o_solista			0		1	Single:1; Appears On:1	portada_rym	con	2026-10-03 12:31:04	0		revisar_persona_solista	meta: born (persona) | 1 discos propios	BD:public.artists+persons	pages/atipico.json+.html(meta)		
/artist/luis-edgardo-ramirez	Luis Edgardo Ramírez	11	D_sin_senal												persona_o_solista			1	Música gaúcha	7	Album:6; EP:1	portada_rym	con	2026-10-03 10:01:56	0		revisar_persona_solista	1 géneros: Música gaúcha | 7 discos propios	BD:public.artists+persons	pages/luis-edgardo-ramirez.json+.html(meta)		
/artist/meruva	Meruva	11	D_sin_senal												persona_o_solista			1	Indie Pop	6	Single:6	portada_rym	con	2026-10-03 16:02:26	2	«Roma» → álbum 15574 de «Rodrigo Solo»; «Cielo» → álbum 4843 de «Los Memphis»	revisar_persona_solista	1 géneros: Indie Pop | 6 discos propios | discos ya en catálogo: «Roma» → álbum 15574 de «Rodrigo Solo»; «Cielo» → álbum 4843 de «Los Memphis»	BD:public.artists+persons	pages/meruva.json+.html(meta)		
/artist/aun-no-hija	Aún no Hija	11	D_sin_senal												persona_o_solista			1	Experimental Hip Hop	2	Album:2	portada_rym	con	2026-10-03 17:31:05	0		revisar_persona_solista	1 géneros: Experimental Hip Hop | 2 discos propios	BD:public.artists+persons	pages/aun-no-hija.json+.html(meta)		
/artist/astrid-celeste	Astrid Celeste	11	D_sin_senal												persona_o_solista			0		1	Appears On:2; Single:1	portada_rym	con	2026-10-03 09:32:31	0		revisar_persona_solista	meta: born (persona) | 1 discos propios	BD:public.artists+persons	pages/astrid-celeste.json+.html(meta)		
/artist/chaparro	Chaparro	10	D_sin_senal												persona_o_solista			0		3	Album:3	portada_rym	con	2026-10-03 10:15:21	0		revisar_persona_solista	meta: born (persona) | 3 discos propios	BD:public.artists+persons	pages/chaparro.json+.html(meta)		
/artist/tony-monserrat	Tony Monserrat	10	D_sin_senal												persona_o_solista			0		2	Album:2	portada_rym	con	2026-10-03 09:35:05	1	«Merengues» → álbum 13083 de «Alfredo Sadel»	revisar_persona_solista	meta: born (persona) | 2 discos propios | discos ya en catálogo: «Merengues» → álbum 13083 de «Alfredo Sadel»	BD:public.artists+persons	pages/tony-monserrat.json+.html(meta)		
/artist/robert-tiamo	Robert Tiamo	10	D_sin_senal												persona_o_solista			1	Hip Hop	15	Single:12; Appears On:8; Album:2; EP:1; Music video:1; V/A Compilation:1	portada_rym	con	2026-10-03 12:14:01	1	«Sur» → álbum 111 de «Agresión»	revisar_persona_solista	meta: born (persona) | 1 géneros: Hip Hop | 15 discos propios | discos ya en catálogo: «Sur» → álbum 111 de «Agresión»	BD:public.artists+persons	pages/robert-tiamo.json+.html(meta)		
/artist/niko-la-fabrica	Niko la Fábrica	10	D_sin_senal												persona_o_solista			0		5	Appears On:5; Single:3; Album:1; EP:1	portada_rym	con	2026-10-03 08:10:30	2	«Amanecer» → álbum 4671 de «Colina»; «Ave María» → álbum 13813 de «Neutro Shorty»	revisar_persona_solista	meta: born (persona) | 5 discos propios | discos ya en catálogo: «Amanecer» → álbum 4671 de «Colina»; «Ave María» → álbum 13813 de «Neutro Shorty»	BD:public.artists+persons	pages/niko-la-fabrica.json+.html(meta)		
/artist/alboa	Alboa	10	D_sin_senal												persona_o_solista			1	House	13	Single:13	portada_rym	con	2026-10-03 13:33:41	0		revisar_persona_solista	1 géneros: House | 13 discos propios	BD:public.artists+persons	pages/alboa.json+.html(meta)		
/artist/pussidiq	pussidiq	10	D_sin_senal												persona_o_solista			1	Comedy	8	Single:5; EP:2; Album:1; Appears On:1	portada_rym	con	2026-10-03 18:14:47	0		revisar_persona_solista	meta: born (persona) | 1 géneros: Comedy | 8 discos propios	BD:public.artists+persons	pages/pussidiq.json+.html(meta)		
/artist/rui-gabriel	Rui Gabriel	10	D_sin_senal												persona_o_solista			1	Indie Folk	4	Single:3; Album:1	portada_rym	con	2026-10-03 08:58:30	0		revisar_persona_solista	1 géneros: Indie Folk | 4 discos propios	BD:public.artists+persons	pages/rui-gabriel.json+.html(meta)		
/artist/flayme	Flayme	10	D_sin_senal												persona_o_solista			0		8	Single:8; V/A Compilation:1	portada_rym	con	2026-10-03 15:23:23	1	«Paramo» → álbum 2725 de «PáramoSoundSystem»	revisar_persona_solista	meta: born (persona) | 8 discos propios | discos ya en catálogo: «Paramo» → álbum 2725 de «PáramoSoundSystem»	BD:public.artists+persons	pages/flayme.json+.html(meta)		
/artist/mr-pauer	Mr. Pauer	10	D_sin_senal												persona_o_solista			0		4	Single:2; Appears On:2; Album:1; EP:1; V/A Compilation:1	portada_rym	con	2026-10-03 06:08:08	1	«Pandora» → álbum 719 de «Nomad Theory»	revisar_persona_solista	4 discos propios | discos ya en catálogo: «Pandora» → álbum 719 de «Nomad Theory»	BD:public.artists+persons	pages/mr-pauer.json+.html(meta)		
/artist/rafael-payare	Rafael Payare	10	D_sin_senal												persona_o_solista			1	Romanticism	4	Album:4	portada_rym	con	2026-10-03 10:42:00	0		revisar_persona_solista	meta: born (persona) | 1 géneros: Romanticism | 4 discos propios	BD:public.artists+persons	pages/rafael-payare.json+.html(meta)		
/artist/salas-1	SALAS	10	D_sin_senal												persona_o_solista			1	Electronic	3	Single:3	portada_rym	con	2026-10-03 15:18:23	0		revisar_persona_solista	meta: born (persona) | 1 géneros: Electronic | 3 discos propios	BD:public.artists+persons	pages/salas-1.json+.html(meta)		
/artist/fabro	Fabro	10	D_sin_senal												persona_o_solista			1	Reggaetón	1	Album:1; Appears On:1	portada_rym	con	2026-10-03 07:21:18	0		revisar_persona_solista	1 géneros: Reggaetón | 1 discos propios	BD:public.artists+persons	pages/fabro.json+.html(meta)		
/artist/cesar-castro	César Castro	10	D_sin_senal												persona_o_solista			1	Vallenato	13	Album:11; V/A Compilation:8; Compilation:2	portada_rym	con	2026-10-03 10:13:49	2	«Nuevamente» → álbum 8296 de «Los Melódicos»; «Mis grandes éxitos» → álbum 4284 de «Ivo»	revisar_persona_solista	meta: born (persona) | 1 géneros: Vallenato | 13 discos propios | discos ya en catálogo: «Nuevamente» → álbum 8296 de «Los Melódicos»; «Mis grandes éxitos» → álbum 4284 de «Ivo»	BD:public.artists+persons	pages/cesar-castro.json+.html(meta)		
/artist/gretchen-g	Gretchen G	10	D_sin_senal												persona_o_solista			0		5	Single:5	portada_rym	con	2026-10-03 17:05:57	0		revisar_persona_solista	meta: born (persona) | 5 discos propios	BD:public.artists+persons	pages/gretchen-g.json+.html(meta)		
/artist/jorge-ostos	Jorge Ostos	10	D_sin_senal												persona_o_solista			0		11	Album:5; Single:4; EP:2	portada_rym	con	2026-10-03 18:13:19	0		revisar_persona_solista	meta: born (persona) | 11 discos propios	BD:public.artists+persons	pages/jorge-ostos.json+.html(meta)		
/artist/manu-heredia	Manu Heredia	10	D_sin_senal												persona_o_solista			1	Electronic	1	EP:1	portada_rym	con	2026-10-03 10:51:22	0		revisar_persona_solista	meta: born (persona) | 1 géneros: Electronic | 1 discos propios	BD:public.artists+persons	pages/manu-heredia.json+.html(meta)		
/artist/luca_pisaroni	Luca Pisaroni	10	D_sin_senal												persona_o_solista			6	Classical Period, Opera, Opera buffa, Baroque Music, Romanticism, Mass	17	Live Album:7; Album:5; Video:5	portada_rym	con	2026-10-03 08:19:17	0		revisar_persona_solista	meta: born (persona) | 6 géneros: Classical Period, Opera, Opera buffa | 17 discos propios	BD:public.artists+persons	pages/luca_pisaroni.json+.html(meta)		
/artist/manira	Manira	10	D_sin_senal												persona_o_solista			1	Singer-Songwriter	1	Appears On:2; Single:1	portada_rym	con	2026-10-03 14:48:01	0		revisar_persona_solista	meta: born (persona) | 1 géneros: Singer-Songwriter | 1 discos propios	BD:public.artists+persons	pages/manira.json+.html(meta)		
/artist/vera-delacruz	Vera Delacruz	10	D_sin_senal												persona_o_solista			0		5	Appears On:5; Single:4; EP:1; V/A Compilation:1	portada_rym	con	2026-10-03 13:51:46	0		revisar_persona_solista	meta: born (persona) | 5 discos propios	BD:public.artists+persons	pages/vera-delacruz.json+.html(meta)		
/artist/scarlett-linares	Scarlett Linares	10	D_sin_senal												persona_o_solista			1	Folk	2	Album:1; Appears On:1; Compilation:1	portada_rym	con	2026-10-03 16:03:33	0		revisar_persona_solista	meta: born (persona) | 1 géneros: Folk | 2 discos propios	BD:public.artists+persons	pages/scarlett-linares.json+.html(meta)		
/artist/francelin-casanas	Francelín Casañas	10	D_sin_senal												persona_o_solista			1	Joropo	2	Album:2	portada_rym	con	2026-10-03 15:53:57	0		revisar_persona_solista	1 géneros: Joropo | 2 discos propios	BD:public.artists+persons	pages/francelin-casanas.json+.html(meta)		
/artist/luis_conny	Luis Conny	9	D_sin_senal												persona_o_solista			0		1	Album:1	portada_rym	con	2026-10-03 17:19:50	0		revisar_persona_solista	1 discos propios	BD:public.artists+persons	pages/luis_conny.json+.html(meta)		
/artist/maria-teresa-acosta	María Teresa Acosta	9	D_sin_senal												persona_o_solista			0		2	Single:2	portada_rym	con	2026-10-03 18:18:03	0		revisar_persona_solista	meta: born (persona) | 2 discos propios	BD:public.artists+persons	pages/maria-teresa-acosta.json+.html(meta)		
/artist/grecia-limperani	Grecia Limperani	9	D_sin_senal												persona_o_solista			0		1	EP:1	portada_rym	con	2026-10-03 10:49:21	0		revisar_persona_solista	meta: born (persona) | 1 discos propios	BD:public.artists+persons	pages/grecia-limperani.json+.html(meta)		
/artist/coringta	CORINGTA	9	D_sin_senal												persona_o_solista			2	New Wave, Synthpop	4	EP:2; Single:2; Appears On:1	portada_rym	con	2026-10-03 18:15:21	0		revisar_persona_solista	2 géneros: New Wave, Synthpop | 4 discos propios	BD:public.artists+persons	pages/coringta.json+.html(meta)		
/artist/venezuela-strings-recording-ensemble	Venezuela Strings Recording Ensemble	9	D_sin_senal												persona_o_solista			0		1	Single:1	portada_rym	con	2026-10-03 17:28:57	0		revisar_persona_solista	1 discos propios	BD:public.artists+persons	pages/venezuela-strings-recording-ensemble.json+.html(meta)		
/artist/contemplando-el-cielo	Contemplando el Cielo	8	D_sin_senal												persona_o_solista			2	Ambient, Drone	2	Album:1; EP:1; Appears On:1	portada_rym	con	2026-10-03 18:08:56	0		revisar_persona_solista	2 géneros: Ambient, Drone | 2 discos propios	BD:public.artists+persons	pages/contemplando-el-cielo.json+.html(meta)		
/artist/bill_quick	Bill Quick	8	D_sin_senal												persona_o_solista			2	Contemporary Folk, Singer-Songwriter	4	Single:3; Album:1; V/A Compilation:1	portada_rym	con	2026-10-03 07:21:00	0		revisar_persona_solista	2 géneros: Contemporary Folk, Singer-Songwriter | 4 discos propios	BD:public.artists+persons	pages/bill_quick.json+.html(meta)		
/artist/dj_yirvin	DJ Yirvin	8	D_sin_senal												persona_o_solista			1	Changa tuki	11	Appears On:13; Single:3; Album:2; EP:2; DJ Mix:2; V/A Compilation:2; Compilation:1; Video:1	portada_rym	con	2026-10-03 12:21:11	2	«Boiler Room: Caracas» → álbum 15468 de «Cardopusher»; «Boiler Room: Caracas» → álbum 15468 de «Cardopusher»	revisar_persona_solista	meta: born (persona) | 1 géneros: Changa tuki | 11 discos propios | discos ya en catálogo: «Boiler Room: Caracas» → álbum 15468 de «Cardopusher»; «Boiler Room: Caracas» → álbum 15468 de «Cardopusher»	BD:public.artists+persons	pages/dj_yirvin.json+.html(meta)		
/artist/genaro_salinas	Genaro Salinas	8	D_sin_senal												persona_o_solista			0		8	V/A Compilation:6; Album:3; Single:3; Compilation:2	portada_rym	con	2026-10-03 09:42:38	0		revisar_persona_solista	meta: born (persona) | 8 discos propios	BD:public.artists+persons	pages/genaro_salinas.json+.html(meta)		
/artist/oh_dulceari	OH!DULCEARi	8	D_sin_senal												persona_o_solista			4	Digicore, Trap, Cloud Rap, Emo Rap	15	Appears On:13; Single:12; EP:3; Music video:2	portada_rym	con	2026-10-03 13:26:03	1	«Ok!» → álbum 4510 de «Still Dot»	revisar_persona_solista	meta: born (persona) | 4 géneros: Digicore, Trap, Cloud Rap | 15 discos propios | discos ya en catálogo: «Ok!» → álbum 4510 de «Still Dot»	BD:public.artists+persons	pages/oh_dulceari.json+.html(meta)		
/artist/yunglian-mediocre-broke-boi	YUNGLiAN MEDiOCRE BROKE BOi	8	D_sin_senal												persona_o_solista			1	Hip Hop	31	Single:31; Appears On:6	portada_rym	con	2026-10-03 08:59:09	3	«Rock-n-Rolla» → álbum 2595 de «White Offense»; «Mano a mano» → álbum 8123 de «Guaco»; «Mano a mano» → álbum 8123 de «Guaco»	revisar_persona_solista	meta: born (persona) | 1 géneros: Hip Hop | 31 discos propios | discos ya en catálogo: «Rock-n-Rolla» → álbum 2595 de «White Offense»; «Mano a mano» → álbum 8123 de «Guaco»	BD:public.artists+persons	pages/yunglian-mediocre-broke-boi.json+.html(meta)		
/artist/eldese	Eldese	8	D_sin_senal												persona_o_solista			1	Experimental	1	Album:1	portada_rym	con	2026-10-03 17:16:21	0		revisar_persona_solista	1 géneros: Experimental | 1 discos propios	BD:public.artists+persons	pages/eldese.json+.html(meta)		
/artist/realengos	Realengos	8	D_sin_senal												persona_o_solista			1	Hip Hop	1	Album:1	portada_rym	con	2026-10-03 10:34:19	0		revisar_persona_solista	1 géneros: Hip Hop | 1 discos propios	BD:public.artists+persons	pages/realengos.json+.html(meta)		
/artist/hector-murga	Héctor Murga	7	D_sin_senal												persona_o_solista			0		1	Album:1; V/A Compilation:1	portada_rym	con	2026-10-03 08:14:47	1	«Voces de oro de Venezuela» → álbum 9290 de «Magdalena Sánchez»	revisar_persona_solista	meta: born (persona) | 1 discos propios | discos ya en catálogo: «Voces de oro de Venezuela» → álbum 9290 de «Magdalena Sánchez»	BD:public.artists+persons	pages/hector-murga.json+.html(meta)		
/artist/aldo_dona	Aldo Donà	7	D_sin_senal												persona_o_solista			0		5	Single:5; V/A Compilation:2	sin_imagen	con	2026-10-03 13:25:51	0		revisar_persona_solista	meta: born (persona) | 5 discos propios	BD:public.artists+persons	pages/aldo_dona.json+.html(meta)		
/artist/noer-pierkhan	Noer Pierkhan	7	D_sin_senal												persona_o_solista			0		1	Album:1	portada_rym	con	2026-10-03 17:04:31	0		revisar_persona_solista	meta: born (persona) | 1 discos propios	BD:public.artists+persons	pages/noer-pierkhan.json+.html(meta)		
/artist/kiko-mendive	Kiko Mendive	7	D_sin_senal												persona_o_solista			0		10	Album:5; Single:3; V/A Compilation:2; EP:1; Compilation:1	portada_rym	con	2026-10-03 18:22:54	0		revisar_persona_solista	meta: born (persona) | 10 discos propios	BD:public.artists+persons	pages/kiko-mendive.json+.html(meta)		
/artist/alberto-aguila	Alberto Aguilá	7	D_sin_senal												persona_o_solista			0		1	Album:1	portada_rym	con	2026-10-03 08:08:42	0		revisar_persona_solista	meta: born (persona) | 1 discos propios	BD:public.artists+persons	pages/alberto-aguila.json+.html(meta)		
/artist/herminia-martinez	Herminia Martínez	7	D_sin_senal												persona_o_solista			0		1	Album:1	sin_imagen	con	2026-10-03 13:19:24	0		revisar_persona_solista	meta: born (persona) | 1 discos propios	BD:public.artists+persons	pages/herminia-martinez.json+.html(meta)		
/artist/migue-mori	MIGUE MORI	7	D_sin_senal												persona_o_solista			1	Cloud Rap	2	Mixtape:2	portada_rym	con	2026-10-03 15:46:14	0		revisar_persona_solista	meta: born (persona) | 1 géneros: Cloud Rap | 2 discos propios	BD:public.artists+persons	pages/migue-mori.json+.html(meta)		
/artist/bob-bissonnette	Bob Bissonnette	7	D_sin_senal												persona_o_solista			0		2	Album:2	portada_rym	con	2026-10-03 10:49:47	0		revisar_persona_solista	meta: born (persona) | 2 discos propios	BD:public.artists+persons	pages/bob-bissonnette.json+.html(meta)		
/artist/nk-profeta	NK Profeta	7	D_sin_senal												persona_o_solista			1	Hip Hop	7	Album:5; Appears On:3; Single:2; Music video:1; V/A Compilation:1	portada_rym	con	2026-10-02 03:39:04	1	«Nostalgia» → álbum 8846 de «Manuel Bandres»	revisar_persona_solista	meta: born (persona) | 1 géneros: Hip Hop | 7 discos propios | discos ya en catálogo: «Nostalgia» → álbum 8846 de «Manuel Bandres»	BD:public.artists+persons	pages/nk-profeta.json+.html(meta)		
/artist/sebastian-bauza-bueno	Sebastián Bauza-Bueno	7	D_sin_senal												persona_o_solista			6	Avant-Folk, Singer-Songwriter, Experimental, Free Folk, Glitch, Modern Classical	24	EP:15; Album:6; Single:3; Appears On:1	portada_rym	con	2026-10-03 10:21:56	1	«Demos» → álbum 272 de «Marilanne»	revisar_persona_solista	meta: born (persona) | 6 géneros: Avant-Folk, Singer-Songwriter, Experimental | 24 discos propios | discos ya en catálogo: «Demos» → álbum 272 de «Marilanne»	BD:public.artists+persons	pages/sebastian-bauza-bueno.json+.html(meta)		
/artist/octubrxlibrv	OCTUBRXLIBRV	7	D_sin_senal												persona_o_solista			3	Neoperreo, Latin Electronic, UK Bass	7	Appears On:13; EP:3; DJ Mix:3; Album:1; V/A Compilation:1	portada_rym	con	2026-10-03 16:41:50	0		revisar_persona_solista	3 géneros: Neoperreo, Latin Electronic, UK Bass | 7 discos propios	BD:public.artists+persons	pages/octubrxlibrv.json+.html(meta)		
/artist/gona	Gona	7	D_sin_senal												persona_o_solista			1	Hip Hop	8	Appears On:13; Album:4; Single:4	portada_rym	con	2026-10-03 15:01:54	1	«Sobrio» → álbum 2456 de «Templo de Nadie»	revisar_persona_solista	meta: born (persona) | 1 géneros: Hip Hop | 8 discos propios | discos ya en catálogo: «Sobrio» → álbum 2456 de «Templo de Nadie»	BD:public.artists+persons	pages/gona.json+.html(meta)		
/artist/efrain-amaya	Efraín Amaya	7	D_sin_senal												persona_o_solista			0		1	Album:1	portada_rym	con	2026-10-03 15:31:40	0		revisar_persona_solista	meta: born (persona) | 1 discos propios	BD:public.artists+persons	pages/efrain-amaya.json+.html(meta)		
/artist/samy-hawk	Samy Hawk	7	D_sin_senal												persona_o_solista			1	Pop Rap	1	Appears On:4; Single:1; Music video:1	portada_rym	con	2026-10-03 18:22:05	0		revisar_persona_solista	meta: born (persona) | 1 géneros: Pop Rap | 1 discos propios	BD:public.artists+persons	pages/samy-hawk.json+.html(meta)		
/artist/nakary	Nakary	7	D_sin_senal												persona_o_solista			0		2	Single:2	portada_rym	con	2026-10-03 17:16:32	0		revisar_persona_solista	2 discos propios	BD:public.artists+persons	pages/nakary.json+.html(meta)		
/artist/somalunar	Somalunar	7	D_sin_senal												persona_o_solista			0		2	Album:1; EP:1	portada_rym	con	2026-10-03 08:09:17	0		revisar_persona_solista	meta: born (persona) | 2 discos propios	BD:public.artists+persons	pages/somalunar.json+.html(meta)		
/artist/motiff	Motiff	7	D_sin_senal												persona_o_solista			0		1	Appears On:2; Single:1	portada_rym	con	2026-10-03 14:54:12	0		revisar_persona_solista	meta: born (persona) | 1 discos propios	BD:public.artists+persons	pages/motiff.json+.html(meta)		
/artist/bolivar-caribano	Bolívar Caribano	7	D_sin_senal												persona_o_solista			0		1	Album:1	portada_rym	con	2026-10-03 08:44:22	1	«Enemigo imaginario» → álbum 826 de «Bolívar»	revisar_persona_solista	meta: born (persona) | 1 discos propios | discos ya en catálogo: «Enemigo imaginario» → álbum 826 de «Bolívar»	BD:public.artists+persons	pages/bolivar-caribano.json+.html(meta)		
/artist/lan-liu	Lan Liu	7	D_sin_senal												persona_o_solista			3	Post-Industrial, Sound Collage, Plunderphonics	18	Album:7; Single:7; DJ Mix:3; EP:1	portada_rym	con	2026-10-03 10:17:27	0		revisar_persona_solista	3 géneros: Post-Industrial, Sound Collage, Plunderphonics | 18 discos propios	BD:public.artists+persons	pages/lan-liu.json+.html(meta)		
/artist/ugoluna	Ugoluna	7	D_sin_senal												persona_o_solista			1	Progressive House	1	EP:1	portada_rym	con	2026-10-03 13:21:04	0		revisar_persona_solista	meta: born (persona) | 1 géneros: Progressive House | 1 discos propios	BD:public.artists+persons	pages/ugoluna.json+.html(meta)		
/artist/from-fiction	From Fiction	7	D_sin_senal												persona_o_solista			1	Synthwave	1	Album:1	portada_rym	con	2026-10-03 11:34:27	0		revisar_persona_solista	meta: born (persona) | 1 géneros: Synthwave | 1 discos propios	BD:public.artists+persons	pages/from-fiction.json+.html(meta)		
/artist/rms_f1	RMS	7	D_sin_senal												persona_o_solista			0		1	Album:1	portada_rym	con	2026-10-03 15:31:24	0		revisar_persona_solista	meta: born (persona) | 1 discos propios	BD:public.artists+persons	pages/rms_f1.json+.html(meta)		
/artist/christian-vasquez	Christian Vásquez	7	D_sin_senal												persona_o_solista			0		1	Album:1	portada_rym	con	2026-10-03 18:03:10	0		revisar_persona_solista	meta: born (persona) | 1 discos propios	BD:public.artists+persons	pages/christian-vasquez.json+.html(meta)		
/artist/maye	Maye	7	D_sin_senal												persona_o_solista			3	Bedroom Pop, Latin Pop, Neo-Soul	19	Single:15; Appears On:13; Album:1; Live Album:1; EP:1; Music video:1; Video:1	portada_rym	con	2026-10-03 17:05:15	1	«Lento» → álbum 14343 de «Natusha»	revisar_persona_solista	meta: born (persona) | 3 géneros: Bedroom Pop, Latin Pop, Neo-Soul | 19 discos propios | discos ya en catálogo: «Lento» → álbum 14343 de «Natusha»	BD:public.artists+persons	pages/maye.json+.html(meta)		
/artist/as1	AS1	7	D_sin_senal												persona_o_solista			2	Electro, Techno	9	Appears On:10; Album:7; EP:2; V/A Compilation:2	portada_rym	con	2026-10-03 11:37:40	0		revisar_persona_solista	2 géneros: Electro, Techno | 9 discos propios	BD:public.artists+persons	pages/as1.json+.html(meta)		
/artist/mestiza	Mestiza	7	D_sin_senal												persona_o_solista			0		1	Appears On:2; Single:1	portada_rym	con	2026-10-03 14:50:08	0		revisar_persona_solista	1 discos propios	BD:public.artists+persons	pages/mestiza.json+.html(meta)		
/artist/verkhead	Verkhead	7	D_sin_senal												persona_o_solista			1	Noise	2	Appears On:2; Album:1; EP:1; V/A Compilation:1	portada_rym	con	2026-10-03 15:32:11	0		revisar_persona_solista	1 géneros: Noise | 2 discos propios	BD:public.artists+persons	pages/verkhead.json+.html(meta)		
/artist/lele-pons	Lele Pons	7	D_sin_senal												persona_o_solista			2	Reggaetón, Latin Pop	14	Single:13; Appears On:5; Music video:2; Album:1; V/A Compilation:1	portada_rym	con	2026-10-03 13:25:22	0		revisar_persona_solista	meta: born (persona) | 2 géneros: Reggaetón, Latin Pop | 14 discos propios	BD:public.artists+persons	pages/lele-pons.json+.html(meta)		
/artist/lecon	Lecon	7	D_sin_senal												persona_o_solista			0		3	Single:2; Mixtape:1; Music video:1	portada_rym	con	2026-10-03 14:13:32	0		revisar_persona_solista	3 discos propios	BD:public.artists+persons	pages/lecon.json+.html(meta)		
/artist/just-art-dead	Just Art Dead	7	D_sin_senal												persona_o_solista			1	Avant-Garde Metal	3	Album:3	portada_rym	con	2026-10-03 17:23:36	0		revisar_persona_solista	1 géneros: Avant-Garde Metal | 3 discos propios	BD:public.artists+persons	pages/just-art-dead.json+.html(meta)		
/artist/vince-vinyl	Vince Vinyl	7	D_sin_senal												persona_o_solista			0		2	Album:2; V/A Compilation:1	portada_rym	con	2026-10-03 11:47:12	0		revisar_persona_solista	2 discos propios	BD:public.artists+persons	pages/vince-vinyl.json+.html(meta)		
/artist/nicolas-maduro	Nicolás Maduro	7	D_sin_senal												persona_o_solista			0		1	Music video:2; Single:1	portada_rym	con	2026-10-03 07:05:53	0		revisar_persona_solista	meta: born (persona) | 1 discos propios	BD:public.artists+persons	pages/nicolas-maduro.json+.html(meta)		
/artist/markem	Markem	7	D_sin_senal												persona_o_solista			1	House	9	Single:9; Appears On:2	portada_rym	con	2026-10-03 11:55:02	1	«Te Quiero» → álbum 13322 de «Mau y Ricky»	revisar_persona_solista	1 géneros: House | 9 discos propios | discos ya en catálogo: «Te Quiero» → álbum 13322 de «Mau y Ricky»	BD:public.artists+persons	pages/markem.json+.html(meta)		
/artist/saunter-1	Saunter	7	D_sin_senal												persona_o_solista			0		1	Album:1; Appears On:1	portada_rym	con	2026-10-03 12:18:35	0		revisar_persona_solista	meta: born (persona) | 1 discos propios	BD:public.artists+persons	pages/saunter-1.json+.html(meta)		
/artist/vodini	Vodini	7	D_sin_senal												persona_o_solista			2	Ambient, Jungle	8	Single:4; Album:2; EP:2; Appears On:1	portada_rym	con	2026-10-03 15:26:46	0		revisar_persona_solista	meta: born (persona) | 2 géneros: Ambient, Jungle | 8 discos propios	BD:public.artists+persons	pages/vodini.json+.html(meta)		
/artist/artico	Ártico	7	D_sin_senal												persona_o_solista			1	Electronic	1	EP:1	portada_rym	con	2026-10-03 18:21:41	0		revisar_persona_solista	meta: born (persona) | 1 géneros: Electronic | 1 discos propios	BD:public.artists+persons	pages/artico.json+.html(meta)		
/artist/jambene	Jambene	7	D_sin_senal												persona_o_solista			1	Latin Pop	19	Single:18; Appears On:12; EP:1; V/A Compilation:1	portada_rym	con	2026-10-03 06:17:14	6	«Como lo haces» → álbum 13880 de «Big Soto»; «Brujería» → álbum 7786 de «Sexteto Juventud»; «Bandolero» → álbum 13875 de «Big Soto»	revisar_persona_solista	1 géneros: Latin Pop | 19 discos propios | discos ya en catálogo: «Como lo haces» → álbum 13880 de «Big Soto»; «Brujería» → álbum 7786 de «Sexteto Juventud»	BD:public.artists+persons	pages/jambene.json+.html(meta)		
/artist/khali-issis	Kháli Issis	7	D_sin_senal												persona_o_solista			1	Alternative R&B	9	Single:7; EP:2	portada_rym	con	2026-10-03 10:04:41	0		revisar_persona_solista	1 géneros: Alternative R&B | 9 discos propios	BD:public.artists+persons	pages/khali-issis.json+.html(meta)		
/artist/zen-p	Zen P	7	D_sin_senal												persona_o_solista			1	Boom Bap	8	Album:4; Appears On:4; EP:2; Single:2	portada_rym	con	2026-10-03 06:24:51	1	«MAYONBISNE» → álbum 13765 de «Lil Supa'»	revisar_persona_solista	meta: born (persona) | 1 géneros: Boom Bap | 8 discos propios | discos ya en catálogo: «MAYONBISNE» → álbum 13765 de «Lil Supa'»	BD:public.artists+persons	pages/zen-p.json+.html(meta)		
/artist/undying-truth	UNDYING TRUTH	7	D_sin_senal												persona_o_solista			1	Electronic	2	Single:1; DJ Mix:1	portada_rym	con	2026-10-03 13:56:12	0		revisar_persona_solista	1 géneros: Electronic | 2 discos propios	BD:public.artists+persons	pages/undying-truth.json+.html(meta)		
/artist/patricia-zavala	Patricia Zavala	7	D_sin_senal												persona_o_solista			0		3	Single:3	portada_rym	con	2026-10-03 08:54:37	0		revisar_persona_solista	meta: born (persona) | 3 discos propios	BD:public.artists+persons	pages/patricia-zavala.json+.html(meta)		
/artist/alejandro-planchart	Alejandro Planchart	6	D_sin_senal												persona_o_solista			0		2	Album:1; Compilation:1	portada_rym	con	2026-10-02 03:24:11	0		revisar_persona_solista	meta: born (persona) | 2 discos propios	BD:public.artists+persons	pages/alejandro-planchart.json+.html(meta)		
/artist/nombres-ocultos	Nombres Ocultos	6	D_sin_senal												persona_o_solista			1	Psychedelic Pop	3	Album:2; Single:1	portada_rym	con	2026-10-03 08:05:15	0		revisar_persona_solista	1 géneros: Psychedelic Pop | 3 discos propios	BD:public.artists+persons	pages/nombres-ocultos.json+.html(meta)		
/artist/garee	Garee	6	D_sin_senal												persona_o_solista			1	Conscious Hip Hop	3	Album:2; Appears On:2; EP:1	portada_rym	con	2026-10-03 10:39:53	1	«Ofrenda» → álbum 6024 de «Trío Raúl Borges»	revisar_persona_solista	meta: born (persona) | 1 géneros: Conscious Hip Hop | 3 discos propios | discos ya en catálogo: «Ofrenda» → álbum 6024 de «Trío Raúl Borges»	BD:public.artists+persons	pages/garee.json+.html(meta)		
/artist/marti-ann	Marti Ann	6	D_sin_senal												persona_o_solista			0		1	EP:1; V/A Compilation:1	portada_rym	con	2026-10-03 11:48:07	0		revisar_persona_solista	1 discos propios	BD:public.artists+persons	pages/marti-ann.json+.html(meta)		
/artist/enrique-bencomo	Enrique Bencomo	6	D_sin_senal												persona_o_solista			0		1	Album:1	portada_rym	con	2026-10-03 16:04:19	0		revisar_persona_solista	meta: born (persona) | 1 discos propios	BD:public.artists+persons	pages/enrique-bencomo.json+.html(meta)		
/artist/laura-chimaras	Laura Chimaras	6	D_sin_senal												persona_o_solista			0		1	Album:1	portada_rym	con	2026-10-03 08:18:33	1	«Memorias» → álbum 4463 de «Rudy Márquez»	revisar_persona_solista	meta: born (persona) | 1 discos propios | discos ya en catálogo: «Memorias» → álbum 4463 de «Rudy Márquez»	BD:public.artists+persons	pages/laura-chimaras.json+.html(meta)		
/artist/hibai-rekondo	Hibai Rekondo	6	D_sin_senal												persona_o_solista			1	Euskal kantagintza berria	1	Album:1; Appears On:1	sin_imagen	con	2026-10-03 08:18:46	0		revisar_persona_solista	meta: born (persona) | 1 géneros: Euskal kantagintza berria | 1 discos propios	BD:public.artists+persons	pages/hibai-rekondo.json+.html(meta)		
/artist/rafael-lanzetta	Rafael Lanzetta	6	D_sin_senal												persona_o_solista			0		1	Album:1	portada_rym	con	2026-10-03 11:56:55	0		revisar_persona_solista	1 discos propios	BD:public.artists+persons	pages/rafael-lanzetta.json+.html(meta)		
/artist/aseari	Aseari	6	D_sin_senal												persona_o_solista			1	Euskal kantagintza berria	2	Album:2	portada_rym	con	2026-10-03 14:56:30	0		revisar_persona_solista	meta: born (persona) | 1 géneros: Euskal kantagintza berria | 2 discos propios	BD:public.artists+persons	pages/aseari.json+.html(meta)		
/artist/andres-levell	Andrés Levell	6	D_sin_senal												persona_o_solista			0		10	Album:7; EP:2; Single:1	portada_rym	con	2026-10-03 13:27:20	0		revisar_persona_solista	meta: born (persona) | 10 discos propios	BD:public.artists+persons	pages/andres-levell.json+.html(meta)		
/artist/nancy-fabiola-herrera	Nancy Fabiola Herrera	6	D_sin_senal												persona_o_solista			0		3	Album:2; Live Album:1	portada_rym	con	2026-10-03 16:25:34	0		revisar_persona_solista	meta: born (persona) | 3 discos propios	BD:public.artists+persons	pages/nancy-fabiola-herrera.json+.html(meta)		
/artist/safety-trance	Safety Trance	6	D_sin_senal												persona_o_solista			3	Latin Electronic, Neoperreo, Deconstructed Club	35	Single:18; Appears On:13; DJ Mix:9; EP:5; Video:2; Album:1; Music video:1; V/A Compilation:1	portada_rym	con	2026-10-03 08:49:48	2	«Boiler Room: Caracas» → álbum 15468 de «Cardopusher»; «Boiler Room: Caracas» → álbum 15468 de «Cardopusher»	revisar_persona_solista	3 géneros: Latin Electronic, Neoperreo, Deconstructed Club | 35 discos propios | discos ya en catálogo: «Boiler Room: Caracas» → álbum 15468 de «Cardopusher»; «Boiler Room: Caracas» → álbum 15468 de «Cardopusher»	BD:public.artists+persons	pages/safety-trance.json		
/artist/los-pures	Los Pures	6	D_sin_senal												persona_o_solista			0		1	Album:1	portada_rym	con	2026-10-03 09:42:10	0		revisar_persona_solista	1 discos propios	BD:public.artists+persons	pages/los-pures.json+.html(meta)		
/artist/victor-porfidio	Victor Porfidio	6	D_sin_senal												persona_o_solista			1	Progressive House	9	Single:9; Appears On:1	portada_rym	con	2026-10-03 14:54:51	0		revisar_persona_solista	1 géneros: Progressive House | 9 discos propios	BD:public.artists+persons	pages/victor-porfidio.json+.html(meta)		
/artist/johnthvhk	JohnThvhk	6	D_sin_senal												persona_o_solista			0		2	Single:2	portada_rym	con	2026-10-03 14:07:14	0		revisar_persona_solista	meta: born (persona) | 2 discos propios	BD:public.artists+persons	pages/johnthvhk.json+.html(meta)		
/artist/banny-kosta	Banny Kosta	6	D_sin_senal												persona_o_solista			1	Salsa	1	Album:1	portada_rym	con	2026-10-03 12:32:47	0		revisar_persona_solista	1 géneros: Salsa | 1 discos propios	BD:public.artists+persons	pages/banny-kosta.json+.html(meta)		
/artist/carlos-montilla	Carlos Montilla	6	D_sin_senal												persona_o_solista			0		1	Album:1	sin_imagen	con	2026-10-03 15:53:16	0		revisar_persona_solista	meta: born (persona) | 1 discos propios	BD:public.artists+persons	pages/carlos-montilla.json+.html(meta)		
/artist/saul-guanipa	Saul Guanipa	6	D_sin_senal												persona_o_solista			0		1	Album:1	portada_rym	con	2026-10-03 10:17:06	0		revisar_persona_solista	1 discos propios	BD:public.artists+persons	pages/saul-guanipa.json+.html(meta)		
/artist/soraya_benitez	Soraya Benitez	6	D_sin_senal												persona_o_solista			0		1	na:1	portada_rym	con	2026-10-02 03:21:42	1	«Vive» → álbum 2008 de «Op3rador»	revisar_persona_solista	1 discos propios | discos ya en catálogo: «Vive» → álbum 2008 de «Op3rador»	BD:public.artists+persons	pages/soraya_benitez.json+.html(meta)		
/artist/hein-van-der-gaag	Hein van der Gaag	6	D_sin_senal												persona_o_solista			1	Jazz	5	Album:3; Single:1; Compilation:1	portada_rym	con	2026-10-03 13:55:40	0		revisar_persona_solista	meta: born (persona) | 1 géneros: Jazz | 5 discos propios	BD:public.artists+persons	pages/hein-van-der-gaag.json+.html(meta)		
/artist/reynaldo_hahn	Reynaldo Hahn	6	D_sin_senal												persona_o_solista			0		3	Single:2; Compilation:1; V/A Compilation:1	portada_rym	con	2026-10-03 09:36:09	0		revisar_persona_solista	meta: born (persona) | 3 discos propios	BD:public.artists+persons	pages/reynaldo_hahn.json+.html(meta)		
/artist/ag-wild	AG Wild	6	D_sin_senal												persona_o_solista			0		2	Single:2	portada_rym	con	2026-10-03 13:16:31	0		revisar_persona_solista	meta: born (persona) | 2 discos propios	BD:public.artists+persons	pages/ag-wild.json+.html(meta)		
/artist/giorgio-maulini	Giorgio Maulini	6	D_sin_senal												persona_o_solista			0		8	EP:6; Single:1; DJ Mix:1	portada_rym	con	2026-10-03 15:35:17	0		revisar_persona_solista	meta: born (persona) | 8 discos propios	BD:public.artists+persons	pages/giorgio-maulini.json+.html(meta)		
/artist/zamora-2	Zamora	6	D_sin_senal												persona_o_solista			1	New Age	2	Album:2	portada_rym	con	2026-10-03 09:45:21	0		revisar_persona_solista	meta: born (persona) | 1 géneros: New Age | 2 discos propios	BD:public.artists+persons	pages/zamora-2.json+.html(meta)		
/artist/eddie_le_baron	Eddie Le Baron	6	D_sin_senal												persona_o_solista			0		4	Single:3; Album:1	portada_rym	con	2026-10-03 17:32:24	0		revisar_persona_solista	meta: born (persona) | 4 discos propios	BD:public.artists+persons	pages/eddie_le_baron.json+.html(meta)		
/artist/nani-2	Nani	6	D_sin_senal												persona_o_solista			1	Alternative R&B	11	Single:9; Album:1; EP:1; Appears On:1	portada_rym	con	2026-10-02 03:30:02	2	«Invierno» → álbum 3278 de «Tan Frió el Verano»; «bebé» → álbum 13949 de «Rawayana»	revisar_persona_solista	1 géneros: Alternative R&B | 11 discos propios | discos ya en catálogo: «Invierno» → álbum 3278 de «Tan Frió el Verano»; «bebé» → álbum 13949 de «Rawayana»	BD:public.artists+persons	pages/nani-2.json+.html(meta)		
/artist/ahvistetabien	ahvistetabien	6	D_sin_senal												persona_o_solista			1	Experimental	3	Single:3	portada_rym	con	2026-10-03 16:04:59	0		revisar_persona_solista	meta: born (persona) | 1 géneros: Experimental | 3 discos propios	BD:public.artists+persons	pages/ahvistetabien.json+.html(meta)		
/artist/harry-zimmerman	Harry Zimmerman	6	D_sin_senal												persona_o_solista			0		5	V/A Compilation:4; Album:3; Appears On:3; Single:2	portada_rym	con	2026-10-03 08:14:25	0		revisar_persona_solista	meta: born (persona) | 5 discos propios	BD:public.artists+persons	pages/harry-zimmerman.json+.html(meta)		
/artist/simone-angel	Simone Angel	6	D_sin_senal												persona_o_solista			0		4	Appears On:3; Single:2; EP:1; V/A Compilation:1; Bootleg / Unauthorized:1	portada_rym	con	2026-10-03 09:57:06	0		revisar_persona_solista	meta: born (persona) | 4 discos propios	BD:public.artists+persons	pages/simone-angel.json+.html(meta)		
/artist/zuri-nativa	Zuri Nativa	6	D_sin_senal												persona_o_solista			1	Singer-Songwriter	5	Single:5	portada_rym	con	2026-10-03 09:34:44	0		revisar_persona_solista	1 géneros: Singer-Songwriter | 5 discos propios	BD:public.artists+persons	pages/zuri-nativa.json+.html(meta)		
/artist/susan-cagle	Susan Cagle	6	D_sin_senal												persona_o_solista			1	Singer-Songwriter	1	Live Album:1	portada_rym	con	2026-10-03 16:37:54	0		revisar_persona_solista	meta: born (persona) | 1 géneros: Singer-Songwriter | 1 discos propios	BD:public.artists+persons	pages/susan-cagle.json+.html(meta)		
/artist/dmaduro	D'Maduro	6	D_sin_senal												persona_o_solista			0		1	Appears On:4; Single:1	portada_rym	con	2026-10-03 13:28:43	0		revisar_persona_solista	1 discos propios	BD:public.artists+persons	pages/dmaduro.json+.html(meta)		
/artist/lesley-vos	Lesley Vos	6	D_sin_senal												persona_o_solista			1	Soul	3	Single:3	portada_rym	con	2026-10-03 14:53:57	0		revisar_persona_solista	meta: born (persona) | 1 géneros: Soul | 3 discos propios	BD:public.artists+persons	pages/lesley-vos.json+.html(meta)		
/artist/ishanna	Ishanna	6	D_sin_senal												persona_o_solista			0		1	Appears On:1; Bootleg / Unauthorized:1	sin_imagen	con	2026-10-03 11:43:31	0		revisar_persona_solista	1 discos propios	BD:public.artists+persons	pages/ishanna.json+.html(meta)		
/artist/juan-serrano	Juan Serrano	6	D_sin_senal												persona_o_solista			0		9	EP:6; Album:3; Appears On:2; V/A Compilation:2	portada_rym	con	2026-10-03 08:10:44	0		revisar_persona_solista	meta: born (persona) | 9 discos propios	BD:public.artists+persons	pages/juan-serrano.json+.html(meta)		
/artist/la-costa	La Costa	6	D_sin_senal												persona_o_solista			0		7	Single:7; V/A Compilation:2	portada_rym	con	2026-10-03 14:09:29	0		revisar_persona_solista	meta: born (persona) | 7 discos propios	BD:public.artists+persons	pages/la-costa.json+.html(meta)		
/artist/dhaddy-brokke	Dhaddy Brokke	6	D_sin_senal												persona_o_solista			0		4	Album:2; Single:2	portada_rym	con	2026-10-03 13:36:32	0		revisar_persona_solista	4 discos propios	BD:public.artists+persons	pages/dhaddy-brokke.json+.html(meta)		
/artist/blue_haze_f1	Blue Haze	6	D_sin_senal												persona_o_solista			0		1	Mixtape:1	sin_imagen	con	2026-10-03 12:16:41	0		revisar_persona_solista	meta: born (persona) | 1 discos propios	BD:public.artists+persons	pages/blue_haze_f1.json+.html(meta)		
/artist/paul-connor	Paul Connor	6	D_sin_senal												persona_o_solista			1	Soul	4	Single:3; Album:1	sin_imagen	con	2026-10-03 11:40:48	0		revisar_persona_solista	1 géneros: Soul | 4 discos propios	BD:public.artists+persons	pages/paul-connor.json+.html(meta)		
/artist/the-rabbit-hole-project	The Rabbit Hole Project	6	D_sin_senal												persona_o_solista			2	Nu Metal, Noise Rock	2	EP:1; Single:1	portada_rym	con	2026-10-03 11:53:56	0		revisar_persona_solista	2 géneros: Nu Metal, Noise Rock | 2 discos propios	BD:public.artists+persons	pages/the-rabbit-hole-project.json+.html(meta)		
/artist/alacran_f2	Alacrán	6	D_sin_senal												persona_o_solista			0		1	Single:1	sin_imagen	con	2026-10-03 08:06:00	0		revisar_persona_solista	1 discos propios	BD:public.artists+persons	pages/alacran_f2.json+.html(meta)		
/artist/smiley_f2	Smiley	6	D_sin_senal												persona_o_solista			1	Reggae	2	Album:1; EP:1	portada_rym	con	2026-10-03 13:30:21	0		revisar_persona_solista	meta: born (persona) | 1 géneros: Reggae | 2 discos propios	BD:public.artists+persons	pages/smiley_f2.json+.html(meta)		
/artist/rufo_wever	Rufo Wever	6	D_sin_senal												persona_o_solista			0		2	Album:2	portada_rym	con	2026-10-03 15:42:03	0		revisar_persona_solista	meta: born (persona) | 2 discos propios	BD:public.artists+persons	pages/rufo_wever.json+.html(meta)		
/artist/roykey-wydh	Roykey Wydh	6	D_sin_senal												persona_o_solista			1	Jazz Fusion	4	Album:3; Live Album:1; Appears On:1	portada_rym	con	2026-10-03 17:20:31	0		revisar_persona_solista	meta: born (persona) | 1 géneros: Jazz Fusion | 4 discos propios	BD:public.artists+persons	pages/roykey-wydh.json+.html(meta)		
/artist/padu-del-caribe	Padú del Caribe	6	D_sin_senal												persona_o_solista			1	Caribbean Music	5	Album:3; EP:1; Single:1	portada_rym	con	2026-10-03 06:22:13	0		revisar_persona_solista	meta: born (persona) | 1 géneros: Caribbean Music | 5 discos propios	BD:public.artists+persons	pages/padu-del-caribe.json+.html(meta)		
/artist/susan-justice	Susan Justice	6	D_sin_senal												persona_o_solista			1	Singer-Songwriter	1	Album:1; V/A Compilation:1	portada_rym	con	2026-10-03 09:00:22	0		revisar_persona_solista	meta: born (persona) | 1 géneros: Singer-Songwriter | 1 discos propios	BD:public.artists+persons	pages/susan-justice.json+.html(meta)		
/artist/greg-hobson	Greg Hobson	6	D_sin_senal												persona_o_solista			0		2	EP:1; Single:1	sin_imagen	con	2026-10-03 13:59:34	0		revisar_persona_solista	2 discos propios	BD:public.artists+persons	pages/greg-hobson.json+.html(meta)		
/artist/lloyd-and-the-joys	Lloyd and the Joys	6	D_sin_senal												persona_o_solista			1	Funk	2	Album:2; V/A Compilation:1	portada_rym	con	2026-10-03 10:14:39	0		revisar_persona_solista	1 géneros: Funk | 2 discos propios	BD:public.artists+persons	pages/lloyd-and-the-joys.json+.html(meta)		
/artist/marlon-titre	Marlon Titre	6	D_sin_senal												persona_o_solista			0		3	Album:3	portada_rym	con	2026-10-03 10:33:56	0		revisar_persona_solista	meta: born (persona) | 3 discos propios	BD:public.artists+persons	pages/marlon-titre.json+.html(meta)		
/artist/jose-aquilino-sanchez	Jose Aquilino Sanchez	6	D_sin_senal												persona_o_solista			0		1	Album:1	portada_rym	con	2026-10-03 09:32:17	0		revisar_persona_solista	1 discos propios	BD:public.artists+persons	pages/jose-aquilino-sanchez.json+.html(meta)		
/artist/garcia-gomez	García Gomez	6	D_sin_senal												persona_o_solista			1	Anti-Folk	4	Album:3; Appears On:3; EP:1	portada_rym	con	2026-10-03 06:15:57	1	«Solve et Coagula» → álbum 1001 de «Sentencia»	revisar_persona_solista	meta: born (persona) | 1 géneros: Anti-Folk | 4 discos propios | discos ya en catálogo: «Solve et Coagula» → álbum 1001 de «Sentencia»	BD:public.artists+persons	pages/garcia-gomez.json+.html(meta)		
/artist/carze	Carzé	6	D_sin_senal												persona_o_solista			0		11	Single:10; Appears On:6; Album:1; Music video:1	portada_rym	con	2026-10-03 10:09:12	1	«Ok!» → álbum 4510 de «Still Dot»	revisar_persona_solista	meta: born (persona) | 11 discos propios | discos ya en catálogo: «Ok!» → álbum 4510 de «Still Dot»	BD:public.artists+persons	pages/carze.json+.html(meta)		
/artist/majandra-delfino	Majandra Delfino	5	D_sin_senal												persona_o_solista			0		2	Album:1; EP:1	portada_rym	con	2026-10-03 07:05:21	0		revisar_persona_solista	meta: born (persona) | 2 discos propios	BD:public.artists+persons	pages/majandra-delfino.json+.html(meta)		
/artist/el-potro-alvarez	El Potro Álvarez	5	D_sin_senal												persona_o_solista			0		3	Appears On:7; Single:3; Music video:2	portada_rym	con	2026-10-03 13:30:46	1	«Como yo te quiero» → álbum 5012 de «Cherry Navarro»	revisar_persona_solista	meta: born (persona) | 3 discos propios | discos ya en catálogo: «Como yo te quiero» → álbum 5012 de «Cherry Navarro»	BD:public.artists+persons	pages/el-potro-alvarez.json+.html(meta)		
/artist/jorgelia	Jorgelia	5	D_sin_senal												persona_o_solista			0		1	Album:1	portada_rym	con	2026-10-03 18:09:06	0		revisar_persona_solista	meta: born (persona) | 1 discos propios	BD:public.artists+persons	pages/jorgelia.json+.html(meta)		
/artist/tito_coral	Tito Coral	5	D_sin_senal												persona_o_solista			0		5	Single:5; V/A Compilation:1	portada_rym	con	2026-10-03 10:13:34	0		revisar_persona_solista	meta: born (persona) | 5 discos propios	BD:public.artists+persons	pages/tito_coral.json+.html(meta)		
/artist/edicson_ruiz	Edicson Ruiz	5	D_sin_senal												persona_o_solista			1	Modern Classical	6	Album:6	portada_rym	con	2026-10-03 08:03:14	0		revisar_persona_solista	meta: born (persona) | 1 géneros: Modern Classical | 6 discos propios	BD:public.artists+persons	pages/edicson_ruiz.json+.html(meta)		
/artist/jan_wagner	Jan Wagner	5	D_sin_senal												persona_o_solista			1	Orchestral Music	8	Album:8	portada_rym	con	2026-10-03 10:19:27	1	«Santa Cruz de Pacairigua; El rio de las siete estrellas; Avilena Suite» → álbum 15554 de «Orquesta Sinfónica de Venezuela»	revisar_persona_solista	1 géneros: Orchestral Music | 8 discos propios | discos ya en catálogo: «Santa Cruz de Pacairigua; El rio de las siete estrellas; Avilena Suite» → álbum 15554 de «Orquesta Sinfónica de Venezuela»	BD:public.artists+persons	pages/jan_wagner.json+.html(meta)		
/artist/hobart_earle	Hobart Earle	5	D_sin_senal												persona_o_solista			0		2	Album:2	portada_rym	con	2026-10-03 09:30:29	0		revisar_persona_solista	meta: born (persona) | 2 discos propios	BD:public.artists+persons	pages/hobart_earle.json+.html(meta)		
/artist/sergio-tiempo	Sergio Tiempo	5	D_sin_senal												persona_o_solista			1	Romanticism	9	Album:5; Live Album:2; Single:1; Compilation:1	portada_rym	con	2026-10-02 03:35:03	0		revisar_persona_solista	meta: born (persona) | 1 géneros: Romanticism | 9 discos propios	BD:public.artists+persons	pages/sergio-tiempo.json+.html(meta)		
/artist/dru-flecha	Dru Flecha	5	D_sin_senal												persona_o_solista			0		3	Appears On:6; Album:1; EP:1; Single:1	portada_rym	con	2026-10-03 11:49:02	0		revisar_persona_solista	3 discos propios	BD:public.artists+persons	pages/dru-flecha.json+.html(meta)		
/artist/desidere	Desidere	5	D_sin_senal												persona_o_solista			1	Alternative Rock	1	Album:1	portada_rym	con	2026-10-03 10:47:51	0		revisar_persona_solista	1 géneros: Alternative Rock | 1 discos propios	BD:public.artists+persons	pages/desidere.json+.html(meta)		
/artist/corina-smith	Corina Smith	5	D_sin_senal												persona_o_solista			4	Contemporary R&B, Latin Pop, Pop Rap, Reggaetón	21	Single:16; Album:5; Appears On:5; Music video:1	portada_rym	con	2026-10-03 15:00:03	4	«Drama» → álbum 1602 de «Subconsciente?»; «Por fin» → álbum 222 de «La Misma Gente»; «Un día más» → álbum 202 de «Iguanas De Trapo»	revisar_persona_solista	meta: born (persona) | 4 géneros: Contemporary R&B, Latin Pop, Pop Rap | 21 discos propios | discos ya en catálogo: «Drama» → álbum 1602 de «Subconsciente?»; «Por fin» → álbum 222 de «La Misma Gente»	BD:public.artists+persons	pages/corina-smith.json+.html(meta)		
/artist/kobi-cantillo	Kobi Cantillo	5	D_sin_senal												persona_o_solista			0		5	Single:4; Appears On:3; EP:1	portada_rym	con	2026-10-03 11:42:59	1	«Vacile» → álbum 13830 de «Big Soto»	revisar_persona_solista	meta: born (persona) | 5 discos propios | discos ya en catálogo: «Vacile» → álbum 13830 de «Big Soto»	BD:public.artists+persons	pages/kobi-cantillo.json+.html(meta)		
/artist/andremustdie	andremustdie	5	D_sin_senal												persona_o_solista			1	Singer-Songwriter	2	Mixtape:1; Single:1	portada_rym	con	2026-10-03 14:03:59	1	«adentro» → álbum 7840 de «Sonero Clásico del Caribe»	revisar_persona_solista	1 géneros: Singer-Songwriter | 2 discos propios | discos ya en catálogo: «adentro» → álbum 7840 de «Sonero Clásico del Caribe»	BD:public.artists+persons	pages/andremustdie.json+.html(meta)		
/artist/daniela-barranco	Daniela Barranco	5	D_sin_senal												persona_o_solista			0		4	Single:3; Album:1; Appears On:1	portada_rym	con	2026-10-03 07:06:02	0		revisar_persona_solista	meta: born (persona) | 4 discos propios	BD:public.artists+persons	pages/daniela-barranco.json+.html(meta)		
/artist/dj-loopy	DJ Loopy	5	D_sin_senal												persona_o_solista			1	Breakbeat	10	Mixtape:8; Appears On:5; Single:1; DJ Mix:1	portada_rym	con	2026-10-03 14:44:24	6	«Vol. 1» → álbum 9293 de «Quinteto Cantaclaro»; «Vol. 2» → álbum 9294 de «Quinteto Cantaclaro»; «Vol. 1» → álbum 9293 de «Quinteto Cantaclaro»	revisar_persona_solista	1 géneros: Breakbeat | 10 discos propios | discos ya en catálogo: «Vol. 1» → álbum 9293 de «Quinteto Cantaclaro»; «Vol. 2» → álbum 9294 de «Quinteto Cantaclaro»	BD:public.artists+persons	pages/dj-loopy.json+.html(meta)		
/artist/weed420	Weed420	5	D_sin_senal												persona_o_solista			6	Latin Electronic, Epic Collage, Neo-Psychedelia, Experimental Rock, Hypnagogic Pop, Post-Rock	26	DJ Mix:10; Appears On:10; Video:7; Single:4; Mixtape:2; Music video:2; Album:1; Live Album:1; EP:1	portada_rym	con	2026-10-03 10:34:42	0		revisar_persona_solista	6 géneros: Latin Electronic, Epic Collage, Neo-Psychedelia | 26 discos propios	BD:public.artists+persons	pages/weed420.json+.html(meta)		
/artist/marianella	Marianella	5	D_sin_senal												persona_o_solista			1	Salsa	1	Album:1	portada_rym	con	2026-10-03 16:45:28	0		revisar_persona_solista	meta: born (persona) | 1 géneros: Salsa | 1 discos propios	BD:public.artists+persons	pages/marianella.json+.html(meta)		
/artist/elizabeth-ayoub	Elizabeth Ayoub	5	D_sin_senal												persona_o_solista			1	Singer-Songwriter	1	Album:1	sin_imagen	con	2026-10-03 17:20:56	0		revisar_persona_solista	1 géneros: Singer-Songwriter | 1 discos propios	BD:public.artists+persons	pages/elizabeth-ayoub.json+.html(meta)		
/artist/dn-tato	DN Tato	5	D_sin_senal												persona_o_solista			1	Reggaetón	1	Single:1; Appears On:1	portada_rym	con	2026-10-03 12:26:09	0		revisar_persona_solista	meta: born (persona) | 1 géneros: Reggaetón | 1 discos propios	BD:public.artists+persons	pages/dn-tato.json+.html(meta)		
/artist/joaquin_mendoza_sebastian	Joaquín Mendoza Sebastián	5	D_sin_senal												persona_o_solista			0		9	Album:7; EP:2	portada_rym	con	2026-10-03 06:41:39	0		revisar_persona_solista	meta: born (persona) | 9 discos propios	BD:public.artists+persons	pages/joaquin_mendoza_sebastian.json+.html(meta)		
/artist/sixthdagger	Sixthdagger	5	D_sin_senal												persona_o_solista			0		17	Appears On:7; Album:6; Single:5; Mixtape:4; EP:2	portada_rym	con	2026-10-03 10:39:05	0		revisar_persona_solista	meta: born (persona) | 17 discos propios	BD:public.artists+persons	pages/sixthdagger.json+.html(meta)		
/artist/liliana-rodriguez-morillo	Liliana Rodríguez Morillo	5	D_sin_senal												persona_o_solista			0		1	Album:1	portada_rym	con	2026-10-03 10:20:07	0		revisar_persona_solista	meta: born (persona) | 1 discos propios	BD:public.artists+persons	pages/liliana-rodriguez-morillo.json+.html(meta)		
/artist/alberto-conde	Alberto Conde	5	D_sin_senal												persona_o_solista			1	Jazz	2	Album:2; V/A Compilation:1	portada_rym	con	2026-10-03 11:36:26	0		revisar_persona_solista	meta: born (persona) | 1 géneros: Jazz | 2 discos propios	BD:public.artists+persons	pages/alberto-conde.json+.html(meta)		
/artist/jorge_sanchez_chiong	Jorge Sánchez-Chiong	5	D_sin_senal												persona_o_solista			1	Experimental	1	Appears On:2; Album:1	portada_rym	con	2026-10-03 08:15:15	0		revisar_persona_solista	meta: born (persona) | 1 géneros: Experimental | 1 discos propios	BD:public.artists+persons	pages/jorge_sanchez_chiong.json+.html(meta)		
/artist/arturo-annecchino	Arturo Annecchino	5	D_sin_senal												persona_o_solista			0		3	Album:3; Appears On:1	portada_rym	con	2026-10-03 12:15:41	0		revisar_persona_solista	meta: born (persona) | 3 discos propios	BD:public.artists+persons	pages/arturo-annecchino.json+.html(meta)		
/artist/cosmo-de-la-fuente	Cosmo de la Fuente	5	D_sin_senal												persona_o_solista			0		2	Album:1; Single:1	portada_rym	con	2026-10-03 06:10:35	0		revisar_persona_solista	2 discos propios	BD:public.artists+persons	pages/cosmo-de-la-fuente.json+.html(meta)		
/artist/ooyah	OOYAH	5	D_sin_senal												persona_o_solista			1	Alt-Pop	1	Album:1	portada_rym	con	2026-10-03 17:22:26	0		revisar_persona_solista	1 géneros: Alt-Pop | 1 discos propios	BD:public.artists+persons	pages/ooyah.json+.html(meta)		
/artist/osos-del-sol	Osos del sol	5	D_sin_senal												persona_o_solista			1	Electronic	1	EP:1	portada_rym	con	2026-10-03 10:37:35	0		revisar_persona_solista	1 géneros: Electronic | 1 discos propios	BD:public.artists+persons	pages/osos-del-sol.json+.html(meta)		
/artist/aran-one	Aran One	5	D_sin_senal												persona_o_solista			0		3	Single:2; Album:1; V/A Compilation:1	portada_rym	con	2026-10-03 06:09:35	0		revisar_persona_solista	3 discos propios	BD:public.artists+persons	pages/aran-one.json+.html(meta)		
/artist/mario-puglia	Mario Puglia	5	D_sin_senal												persona_o_solista			0		2	Album:1; Single:1; Appears On:1	portada_rym	con	2026-10-03 15:15:02	1	«Un día a la vez» → álbum 14203 de «Irepelusa»	revisar_persona_solista	2 discos propios | discos ya en catálogo: «Un día a la vez» → álbum 14203 de «Irepelusa»	BD:public.artists+persons	pages/mario-puglia.json+.html(meta)		
/artist/el-forever	El Forever	5	D_sin_senal												persona_o_solista			1	Singer-Songwriter	1	Album:1	portada_rym	con	2026-10-03 09:34:25	0		revisar_persona_solista	meta: born (persona) | 1 géneros: Singer-Songwriter | 1 discos propios	BD:public.artists+persons	pages/el-forever.json+.html(meta)		
/artist/alan-wittels	Alan Wittels	5	D_sin_senal												persona_o_solista			0		1	Album:1	portada_rym	con	2026-10-03 06:10:24	0		revisar_persona_solista	meta: born (persona) | 1 discos propios	BD:public.artists+persons	pages/alan-wittels.json+.html(meta)		
/artist/daniella-barbarito	Daniella Barbarito	5	D_sin_senal												persona_o_solista			1	Singer-Songwriter	6	Single:5; Album:1	portada_rym	con	2026-10-03 15:23:40	0		revisar_persona_solista	meta: born (persona) | 1 géneros: Singer-Songwriter | 6 discos propios	BD:public.artists+persons	pages/daniella-barbarito.json+.html(meta)		
/artist/mj-nebreda	MJ Nebreda	5	D_sin_senal												persona_o_solista			3	Neoperreo, Changa tuki, Deep House	26	Single:19; Appears On:13; EP:4; Mixtape:2; Music video:1; DJ Mix:1; V/A Compilation:1	portada_rym	con	2026-10-03 06:15:22	1	«Con cariño» → álbum 7671 de «Oscar D' León»	revisar_persona_solista	3 géneros: Neoperreo, Changa tuki, Deep House | 26 discos propios | discos ya en catálogo: «Con cariño» → álbum 7671 de «Oscar D' León»	BD:public.artists+persons	pages/mj-nebreda.json+.html(meta)		
/artist/luis-carreno	Luis Carreño	5	D_sin_senal												persona_o_solista			0		1	Single:1	portada_rym	con	2026-10-03 18:13:56	0		revisar_persona_solista	meta: born (persona) | 1 discos propios	BD:public.artists+persons	pages/luis-carreno.json+.html(meta)		
/artist/lil-scars-2	Lil Scars	5	D_sin_senal												persona_o_solista			0		2	Single:2; Appears On:2	sin_imagen	con	2026-10-03 15:16:55	0		revisar_persona_solista	2 discos propios	BD:public.artists+persons	pages/lil-scars-2.json+.html(meta)		
/artist/kai-tak	Kai Tak	5	D_sin_senal												persona_o_solista			1	Electronic	1	Single:1	portada_rym	con	2026-10-03 09:39:49	0		revisar_persona_solista	meta: born (persona) | 1 géneros: Electronic | 1 discos propios	BD:public.artists+persons	pages/kai-tak.json+.html(meta)		
/artist/nico-manzano	Nico Manzano	5	D_sin_senal												persona_o_solista			0		1	EP:1	portada_rym	con	2026-10-03 16:38:51	0		revisar_persona_solista	meta: born (persona) | 1 discos propios	BD:public.artists+persons	pages/nico-manzano.json+.html(meta)		
/artist/lasmanz	Lasmanz	5	D_sin_senal												persona_o_solista			1	Electronic	2	EP:2	portada_rym	con	2026-10-03 09:06:22	0		revisar_persona_solista	1 géneros: Electronic | 2 discos propios	BD:public.artists+persons	pages/lasmanz.json+.html(meta)		
/artist/dave-ruthwell	Dave Ruthwell	5	D_sin_senal												persona_o_solista			1	House	2	Single:2; Appears On:1	portada_rym	con	2026-10-03 17:11:31	0		revisar_persona_solista	1 géneros: House | 2 discos propios	BD:public.artists+persons	pages/dave-ruthwell.json+.html(meta)		
/artist/peche	Peche	5	D_sin_senal												persona_o_solista			1	Pop	1	Single:1	portada_rym	con	2026-10-03 14:00:00	0		revisar_persona_solista	meta: born (persona) | 1 géneros: Pop | 1 discos propios	BD:public.artists+persons	pages/peche.json+.html(meta)		
/artist/jhoanypz-jhoanypz	Jhoanypz Jhoanypz	5	D_sin_senal												persona_o_solista			1	Electronic	1	Single:1	sin_imagen	con	2026-10-03 07:55:52	0		revisar_persona_solista	meta: born (persona) | 1 géneros: Electronic | 1 discos propios	BD:public.artists+persons	pages/jhoanypz-jhoanypz.json+.html(meta)		
/artist/orquesta-discotheque	Orquesta Discotheque	5	D_sin_senal												persona_o_solista			1	Latin Pop	1	Album:1	portada_rym	con	2026-10-03 10:08:11	1	«Musica Moderna» → álbum 152 de «Circo Urbano»	revisar_persona_solista	1 géneros: Latin Pop | 1 discos propios | discos ya en catálogo: «Musica Moderna» → álbum 152 de «Circo Urbano»	BD:public.artists+persons	pages/orquesta-discotheque.json+.html(meta)		
/artist/domingo-hindoyan	Domingo Hindoyan	5	D_sin_senal												persona_o_solista			1	Romanticism	7	Album:7	portada_rym	con	2026-10-03 14:06:32	0		revisar_persona_solista	meta: born (persona) | 1 géneros: Romanticism | 7 discos propios	BD:public.artists+persons	pages/domingo-hindoyan.json+.html(meta)		
/artist/mida	Mida	5	D_sin_senal												persona_o_solista			1	Pop	2	Appears On:3; Single:2	portada_rym	con	2026-10-03 06:38:13	0		revisar_persona_solista	meta: born (persona) | 1 géneros: Pop | 2 discos propios	BD:public.artists+persons	pages/mida.json+.html(meta)		
/artist/freddy-sheinfeld	Freddy Sheinfeld	5	D_sin_senal												persona_o_solista			0		2	Album:2	portada_rym	con	2026-10-03 11:36:59	0		revisar_persona_solista	meta: born (persona) | 2 discos propios	BD:public.artists+persons	pages/freddy-sheinfeld.json+.html(meta)		
/artist/nirse-gonzalez	Nirse González	5	D_sin_senal												persona_o_solista			0		2	Album:2	portada_rym	con	2026-10-03 06:58:49	0		revisar_persona_solista	meta: born (persona) | 2 discos propios	BD:public.artists+persons	pages/nirse-gonzalez.json+.html(meta)		
/artist/manana-el-espacio	Mañana el Espacio	5	D_sin_senal												persona_o_solista			2	Indie Pop, Jangle Pop	1	Album:1	portada_rym	con	2026-10-03 16:27:55	0		revisar_persona_solista	2 géneros: Indie Pop, Jangle Pop | 1 discos propios	BD:public.artists+persons	pages/manana-el-espacio.json+.html(meta)		
/artist/elodie-bouny	Elodie Bouny	5	D_sin_senal												persona_o_solista			1	Classical Music	1	Album:1	portada_rym	con	2026-10-03 16:01:35	0		revisar_persona_solista	meta: born (persona) | 1 géneros: Classical Music | 1 discos propios	BD:public.artists+persons	pages/elodie-bouny.json+.html(meta)		
/artist/nicole_aiff	nicole.aiff	5	D_sin_senal												persona_o_solista			0		3	DJ Mix:2; Appears On:1; Additional release:1	portada_rym	con	2026-10-03 13:23:51	2	«B-Sides» → álbum 543 de «Sónica»; «B-Sides» → álbum 543 de «Sónica»	revisar_persona_solista	3 discos propios | discos ya en catálogo: «B-Sides» → álbum 543 de «Sónica»; «B-Sides» → álbum 543 de «Sónica»	BD:public.artists+persons	pages/nicole_aiff.json+.html(meta)		
/artist/sarc-the-east-face	SARC THE EAST FACE	5	D_sin_senal												persona_o_solista			1	Singer-Songwriter	4	Single:4; Appears On:3	portada_rym	con	2026-10-03 08:06:43	0		revisar_persona_solista	meta: born (persona) | 1 géneros: Singer-Songwriter | 4 discos propios	BD:public.artists+persons	pages/sarc-the-east-face.json+.html(meta)		
/artist/tona-granado	Toña Granado	5	D_sin_senal												persona_o_solista			1	Canción melódica	1	Album:1	sin_imagen	con	2026-10-03 14:55:04	0		revisar_persona_solista	1 géneros: Canción melódica | 1 discos propios	BD:public.artists+persons	pages/tona-granado.json+.html(meta)		
/artist/chantals	Chantals	5	D_sin_senal												persona_o_solista			1	Alternative Rock	1	Single:1	portada_rym	con	2026-10-03 15:51:50	0		revisar_persona_solista	1 géneros: Alternative Rock | 1 discos propios	BD:public.artists+persons	pages/chantals.json+.html(meta)		
/artist/la-nina-brava	la niña brava	5	D_sin_senal												persona_o_solista			1	Singer-Songwriter	1	EP:1	portada_rym	con	2026-10-03 10:18:37	0		revisar_persona_solista	meta: born (persona) | 1 géneros: Singer-Songwriter | 1 discos propios	BD:public.artists+persons	pages/la-nina-brava.json+.html(meta)		
/artist/alextrip-sands	AlexTrip Sands	5	D_sin_senal												persona_o_solista			1	Salsa	3	Album:2; Appears On:2; Single:1; Music video:1; V/A Compilation:1	portada_rym	con	2026-10-03 12:13:09	0		revisar_persona_solista	meta: born (persona) | 1 géneros: Salsa | 3 discos propios	BD:public.artists+persons	pages/alextrip-sands.json+.html(meta)		
/artist/orquesta-la-juniors	Orquesta La Junior's	5	D_sin_senal												persona_o_solista			1	Salsa romántica	1	Album:1	sin_imagen	con	2026-10-03 16:32:43	0		revisar_persona_solista	1 géneros: Salsa romántica | 1 discos propios	BD:public.artists+persons	pages/orquesta-la-juniors.json+.html(meta)		
/artist/yeyo-y-los-simepagan-boys	Yeyo y Los Simepagan Boys	5	D_sin_senal												persona_o_solista			1	Post-Punk	1	Album:1	portada_rym	con	2026-10-03 06:46:08	0		revisar_persona_solista	1 géneros: Post-Punk | 1 discos propios	BD:public.artists+persons	pages/yeyo-y-los-simepagan-boys.json+.html(meta)		
/artist/louis-bpm	Louis BPM	5	D_sin_senal												persona_o_solista			1	Trap	3	Single:2; Appears On:2; EP:1	portada_rym	con	2026-10-03 16:35:59	0		revisar_persona_solista	meta: born (persona) | 1 géneros: Trap | 3 discos propios	BD:public.artists+persons	pages/louis-bpm.json+.html(meta)		
/artist/neyson-d	Neyson D	5	D_sin_senal												persona_o_solista			0		2	Album:1; Single:1	portada_rym	con	2026-10-03 08:08:57	0		revisar_persona_solista	meta: born (persona) | 2 discos propios	BD:public.artists+persons	pages/neyson-d.json+.html(meta)		
/artist/selva-volcan	Selva Volcán	5	D_sin_senal												persona_o_solista			0		1	Single:1	portada_rym	con	2026-10-03 16:56:20	1	«La cruz» → álbum 14085 de «Candy66»	revisar_persona_solista	meta: born (persona) | 1 discos propios | discos ya en catálogo: «La cruz» → álbum 14085 de «Candy66»	BD:public.artists+persons	pages/selva-volcan.json+.html(meta)		
/artist/lexxter	Lexxter	5	D_sin_senal												persona_o_solista			2	Alternative R&B, Reggaetón	2	Appears On:3; Album:1; Single:1	portada_rym	con	2026-10-03 16:40:50	0		revisar_persona_solista	2 géneros: Alternative R&B, Reggaetón | 2 discos propios	BD:public.artists+persons	pages/lexxter.json+.html(meta)		
/artist/trias-gb-1	Trias GB	5	D_sin_senal												persona_o_solista			0		2	EP:2	portada_rym	con	2026-10-03 06:59:42	0		revisar_persona_solista	2 discos propios	BD:public.artists+persons	pages/trias-gb-1.json+.html(meta)		
/artist/natalia-auli	Natalia Auli	5	D_sin_senal												persona_o_solista			0		1	Album:1	portada_rym	con	2026-10-03 12:16:27	1	«Sincretismo» → álbum 6383 de «Martes 8:30»	revisar_persona_solista	1 discos propios | discos ya en catálogo: «Sincretismo» → álbum 6383 de «Martes 8:30»	BD:public.artists+persons	pages/natalia-auli.json+.html(meta)		
/artist/bulanger	BULANGER	5	D_sin_senal												persona_o_solista			1	Experimental	4	Single:4	portada_rym	con	2026-10-03 14:46:06	3	«Buscame» → álbum 12987 de «Adolescent's Orquesta»; «Buscame» → álbum 12987 de «Adolescent's Orquesta»; «Piñata» → álbum 360 de «Tribu Ultravioleta»	revisar_persona_solista	1 géneros: Experimental | 4 discos propios | discos ya en catálogo: «Buscame» → álbum 12987 de «Adolescent's Orquesta»; «Buscame» → álbum 12987 de «Adolescent's Orquesta»	BD:public.artists+persons	pages/bulanger.json+.html(meta)		
/artist/cordillera-905	Cordillera 905	5	D_sin_senal												persona_o_solista			1	Reggaetón	12	Single:8; Mixtape:2; EP:2	portada_rym	con	2026-10-03 09:06:04	0		revisar_persona_solista	1 géneros: Reggaetón | 12 discos propios	BD:public.artists+persons	pages/cordillera-905.json+.html(meta)		
/artist/romulo-caicedo	Rómulo Caicedo	5	D_sin_senal												persona_o_solista			0		3	Album:3	portada_rym	con	2026-10-03 11:35:27	0		revisar_persona_solista	meta: born (persona) | 3 discos propios	BD:public.artists+persons	pages/romulo-caicedo.json+.html(meta)		
/artist/yahaira	Yahaira	5	D_sin_senal												persona_o_solista			0		3	Single:3	portada_rym	con	2026-10-03 15:46:58	0		revisar_persona_solista	meta: born (persona) | 3 discos propios	BD:public.artists+persons	pages/yahaira.json+.html(meta)		
/artist/fiallo	Fiallo	5	D_sin_senal												persona_o_solista			0		3	Album:2; EP:1; Appears On:1	portada_rym	con	2026-10-03 18:14:57	0		revisar_persona_solista	3 discos propios	BD:public.artists+persons	pages/fiallo.json+.html(meta)		
/artist/uzur	Uzur	5	D_sin_senal												persona_o_solista			1	Pop	1	Single:1	portada_rym	con	2026-10-03 16:02:03	0		revisar_persona_solista	1 géneros: Pop | 1 discos propios	BD:public.artists+persons	pages/uzur.json+.html(meta)		
/artist/oriol-rangel	Oriol Rangel	5	D_sin_senal												persona_o_solista			0		2	Album:2	portada_rym	con	2026-10-03 14:02:32	0		revisar_persona_solista	meta: born (persona) | 2 discos propios	BD:public.artists+persons	pages/oriol-rangel.json+.html(meta)		
/artist/jessi-uribe	Jessi Uribe	5	D_sin_senal												persona_o_solista			0		4	Appears On:8; V/A Compilation:5; Single:4	portada_rym	con	2026-10-03 18:12:01	0		revisar_persona_solista	meta: born (persona) | 4 discos propios	BD:public.artists+persons	pages/jessi-uribe.json+.html(meta)		
/artist/jaison-neutra	Jaison Neutra	5	D_sin_senal												persona_o_solista			0		2	Album:1; Single:1	portada_rym	con	2026-10-03 08:39:53	0		revisar_persona_solista	meta: born (persona) | 2 discos propios	BD:public.artists+persons	pages/jaison-neutra.json+.html(meta)		
/artist/juan-pablo-cediel	Juan Pablo Cediel	5	D_sin_senal												persona_o_solista			1	Jazz	1	Album:1	portada_rym	con	2026-10-03 14:11:23	0		revisar_persona_solista	1 géneros: Jazz | 1 discos propios	BD:public.artists+persons	pages/juan-pablo-cediel.json+.html(meta)		
/artist/fatiniza	Fatiniza	5	D_sin_senal												persona_o_solista			0		1	Album:1	portada_rym	con	2026-10-03 17:13:26	0		revisar_persona_solista	1 discos propios	BD:public.artists+persons	pages/fatiniza.json+.html(meta)		
/artist/sergio-cote-barco	Sergio Cote Barco	5	D_sin_senal												persona_o_solista			0		3	Album:2; Single:1	portada_rym	con	2026-10-03 13:26:28	0		revisar_persona_solista	meta: born (persona) | 3 discos propios	BD:public.artists+persons	pages/sergio-cote-barco.json+.html(meta)		
/artist/crrdr	CRRDR	5	D_sin_senal												persona_o_solista			5	Latin Electronic, Hardcore [EDM], Guaracha [EDM], Dembow, Changa tuki	60	Single:19; EP:13; DJ Mix:13; Appears On:13; Album:10; V/A Compilation:4; Video:4; Compilation:1	portada_rym	con	2026-10-03 06:28:25	1	«Ofrenda» → álbum 6024 de «Trío Raúl Borges»	revisar_persona_solista	5 géneros: Latin Electronic, Hardcore [EDM], Guaracha [EDM] | 60 discos propios | discos ya en catálogo: «Ofrenda» → álbum 6024 de «Trío Raúl Borges»	BD:public.artists+persons	pages/crrdr.json+.html(meta)		
/artist/santa-trinidad-rap	Santa Trinidad Rap	5	D_sin_senal												persona_o_solista			1	Hip Hop	1	Single:1	portada_rym	con	2026-10-03 08:50:59	0		revisar_persona_solista	1 géneros: Hip Hop | 1 discos propios	BD:public.artists+persons	pages/santa-trinidad-rap.json+.html(meta)		
/artist/aida-cortes	Aida Cortes	5	D_sin_senal												persona_o_solista			0		12	Single:12	portada_rym	con	2026-10-03 13:32:57	2	«Paso a paso» → álbum 4501 de «Servando y Florentino»; «Amiga» → álbum 9309 de «Reyna Lucero»	revisar_persona_solista	meta: born (persona) | 12 discos propios | discos ya en catálogo: «Paso a paso» → álbum 4501 de «Servando y Florentino»; «Amiga» → álbum 9309 de «Reyna Lucero»	BD:public.artists+persons	pages/aida-cortes.json+.html(meta)		
/artist/oscar_acevedo	Oscar Acevedo	5	D_sin_senal												persona_o_solista			1	Jazz	1	Album:1	sin_imagen	con	2026-10-03 16:34:57	0		revisar_persona_solista	1 géneros: Jazz | 1 discos propios	BD:public.artists+persons	pages/oscar_acevedo.json+.html(meta)		
/artist/lunale	Lunalé	5	D_sin_senal												persona_o_solista			1	Singer-Songwriter	23	Single:21; Album:2	portada_rym	con	2026-10-02 03:37:33	3	«Invisible» → álbum 14095 de «Candy66»; «Nueva vida» → álbum 1469 de «Aravan»; «Tiempo» → álbum 2716 de «Tercer Cuarto»	revisar_persona_solista	1 géneros: Singer-Songwriter | 23 discos propios | discos ya en catálogo: «Invisible» → álbum 14095 de «Candy66»; «Nueva vida» → álbum 1469 de «Aravan»	BD:public.artists+persons	pages/lunale.json+.html(meta)		
/artist/yolanda-perez-manzano	Yolanda Pérez Manzano	5	D_sin_senal												persona_o_solista			1	Bolero	1	Album:1	portada_rym	con	2026-10-03 07:22:40	0		revisar_persona_solista	meta: born (persona) | 1 géneros: Bolero | 1 discos propios	BD:public.artists+persons	pages/yolanda-perez-manzano.json+.html(meta)		
/artist/lafer	Lafér	5	D_sin_senal												persona_o_solista			1	Folk	2	Single:2	portada_rym	con	2026-10-02 03:34:26	0		revisar_persona_solista	1 géneros: Folk | 2 discos propios	BD:public.artists+persons	pages/lafer.json+.html(meta)		
/artist/oswin_chin_behilia	Oswin Chin Behilia	4	D_sin_senal												persona_o_solista			1	Caribbean Folk Music	4	Album:2; Live Album:1; Compilation:1	portada_rym	con	2026-10-03 17:15:09	1	«Live» → álbum 5923 de «Orquesta Sinfónica Gran Mariscal de Ayacucho (OSGMA)»	revisar_persona_solista	meta: born (persona) | 1 géneros: Caribbean Folk Music | 4 discos propios | discos ya en catálogo: «Live» → álbum 5923 de «Orquesta Sinfónica Gran Mariscal de Ayacucho (OSGMA)»	BD:public.artists+persons	pages/oswin_chin_behilia.json+.html(meta)		
/artist/jandino_asporaat	Jandino Asporaat	4	D_sin_senal												persona_o_solista			1	Stand-Up Comedy	4	Single:3; Album:1	portada_rym	con	2026-10-03 06:07:38	0		revisar_persona_solista	meta: born (persona) | 1 géneros: Stand-Up Comedy | 4 discos propios	BD:public.artists+persons	pages/jandino_asporaat.json+.html(meta)		
/artist/ori-4	ORI	4	D_sin_senal												persona_o_solista			0		1	Appears On:2; Single:1	portada_rym	con	2026-10-03 14:16:39	0		revisar_persona_solista	meta: born (persona) | 1 discos propios	BD:public.artists+persons	pages/ori-4.json+.html(meta)		
/artist/andy-callister	Andy Callister	4	D_sin_senal												persona_o_solista			0		1	Single:1; Appears On:1	portada_rym	con	2026-10-03 14:09:39	0		revisar_persona_solista	meta: born (persona) | 1 discos propios	BD:public.artists+persons	pages/andy-callister.json+.html(meta)		
/artist/urban-menace	Urban Menace	4	D_sin_senal												persona_o_solista			1	Electronic Dance Music	5	V/A Compilation:5; Single:4; Appears On:2; EP:1	portada_rym	con	2026-10-03 15:13:49	2	«Blackout» → álbum 2298 de «Blackout»; «Blackout» → álbum 2298 de «Blackout»	revisar_persona_solista	meta: born (persona) | 1 géneros: Electronic Dance Music | 5 discos propios | discos ya en catálogo: «Blackout» → álbum 2298 de «Blackout»; «Blackout» → álbum 2298 de «Blackout»	BD:public.artists+persons	pages/urban-menace.json+.html(meta)		
/artist/shirma_rouse	Shirma Rouse	4	D_sin_senal												persona_o_solista			0		2	Appears On:4; Album:1; Single:1	portada_rym	con	2026-10-03 18:19:03	0		revisar_persona_solista	meta: born (persona) | 2 discos propios	BD:public.artists+persons	pages/shirma_rouse.json+.html(meta)		
/artist/pappa_bear	Pappa Bear	4	D_sin_senal												persona_o_solista			0		5	V/A Compilation:8; Single:4; Album:1; Music video:1; Appears On:1	portada_rym	con	2026-10-03 09:34:13	0		revisar_persona_solista	5 discos propios	BD:public.artists+persons	pages/pappa_bear.json+.html(meta)		
/artist/tania_kross	Tania Kross	4	D_sin_senal												persona_o_solista			0		2	Album:1; Appears On:1; Video:1	portada_rym	con	2026-10-03 06:33:33	0		revisar_persona_solista	meta: born (persona) | 2 discos propios	BD:public.artists+persons	pages/tania_kross.json+.html(meta)		
/artist/bboy-puff	Bboy Puff	4	D_sin_senal												persona_o_solista			2	Pop Rap, Dance-Pop	1	Album:1	portada_rym	con	2026-10-03 14:47:02	0		revisar_persona_solista	meta: born (persona) | 2 géneros: Pop Rap, Dance-Pop | 1 discos propios	BD:public.artists+persons	pages/bboy-puff.json+.html(meta)		
/artist/gideon-luciana	Gideon Luciana	4	D_sin_senal												persona_o_solista			1	Singer-Songwriter	2	Single:2	portada_rym	con	2026-10-03 06:03:12	0		revisar_persona_solista	meta: born (persona) | 1 géneros: Singer-Songwriter | 2 discos propios	BD:public.artists+persons	pages/gideon-luciana.json+.html(meta)		
/artist/lou_prince	Lou Prince	4	D_sin_senal												persona_o_solista			0		8	Single:7; Album:1; V/A Compilation:1	portada_rym	con	2026-10-03 06:21:01	0		revisar_persona_solista	8 discos propios	BD:public.artists+persons	pages/lou_prince.json+.html(meta)		
/artist/kinderen-van-de-zesde-klas-van-het-jeanne-darc-college	Kinderen van de Zesde Klas van het Jeanne d'Arc-College	4	D_sin_senal												persona_o_solista			0		1	Single:1	portada_rym	con	2026-10-03 15:20:12	0		revisar_persona_solista	1 discos propios	BD:public.artists+persons	pages/kinderen-van-de-zesde-klas-van-het-jeanne-darc-college.json+.html(meta)		
/artist/the-singing-teachers	The Singing Teachers	4	D_sin_senal												persona_o_solista			1	Vocal Group	1	Single:1	portada_rym	con	2026-10-03 06:53:49	0		revisar_persona_solista	1 géneros: Vocal Group | 1 discos propios	BD:public.artists+persons	pages/the-singing-teachers.json+.html(meta)		
/artist/julian_b__coco	Julian B. Coco	4	D_sin_senal												persona_o_solista			0		1	Album:1; Appears On:1	portada_rym	con	2026-10-03 18:12:44	0		revisar_persona_solista	meta: born (persona) | 1 discos propios	BD:public.artists+persons	pages/julian_b__coco.json+.html(meta)		
/artist/wim_statius_muller	Wim Statius Muller	4	D_sin_senal												persona_o_solista			1	Waltz	2	Album:2	portada_rym	con	2026-10-03 08:40:19	0		revisar_persona_solista	meta: born (persona) | 1 géneros: Waltz | 2 discos propios	BD:public.artists+persons	pages/wim_statius_muller.json+.html(meta)		
/artist/jacobo-palm	Jacobo Palm	4	D_sin_senal												persona_o_solista			1	Tumba	1	Album:1	portada_rym	con	2026-10-03 11:43:17	0		revisar_persona_solista	meta: born (persona) | 1 géneros: Tumba | 1 discos propios	BD:public.artists+persons	pages/jacobo-palm.json+.html(meta)		
/artist/christiana-bohorquez	Christiana Bohorquez	4	D_sin_senal												persona_o_solista			0		1	Album:1	portada_rym	con	2026-10-03 15:56:55	0		revisar_persona_solista	meta: born (persona) | 1 discos propios	BD:public.artists+persons	pages/christiana-bohorquez.json+.html(meta)		
/artist/ophelia-7	Ophélia	4	D_sin_senal												persona_o_solista			1	Cadence lypso	3	Album:3; V/A Compilation:1	portada_rym	con	2026-10-03 12:14:37	0		revisar_persona_solista	meta: born (persona) | 1 géneros: Cadence lypso | 3 discos propios	BD:public.artists+persons	pages/ophelia-7.json+.html(meta)		
/artist/de-aruba-zusjes	De Aruba Zusjes	4	D_sin_senal												persona_o_solista			0		1	Single:1	portada_rym	con	2026-10-03 15:59:21	0		revisar_persona_solista	1 discos propios	BD:public.artists+persons	pages/de-aruba-zusjes.json+.html(meta)		
/artist/lucas-eli	Lucas Eli	4	D_sin_senal												persona_o_solista			0		3	Single:2; Album:1	portada_rym	con	2026-10-03 13:53:21	0		revisar_persona_solista	meta: born (persona) | 3 discos propios	BD:public.artists+persons	pages/lucas-eli.json+.html(meta)		
/artist/kris-berry	Kris Berry	4	D_sin_senal												persona_o_solista			1	Jazz Pop	13	Single:7; Album:5; EP:1; V/A Compilation:1	portada_rym	con	2026-10-03 15:21:33	0		revisar_persona_solista	meta: born (persona) | 1 géneros: Jazz Pop | 13 discos propios	BD:public.artists+persons	pages/kris-berry.json+.html(meta)		
/artist/hotel-6	Hotel	3	D_sin_senal												persona_o_solista			2	Singer-Songwriter, Contemporary Folk	4	EP:3; Single:1	portada_rym	con	2026-10-03 15:53:43	0		revisar_persona_solista	2 géneros: Singer-Songwriter, Contemporary Folk | 4 discos propios	BD:public.artists+persons	pages/hotel-6.json+.html(meta)		
/artist/menoles	Menoles	3	D_sin_senal												persona_o_solista			2	Bedroom Pop, Art Rock	10	Album:5; Single:4; EP:1; Appears On:1	portada_rym	con	2026-10-03 17:26:43	0		revisar_persona_solista	2 géneros: Bedroom Pop, Art Rock | 10 discos propios	BD:public.artists+persons	pages/menoles.json+.html(meta)		
/artist/annia-linares	Annia Linares	3	D_sin_senal												persona_o_solista			0		4	Album:4	portada_rym	con	2026-10-03 06:20:01	0		revisar_persona_solista	meta: born (persona) | 4 discos propios	BD:public.artists+persons	pages/annia-linares.json+.html(meta)		
/artist/angelo-milli	Angelo Milli	3	D_sin_senal												persona_o_solista			0		3	Album:3	portada_rym	con	2026-10-03 10:48:15	0		revisar_persona_solista	meta: born (persona) | 3 discos propios	BD:public.artists+persons	pages/angelo-milli.json+.html(meta)		
/artist/claudia-prieto	Claudia Prieto	3	D_sin_senal												persona_o_solista			0		1	EP:1; Appears On:1; V/A Compilation:1	portada_rym	con	2026-10-03 14:00:21	0		revisar_persona_solista	meta: born (persona) | 1 discos propios	BD:public.artists+persons	pages/claudia-prieto.json+.html(meta)		
/artist/leo-diaz	Leo Díaz	3	D_sin_senal												persona_o_solista			0		1	Album:1; V/A Compilation:1	portada_rym	con	2026-10-03 08:01:36	0		revisar_persona_solista	1 discos propios	BD:public.artists+persons	pages/leo-diaz.json+.html(meta)		
/artist/conjunto-santa-anita	Conjunto Santa Anita	3	D_sin_senal												persona_o_solista			1	Gaita zuliana	1	Album:1	portada_rym	con	2026-10-03 17:25:54	0		revisar_persona_solista	1 géneros: Gaita zuliana | 1 discos propios	BD:public.artists+persons	pages/conjunto-santa-anita.json+.html(meta)		
/artist/molero	Molero	3	D_sin_senal												persona_o_solista			3	Progressive Electronic, Berlin School, Ambient	2	Appears On:3; Album:2	portada_rym	con	2026-10-03 11:41:50	0		revisar_persona_solista	3 géneros: Progressive Electronic, Berlin School, Ambient | 2 discos propios	BD:public.artists+persons	pages/molero.json+.html(meta)		
/artist/conjunto-blanco-y-negro	Conjunto Blanco y Negro	3	D_sin_senal												persona_o_solista			1	Norteño	2	Album:2	portada_rym	con	2026-10-03 10:01:38	0		revisar_persona_solista	1 géneros: Norteño | 2 discos propios	BD:public.artists+persons	pages/conjunto-blanco-y-negro.json+.html(meta)		
/artist/carlos-trewher	Carlos Trewher	3	D_sin_senal												persona_o_solista			1	Alternative Rock	1	Single:1	sin_imagen	con	2026-10-03 10:49:57	0		revisar_persona_solista	meta: born (persona) | 1 géneros: Alternative Rock | 1 discos propios	BD:public.artists+persons	pages/carlos-trewher.json+.html(meta)		
/artist/emnl	emnl	3	D_sin_senal												persona_o_solista			2	Instrumental Hip Hop, Boom Bap	4	EP:3; Appears On:3; Album:1	portada_rym	con	2026-10-03 14:58:44	0		revisar_persona_solista	meta: born (persona) | 2 géneros: Instrumental Hip Hop, Boom Bap | 4 discos propios	BD:public.artists+persons	pages/emnl.json+.html(meta)		
/artist/the-slow-glow	The Slow Glow	3	D_sin_senal												persona_o_solista			1	Singer-Songwriter	1	Album:1	portada_rym	con	2026-10-03 16:43:32	0		revisar_persona_solista	1 géneros: Singer-Songwriter | 1 discos propios	BD:public.artists+persons	pages/the-slow-glow.json+.html(meta)		
/artist/leo-diaz-1	Leo Díaz	3	D_sin_senal												persona_o_solista			1	Merengue	1	Album:1	portada_rym	con	2026-10-03 13:34:41	0		revisar_persona_solista	meta: born (persona) | 1 géneros: Merengue | 1 discos propios	BD:public.artists+persons	pages/leo-diaz-1.json+.html(meta)		
/artist/annybell	Annybell	3	D_sin_senal												persona_o_solista			1	Pop	1	Single:1	portada_rym	con	2026-10-03 07:14:24	0		revisar_persona_solista	meta: born (persona) | 1 géneros: Pop | 1 discos propios	BD:public.artists+persons	pages/annybell.json+.html(meta)		
/artist/wight-garden	Wight Garden	3	D_sin_senal												persona_o_solista			2	Electronic, Experimental	3	DJ Mix:3	portada_rym	con	2026-10-03 09:39:11	0		revisar_persona_solista	meta: born (persona) | 2 géneros: Electronic, Experimental | 3 discos propios	BD:public.artists+persons	pages/wight-garden.json+.html(meta)		
/artist/maryo-2	Mary'O	3	D_sin_senal												persona_o_solista			1	Salsa romántica	1	Album:1	sin_imagen	con	2026-10-03 15:30:05	0		revisar_persona_solista	1 géneros: Salsa romántica | 1 discos propios	BD:public.artists+persons	pages/maryo-2.json+.html(meta)		
/artist/alan-anderson	Alan Anderson	3	D_sin_senal												persona_o_solista			0		2	Album:1; Single:1; Appears On:1	portada_rym	con	2026-10-03 13:31:44	0		revisar_persona_solista	2 discos propios	BD:public.artists+persons	pages/alan-anderson.json+.html(meta)		
/artist/kyrie-seiko	Kyrie Seiko	3	D_sin_senal												persona_o_solista			1	Experimental	10	Album:5; Single:4; EP:1	portada_rym	con	2026-10-03 13:55:20	0		revisar_persona_solista	meta: born (persona) | 1 géneros: Experimental | 10 discos propios	BD:public.artists+persons	pages/kyrie-seiko.json+.html(meta)		
/artist/monica-rodriguez	Mónica Rodríguez	3	D_sin_senal												persona_o_solista			0		2	Album:2	portada_rym	con	2026-10-03 13:36:17	0		revisar_persona_solista	meta: born (persona) | 2 discos propios	BD:public.artists+persons	pages/monica-rodriguez.json+.html(meta)		
/artist/date-x-muerto	Date X Muerto	3	D_sin_senal												persona_o_solista			1	Post-Punk	6	Album:2; EP:2; Single:2	portada_rym	con	2026-10-03 13:31:03	0		revisar_persona_solista	1 géneros: Post-Punk | 6 discos propios	BD:public.artists+persons	pages/date-x-muerto.json+.html(meta)		
/artist/karmen-koe	Karmen Koe	3	D_sin_senal												persona_o_solista			0		1	Single:1; Appears On:1	portada_rym	con	2026-10-03 07:13:04	0		revisar_persona_solista	meta: born (persona) | 1 discos propios	BD:public.artists+persons	pages/karmen-koe.json+.html(meta)		
/artist/caceres-1	Caceres	3	D_sin_senal												persona_o_solista			0		1	Single:1	portada_rym	con	2026-10-03 18:19:14	0		revisar_persona_solista	meta: born (persona) | 1 discos propios	BD:public.artists+persons	pages/caceres-1.json+.html(meta)		
/artist/maria_mulata_f1	María Mulata	2	D_sin_senal												persona_o_solista			0		5	Album:4; Appears On:2; Single:1	portada_rym	con	2026-10-03 07:55:41	0		revisar_persona_solista	5 discos propios	BD:public.artists+persons	pages/maria_mulata_f1.json+.html(meta)		
/artist/juan-farfan	Juan Farfán	2	D_sin_senal												persona_o_solista			1	Joropo	2	Album:1; Music video:1; Compilation:1	portada_rym	con	2026-10-03 17:49:58	1	«Mi razón» → álbum 3697 de «Rudy Márquez»	revisar_persona_solista	meta: born (persona) | 1 géneros: Joropo | 2 discos propios | discos ya en catálogo: «Mi razón» → álbum 3697 de «Rudy Márquez»	BD:public.artists+persons	pages/juan-farfan.json+.html(meta)		
/artist/mighty-composer	Mighty Composer	1	D_sin_senal												persona_o_solista			0		1	Album:1	portada_rym	con	2026-10-02 03:28:59	0		revisar_persona_solista	meta: born (persona) | 1 discos propios	BD:public.artists+persons	pages/mighty-composer.json+.html(meta)		
/artist/daisy-voisin	Daisy Voisin	1	D_sin_senal												persona_o_solista			1	Parang	3	Album:2; Compilation:1	portada_rym	con	2026-10-03 06:10:45	0		revisar_persona_solista	meta: born (persona) | 1 géneros: Parang | 3 discos propios	BD:public.artists+persons	pages/daisy-voisin.json+.html(meta)		
/artist/lord_brynner	Lord Brynner	1	D_sin_senal												persona_o_solista			0		16	Album:10; V/A Compilation:7; Single:4; Appears On:1; Compilation:1; Bootleg / Unauthorized:1	portada_rym	con	2026-10-03 08:20:57	0		revisar_persona_solista	meta: born (persona) | 16 discos propios	BD:public.artists+persons	pages/lord_brynner.json+.html(meta)		
/artist/mighty_duke	Mighty Duke	1	D_sin_senal												persona_o_solista			0		11	Album:8; V/A Compilation:5; Single:1; Appears On:1; Compilation:1; Bootleg / Unauthorized:1	portada_rym	con	2026-10-03 12:23:53	0		revisar_persona_solista	meta: born (persona) | 11 discos propios	BD:public.artists+persons	pages/mighty_duke.json+.html(meta)		
/artist/sandra-browne-1	Sandra Browne	1	D_sin_senal												persona_o_solista			1	Opera	2	Album:2	portada_rym	con	2026-10-03 15:51:25	0		revisar_persona_solista	meta: born (persona) | 1 géneros: Opera | 2 discos propios	BD:public.artists+persons	pages/sandra-browne-1.json+.html(meta)		
/artist/naya-george	Naya George	1	D_sin_senal												persona_o_solista			1	Soca	2	Album:1; Single:1	portada_rym	con	2026-10-03 17:36:08	0		revisar_persona_solista	1 géneros: Soca | 2 discos propios	BD:public.artists+persons	pages/naya-george.json+.html(meta)		
/artist/fay_ann_lyons	Fay-Ann Lyons	1	D_sin_senal												persona_o_solista			2	Soca, Power Soca	12	Appears On:12; Single:10; V/A Compilation:10; Album:1; EP:1	portada_rym	con	2026-10-03 14:41:59	0		revisar_persona_solista	meta: born (persona) | 2 géneros: Soca, Power Soca | 12 discos propios	BD:public.artists+persons	pages/fay_ann_lyons.json+.html(meta)		
/artist/earl_rodney	Earl Rodney	1	D_sin_senal												persona_o_solista			1	Jazz-Funk	1	Album:1; Appears On:1	portada_rym	con	2026-10-03 08:55:01	0		revisar_persona_solista	meta: born (persona) | 1 géneros: Jazz-Funk | 1 discos propios	BD:public.artists+persons	pages/earl_rodney.json+.html(meta)		
/artist/superblue	Superblue	1	D_sin_senal												persona_o_solista			0		8	V/A Compilation:7; Album:4; Single:3; Appears On:1; Compilation:1	portada_rym	con	2026-10-03 15:35:03	0		revisar_persona_solista	meta: born (persona) | 8 discos propios	BD:public.artists+persons	pages/superblue.json+.html(meta)		
/artist/blue_boy	Blue Boy	1	D_sin_senal												persona_o_solista			0		5	Album:4; Single:1	portada_rym	con	2026-10-03 16:00:36	0		revisar_persona_solista	meta: born (persona) | 5 discos propios	BD:public.artists+persons	pages/blue_boy.json+.html(meta)		
/artist/iwer-george	Iwer George	1	D_sin_senal												persona_o_solista			1	Soca	15	V/A Compilation:10; Single:7; Appears On:7; EP:4; Album:3; Compilation:1	portada_rym	con	2026-10-03 15:52:19	0		revisar_persona_solista	meta: born (persona) | 1 géneros: Soca | 15 discos propios	BD:public.artists+persons	pages/iwer-george.json+.html(meta)		
/artist/clive-zanda-alexander	Clive "Zanda" Alexander	1	D_sin_senal												persona_o_solista			1	Post-Bop	4	Album:3; V/A Compilation:3; EP:1	portada_rym	con	2026-10-03 10:21:45	0		revisar_persona_solista	1 géneros: Post-Bop | 4 discos propios	BD:public.artists+persons	pages/clive-zanda-alexander.json		
/artist/vilma-ali	Vilma Ali	1	D_sin_senal												persona_o_solista			1	Calypso	2	Album:2	portada_rym	con	2026-10-03 10:43:37	0		revisar_persona_solista	meta: born (persona) | 1 géneros: Calypso | 2 discos propios	BD:public.artists+persons	pages/vilma-ali.json+.html(meta)		
/artist/les_charles	Les Charles	1	D_sin_senal												persona_o_solista			0		2	Single:2	portada_rym	con	2026-10-03 10:02:24	0		revisar_persona_solista	meta: born (persona) | 2 discos propios	BD:public.artists+persons	pages/les_charles.json+.html(meta)		
/artist/drupatee-ramgoonai	Drupatee Ramgoonai	1	D_sin_senal												persona_o_solista			1	Chutney Soca	10	Single:7; Album:3; Appears On:3; V/A Compilation:2	portada_rym	con	2026-10-03 12:31:29	0		revisar_persona_solista	meta: born (persona) | 1 géneros: Chutney Soca | 10 discos propios	BD:public.artists+persons	pages/drupatee-ramgoonai.json+.html(meta)		
/artist/sundar-popo	Sundar Popo	1	D_sin_senal												persona_o_solista			1	Chutney	15	Album:8; Appears On:6; Compilation:4; Single:3; V/A Compilation:1	portada_rym	con	2026-10-03 10:50:22	0		revisar_persona_solista	meta: born (persona) | 1 géneros: Chutney | 15 discos propios	BD:public.artists+persons	pages/sundar-popo.json+.html(meta)		
/artist/ramdeo-seelochan	Ramdeo Seelochan	1	D_sin_senal												persona_o_solista			1	Chutney	1	Single:1	portada_rym	con	2026-10-03 06:59:01	0		revisar_persona_solista	meta: born (persona) | 1 géneros: Chutney | 1 discos propios	BD:public.artists+persons	pages/ramdeo-seelochan.json+.html(meta)		
/artist/aries_vigoth	Aries Vigoth	1	D_sin_senal												persona_o_solista			0		1	Album:1	sin_imagen	con	2026-10-03 12:30:02	0		revisar_persona_solista	meta: born (persona) | 1 discos propios	BD:public.artists+persons	pages/aries_vigoth.json+.html(meta)		
/artist/jass_carnival	Jass Carnival	26	D_miembro_de:Id Pórtico|Mr. Strange												persona_miembro	Id Pórtico [fuera]; Mr. Strange [fuera]		0		2	Album:1; EP:1	portada_rym	con	2026-10-03 11:45:26	0		revisar_persona	meta: born (persona) | snippet: Member of Id Pórtico [fuera]|Mr. Strange [fuera] | 2 discos propios	BD:public.artists+persons	pages/jass_carnival.json+.html(meta)		
/artist/sigmatus	Sigmatus	22	D_miembro_de:Haibane777												persona_miembro	Haibane777 [fuera]		6	IDM, Drill and Bass, Glitch, Breakcore, Electronic, Experimental	25	Appears On:11; Single:10; Album:7; DJ Mix:4; EP:3; V/A Compilation:3; Additional release:1	portada_rym	con	2026-10-03 11:52:07	0		revisar_persona	meta: born (persona) | snippet: Member of Haibane777 [fuera] | 6 géneros: IDM, Drill and Bass, Glitch | 25 discos propios	BD:public.artists+persons	pages/sigmatus.json+.html(meta)		
/artist/carlos_giffoni	Carlos Giffoni	20	D_miembro_de:Death Unit|Monotract|Old Bombs												persona_miembro	Death Unit [fuera]; Monotract [fuera]; Old Bombs [fuera]		6	Noise, Drone, Electronic, Harsh Noise, Free Improvisation, Power Electronics	55	Album:39; Appears On:11; V/A Compilation:10; EP:8; Live Album:7; Single:1	portada_rym	con	2026-10-03 11:48:34	1	«Welcome Home» → álbum 5240 de «Vultures to Carrion»	revisar_persona	snippet: Member of Death Unit [fuera]|Monotract [fuera]|Old Bombs [fuera] | 6 géneros: Noise, Drone, Electronic | 55 discos propios | discos ya en catálogo: «Welcome Home» → álbum 5240 de «Vultures to Carrion»	BD:public.artists+persons	pages/carlos_giffoni.json+.html(meta)		
/artist/mc-ardilla	MC Ardilla	20	D_miembro_de:Zacapela												persona_miembro	Zacapela [fuera]		1	Gangsta Rap	10	Single:5; Album:3; Appears On:2; Compilation:2	portada_rym	con	2026-10-03 08:07:47	0		revisar_persona	snippet: Member of Zacapela [fuera] | 1 géneros: Gangsta Rap | 10 discos propios	BD:public.artists+persons	pages/mc-ardilla.json+.html(meta)		
/artist/dann-n---az	Dann Niggaz	20	D_miembro_de:Basyco|The Best Rap Selection|El Dojo												persona_miembro	Basyco [fuera]; The Best Rap Selection [fuera]; El Dojo [fuera]; Niggaz Feel da Hood [fuera]; Supremacy Hip Hop Clan [fuera]		2	Boom Bap, Hardcore Hip Hop	5	Appears On:9; Album:3; EP:2	portada_rym	con	2026-10-03 07:06:36	1	«ÍCONOS» → álbum 13768 de «Lil Supa'»	revisar_persona	meta: born (persona) | snippet: Member of Basyco [fuera]|The Best Rap Selection [fuera]|El Dojo [fuera]|Niggaz Feel da Hood [fuera]|Supremacy Hip Hop Clan [fuera] | 2 géneros: Boom Bap, Hardcore Hip Hop | 5 discos propios | discos ya en catálogo: «ÍCONOS» → álbum 13768 de «Lil Supa'»	BD:public.artists+persons	pages/dann-n---az.json+.html(meta)		
/artist/trainer-1	Trainer	19	D_miembro_de:Eleuce												persona_miembro	Eleuce [fuera]		1	Trap	35	Single:26; Appears On:13; EP:8; Mixtape:1; Music video:1; V/A Compilation:1	portada_rym	con	2026-10-03 10:39:17	4	«Funny» → álbum 13883 de «Big Soto»; «Stop» → álbum 447 de «Franco De Vita»; «Jalapeño» → álbum 13853 de «Big Soto»	revisar_persona	meta: born (persona) | snippet: Member of Eleuce [fuera] | 1 géneros: Trap | 35 discos propios | discos ya en catálogo: «Funny» → álbum 13883 de «Big Soto»; «Stop» → álbum 447 de «Franco De Vita»	BD:public.artists+persons	pages/trainer-1.json+.html(meta)		
/artist/luzmira-zerpa	Luzmira Zerpa	19	D_miembro_de:Casimu|Cocomix|Ensemble Latino												persona_miembro	Casimu [fuera]; Cocomix [fuera]; Ensemble Latino [fuera]; Family Atlantica [fuera]; Santa Barbara [fuera]; Luzmira Zerpas Trio [fuera]		0		0	Appears On:3	sin_imagen	con	2026-10-03 14:10:13	0		revisar_persona	snippet: Member of Casimu [fuera]|Cocomix [fuera]|Ensemble Latino [fuera]|Family Atlantica [fuera]|Santa Barbara [fuera]|Luzmira Zerpas Trio [fuera]	BD:public.artists+persons	pages/luzmira-zerpa.json+.html(meta)		
/artist/julian_bert	Julian Ber't	19	D_miembro_de:The Tepetatles												persona_miembro	The Tepetatles [fuera]		0		4	Album:4; V/A Compilation:4	portada_rym	con	2026-10-03 11:46:12	0		revisar_persona	snippet: Member of The Tepetatles [fuera] | 4 discos propios	BD:public.artists+persons	pages/julian_bert.json+.html(meta)		
/artist/hocus-potus	Hocus Potus	19	D_miembro_de:rascacielos												persona_miembro	rascacielos [fuera]		2	Black Metal, Dungeon Rap	3	Additional release:3	portada_rym	con	2026-10-03 11:31:19	0		revisar_persona	meta: born (persona) | snippet: Member of rascacielos [fuera] | 2 géneros: Black Metal, Dungeon Rap | 3 discos propios	BD:public.artists+persons	pages/hocus-potus.json+.html(meta)		
/artist/yexza-lara	Yexza Lara	19	D_miembro_de:Black Flower|Unmute												persona_miembro	Black Flower [fuera]; Unmute [fuera]		1	Jazz Pop	3	Single:2; Album:1	portada_rym	con	2026-10-03 15:12:40	0		revisar_persona	snippet: Member of Black Flower [fuera]|Unmute [fuera] | 1 géneros: Jazz Pop | 3 discos propios	BD:public.artists+persons	pages/yexza-lara.json+.html(meta)		
/artist/dejota2021	Dejota2021	19	D_miembro_de:The Winning Team												persona_miembro	The Winning Team [fuera]		1	Reggaetón	3	Single:3; Appears On:2; Music video:1	portada_rym	con	2026-10-03 17:44:24	0		revisar_persona	meta: born (persona) | snippet: Member of The Winning Team [fuera] | 1 géneros: Reggaetón | 3 discos propios	BD:public.artists+persons	pages/dejota2021.json+.html(meta)		
/artist/gegga	Gegga	19	D_miembro_de:El Dojo												persona_miembro	El Dojo [fuera]		3	Boom Bap, Conscious Hip Hop, Jazz Rap	11	Appears On:12; Single:8; Album:2; EP:1	portada_rym	con	2026-10-03 12:23:06	2	«Fin» → álbum 2092 de «No Rew»; «666» → álbum 2386 de «Los Automatas Inteligentes»	revisar_persona	meta: born (persona) | snippet: Member of El Dojo [fuera] | 3 géneros: Boom Bap, Conscious Hip Hop, Jazz Rap | 11 discos propios | discos ya en catálogo: «Fin» → álbum 2092 de «No Rew»; «666» → álbum 2386 de «Los Automatas Inteligentes»	BD:public.artists+persons	pages/gegga.json+.html(meta)		
/artist/ricardo_luque	Ricardo Luque	18	D_miembro_de:Cubismo												persona_miembro	Cubismo [fuera]		0		2	Album:2; Appears On:2	portada_rym	con	2026-10-03 16:55:01	0		revisar_persona	snippet: Member of Cubismo [fuera] | 2 discos propios	BD:public.artists+persons	pages/ricardo_luque.json+.html(meta)		
/artist/sk0ll	sk0ll	18	D_miembro_de:MiSU CLUB :3												persona_miembro	MiSU CLUB :3 [fuera]		0		11	Single:10; Video:1	portada_rym	con	2026-10-03 12:24:04	0		revisar_persona	snippet: Member of MiSU CLUB :3 [fuera] | 11 discos propios	BD:public.artists+persons	pages/sk0ll.json+.html(meta)		
/artist/chinolamafia	ChinoLaMafia	18	D_miembro_de:OSG												persona_miembro	OSG [fuera]		2	Pop Rap, Cloud Rap	1	EP:1; Music video:1; Appears On:1	portada_rym	con	2026-10-03 06:28:02	0		revisar_persona	meta: born (persona) | snippet: Member of OSG [fuera] | 2 géneros: Pop Rap, Cloud Rap | 1 discos propios	BD:public.artists+persons	pages/chinolamafia.json+.html(meta)		
/artist/nonstay	Nonstay	14	D_miembro_de:El Último Turista|Unidos X La Cumbia												persona_miembro	El Último Turista [fuera]; Unidos X La Cumbia [fuera]		1	Electronic	6	Single:5; Appears On:2; EP:1	portada_rym	con	2026-10-03 10:03:25	0		revisar_persona	snippet: Member of El Último Turista [fuera]|Unidos X La Cumbia [fuera] | 1 géneros: Electronic | 6 discos propios	BD:public.artists+persons	pages/nonstay.json+.html(meta)		
/artist/jess-allanic	Jess Allanic	14	D_miembro_de:Calva Louise												persona_miembro	Calva Louise [fuera]		0		0		sin_imagen	con	2026-10-03 17:10:15	0		revisar_persona	meta: born (persona) | snippet: Member of Calva Louise [fuera] | ficha RYM stub (sin discografía ni foto)	BD:public.artists+persons	pages/jess-allanic.json+.html(meta)		
/artist/willie-deville	Willie DeVille	14	D_miembro_de:12'' Ninjazz|El Dojo												persona_miembro	12'' Ninjazz [fuera]; El Dojo [fuera]		2	Hip Hop, Boom Bap	30	Single:22; Appears On:13; EP:6; Album:2; V/A Compilation:1	portada_rym	con	2026-10-03 06:28:39	5	«AMVISION» → álbum 3016 de «Aditus»; «Legado» → álbum 2555 de «Rebelion Andina»; «COSMOS» → álbum 13787 de «Lil Supa'»	revisar_persona	snippet: Member of 12'' Ninjazz [fuera]|El Dojo [fuera] | 2 géneros: Hip Hop, Boom Bap | 30 discos propios | discos ya en catálogo: «AMVISION» → álbum 3016 de «Aditus»; «Legado» → álbum 2555 de «Rebelion Andina»	BD:public.artists+persons	pages/willie-deville.json		
/artist/san-11	SAN	14	D_miembro_de:El Último Turista												persona_miembro	El Último Turista [fuera]		3	Electropop, Singer-Songwriter, Indietronica	16	Single:10; Additional release:5; Album:1	portada_rym	con	2026-10-03 12:18:02	1	«PALABRAS» → álbum 14826 de «Soledad Bravo»	revisar_persona	meta: born (persona) | snippet: Member of El Último Turista [fuera] | 3 géneros: Electropop, Singer-Songwriter, Indietronica | 16 discos propios | discos ya en catálogo: «PALABRAS» → álbum 14826 de «Soledad Bravo»	BD:public.artists+persons	pages/san-11.json+.html(meta)		
/artist/hc-dendoh	HC Dendoh	14	D_miembro_de:Mi Cadáver Flota en el Mar												persona_miembro	Mi Cadáver Flota en el Mar [fuera]		0		1	Single:1	portada_rym	con	2026-10-03 13:19:11	0		revisar_persona	snippet: Member of Mi Cadáver Flota en el Mar [fuera] | 1 discos propios	BD:public.artists+persons	pages/hc-dendoh.json+.html(meta)		
/artist/jesus-david-milano-melgarejo	Jesus David Milano Melgarejo	12	D_miembro_de:Venezuelan Clarinet Trio												persona_miembro	Venezuelan Clarinet Trio [fuera]		0		1	Album:1	portada_rym	con	2026-10-03 13:29:54	0		revisar_persona	snippet: Member of Venezuelan Clarinet Trio [fuera] | 1 discos propios	BD:public.artists+persons	pages/jesus-david-milano-melgarejo.json+.html(meta)		
/artist/no_ram	nO_ram	12	D_miembro_de:Jabón Electrico												persona_miembro	Jabón Electrico [fuera]		1	Neo-Psychedelia	8	Album:8; Appears On:1	portada_rym	con	2026-10-03 15:18:08	0		revisar_persona	snippet: Member of Jabón Electrico [fuera] | 1 géneros: Neo-Psychedelia | 8 discos propios	BD:public.artists+persons	pages/no_ram.json+.html(meta)		
/artist/emiliano-hernandez-santana	Emiliano Hernandez-Santana	12	D_miembro_de:Oil for Food												persona_miembro	Oil for Food [fuera]		0		0	Appears On:1; V/A Compilation:1	sin_imagen	con	2026-10-03 17:12:09	0		revisar_persona	meta: born (persona) | snippet: Member of Oil for Food [fuera]	BD:public.artists+persons	pages/emiliano-hernandez-santana.json+.html(meta)		
/artist/니콜-1	니콜 [Nicole]	11	D_miembro_de:ATTI|KAACHI												persona_miembro	ATTI [fuera]; KAACHI [fuera]		0		0		sin_imagen	con	2026-10-03 18:17:49	0		revisar_persona	meta: born (persona) | snippet: Member of ATTI [fuera]|KAACHI [fuera] | ficha RYM stub (sin discografía ni foto)	BD:public.artists+persons	pages/-1.json+.html(meta)		
/artist/nenadeagua	Nenadeagua	11	D_miembro_de:Verde aSulado												persona_miembro	Verde aSulado [fuera]		1	Singer-Songwriter	1	Album:1	sin_imagen	con	2026-10-03 08:04:19	0		revisar_persona	meta: born (persona) | snippet: Member of Verde aSulado [fuera] | 1 géneros: Singer-Songwriter | 1 discos propios	BD:public.artists+persons	pages/nenadeagua.json+.html(meta)		
/artist/chris-baietta	Chris Baietta	10	D_miembro_de:Equilibrio|Less & Chris												persona_miembro	Equilibrio [fuera]; Less & Chris [fuera]		0		0		sin_imagen	con	2026-10-03 16:43:45	0		revisar_persona	meta: born (persona) | snippet: Member of Equilibrio [fuera]|Less & Chris [fuera] | ficha RYM stub (sin discografía ni foto)	BD:public.artists+persons	pages/chris-baietta.json+.html(meta)		
/artist/yva_las_vegass	Yva Las Vegass	10	D_miembro_de:Sweet 75												persona_miembro	Sweet 75 [fuera]		2	Singer-Songwriter, Música llanera	4	Appears On:5; Album:2; Single:1; Video:1	portada_rym	con	2026-10-03 09:46:20	0		revisar_persona	meta: born (persona) | snippet: Member of Sweet 75 [fuera] | 2 géneros: Singer-Songwriter, Música llanera | 4 discos propios	BD:public.artists+persons	pages/yva_las_vegass.json+.html(meta)		
/artist/jaxxtone	Jaxxtone	10	D_miembro_de:Duis Nulla												persona_miembro	Duis Nulla [fuera]		1	Electronic Dance Music	20	Single:20; Appears On:3	portada_rym	con	2026-10-03 12:23:42	0		revisar_persona	snippet: Member of Duis Nulla [fuera] | 1 géneros: Electronic Dance Music | 20 discos propios	BD:public.artists+persons	pages/jaxxtone.json+.html(meta)		
/artist/omar-rudberg	Omar Rudberg	9	D_miembro_de:The FO&O												persona_miembro	The FO&O [fuera]		4	Contemporary R&B, Dance-Pop, Latin Pop, Pop	15	Single:12; Appears On:4; Album:1; EP:1; Additional release:1	portada_rym	con	2026-10-03 16:45:00	1	«Malandro» → álbum 15530 de «Los J»	revisar_persona	meta: born (persona) | snippet: Member of The FO&O [fuera] | 4 géneros: Contemporary R&B, Dance-Pop, Latin Pop | 15 discos propios | discos ya en catálogo: «Malandro» → álbum 15530 de «Los J»	BD:public.artists+persons	pages/omar-rudberg.json+.html(meta)		
/artist/pat-wictor	Pat Wictor	9	D_miembro_de:Brother Sun												persona_miembro	Brother Sun [fuera]		0		0	Appears On:1	sin_imagen	con	2026-10-03 09:46:41	0		revisar_persona	meta: born (persona) | snippet: Member of Brother Sun [fuera]	BD:public.artists+persons	pages/pat-wictor.json+.html(meta)		
/artist/chuchu-bermudas	Chuchú Bermudas	9	D_miembro_de:Lisérgicos												persona_miembro	Lisérgicos [fuera]		0		19	Single:13; Appears On:7; EP:4; Album:2	portada_rym	con	2026-10-03 15:29:35	0		revisar_persona	meta: born (persona) | snippet: Member of Lisérgicos [fuera] | 19 discos propios	BD:public.artists+persons	pages/chuchu-bermudas.json+.html(meta)		
/artist/cronig	Cronig	8	D_miembro_de:Arma Verbal|SPL Clan												persona_miembro	Arma Verbal [fuera]; SPL Clan [fuera]		0		1	EP:1	portada_rym	con	2026-10-03 12:17:51	0		revisar_persona	snippet: Member of Arma Verbal [fuera]|SPL Clan [fuera] | 1 discos propios	BD:public.artists+persons	pages/cronig.json+.html(meta)		
/artist/lino_rocha	Lino Rocha	8	D_miembro_de:Salsa Celtica												persona_miembro	Salsa Celtica [fuera]		0		0		sin_imagen	con	2026-10-03 06:40:41	0		revisar_persona	snippet: Member of Salsa Celtica [fuera] | ficha RYM stub (sin discografía ni foto)	BD:public.artists+persons	pages/lino_rocha.json+.html(meta)		
/artist/caterinetta_lescano	Caterinetta Lescano	7	D_miembro_de:Trio Lescano												persona_miembro	Trio Lescano [fuera]		0		4	Single:4	portada_rym	con	2026-10-02 03:30:25	0		revisar_persona	meta: born (persona) | snippet: Member of Trio Lescano [fuera] | 4 discos propios	BD:public.artists+persons	pages/caterinetta_lescano.json+.html(meta)		
/artist/knotchej	Knotchej	7	D_miembro_de:LC66												persona_miembro	LC66 [fuera]		1	Plugg	1	EP:1	portada_rym	con	2026-10-03 09:58:47	0		revisar_persona	snippet: Member of LC66 [fuera] | 1 géneros: Plugg | 1 discos propios	BD:public.artists+persons	pages/knotchej.json+.html(meta)		
/artist/nichess-one	Nichess One	7	D_miembro_de:Finest Cuts|Crudos Levels												persona_miembro	Finest Cuts [fuera]; Crudos Levels [fuera]		1	Hardcore Hip Hop	6	Appears On:11; Album:4; EP:2; Music video:1	portada_rym	con	2026-10-03 15:10:53	2	«Metal» → álbum 13766 de «Lil Supa'»; «Metal II» → álbum 13763 de «Lil Supa'»	revisar_persona	snippet: Member of Finest Cuts [fuera]|Crudos Levels [fuera] | 1 géneros: Hardcore Hip Hop | 6 discos propios | discos ya en catálogo: «Metal» → álbum 13766 de «Lil Supa'»; «Metal II» → álbum 13763 de «Lil Supa'»	BD:public.artists+persons	pages/nichess-one.json+.html(meta)		
/artist/kid606	Kid606	7	D_miembro_de:Ariel|Disc|Flössin												persona_miembro	Ariel [fuera]; Disc [fuera]; Flössin [fuera]; The Spacewürm [fuera]		6	IDM, Glitch, Ambient, Hardcore [EDM], Breakcore, Fidget House	63	EP:20; Album:19; Single:15; Appears On:11; DJ Mix:4; Music video:3; V/A Compilation:3; Compilation:2; Bootleg / Unauthorized:2; Live Album:1	portada_rym	con	2026-10-03 06:02:48	8	«$ Vol. 1» → álbum 9293 de «Quinteto Cantaclaro»; «$ Vol. 4» → álbum 8416 de «Soledad Bravo»; «$ Vol. 3» → álbum 9295 de «Quinteto Cantaclaro»	revisar_persona	meta: born (persona) | snippet: Member of Ariel [fuera]|Disc [fuera]|Flössin [fuera]|The Spacewürm [fuera] | 6 géneros: IDM, Glitch, Ambient | 63 discos propios | discos ya en catálogo: «$ Vol. 1» → álbum 9293 de «Quinteto Cantaclaro»; «$ Vol. 4» → álbum 8416 de «Soledad Bravo»	BD:public.artists+persons	pages/kid606.json+.html(meta)		
/artist/la-zaga	La Zaga	7	D_miembro_de:Basyco|Pinto Terror												persona_miembro	Basyco [fuera]; Pinto Terror [fuera]		1	Hip Hop	18	Album:14; Appears On:7; EP:2; Single:2	portada_rym	con	2026-10-03 18:18:38	2	«Si Supieras» → álbum 13390 de «Jerry Di»; «Inéditas» → álbum 548 de «Dermis Tatú»	revisar_persona	meta: born (persona) | snippet: Member of Basyco [fuera]|Pinto Terror [fuera] | 1 géneros: Hip Hop | 18 discos propios | discos ya en catálogo: «Si Supieras» → álbum 13390 de «Jerry Di»; «Inéditas» → álbum 548 de «Dermis Tatú»	BD:public.artists+persons	pages/la-zaga.json+.html(meta)		
/artist/durban-betancourt-laverde	Durban Betancourt-Laverde	7	D_miembro_de:The Movies												persona_miembro	The Movies [fuera]		0		0		sin_imagen	con	2026-10-03 10:03:51	0		revisar_persona	meta: born (persona) | snippet: Member of The Movies [fuera] | ficha RYM stub (sin discografía ni foto)	BD:public.artists+persons	pages/durban-betancourt-laverde.json+.html(meta)		
/artist/claire-pereira	Claire Pereira	7	D_miembro_de:Cinema2												persona_miembro	Cinema2 [fuera]		0		1	Single:1	sin_imagen	con	2026-10-03 15:21:22	0		revisar_persona	meta: born (persona) | snippet: Member of Cinema2 [fuera] | 1 discos propios	BD:public.artists+persons	pages/claire-pereira.json+.html(meta)		
/artist/rudy-regalado	Rudy Regalado	6	D_miembro_de:Caravana Cubana|El Chicano|Yaqui												persona_miembro	Caravana Cubana [fuera]; El Chicano [fuera]; Yaqui [fuera]		0		0	V/A Compilation:1	sin_imagen	con	2026-10-03 16:41:02	0		revisar_persona	meta: born (persona) | snippet: Member of Caravana Cubana [fuera]|El Chicano [fuera]|Yaqui [fuera]	BD:public.artists+persons	pages/rudy-regalado.json+.html(meta)		
/artist/jorge-isaac	Jorge Isaac	6	D_miembro_de:Watt?												persona_miembro	Watt? [fuera]		0		3	Album:3	portada_rym	con	2026-10-03 09:36:24	0		revisar_persona	meta: born (persona) | snippet: Member of Watt? [fuera] | 3 discos propios	BD:public.artists+persons	pages/jorge-isaac.json+.html(meta)		
/artist/sophia-aslanides	Sophia Aslanides	6	D_miembro_de:Blood Stain Child|Season of Ghosts												persona_miembro	Blood Stain Child [fuera]; Season of Ghosts [fuera]		0		0	Appears On:4	sin_imagen	con	2026-10-03 10:32:39	0		revisar_persona	snippet: Member of Blood Stain Child [fuera]|Season of Ghosts [fuera]	BD:public.artists+persons	pages/sophia-aslanides.json+.html(meta)		
/artist/bobby-farrell	Bobby Farrell	6	D_miembro_de:Boney M.												persona_miembro	Boney M. [fuera]		0		12	Single:6; Compilation:3; Album:2; V/A Compilation:2; EP:1; Appears On:1	portada_rym	con	2026-10-03 13:20:36	0		revisar_persona	meta: born (persona) | snippet: Member of Boney M. [fuera] | 12 discos propios	BD:public.artists+persons	pages/bobby-farrell.json+.html(meta)		
/artist/roger-peterson	Roger Peterson	6	D_miembro_de:Intwine												persona_miembro	Intwine [fuera]		0		0	Appears On:1	sin_imagen	con	2026-10-03 06:53:27	0		revisar_persona	meta: born (persona) | snippet: Member of Intwine [fuera]	BD:public.artists+persons	pages/roger-peterson.json+.html(meta)		
/artist/christiaan-hulsebos	Christiaan Hulsebos	6	D_miembro_de:De Gangmakers|Christiaan & Diana												persona_miembro	De Gangmakers [fuera]; Christiaan & Diana [fuera]		1	Pop	3	Single:3	portada_rym	con	2026-10-03 10:45:06	0		revisar_persona	snippet: Member of De Gangmakers [fuera]|Christiaan & Diana [fuera] | 1 géneros: Pop | 3 discos propios	BD:public.artists+persons	pages/christiaan-hulsebos.json+.html(meta)		
/artist/julio_wilson	Julio Wilson	6	D_miembro_de:Lucifer|Match|...												persona_miembro	Lucifer [fuera]; Match [fuera]; ... [fuera]		0		3	Single:3	portada_rym	con	2026-10-03 06:39:40	0		revisar_persona	snippet: Member of Lucifer [fuera]|Match [fuera]|... [fuera] | 3 discos propios	BD:public.artists+persons	pages/julio_wilson.json+.html(meta)		
/artist/dave_benton	Dave Benton	6	D_miembro_de:Dave Benton Latin Caribbean Dance Show Band|King of Spades|Lament												persona_miembro	Dave Benton Latin Caribbean Dance Show Band [fuera]; King of Spades [fuera]; Lament [fuera]; The Mascots [fuera]		0		9	Album:7; V/A Compilation:5; Appears On:4; Single:1; Video:1	portada_rym	con	2026-10-02 03:35:15	0		revisar_persona	meta: born (persona) | snippet: Member of Dave Benton Latin Caribbean Dance Show Band [fuera]|King of Spades [fuera]|Lament [fuera]|The Mascots [fuera] | 9 discos propios	BD:public.artists+persons	pages/dave_benton.json+.html(meta)		
/artist/euson	Euson	6	D_miembro_de:Kreole Kats|The Scarlets|Stax												persona_miembro	Kreole Kats [fuera]; The Scarlets [fuera]; Stax [fuera]		1	Pop	27	Single:17; V/A Compilation:10; Album:7; Compilation:2; Live Album:1; Appears On:1	portada_rym	con	2026-10-03 11:37:16	0		revisar_persona	meta: born (persona) | snippet: Member of Kreole Kats [fuera]|The Scarlets [fuera]|Stax [fuera] | 1 géneros: Pop | 27 discos propios	BD:public.artists+persons	pages/euson.json+.html(meta)		
/artist/pete_philly	Pete Philly	6	D_miembro_de:Pete Philly & Perquisite												persona_miembro	Pete Philly & Perquisite [fuera]		1	Jazz Rap	24	Single:21; Appears On:10; Album:2; V/A Compilation:2; EP:1	portada_rym	con	2026-10-03 12:12:59	1	«Free» → álbum 435 de «DJ Afro»	revisar_persona	meta: born (persona) | snippet: Member of Pete Philly & Perquisite [fuera] | 1 géneros: Jazz Rap | 24 discos propios | discos ya en catálogo: «Free» → álbum 435 de «DJ Afro»	BD:public.artists+persons	pages/pete_philly.json+.html(meta)		
/artist/leslie_vaughn	Leslie Vaughn	6	D_miembro_de:Reality												persona_miembro	Reality [fuera]		0		2	Single:2	portada_rym	con	2026-10-03 06:32:58	0		revisar_persona	meta: born (persona) | snippet: Member of Reality [fuera] | 2 discos propios	BD:public.artists+persons	pages/leslie_vaughn.json+.html(meta)		
/artist/reg-isidore	Reg Isidore	6	D_miembro_de:Julio Finn Blues Band												persona_miembro	Julio Finn Blues Band [fuera]		0		0		sin_imagen	con	2026-10-03 11:37:55	0		revisar_persona	meta: born (persona) | snippet: Member of Julio Finn Blues Band [fuera] | ficha RYM stub (sin discografía ni foto)	BD:public.artists+persons	pages/reg-isidore.json+.html(meta)		
/artist/d_rock	D-Rock	6	D_miembro_de:2 Brothers on the 4th Floor												persona_miembro	2 Brothers on the 4th Floor [fuera]		0		2	Appears On:10; V/A Compilation:3; Single:1; Compilation:1	portada_rym	con	2026-10-03 10:19:54	0		revisar_persona	meta: born (persona) | snippet: Member of 2 Brothers on the 4th Floor [fuera] | 2 discos propios	BD:public.artists+persons	pages/d_rock.json+.html(meta)		
/artist/spooky_f4	Spooky	6	D_miembro_de:Spooky & Sue|The Surfers|Swinging Soul Machine												persona_miembro	Spooky & Sue [fuera]; The Surfers [fuera]; Swinging Soul Machine [fuera]		0		1	Single:1	portada_rym	con	2026-10-03 13:29:43	0		revisar_persona	meta: born (persona) | snippet: Member of Spooky & Sue [fuera]|The Surfers [fuera]|Swinging Soul Machine [fuera] | 1 discos propios	BD:public.artists+persons	pages/spooky_f4.json+.html(meta)		
/artist/spartacus_r	Spartacus R	6	D_miembro_de:Osibisa												persona_miembro	Osibisa [fuera]		0		2	Appears On:2; Album:1; Single:1	portada_rym	con	2026-10-03 09:58:58	0		revisar_persona	meta: born (persona) | snippet: Member of Osibisa [fuera] | 2 discos propios	BD:public.artists+persons	pages/spartacus_r.json+.html(meta)		
/artist/marva-hodge	Marva Hodge	6	D_miembro_de:Marva Hodge & The Moody Sec												persona_miembro	Marva Hodge & The Moody Sec [fuera]		1	Soul	2	Single:2	portada_rym	con	2026-10-03 17:32:05	0		revisar_persona	snippet: Member of Marva Hodge & The Moody Sec [fuera] | 1 géneros: Soul | 2 discos propios	BD:public.artists+persons	pages/marva-hodge.json+.html(meta)		
/artist/fellow_f1	Fellow	6	D_miembro_de:Datapanik												persona_miembro	Datapanik [fuera]		0		1	Appears On:5; EP:1	portada_rym	con	2026-10-03 17:57:30	0		revisar_persona	snippet: Member of Datapanik [fuera] | 1 discos propios	BD:public.artists+persons	pages/fellow_f1.json+.html(meta)		
/artist/kevin-schuit	Kevin Schuit	6	D_miembro_de:badtime|Nancy Acid|Santo Blanco												persona_miembro	badtime [fuera]; Nancy Acid [fuera]; Santo Blanco [fuera]		0		0		sin_imagen	con	2026-10-03 08:50:26	0		revisar_persona	meta: born (persona) | snippet: Member of badtime [fuera]|Nancy Acid [fuera]|Santo Blanco [fuera] | ficha RYM stub (sin discografía ni foto)	BD:public.artists+persons	pages/kevin-schuit.json+.html(meta)		
/artist/wally-warning	Wally Warning	6	D_miembro_de:Snowball|Tax												persona_miembro	Snowball [fuera]; Tax [fuera]		1	Roots Reggae	11	Album:6; Single:4; Appears On:3; V/A Compilation:3; Bootleg / Unauthorized:1	portada_rym	con	2026-10-03 10:33:43	1	«Ritmo tropical» → álbum 13081 de «Alfredo Sadel»	revisar_persona	meta: born (persona) | snippet: Member of Snowball [fuera]|Tax [fuera] | 1 géneros: Roots Reggae | 11 discos propios | discos ya en catálogo: «Ritmo tropical» → álbum 13081 de «Alfredo Sadel»	BD:public.artists+persons	pages/wally-warning.json+.html(meta)		
/artist/willy_latino	Willy Latino	6	D_miembro_de:Men Vision												persona_miembro	Men Vision [fuera]		0		2	Single:2	portada_rym	con	2026-10-03 10:13:06	0		revisar_persona	snippet: Member of Men Vision [fuera] | 2 discos propios	BD:public.artists+persons	pages/willy_latino.json+.html(meta)		
/artist/lucho-nelson	Lucho Nelson	5	D_miembro_de:Orquesta América|Los Cinco Ases												persona_miembro	Orquesta América [fuera]; Los Cinco Ases [fuera]		1	Bolero	3	Album:3	portada_rym	con	2026-10-03 15:17:56	1	«El cigarrón colorao» → álbum 13238 de «Los Melódicos»	revisar_persona	meta: born (persona) | snippet: Member of Orquesta América [fuera]|Los Cinco Ases [fuera] | 1 géneros: Bolero | 3 discos propios | discos ya en catálogo: «El cigarrón colorao» → álbum 13238 de «Los Melódicos»	BD:public.artists+persons	pages/lucho-nelson.json+.html(meta)		
/artist/rize-1200	Rize 1200	5	D_miembro_de:The Duo												persona_miembro	The Duo [fuera]		0		0	Appears On:4	sin_imagen	con	2026-10-03 16:37:11	0		revisar_persona	meta: born (persona) | snippet: Member of The Duo [fuera]	BD:public.artists+persons	pages/rize-1200.json+.html(meta)		
/artist/yani-martinelli	Yani Martinelli	5	D_miembro_de:Navyblue|The Seasongs												persona_miembro	Navyblue [fuera]; The Seasongs [fuera]		1	Bedroom Pop	10	Album:6; EP:4; Appears On:1	portada_rym	con	2026-10-03 13:18:37	0		revisar_persona	snippet: Member of Navyblue [fuera]|The Seasongs [fuera] | 1 géneros: Bedroom Pop | 10 discos propios	BD:public.artists+persons	pages/yani-martinelli.json+.html(meta)		
/artist/chema-animal-perez	Chema "Animal" Pérez	5	D_miembro_de:Los Enemigos|Fito & Fitipaldis|Últimos Pasajeros												persona_miembro	Los Enemigos [fuera]; Fito & Fitipaldis [fuera]; Últimos Pasajeros [fuera]		0		0		sin_imagen	con	2026-10-03 11:42:03	0		revisar_persona	snippet: Member of Los Enemigos [fuera]|Fito & Fitipaldis [fuera]|Últimos Pasajeros [fuera] | ficha RYM stub (sin discografía ni foto)	BD:public.artists+persons	pages/chema-animal-perez.json		
/artist/mikel-erentxun	Mikel Erentxun	5	D_miembro_de:Duncan Dhu												persona_miembro	Duncan Dhu [fuera]		3	Pop Rock, Jangle Pop, Folk Rock	58	Single:33; Album:15; Appears On:11; V/A Compilation:9; Live Album:3; EP:3; Compilation:3; Music video:2; Bootleg / Unauthorized:1	portada_rym	con	2026-10-03 12:24:16	5	«Navidad» → álbum 2515 de «Los Elfos»; «Mañana» → álbum 15496 de «Frank Morón»; «Grandes éxitos» → álbum 8619 de «Gualberto Ibarreto»	revisar_persona	meta: born (persona) | snippet: Member of Duncan Dhu [fuera] | 3 géneros: Pop Rock, Jangle Pop, Folk Rock | 58 discos propios | discos ya en catálogo: «Navidad» → álbum 2515 de «Los Elfos»; «Mañana» → álbum 15496 de «Frank Morón»	BD:public.artists+persons	pages/mikel-erentxun.json+.html(meta)		
/artist/jose-rafael-guzman	Jose Rafael Guzmán	5	D_miembro_de:Espíritu Animal												persona_miembro	Espíritu Animal [fuera]		0		1	Single:1	portada_rym	con	2026-10-02 03:37:43	0		revisar_persona	meta: born (persona) | snippet: Member of Espíritu Animal [fuera] | 1 discos propios	BD:public.artists+persons	pages/jose-rafael-guzman.json+.html(meta)		
/artist/yma_america	Yma America	5	D_miembro_de:Cubop City Big Band												persona_miembro	Cubop City Big Band [fuera]		0		0		sin_imagen	con	2026-10-03 09:52:16	0		revisar_persona	snippet: Member of Cubop City Big Band [fuera] | ficha RYM stub (sin discografía ni foto)	BD:public.artists+persons	pages/yma_america.json+.html(meta)		
/artist/ricardo-rodriguez-miranda	Ricardo Rodriguez Miranda	5	D_miembro_de:L' Armonia Sonora|Cantus Cölln|Les Menus Plaisirs du Roy												persona_miembro	L' Armonia Sonora [fuera]; Cantus Cölln [fuera]; Les Menus Plaisirs du Roy [fuera]; Le nuove musiche [fuera]; Vox Luminis [fuera]		1	Baroque Music	2	Album:2	portada_rym	con	2026-10-03 16:05:22	0		revisar_persona	meta: born (persona) | snippet: Member of L' Armonia Sonora [fuera]|Cantus Cölln [fuera]|Les Menus Plaisirs du Roy [fuera]|Le nuove musiche [fuera]|Vox Luminis [fuera] | 1 géneros: Baroque Music | 2 discos propios	BD:public.artists+persons	pages/ricardo-rodriguez-miranda.json+.html(meta)		
/artist/el-mini	El Mini	5	D_miembro_de:Kefta Boys|PESI												persona_miembro	Kefta Boys [fuera]; PESI [fuera]		2	Cloud Rap, Trap	43	Single:31; Appears On:13; Mixtape:5; Album:3; Music video:3; EP:2; V/A Compilation:2; Compilation:1; Bootleg / Unauthorized:1	portada_rym	con	2026-10-03 13:16:41	1	«The Truth» → álbum 18 de «Executers»	revisar_persona	snippet: Member of Kefta Boys [fuera]|PESI [fuera] | 2 géneros: Cloud Rap, Trap | 43 discos propios | discos ya en catálogo: «The Truth» → álbum 18 de «Executers»	BD:public.artists+persons	pages/el-mini.json+.html(meta)		
/artist/jacky-schreiber	Jacky Schreiber	5	D_miembro_de:Secuencia												persona_miembro	Secuencia [fuera]		1	New Age	1	Album:1; Appears On:1	portada_rym	con	2026-10-03 08:51:55	0		revisar_persona	meta: born (persona) | snippet: Member of Secuencia [fuera] | 1 géneros: New Age | 1 discos propios	BD:public.artists+persons	pages/jacky-schreiber.json+.html(meta)		
/artist/carlos-pocz	Carlos Pocz	5	D_miembro_de:...												persona_miembro	... [fuera]		1	Changa tuki	5	Appears On:13; Single:3; EP:2; V/A Compilation:2	portada_rym	con	2026-10-03 17:38:26	0		revisar_persona	snippet: Member of ... [fuera] | 1 géneros: Changa tuki | 5 discos propios	BD:public.artists+persons	pages/carlos-pocz.json+.html(meta)		
/artist/slic	Slic	5	D_miembro_de:Company Redacted												persona_miembro	Company Redacted [fuera]		0		11	Single:5; EP:3; Appears On:2; Additional release:2; Album:1	portada_rym	con	2026-10-03 10:34:57	0		revisar_persona	snippet: Member of Company Redacted [fuera] | 11 discos propios	BD:public.artists+persons	pages/slic.json+.html(meta)		
/artist/rebecca-roger-cruz	Rebecca Roger Cruz	5	D_miembro_de:Parranda La Cruz												persona_miembro	Parranda La Cruz [fuera]		2	Chamber Folk, Singer-Songwriter	3	Single:2; Album:1	portada_rym	con	2026-10-03 15:18:38	0		revisar_persona	snippet: Member of Parranda La Cruz [fuera] | 2 géneros: Chamber Folk, Singer-Songwriter | 3 discos propios	BD:public.artists+persons	pages/rebecca-roger-cruz.json+.html(meta)		
/artist/luislo	LuisLo	5	D_miembro_de:Çantamarta												persona_miembro	Çantamarta [fuera]		0		1	Single:1	portada_rym	con	2026-10-03 16:55:52	0		revisar_persona	snippet: Member of Çantamarta [fuera] | 1 discos propios	BD:public.artists+persons	pages/luislo.json+.html(meta)		
/artist/lucas-de-paiva	Lucas de Paiva	5	D_miembro_de:40% Foda/Maneirissimo|Contrahouse|Epicentro do Bloquinho												persona_miembro	40% Foda/Maneirissimo [fuera]; Contrahouse [fuera]; Epicentro do Bloquinho [fuera]; Opala [fuera]; Séculos Apaixonados [fuera]; Tintapreta [fuera]		3	Dub, Synth Funk, Balearic Beat	1	Appears On:2; Album:1	portada_rym	con	2026-10-03 08:46:48	0		revisar_persona	snippet: Member of 40% Foda/Maneirissimo [fuera]|Contrahouse [fuera]|Epicentro do Bloquinho [fuera]|Opala [fuera]|Séculos Apaixonados [fuera]|Tintapreta [fuera] | 3 géneros: Dub, Synth Funk, Balearic Beat | 1 discos propios	BD:public.artists+persons	pages/lucas-de-paiva.json+.html(meta)		
/artist/ashdrown	AshDrown	5	D_miembro_de:Neurocibernéticos												persona_miembro	Neurocibernéticos [fuera]		1	Vaporwave	2	Appears On:2; Album:1; Single:1	portada_rym	con	2026-10-03 07:57:07	0		revisar_persona	snippet: Member of Neurocibernéticos [fuera] | 1 géneros: Vaporwave | 2 discos propios	BD:public.artists+persons	pages/ashdrown.json+.html(meta)		
/artist/jean_carlo_centeno	Jean Carlo Centeno	5	D_miembro_de:Binomio de Oro de América												persona_miembro	Binomio de Oro de América [fuera]		0		4	Album:4; Appears On:2	portada_rym	con	2026-10-03 11:49:31	2	«Inconfundible» → álbum 7862 de «Tania»; «Feliz Aniversario» → álbum 13597 de «Lasso»	revisar_persona	meta: born (persona) | snippet: Member of Binomio de Oro de América [fuera] | 4 discos propios | discos ya en catálogo: «Inconfundible» → álbum 7862 de «Tania»; «Feliz Aniversario» → álbum 13597 de «Lasso»	BD:public.artists+persons	pages/jean_carlo_centeno.json+.html(meta)		
/artist/00neaj	00neaj	5	D_miembro_de:OSG												persona_miembro	OSG [fuera]		0		1	Appears On:5; Album:1	portada_rym	con	2026-10-03 06:22:40	1	«reverie» → álbum 12777 de «Arca»	revisar_persona	meta: born (persona) | snippet: Member of OSG [fuera] | 1 discos propios | discos ya en catálogo: «reverie» → álbum 12777 de «Arca»	BD:public.artists+persons	pages/00neaj.json+.html(meta)		
/artist/diego-caicedo	Diego Caicedo	5	D_miembro_de:Discordian Community Ensemble|Lord Summerisle												persona_miembro	Discordian Community Ensemble [fuera]; Lord Summerisle [fuera]		3	Free Improvisation, Chamber Music, Totalism	10	Album:8; Live Album:2	portada_rym	con	2026-10-03 09:45:45	0		revisar_persona	meta: born (persona) | snippet: Member of Discordian Community Ensemble [fuera]|Lord Summerisle [fuera] | 3 géneros: Free Improvisation, Chamber Music, Totalism | 10 discos propios	BD:public.artists+persons	pages/diego-caicedo.json+.html(meta)		
/artist/laura-roman	Laura Román	5	D_miembro_de:Durazno												persona_miembro	Durazno [fuera]		0		1	Single:1	portada_rym	con	2026-10-03 18:15:55	0		revisar_persona	meta: born (persona) | snippet: Member of Durazno [fuera] | 1 discos propios	BD:public.artists+persons	pages/laura-roman.json+.html(meta)		
/artist/lyda_zamora	Lyda Zamora	5	D_miembro_de:Monserate Starring Lyda Zamora												persona_miembro	Monserate Starring Lyda Zamora [fuera]		0		4	Single:2; Album:1; EP:1	portada_rym	con	2026-10-03 17:37:27	0		revisar_persona	meta: born (persona) | snippet: Member of Monserate Starring Lyda Zamora [fuera] | 4 discos propios	BD:public.artists+persons	pages/lyda_zamora.json+.html(meta)		
/artist/maria-cristina-plata	María Cristina Plata	5	D_miembro_de:Trapiche Molé												persona_miembro	Trapiche Molé [fuera]		1	Singer-Songwriter	5	Album:4; Single:1; Appears On:1	portada_rym	con	2026-10-03 07:54:21	0		revisar_persona	snippet: Member of Trapiche Molé [fuera] | 1 géneros: Singer-Songwriter | 5 discos propios	BD:public.artists+persons	pages/maria-cristina-plata.json+.html(meta)		
/artist/alfonso-guerrero	Alfonso Guerrero	5	D_miembro_de:Rondalla Bumanguesa												persona_miembro	Rondalla Bumanguesa [fuera]		0		1	Album:1	portada_rym	con	2026-10-03 10:00:52	0		revisar_persona	meta: born (persona) | snippet: Member of Rondalla Bumanguesa [fuera] | 1 discos propios	BD:public.artists+persons	pages/alfonso-guerrero.json+.html(meta)		
/artist/sierra811	Sierra811	5	D_miembro_de:Opposite Lanes												persona_miembro	Opposite Lanes [fuera]		1	Electronic	4	EP:3; Album:1	portada_rym	con	2026-10-03 10:46:47	0		revisar_persona	meta: born (persona) | snippet: Member of Opposite Lanes [fuera] | 1 géneros: Electronic | 4 discos propios	BD:public.artists+persons	pages/sierra811.json+.html(meta)		
/artist/adriana-lizcano	Adriana Lizcano	5	D_miembro_de:La Batucada Guaricha												persona_miembro	La Batucada Guaricha [fuera]		0		1	Album:1	portada_rym	con	2026-10-03 09:39:35	0		revisar_persona	meta: born (persona) | snippet: Member of La Batucada Guaricha [fuera] | 1 discos propios	BD:public.artists+persons	pages/adriana-lizcano.json+.html(meta)		
/artist/teto-ocampo	Teto Ocampo	5	D_miembro_de:La Banda Dispersa de la Madre Selva|El Bloque|Hombre de Barro												persona_miembro	La Banda Dispersa de la Madre Selva [fuera]; El Bloque [fuera]; Hombre de Barro [fuera]; Manguala [fuera]		0		1	Album:1	sin_imagen	con	2026-10-03 13:53:43	0		revisar_persona	meta: born (persona) | snippet: Member of La Banda Dispersa de la Madre Selva [fuera]|El Bloque [fuera]|Hombre de Barro [fuera]|Manguala [fuera] | 1 discos propios	BD:public.artists+persons	pages/teto-ocampo.json+.html(meta)		
/artist/martin_dowser	Martin Dowser	4	D_miembro_de:Husky												persona_miembro	Husky [fuera]		0		1	Single:1; V/A Compilation:1	portada_rym	con	2026-10-03 18:14:24	0		revisar_persona	meta: born (persona) | snippet: Member of Husky [fuera] | 1 discos propios	BD:public.artists+persons	pages/martin_dowser.json+.html(meta)		
/artist/guillermo-marchena	Guillermo Marchena	4	D_miembro_de:Head|Heart & Hands|Passport												persona_miembro	Head [fuera]; Heart & Hands [fuera]; Passport [fuera]; ... [fuera]		0		2	Album:1; Single:1; V/A Compilation:1	portada_rym	con	2026-10-03 16:45:15	0		revisar_persona	meta: born (persona) | snippet: Member of Head [fuera]|Heart & Hands [fuera]|Passport [fuera]|... [fuera] | 2 discos propios	BD:public.artists+persons	pages/guillermo-marchena.json+.html(meta)		
/artist/theu-boermans	Theu Boermans	4	D_miembro_de:Theu Boermans & de groep												persona_miembro	Theu Boermans & de groep [fuera]		0		0		sin_imagen	con	2026-10-03 10:37:02	0		revisar_persona	meta: born (persona) | snippet: Member of Theu Boermans & de groep [fuera] | ficha RYM stub (sin discografía ni foto)	BD:public.artists+persons	pages/theu-boermans.json+.html(meta)		
/artist/peter-prommel	Peter Prommel	4	D_miembro_de:Concertgebouworkest|Nederlands Blazers Ensemble|The New Percussion Group of Amst												persona_miembro	Concertgebouworkest [fuera]; Nederlands Blazers Ensemble [fuera]; The New Percussion Group of Amsterdam [fuera]; Radio Kamerorkest [fuera]		3	Modern Classical, Oratorio, Choral	3	Album:2; Live Album:1	portada_rym	con	2026-10-03 18:18:26	0		revisar_persona	meta: born (persona) | snippet: Member of Concertgebouworkest [fuera]|Nederlands Blazers Ensemble [fuera]|The New Percussion Group of Amsterdam [fuera]|Radio Kamerorkest [fuera] | 3 géneros: Modern Classical, Oratorio, Choral | 3 discos propios	BD:public.artists+persons	pages/peter-prommel.json+.html(meta)		
/artist/mc-pester	MC Pester	4	D_miembro_de:De Dweilers												persona_miembro	De Dweilers [fuera]		0		2	Appears On:3; Mixtape:2	portada_rym	con	2026-10-03 06:17:01	0		revisar_persona	meta: born (persona) | snippet: Member of De Dweilers [fuera] | 2 discos propios	BD:public.artists+persons	pages/mc-pester.json+.html(meta)		
/artist/martin_verdonk	Martin Verdonk	4	D_miembro_de:Batida|Future Groove Express												persona_miembro	Batida [fuera]; Future Groove Express [fuera]		0		2	Album:2; Appears On:1	sin_imagen	con	2026-10-03 08:00:17	0		revisar_persona	meta: born (persona) | snippet: Member of Batida [fuera]|Future Groove Express [fuera] | 2 discos propios	BD:public.artists+persons	pages/martin_verdonk.json+.html(meta)		
/artist/franky-douglas	Franky Douglas	4	D_miembro_de:The Backlot|The Needles|Reality												persona_miembro	The Backlot [fuera]; The Needles [fuera]; Reality [fuera]; Seven Slowhands [fuera]; Surinam Music E [fuera]		0		0		sin_imagen	con	2026-10-03 15:54:25	0		revisar_persona	meta: born (persona) | snippet: Member of The Backlot [fuera]|The Needles [fuera]|Reality [fuera]|Seven Slowhands [fuera]|Surinam Music E [fuera] | ficha RYM stub (sin discografía ni foto)	BD:public.artists+persons	pages/franky-douglas.json+.html(meta)		
/artist/julien-coco	Julien Coco	4	D_miembro_de:Utrechts Symfonie Orkest												persona_miembro	Utrechts Symfonie Orkest [fuera]		0		1	EP:1; Appears On:1	portada_rym	con	2026-10-03 18:14:11	0		revisar_persona	meta: born (persona) | snippet: Member of Utrechts Symfonie Orkest [fuera] | 1 discos propios	BD:public.artists+persons	pages/julien-coco.json+.html(meta)		
/artist/tony-sherman	Tony Sherman	4	D_miembro_de:Reality|The Sherman Brothers|Stars on 45												persona_miembro	Reality [fuera]; The Sherman Brothers [fuera]; Stars on 45 [fuera]		1	Soul	15	Single:12; V/A Compilation:8; Appears On:4; Album:2; Compilation:1	portada_rym	con	2026-10-03 13:58:55	1	«The Best Of» → álbum 12843 de «Oscar D' León»	revisar_persona	snippet: Member of Reality [fuera]|The Sherman Brothers [fuera]|Stars on 45 [fuera] | 1 géneros: Soul | 15 discos propios | discos ya en catálogo: «The Best Of» → álbum 12843 de «Oscar D' León»	BD:public.artists+persons	pages/tony-sherman.json+.html(meta)		
/artist/mildred_douglas	Mildred Douglas	4	D_miembro_de:Fruitcake|J.A.M.|Mai Tai												persona_miembro	Fruitcake [fuera]; J.A.M. [fuera]; Mai Tai [fuera]; Dulfer & Perikels [fuera]; Rockaway Boulevard [fuera]		0		4	Album:2; Single:2; V/A Compilation:2; Appears On:1	portada_rym	con	2026-10-03 13:28:16	0		revisar_persona	meta: born (persona) | snippet: Member of Fruitcake [fuera]|J.A.M. [fuera]|Mai Tai [fuera]|Dulfer & Perikels [fuera]|Rockaway Boulevard [fuera] | 4 discos propios	BD:public.artists+persons	pages/mildred_douglas.json+.html(meta)		
/artist/dickery-dock	Dickery Dock	4	D_miembro_de:Cake												persona_miembro	Cake [fuera]		1	Singer-Songwriter	2	Single:2	portada_rym	con	2026-10-03 07:57:40	0		revisar_persona	meta: born (persona) | snippet: Member of Cake [fuera] | 1 géneros: Singer-Songwriter | 2 discos propios	BD:public.artists+persons	pages/dickery-dock.json+.html(meta)		
/artist/sam-vloemans	Sam Vloemans	4	D_miembro_de:Belgian Afro Beat Association|Duveltjeskermis|Score Man												persona_miembro	Belgian Afro Beat Association [fuera]; Duveltjeskermis [fuera]; Score Man [fuera]		0		0	Appears On:1	sin_imagen	con	2026-10-03 17:14:56	0		revisar_persona	meta: born (persona) | snippet: Member of Belgian Afro Beat Association [fuera]|Duveltjeskermis [fuera]|Score Man [fuera]	BD:public.artists+persons	pages/sam-vloemans.json+.html(meta)		
/artist/jasmine-sendar	Jasmine Sendar	4	D_miembro_de:Bibi & Eva|Fourlicious|Jameerah												persona_miembro	Bibi & Eva [fuera]; Fourlicious [fuera]; Jameerah [fuera]		0		2	Single:2	portada_rym	con	2026-10-03 16:38:09	0		revisar_persona	meta: born (persona) | snippet: Member of Bibi & Eva [fuera]|Fourlicious [fuera]|Jameerah [fuera] | 2 discos propios	BD:public.artists+persons	pages/jasmine-sendar.json+.html(meta)		
/artist/luti-samson	Luti Samson	4	D_miembro_de:Los Locos Samson												persona_miembro	Los Locos Samson [fuera]		1	Singer-Songwriter	2	Single:2	portada_rym	con	2026-10-03 17:23:08	0		revisar_persona	meta: born (persona) | snippet: Member of Los Locos Samson [fuera] | 1 géneros: Singer-Songwriter | 2 discos propios	BD:public.artists+persons	pages/luti-samson.json+.html(meta)		
/artist/benjamin-fox-casey	Benjamin Fox Casey	4	D_miembro_de:PACOL.												persona_miembro	PACOL. [fuera]		0		5	EP:4; Album:1	portada_rym	con	2026-10-02 03:38:03	0		revisar_persona	snippet: Member of PACOL. [fuera] | 5 discos propios	BD:public.artists+persons	pages/benjamin-fox-casey.json+.html(meta)		
/artist/manao	Manao	3	D_miembro_de:Dagga & Manao|SCRY												persona_miembro	Dagga & Manao [fuera]; SCRY [fuera]		2	Techno Bass, Electro	20	Appears On:13; EP:8; Album:5; Single:5; V/A Compilation:3; DJ Mix:2	portada_rym	con	2026-10-03 06:29:15	0		revisar_persona	snippet: Member of Dagga & Manao [fuera]|SCRY [fuera] | 2 géneros: Techno Bass, Electro | 20 discos propios	BD:public.artists+persons	pages/manao.json+.html(meta)		
/artist/yojaira-saudita	Yojaira Saudita	3	D_miembro_de:THE CARAJITAS|MOONONAS|PINTO QUISO												persona_miembro	THE CARAJITAS [fuera]; MOONONAS [fuera]; PINTO QUISO [fuera]; SHIBALACERA [fuera]		0		14	Single:9; Album:3; EP:2; Appears On:2	portada_rym	con	2026-10-03 12:29:07	0		revisar_persona	meta: born (persona) | snippet: Member of THE CARAJITAS [fuera]|MOONONAS [fuera]|PINTO QUISO [fuera]|SHIBALACERA [fuera] | 14 discos propios	BD:public.artists+persons	pages/yojaira-saudita.json+.html(meta)		
/artist/maria-concepcion-gutierrez-lobo	María Concepción Gutiérrez Lobo	3	D_miembro_de:Malena & Belcebú|Shelly y Nueva Generación												persona_miembro	Malena & Belcebú [fuera]; Shelly y Nueva Generación [fuera]		0		0		sin_imagen	con	2026-10-03 16:46:27	0		revisar_persona	snippet: Member of Malena & Belcebú [fuera]|Shelly y Nueva Generación [fuera] | ficha RYM stub (sin discografía ni foto)	BD:public.artists+persons	pages/maria-concepcion-gutierrez-lobo.json+.html(meta)		
/artist/ernesto-montiel-1	Ernesto Montiel	3	D_miembro_de:El Jaibo|Los Jardineros del Chance|Metra												persona_miembro	El Jaibo [fuera]; Los Jardineros del Chance [fuera]; Metra [fuera]; Monte Espina [fuera]		1	Experimental	1	Album:1	portada_rym	con	2026-10-03 13:56:26	0		revisar_persona	snippet: Member of El Jaibo [fuera]|Los Jardineros del Chance [fuera]|Metra [fuera]|Monte Espina [fuera] | 1 géneros: Experimental | 1 discos propios	BD:public.artists+persons	pages/ernesto-montiel-1.json+.html(meta)		
/artist/blaxx-1	Blaxx	1	D_miembro_de:Atlantik|The Blue Ventures|D’All Starz												persona_miembro	Atlantik [fuera]; The Blue Ventures [fuera]; D’All Starz [fuera]; The Dragonaires [fuera]; OC B [fuera]		1	Soca	7	Appears On:11; V/A Compilation:10; Single:7	portada_rym	con	2026-10-03 16:02:55	1	«Zombie» → álbum 13901 de «Gabylonia»	revisar_persona	snippet: Member of Atlantik [fuera]|The Blue Ventures [fuera]|D’All Starz [fuera]|The Dragonaires [fuera]|OC B [fuera] | 1 géneros: Soca | 7 discos propios | discos ya en catálogo: «Zombie» → álbum 13901 de «Gabylonia»	BD:public.artists+persons	pages/blaxx-1.json+.html(meta)		
/artist/the-tiger	The Tiger	1	D_miembro_de:Keskidee Trio												persona_miembro	Keskidee Trio [fuera]		1	Calypso	8	V/A Compilation:10; Single:6; Album:1; Appears On:1; Compilation:1	portada_rym	con	2026-10-03 09:42:25	0		revisar_persona	meta: born (persona) | snippet: Member of Keskidee Trio [fuera] | 1 géneros: Calypso | 8 discos propios	BD:public.artists+persons	pages/the-tiger.json+.html(meta)		
/artist/lord-shorty	Lord Shorty	1	D_miembro_de:Lord Shorty and His Home Circle|Ras Shorty I & His Love Circle												persona_miembro	Lord Shorty and His Home Circle [fuera]; Ras Shorty I & H [fuera]		1	Soca	10	Album:6; V/A Compilation:4; Single:3; Appears On:1; Compilation:1	portada_rym	con	2026-10-03 17:17:10	0		revisar_persona	meta: born (persona) | snippet: Member of Lord Shorty and His Home Circle [fuera]|Ras Shorty I & H [fuera] | 1 géneros: Soca | 10 discos propios	BD:public.artists+persons	pages/lord-shorty.json+.html(meta)		
/artist/nohaycielos	NOHAYCIELOS	25	D_sin_senal												indeterminado			1	Emo	1	Single:1	sin_imagen	con	2026-10-03 10:06:37	0		revisar_tipo	1 géneros: Emo | 1 discos propios	BD:public.artists+persons	pages/nohaycielos.json+.html(meta)		
/artist/lienzos	Lienzos	25	D_sin_senal												indeterminado			3	Dream Pop, Bedroom Pop, Slacker Rock	9	Single:5; Album:3; EP:1	portada_rym	con	2026-10-03 17:44:15	2	«Reflejos» → álbum 6160 de «David Brito»; «En navidad» → álbum 8631 de «Hernán Gamboa»	revisar_tipo	3 géneros: Dream Pop, Bedroom Pop, Slacker Rock | 9 discos propios | discos ya en catálogo: «Reflejos» → álbum 6160 de «David Brito»; «En navidad» → álbum 8631 de «Hernán Gamboa»	BD:public.artists+persons	pages/lienzos.json+.html(meta)		
/artist/osha-big-humo	Osha Big Humo	25	D_sin_senal												indeterminado			0		1	Single:1	sin_imagen	con	2026-10-03 11:44:34	0		revisar_tipo	1 discos propios	BD:public.artists+persons	pages/osha-big-humo.json+.html(meta)		
/artist/rip_sakura	rip_sakura	25	D_sin_senal												indeterminado			1	Ambient	4	Single:2; Video:2	portada_rym	con	2026-10-03 14:50:36	0		revisar_tipo	1 géneros: Ambient | 4 discos propios	BD:public.artists+persons	pages/rip_sakura.json+.html(meta)		
/artist/sunn	sunn	25	D_sin_senal												indeterminado			1	Experimental	2	Single:2	sin_imagen	con	2026-10-03 11:39:11	0		revisar_tipo	1 géneros: Experimental | 2 discos propios	BD:public.artists+persons	pages/sunn.json+.html(meta)		
/artist/anguera	Anguera	25	D_sin_senal												indeterminado			0		1	Album:1	portada_rym	con	2026-10-03 17:52:03	0		revisar_tipo	1 discos propios	BD:public.artists+persons	pages/anguera.json+.html(meta)		
/artist/sofia-shizuko	Sofía Shizuko	23	D_sin_senal												indeterminado			0		1	Appears On:2; Single:1	portada_rym	con	2026-10-03 16:48:22	0		revisar_tipo	1 discos propios	BD:public.artists+persons	pages/sofia-shizuko.json+.html(meta)		
/artist/lexestasolo	lexestasolo	23	D_sin_senal												indeterminado			1	Latin Electronic	8	DJ Mix:5; Single:3	portada_rym	con	2026-10-03 13:15:33	0		revisar_tipo	1 géneros: Latin Electronic | 8 discos propios	BD:public.artists+persons	pages/lexestasolo.json+.html(meta)		
/artist/bear_bones__lay_low	Bear Bones, Lay Low	23	D_sin_senal												indeterminado			6	Drone, Progressive Electronic, Tribal Ambient, Ambient, Space Ambient, Hypnagogic Pop	36	Album:29; Appears On:10; V/A Compilation:9; EP:3; Single:2; Live Album:1; Compilation:1	portada_rym	con	2026-10-03 11:58:16	2	«Split» → álbum 2076 de «Apatía No»; «Live» → álbum 5923 de «Orquesta Sinfónica Gran Mariscal de Ayacucho (OSGMA)»	revisar_tipo	6 géneros: Drone, Progressive Electronic, Tribal Ambient | 36 discos propios | discos ya en catálogo: «Split» → álbum 2076 de «Apatía No»; «Live» → álbum 5923 de «Orquesta Sinfónica Gran Mariscal de Ayacucho (OSGMA)»	BD:public.artists+persons	pages/bear_bones__lay_low.json+.html(meta)		
/artist/el-abor	El $abor	22	D_sin_senal												indeterminado			0		1	Single:1; V/A Compilation:1	portada_rym	con	2026-10-03 14:07:02	0		revisar_tipo	1 discos propios	BD:public.artists+persons	pages/el-abor.json+.html(meta)		
/artist/babybleid	BABYBLEID	22	D_sin_senal												indeterminado			1	Hyperpop	4	Single:3; EP:1	portada_rym	con	2026-10-03 11:47:54	2	«KAOS» → álbum 5250 de «Somdark»; «FRÍO» → álbum 13410 de «Micro TDH»	revisar_tipo	1 géneros: Hyperpop | 4 discos propios | discos ya en catálogo: «KAOS» → álbum 5250 de «Somdark»; «FRÍO» → álbum 13410 de «Micro TDH»	BD:public.artists+persons	pages/babybleid.json+.html(meta)		
/artist/flautas_del_chiguire	Flautas del chigüire	21	D_sin_senal												indeterminado			0		1	Album:1	portada_rym	con	2026-10-03 15:30:19	0		revisar_tipo	1 discos propios	BD:public.artists+persons	pages/flautas_del_chiguire.json+.html(meta)		
/artist/cinema-doom	Cinema Doom	21	D_sin_senal												indeterminado			1	Heavy Metal	1	Album:1	portada_rym	con	2026-10-03 08:45:06	0		revisar_tipo	1 géneros: Heavy Metal | 1 discos propios	BD:public.artists+persons	pages/cinema-doom.json+.html(meta)		
/artist/charlie_carr	Charlie Carr	21	D_sin_senal												indeterminado			0		1	EP:1	portada_rym	con	2026-10-03 10:43:21	0		revisar_tipo	1 discos propios	BD:public.artists+persons	pages/charlie_carr.json+.html(meta)		
/artist/alleh	Alleh	21	D_sin_senal												indeterminado			1	Reggaetón	16	Single:14; Album:1; EP:1; Appears On:1	portada_rym	con	2026-10-03 12:26:19	1	«Tututu» → álbum 13653 de «Elena Rose»	revisar_tipo	1 géneros: Reggaetón | 16 discos propios | discos ya en catálogo: «Tututu» → álbum 13653 de «Elena Rose»	BD:public.artists+persons	pages/alleh.json+.html(meta)		
/artist/contra-marcha-punk-hxc	Contra Marcha Punk HxC	21	D_sin_senal												indeterminado			1	Hardcore Punk	3	Album:2; Additional release:1	portada_rym	con	2026-10-03 17:08:42	0		revisar_tipo	1 géneros: Hardcore Punk | 3 discos propios	BD:public.artists+persons	pages/contra-marcha-punk-hxc.json+.html(meta)		
/artist/joux	Joux	21	D_sin_senal												indeterminado			1	Electronic	2	Album:1; Single:1	portada_rym	con	2026-10-03 13:24:56	0		revisar_tipo	1 géneros: Electronic | 2 discos propios	BD:public.artists+persons	pages/joux.json+.html(meta)		
/artist/zarinovak	Zarinovak	21	D_sin_senal												indeterminado			0		1	Single:1	sin_imagen	con	2026-10-03 07:57:56	0		revisar_tipo	1 discos propios	BD:public.artists+persons	pages/zarinovak.json+.html(meta)		
/artist/verycherrii	VeryCherrii	21	D_sin_senal												indeterminado			0		7	Single:6; EP:1	portada_rym	con	2026-10-03 14:11:39	0		revisar_tipo	7 discos propios	BD:public.artists+persons	pages/verycherrii.json+.html(meta)		
/artist/luis-miguel-mussett	Luis Miguel Mussett	20	D_sin_senal												indeterminado			1	Música llanera	1	Single:1	sin_imagen	con	2026-10-03 14:16:21	0		revisar_tipo	1 géneros: Música llanera | 1 discos propios	BD:public.artists+persons	pages/luis-miguel-mussett.json+.html(meta)		
/artist/species-infected	Species Infected	20	D_sin_senal												indeterminado			1	Acoustic Rock	1	Album:1	portada_rym	con	2026-10-03 15:23:54	0		revisar_tipo	1 géneros: Acoustic Rock | 1 discos propios	BD:public.artists+persons	pages/species-infected.json+.html(meta)		
/artist/hello-mr-klaus	Hello Mr. Klaus	20	D_sin_senal												indeterminado			2	Electronic, Experimental	1	Album:1	portada_rym	con	2026-10-03 06:14:11	0		revisar_tipo	2 géneros: Electronic, Experimental | 1 discos propios	BD:public.artists+persons	pages/hello-mr-klaus.json+.html(meta)		
/artist/young-denky	Young Denky	20	D_sin_senal												indeterminado			1	Experimental	2	Mixtape:1; EP:1	portada_rym	con	2026-10-03 17:11:21	0		revisar_tipo	1 géneros: Experimental | 2 discos propios	BD:public.artists+persons	pages/young-denky.json+.html(meta)		
/artist/0xtkk	0xtkk	19	D_sin_senal												indeterminado			1	Breakcore	2	Album:1; EP:1	portada_rym	con	2026-10-03 06:20:36	0		revisar_tipo	1 géneros: Breakcore | 2 discos propios	BD:public.artists+persons	pages/0xtkk.json+.html(meta)		
/artist/darkohm	Darkohm	19	D_sin_senal												indeterminado			1	Psytrance	1	Album:1	portada_rym	con	2026-10-02 03:39:32	0		revisar_tipo	1 géneros: Psytrance | 1 discos propios	BD:public.artists+persons	pages/darkohm.json+.html(meta)		
/artist/ag-sixteen	AG SixTeen	18	D_sin_senal												indeterminado			0		10	Single:9; Appears On:5; Additional release:1	portada_rym	con	2026-10-02 03:36:10	1	«Mmm» → álbum 13630 de «Lasso»	revisar_tipo	10 discos propios | discos ya en catálogo: «Mmm» → álbum 13630 de «Lasso»	BD:public.artists+persons	pages/ag-sixteen.json+.html(meta)		
/artist/king-stephen	King Stephen	16	D_sin_senal												indeterminado			4	Darksynth, Electro House, Synthwave, Horror Synth	16	EP:7; Album:5; Appears On:5; Single:4	portada_rym	con	2026-10-03 08:59:53	0		revisar_tipo	4 géneros: Darksynth, Electro House, Synthwave | 16 discos propios	BD:public.artists+persons	pages/king-stephen.json+.html(meta)		
/artist/sir-di-alex	Sir Di Alex	13	D_sin_senal												indeterminado			1	Slacker Rock	2	EP:2	portada_rym	con	2026-10-03 13:35:21	0		revisar_tipo	1 géneros: Slacker Rock | 2 discos propios	BD:public.artists+persons	pages/sir-di-alex.json+.html(meta)		
/artist/the-madman-alex	The Madman Alex	13	D_sin_senal												indeterminado			2	Slam Death Metal, Deathcore	21	Single:12; Album:3; EP:3; Additional release:3	portada_rym	con	2026-10-03 12:25:56	0		revisar_tipo	2 géneros: Slam Death Metal, Deathcore | 21 discos propios	BD:public.artists+persons	pages/the-madman-alex.json+.html(meta)		
/artist/subliminal-terry	Subliminal Terry	12	D_sin_senal												indeterminado			1	Trip Hop	3	Appears On:5; EP:2; Album:1; V/A Compilation:1	portada_rym	con	2026-10-03 10:12:37	0		revisar_tipo	1 géneros: Trip Hop | 3 discos propios	BD:public.artists+persons	pages/subliminal-terry.json+.html(meta)		
/artist/maxplay	Maxplay	12	D_sin_senal												indeterminado			2	House, Trance	1	EP:1	portada_rym	con	2026-10-03 13:27:05	0		revisar_tipo	2 géneros: House, Trance | 1 discos propios	BD:public.artists+persons	pages/maxplay.json+.html(meta)		
/artist/vincent_nuit	Vincent Nuit	12	D_sin_senal												indeterminado			1	Synthwave	3	EP:1; Single:1; Appears On:1; Compilation:1	portada_rym	con	2026-10-03 13:33:14	0		revisar_tipo	1 géneros: Synthwave | 3 discos propios	BD:public.artists+persons	pages/vincent_nuit.json+.html(meta)		
/artist/nina-romero	Nina Romero	12	D_sin_senal												indeterminado			1	Indie Pop	4	Single:3; Appears On:3; Album:1	portada_rym	con	2026-10-03 14:00:49	0		revisar_tipo	1 géneros: Indie Pop | 4 discos propios	BD:public.artists+persons	pages/nina-romero.json+.html(meta)		
/artist/cherlatte	Cherlatte	12	D_sin_senal												indeterminado			1	Funk	2	Single:2	portada_rym	con	2026-10-03 10:10:37	0		revisar_tipo	1 géneros: Funk | 2 discos propios	BD:public.artists+persons	pages/cherlatte.json+.html(meta)		
/artist/carlitos-calebra	Carlitos Calebra	12	D_sin_senal												indeterminado			1	Hip Hop	2	Appears On:2; Album:1; EP:1	portada_rym	con	2026-10-03 18:15:44	0		revisar_tipo	1 géneros: Hip Hop | 2 discos propios	BD:public.artists+persons	pages/carlitos-calebra.json+.html(meta)		
/artist/agu-1	AGU!	11	D_sin_senal												indeterminado			1	Electronic	6	EP:3; Album:1; Mixtape:1; Single:1; Appears On:1	portada_rym	con	2026-10-03 14:01:14	0		revisar_tipo	1 géneros: Electronic | 6 discos propios	BD:public.artists+persons	pages/agu-1.json+.html(meta)		
/artist/lolita-de-sola	Lolita De Sola	11	D_sin_senal												indeterminado			0		1	Appears On:3; EP:1	portada_rym	con	2026-10-03 17:24:46	0		revisar_tipo	1 discos propios	BD:public.artists+persons	pages/lolita-de-sola.json+.html(meta)		
/artist/tayko	Tayko	11	D_sin_senal												indeterminado			0		18	Single:15; Appears On:13; Album:2; V/A Compilation:2; EP:1	portada_rym	con	2026-10-03 08:17:28	1	«María» → álbum 14555 de «Rudy Márquez»	revisar_tipo	18 discos propios | discos ya en catálogo: «María» → álbum 14555 de «Rudy Márquez»	BD:public.artists+persons	pages/tayko.json+.html(meta)		
/artist/nebula_karbenogg	Nebula Karbenogg	11	D_sin_senal												indeterminado			0		1	Album:1	portada_rym	con	2026-10-03 17:20:22	0		revisar_tipo	1 discos propios	BD:public.artists+persons	pages/nebula_karbenogg.json+.html(meta)		
/artist/lyfer	Lyfer	11	D_sin_senal												indeterminado			1	Hardcore [EDM]	5	EP:3; Album:1; Single:1; Appears On:1	portada_rym	con	2026-10-03 13:53:32	1	«Eclipse» → álbum 2871 de «Tierra del Dragón»	revisar_tipo	1 géneros: Hardcore [EDM] | 5 discos propios | discos ya en catálogo: «Eclipse» → álbum 2871 de «Tierra del Dragón»	BD:public.artists+persons	pages/lyfer.json+.html(meta)		
/artist/noixes	Noixes	10	D_sin_senal												indeterminado			0		4	Appears On:6; Single:4	portada_rym	con	2026-10-03 13:20:06	0		revisar_tipo	4 discos propios	BD:public.artists+persons	pages/noixes.json+.html(meta)		
/artist/rapisarda	Rapisarda	10	D_sin_senal												indeterminado			0		1	Album:1	portada_rym	con	2026-10-03 18:16:42	0		revisar_tipo	1 discos propios	BD:public.artists+persons	pages/rapisarda.json+.html(meta)		
/artist/kelly-abarca	Kelly Abarca	10	D_sin_senal												indeterminado			1	Singer-Songwriter	7	Single:5; Appears On:2; Album:1; EP:1	portada_rym	con	2026-10-03 06:52:41	0		revisar_tipo	1 géneros: Singer-Songwriter | 7 discos propios	BD:public.artists+persons	pages/kelly-abarca.json+.html(meta)		
/artist/revenue-1	revenue	10	D_sin_senal												indeterminado			0		1	Single:1	sin_imagen	con	2026-10-03 15:12:25	0		revisar_tipo	1 discos propios	BD:public.artists+persons	pages/revenue-1.json+.html(meta)		
/artist/sunset-1986	Sunset 1986	10	D_sin_senal												indeterminado			1	Synthwave	1	Album:1; V/A Compilation:1	portada_rym	con	2026-10-03 14:56:54	0		revisar_tipo	1 géneros: Synthwave | 1 discos propios	BD:public.artists+persons	pages/sunset-1986.json+.html(meta)		
/artist/daylens-and-george	Daylens & George	10	D_sin_senal												indeterminado			1	Reggaetón	2	Single:2	portada_rym	con	2026-10-03 15:45:02	0		revisar_tipo	1 géneros: Reggaetón | 2 discos propios	BD:public.artists+persons	pages/daylens-and-george.json+.html(meta)		
/artist/blure	Blure	9	D_sin_senal												indeterminado			1	Electronic Dance Music	2	Appears On:4; Single:2; V/A Compilation:1	portada_rym	con	2026-10-03 14:07:27	0		revisar_tipo	1 géneros: Electronic Dance Music | 2 discos propios	BD:public.artists+persons	pages/blure.json+.html(meta)		
/artist/washe	Washé	9	D_sin_senal												indeterminado			1	Electronic	1	Album:1	portada_rym	con	2026-10-02 03:40:49	1	«Madre» → álbum 13891 de «Gabylonia»	revisar_tipo	1 géneros: Electronic | 1 discos propios | discos ya en catálogo: «Madre» → álbum 13891 de «Gabylonia»	BD:public.artists+persons	pages/washe.json+.html(meta)		
/artist/lalter	Lalter	9	D_sin_senal												indeterminado			1	Lo-Fi Hip Hop	1	Single:1	portada_rym	con	2026-10-03 10:41:45	0		revisar_tipo	1 géneros: Lo-Fi Hip Hop | 1 discos propios	BD:public.artists+persons	pages/lalter.json+.html(meta)		
/artist/vulkan-1	VulKan	9	D_sin_senal												indeterminado			1	Trap	9	Single:9; Appears On:4; V/A Compilation:2	portada_rym	con	2026-10-03 10:44:06	0		revisar_tipo	1 géneros: Trap | 9 discos propios	BD:public.artists+persons	pages/vulkan-1.json+.html(meta)		
/artist/helios-martinez-dominguez	Helios Martinez Dominguez	9	D_sin_senal												indeterminado			1	Experimental	1	EP:1	portada_rym	con	2026-10-03 12:30:41	0		revisar_tipo	1 géneros: Experimental | 1 discos propios	BD:public.artists+persons	pages/helios-martinez-dominguez.json+.html(meta)		
/artist/belfort	Belfort	8	D_sin_senal												indeterminado			1	Electronic Dance Music	1	Single:1; Appears On:1	portada_rym	con	2026-10-03 08:09:58	0		revisar_tipo	1 géneros: Electronic Dance Music | 1 discos propios	BD:public.artists+persons	pages/belfort.json+.html(meta)		
/artist/ipostal	Ipostal	8	D_sin_senal												indeterminado			1	Electronic	2	Album:2	portada_rym	con	2026-10-03 09:49:52	0		revisar_tipo	1 géneros: Electronic | 2 discos propios	BD:public.artists+persons	pages/ipostal.json+.html(meta)		
/artist/joanna_karamazov	Joanna Karamazov	8	D_sin_senal												indeterminado			0		1	EP:1	portada_rym	con	2026-10-03 06:02:24	0		revisar_tipo	1 discos propios	BD:public.artists+persons	pages/joanna_karamazov.json+.html(meta)		
/artist/doktor_rheal	Doktor Rheal	8	D_sin_senal												indeterminado			0		17	EP:12; Appears On:9; V/A Compilation:7; Album:4; Compilation:1	portada_rym	con	2026-10-03 13:21:20	1	«Insomnio» → álbum 4442 de «Roque Valero»	revisar_tipo	17 discos propios | discos ya en catálogo: «Insomnio» → álbum 4442 de «Roque Valero»	BD:public.artists+persons	pages/doktor_rheal.json+.html(meta)		
/artist/oscarcito	Oscarcito	8	D_sin_senal												indeterminado			0		7	Single:6; Appears On:4; Album:1; V/A Compilation:1	portada_rym	con	2026-10-03 16:54:33	0		revisar_tipo	7 discos propios	BD:public.artists+persons	pages/oscarcito.json+.html(meta)		
/artist/putaliscious	Putaliscious	8	D_sin_senal												indeterminado			1	Hardvapour	2	Appears On:3; EP:2	portada_rym	con	2026-10-03 08:43:10	0		revisar_tipo	1 géneros: Hardvapour | 2 discos propios	BD:public.artists+persons	pages/putaliscious.json+.html(meta)		
/artist/yua-bits	Yua Bits	8	D_sin_senal												indeterminado			1	Hip Hop	2	EP:1; Single:1	portada_rym	con	2026-10-03 13:25:12	0		revisar_tipo	1 géneros: Hip Hop | 2 discos propios	BD:public.artists+persons	pages/yua-bits.json+.html(meta)		
/artist/voyager-12	Voyager	8	D_sin_senal												indeterminado			1	Chillsynth	3	Album:1; EP:1; Single:1	portada_rym	con	2026-10-03 12:19:23	1	«Orbital» → álbum 2058 de «Pig Farm on the Moon»	revisar_tipo	1 géneros: Chillsynth | 3 discos propios | discos ya en catálogo: «Orbital» → álbum 2058 de «Pig Farm on the Moon»	BD:public.artists+persons	pages/voyager-12.json+.html(meta)		
/artist/jorge-andres	jorge andrés	8	D_sin_senal												indeterminado			1	Indie Rock	4	EP:2; Single:2; Appears On:1	portada_rym	con	2026-10-03 14:55:20	1	«En navidad» → álbum 8631 de «Hernán Gamboa»	revisar_tipo	1 géneros: Indie Rock | 4 discos propios | discos ya en catálogo: «En navidad» → álbum 8631 de «Hernán Gamboa»	BD:public.artists+persons	pages/jorge-andres.json+.html(meta)		
/artist/andy-alent	Andy Alent	8	D_sin_senal												indeterminado			1	Electronic Dance Music	1	Single:1	portada_rym	con	2026-10-03 15:44:19	0		revisar_tipo	1 géneros: Electronic Dance Music | 1 discos propios	BD:public.artists+persons	pages/andy-alent.json+.html(meta)		
/artist/royallive	RoyalLive	8	D_sin_senal												indeterminado			0		3	Album:2; Appears On:2; Single:1	portada_rym	con	2026-10-02 03:28:50	1	«Índigo» → álbum 15501 de «Indigo»	revisar_tipo	3 discos propios | discos ya en catálogo: «Índigo» → álbum 15501 de «Indigo»	BD:public.artists+persons	pages/royallive.json+.html(meta)		
/artist/el-mago	El Mago	8	D_sin_senal												indeterminado			0		2	V/A Compilation:2; EP:1; DJ Mix:1	portada_rym	con	2026-10-03 06:27:43	0		revisar_tipo	2 discos propios	BD:public.artists+persons	pages/el-mago.json+.html(meta)		
/artist/memory-twin	memory twin	7	D_sin_senal												indeterminado			1	Bedroom Pop	4	Album:2; EP:1; Single:1	portada_rym	con	2026-10-03 14:10:26	0		revisar_tipo	1 géneros: Bedroom Pop | 4 discos propios	BD:public.artists+persons	pages/memory-twin.json+.html(meta)		
/artist/pico-mifes	Pico Mifés	7	D_sin_senal												indeterminado			1	Singer-Songwriter	1	Additional release:1	portada_rym	con	2026-10-03 06:58:22	0		revisar_tipo	1 géneros: Singer-Songwriter | 1 discos propios	BD:public.artists+persons	pages/pico-mifes.json+.html(meta)		
/artist/elvis-trofia	Elvis Trofia	7	D_sin_senal												indeterminado			0		1	Album:1	sin_imagen	con	2026-10-03 18:17:09	0		revisar_tipo	1 discos propios	BD:public.artists+persons	pages/elvis-trofia.json+.html(meta)		
/artist/skisia2	Skisia2	7	D_sin_senal												indeterminado			1	Trap	29	Single:26; Appears On:8; EP:3; Music video:2	portada_rym	con	2026-10-03 13:18:56	2	«Area 51» → álbum 4230 de «I-Mind»; «Area 51» → álbum 4230 de «I-Mind»	revisar_tipo	1 géneros: Trap | 29 discos propios | discos ya en catálogo: «Area 51» → álbum 4230 de «I-Mind»; «Area 51» → álbum 4230 de «I-Mind»	BD:public.artists+persons	pages/skisia2.json+.html(meta)		
/artist/otrebor	Otrebor	7	D_sin_senal												indeterminado			1	Synthwave	8	EP:7; V/A Compilation:7; Album:1; Appears On:1	portada_rym	con	2026-10-03 10:33:16	0		revisar_tipo	1 géneros: Synthwave | 8 discos propios	BD:public.artists+persons	pages/otrebor.json+.html(meta)		
/artist/pedro-el-colita	Pedro el Colita	7	D_sin_senal												indeterminado			1	Flamenco	1	Album:1	sin_imagen	con	2026-10-03 16:42:03	0		revisar_tipo	1 géneros: Flamenco | 1 discos propios	BD:public.artists+persons	pages/pedro-el-colita.json+.html(meta)		
/artist/junior-caldera	Junior Caldera	7	D_sin_senal												indeterminado			0		8	Single:8; Appears On:4	portada_rym	con	2026-10-03 17:35:41	0		revisar_tipo	8 discos propios	BD:public.artists+persons	pages/junior-caldera.json+.html(meta)		
/artist/dj-rosmel	DJ Rosmel	7	D_sin_senal												indeterminado			0		1	DJ Mix:1	portada_rym	con	2026-10-03 15:49:21	0		revisar_tipo	1 discos propios	BD:public.artists+persons	pages/dj-rosmel.json+.html(meta)		
/artist/byakko	Byakko	7	D_sin_senal												indeterminado			0		2	Appears On:3; Album:1; Single:1	portada_rym	con	2026-10-03 11:40:16	0		revisar_tipo	2 discos propios	BD:public.artists+persons	pages/byakko.json+.html(meta)		
/artist/3m5	3m5	7	D_sin_senal												indeterminado			2	Boom Bap, Hardcore Hip Hop	7	Appears On:13; Album:5; EP:1; Single:1; Music video:1	portada_rym	con	2026-10-03 17:57:43	2	«Metal» → álbum 13766 de «Lil Supa'»; «Metal II» → álbum 13763 de «Lil Supa'»	revisar_tipo	2 géneros: Boom Bap, Hardcore Hip Hop | 7 discos propios | discos ya en catálogo: «Metal» → álbum 13766 de «Lil Supa'»; «Metal II» → álbum 13763 de «Lil Supa'»	BD:public.artists+persons	pages/3m5.json+.html(meta)		
/artist/dj-sueldominimo	DJ SUELDOminimo	7	D_sin_senal												indeterminado			0		3	Appears On:3; Single:2; DJ Mix:1	portada_rym	con	2026-10-03 16:36:27	0		revisar_tipo	3 discos propios	BD:public.artists+persons	pages/dj-sueldominimo.json+.html(meta)		
/artist/las-lineas-de-nazca	Las Lineas de Nazca	7	D_sin_senal												indeterminado			1	Singer-Songwriter	5	Album:2; EP:2; Single:1	portada_rym	con	2026-10-03 07:53:41	2	«Laguna» → álbum 2466 de «Ulises Hadjis»; «Sol» → álbum 2552 de «Karavan»	revisar_tipo	1 géneros: Singer-Songwriter | 5 discos propios | discos ya en catálogo: «Laguna» → álbum 2466 de «Ulises Hadjis»; «Sol» → álbum 2552 de «Karavan»	BD:public.artists+persons	pages/las-lineas-de-nazca.json+.html(meta)		
/artist/juanrutina	juanrutina	7	D_sin_senal												indeterminado			1	Hip Hop	13	Album:12; Appears On:2; EP:1	portada_rym	con	2026-10-02 03:39:46	0		revisar_tipo	1 géneros: Hip Hop | 13 discos propios	BD:public.artists+persons	pages/juanrutina.json+.html(meta)		
/artist/oreste-2	Oreste	7	D_sin_senal												indeterminado			2	Deep House, Progressive House	2	EP:1; Single:1; V/A Compilation:1	portada_rym	con	2026-10-03 12:19:35	0		revisar_tipo	2 géneros: Deep House, Progressive House | 2 discos propios	BD:public.artists+persons	pages/oreste-2.json+.html(meta)		
/artist/kid-problema	Kid Problema	7	D_sin_senal												indeterminado			0		1	EP:1	portada_rym	con	2026-10-03 07:55:04	0		revisar_tipo	1 discos propios	BD:public.artists+persons	pages/kid-problema.json+.html(meta)		
/artist/sabita-seinshin	Sabita Seinshin	7	D_sin_senal												indeterminado			0		1	Album:1	portada_rym	con	2026-10-03 16:44:02	0		revisar_tipo	1 discos propios	BD:public.artists+persons	pages/sabita-seinshin.json+.html(meta)		
/artist/thealbertoz	THEALBERTOZ	7	D_sin_senal												indeterminado			1	Electronic	1	Album:1	portada_rym	con	2026-10-03 15:45:47	0		revisar_tipo	1 géneros: Electronic | 1 discos propios	BD:public.artists+persons	pages/thealbertoz.json+.html(meta)		
/artist/vir-martialis	Vir Martialis	7	D_sin_senal												indeterminado			1	Martial Industrial	4	Album:4; Appears On:2	portada_rym	con	2026-10-03 06:15:09	0		revisar_tipo	1 géneros: Martial Industrial | 4 discos propios	BD:public.artists+persons	pages/vir-martialis.json+.html(meta)		
/artist/antidolby	Antidolby	7	D_sin_senal												indeterminado			4	Minimal Synth, Post-Punk, Coldwave, Synth Punk	2	EP:1; Single:1; Appears On:1; V/A Compilation:1	portada_rym	con	2026-10-03 18:20:32	0		revisar_tipo	4 géneros: Minimal Synth, Post-Punk, Coldwave | 2 discos propios	BD:public.artists+persons	pages/antidolby.json+.html(meta)		
/artist/boikido	Boikido	7	D_sin_senal												indeterminado			0		6	Single:5; Album:1; Music video:1; Appears On:1	portada_rym	con	2026-10-03 11:43:49	0		revisar_tipo	6 discos propios	BD:public.artists+persons	pages/boikido.json+.html(meta)		
/artist/jemimemu	Jemimemu	7	D_sin_senal												indeterminado			1	Pop	2	Album:1; Single:1; Appears On:1	portada_rym	con	2026-10-03 17:07:20	0		revisar_tipo	1 géneros: Pop | 2 discos propios	BD:public.artists+persons	pages/jemimemu.json+.html(meta)		
/artist/yvng-tavo	Yvng Tavo	7	D_sin_senal												indeterminado			1	Phonk	3	EP:2; Album:1	portada_rym	con	2026-10-03 11:33:17	0		revisar_tipo	1 géneros: Phonk | 3 discos propios	BD:public.artists+persons	pages/yvng-tavo.json+.html(meta)		
/artist/la-serpiente-solar	La Serpiente Solar	7	D_sin_senal												indeterminado			1	Alternative Metal	1	Bootleg / Unauthorized:1	sin_imagen	con	2026-10-03 15:17:07	0		revisar_tipo	1 géneros: Alternative Metal | 1 discos propios	BD:public.artists+persons	pages/la-serpiente-solar.json+.html(meta)		
/artist/mariafer	Mariafer	7	D_sin_senal												indeterminado			1	Singer-Songwriter	1	EP:1	sin_imagen	con	2026-10-02 03:28:40	0		revisar_tipo	1 géneros: Singer-Songwriter | 1 discos propios	BD:public.artists+persons	pages/mariafer.json+.html(meta)		
/artist/the-back-room	The Back Room	7	D_sin_senal												indeterminado			1	Indie Folk	1	Album:1	portada_rym	con	2026-10-03 13:26:54	0		revisar_tipo	1 géneros: Indie Folk | 1 discos propios	BD:public.artists+persons	pages/the-back-room.json+.html(meta)		
/artist/postales-de-amaranta	postales de amaranta	7	D_sin_senal												indeterminado			0		7	Single:4; Additional release:2; EP:1	portada_rym	con	2026-10-03 10:19:40	1	«(demos)» → álbum 272 de «Marilanne»	revisar_tipo	7 discos propios | discos ya en catálogo: «(demos)» → álbum 272 de «Marilanne»	BD:public.artists+persons	pages/postales-de-amaranta.json+.html(meta)		
/artist/okubo	Okubo	7	D_sin_senal												indeterminado			0		4	Appears On:4; Single:2; EP:1; Video:1	portada_rym	con	2026-10-03 14:55:35	0		revisar_tipo	4 discos propios	BD:public.artists+persons	pages/okubo.json+.html(meta)		
/artist/t-izzy	T Izzy	7	D_sin_senal												indeterminado			1	Math Rock	1	EP:1	sin_imagen	con	2026-10-03 15:27:01	0		revisar_tipo	1 géneros: Math Rock | 1 discos propios	BD:public.artists+persons	pages/t-izzy.json+.html(meta)		
/artist/joss-4	Joss	7	D_sin_senal												indeterminado			1	Singer-Songwriter	2	Album:1; Single:1	portada_rym	con	2026-10-03 15:02:06	1	«Fantasma» → álbum 2966 de «Call-On»	revisar_tipo	1 géneros: Singer-Songwriter | 2 discos propios | discos ya en catálogo: «Fantasma» → álbum 2966 de «Call-On»	BD:public.artists+persons	pages/joss-4.json+.html(meta)		
/artist/kandido	Kandido	7	D_sin_senal												indeterminado			1	Emo Rap	1	Single:1	sin_imagen	con	2026-10-03 17:43:10	0		revisar_tipo	1 géneros: Emo Rap | 1 discos propios	BD:public.artists+persons	pages/kandido.json+.html(meta)		
/artist/jeon	Jeon	6	D_sin_senal												indeterminado			0		2	Appears On:8; Single:2; Music video:1; V/A Compilation:1	portada_rym	con	2026-10-03 17:37:43	0		revisar_tipo	2 discos propios	BD:public.artists+persons	pages/jeon.json+.html(meta)		
/artist/the_isle_project	The Isle Project	6	D_sin_senal												indeterminado			1	Metal	2	Album:1; EP:1	portada_rym	con	2026-10-03 09:50:13	0		revisar_tipo	1 géneros: Metal | 2 discos propios	BD:public.artists+persons	pages/the_isle_project.json+.html(meta)		
/artist/esmeralda-3	Esmeralda	6	D_sin_senal												indeterminado			0		2	Album:1; Single:1	portada_rym	con	2026-10-03 16:31:27	0		revisar_tipo	2 discos propios	BD:public.artists+persons	pages/esmeralda-3.json+.html(meta)		
/artist/amy-sorinio	Amy Sorinio	6	D_sin_senal												indeterminado			1	Jazz	5	Album:2; Single:2; EP:1	portada_rym	con	2026-10-03 11:33:31	0		revisar_tipo	1 géneros: Jazz | 5 discos propios	BD:public.artists+persons	pages/amy-sorinio.json+.html(meta)		
/artist/camerata-renacentista-de-caracas	Camerata Renacentista de Caracas	5	D_sin_senal												indeterminado			0		1	Album:1	portada_rym	con	2026-10-03 06:01:08	0		revisar_tipo	1 discos propios	BD:public.artists+persons	pages/camerata-renacentista-de-caracas.json+.html(meta)		
/artist/cinema-gore	Cinema Gore	5	D_sin_senal												indeterminado			1	Plunderphonics	4	EP:3; Single:1	portada_rym	con	2026-10-03 06:15:35	0		revisar_tipo	1 géneros: Plunderphonics | 4 discos propios	BD:public.artists+persons	pages/cinema-gore.json+.html(meta)		
/artist/velesa	Velesa	5	D_sin_senal												indeterminado			1	Latin Pop	2	Single:2	portada_rym	con	2026-10-03 16:00:00	1	«Nervios de acero» → álbum 14198 de «Irepelusa»	revisar_tipo	1 géneros: Latin Pop | 2 discos propios | discos ya en catálogo: «Nervios de acero» → álbum 14198 de «Irepelusa»	BD:public.artists+persons	pages/velesa.json+.html(meta)		
/artist/l-a-t	L A T	5	D_sin_senal												indeterminado			1	Trap	3	Album:1; EP:1; Single:1; Music video:1	portada_rym	con	2026-10-03 10:49:34	0		revisar_tipo	1 géneros: Trap | 3 discos propios	BD:public.artists+persons	pages/l-a-t.json+.html(meta)		
/artist/hxist	HXIST	5	D_sin_senal												indeterminado			1	Industrial Techno	6	Appears On:10; Single:3; EP:2; Album:1	portada_rym	con	2026-10-03 11:36:01	0		revisar_tipo	1 géneros: Industrial Techno | 6 discos propios	BD:public.artists+persons	pages/hxist.json+.html(meta)		
/artist/three-corners	Three Corners	5	D_sin_senal												indeterminado			1	Electronic	2	Appears On:3; Single:2	portada_rym	con	2026-10-03 18:23:09	0		revisar_tipo	1 géneros: Electronic | 2 discos propios	BD:public.artists+persons	pages/three-corners.json+.html(meta)		
/artist/sikozis	Sikozis	5	D_sin_senal												indeterminado			1	Cloud Rap	2	EP:1; Single:1	portada_rym	con	2026-10-03 15:44:36	0		revisar_tipo	1 géneros: Cloud Rap | 2 discos propios	BD:public.artists+persons	pages/sikozis.json+.html(meta)		
/artist/j_p_m_r	J.P.M.R	5	D_sin_senal												indeterminado			0		4	EP:2; Single:2	portada_rym	con	2026-10-03 08:16:29	1	«Romance» → álbum 8428 de «María Teresa Chacín»	revisar_tipo	4 discos propios | discos ya en catálogo: «Romance» → álbum 8428 de «María Teresa Chacín»	BD:public.artists+persons	pages/j_p_m_r.json+.html(meta)		
/artist/matter-5	Matter	5	D_sin_senal												indeterminado			2	Trap, Hip Hop	2	Single:2; Appears On:1	portada_rym	con	2026-10-03 17:29:37	0		revisar_tipo	2 géneros: Trap, Hip Hop | 2 discos propios	BD:public.artists+persons	pages/matter-5.json+.html(meta)		
/artist/high-drizzy	high drizzy	5	D_sin_senal												indeterminado			2	Trap, Plugg	1	Single:1; Appears On:1	portada_rym	con	2026-10-03 07:06:26	0		revisar_tipo	2 géneros: Trap, Plugg | 1 discos propios	BD:public.artists+persons	pages/high-drizzy.json+.html(meta)		
/artist/witchkings-of-angmar	Witchkings of Angmar	5	D_sin_senal												indeterminado			2	Dark Ambient, Dungeon Synth	1	EP:1	portada_rym	con	2026-10-03 15:45:33	0		revisar_tipo	2 géneros: Dark Ambient, Dungeon Synth | 1 discos propios	BD:public.artists+persons	pages/witchkings-of-angmar.json+.html(meta)		
/artist/ancestral-warchants	Ancestral Warchants	5	D_sin_senal												indeterminado			2	Ambient, Dungeon Synth	2	Album:1; Single:1	portada_rym	con	2026-10-03 18:02:24	0		revisar_tipo	2 géneros: Ambient, Dungeon Synth | 2 discos propios	BD:public.artists+persons	pages/ancestral-warchants.json+.html(meta)		
/artist/jessie24	Jessie24	5	D_sin_senal												indeterminado			0		2	EP:1; Single:1	portada_rym	con	2026-10-03 14:15:43	0		revisar_tipo	2 discos propios	BD:public.artists+persons	pages/jessie24.json+.html(meta)		
/artist/villa-6	Villa	5	D_sin_senal												indeterminado			1	Dream Pop	1	Album:1	portada_rym	con	2026-10-02 03:38:17	0		revisar_tipo	1 géneros: Dream Pop | 1 discos propios	BD:public.artists+persons	pages/villa-6.json+.html(meta)		
/artist/diego-barrios	Diego Barrios	5	D_sin_senal												indeterminado			1	Jazz	1	EP:1	portada_rym	con	2026-10-03 08:53:04	0		revisar_tipo	1 géneros: Jazz | 1 discos propios	BD:public.artists+persons	pages/diego-barrios.json+.html(meta)		
/artist/segunda-mano	Segunda mano	5	D_sin_senal												indeterminado			1	Post-Rock	4	EP:3; Album:1	portada_rym	con	2026-10-03 15:52:28	0		revisar_tipo	1 géneros: Post-Rock | 4 discos propios	BD:public.artists+persons	pages/segunda-mano.json+.html(meta)		
/artist/carrizal	Carrizal	5	D_sin_senal												indeterminado			1	Cloud Rap	2	EP:2; Appears On:1	portada_rym	con	2026-10-03 10:35:34	0		revisar_tipo	1 géneros: Cloud Rap | 2 discos propios	BD:public.artists+persons	pages/carrizal.json+.html(meta)		
/artist/leddy-manzano	Leddy Manzano	5	D_sin_senal												indeterminado			1	Latin Pop	1	V/A Compilation:3; Album:1	portada_rym	con	2026-10-03 14:45:15	0		revisar_tipo	1 géneros: Latin Pop | 1 discos propios	BD:public.artists+persons	pages/leddy-manzano.json+.html(meta)		
/artist/dibo-d	Dibo D	4	D_sin_senal												indeterminado			0		1	Album:1	portada_rym	con	2026-10-03 14:53:41	0		revisar_tipo	1 discos propios	BD:public.artists+persons	pages/dibo-d.json+.html(meta)		
/artist/scaper	Scäper	3	D_sin_senal												indeterminado			1	Dubstep	3	Appears On:10; EP:3; V/A Compilation:1	portada_rym	con	2026-10-03 09:30:56	0		revisar_tipo	1 géneros: Dubstep | 3 discos propios	BD:public.artists+persons	pages/scaper.json+.html(meta)		
/artist/gabio	Gabio	3	D_sin_senal												indeterminado			0		5	Single:5; Appears On:3	portada_rym	con	2026-10-03 10:50:10	0		revisar_tipo	5 discos propios	BD:public.artists+persons	pages/gabio.json+.html(meta)		
/artist/johnny-sunrise	Johnny Sunrise	3	D_sin_senal												indeterminado			1	Dream Pop	2	EP:1; Video:1	portada_rym	con	2026-10-03 12:30:12	0		revisar_tipo	1 géneros: Dream Pop | 2 discos propios	BD:public.artists+persons	pages/johnny-sunrise.json+.html(meta)		
/artist/pm-7	pm	3	D_sin_senal												indeterminado			0		26	Single:22; EP:2; DJ Mix:2	portada_rym	con	2026-10-03 09:29:50	0		revisar_tipo	26 discos propios	BD:public.artists+persons	pages/pm-7.json+.html(meta)		
/artist/anarcoguarachero	Anarcoguarachero	3	D_sin_senal												indeterminado			0		4	EP:4; Appears On:2	portada_rym	con	2026-10-03 06:03:26	0		revisar_tipo	4 discos propios	BD:public.artists+persons	pages/anarcoguarachero.json+.html(meta)		
/artist/la-comunidad-internacional	La Comunidad Internacional	3	D_sin_senal												indeterminado			1	Noise	1	EP:1	portada_rym	con	2026-10-02 03:37:03	0		revisar_tipo	1 géneros: Noise | 1 discos propios	BD:public.artists+persons	pages/la-comunidad-internacional.json+.html(meta)		
/artist/southkhand	Söuthkhänd	1	D_sin_senal												indeterminado			1	Trap	1	Single:1	portada_rym	con	2026-10-03 09:45:03	0		revisar_tipo	1 géneros: Trap | 1 discos propios	BD:public.artists+persons	pages/southkhand.json+.html(meta)		
/artist/marcelo-beroy	Marcelo Beroy	1	D_sin_senal												indeterminado			1	Traditional Folk Music	1	Album:1	portada_rym	con	2026-10-03 15:00:27	0		revisar_tipo	1 géneros: Traditional Folk Music | 1 discos propios	BD:public.artists+persons	pages/marcelo-beroy.json+.html(meta)		
/artist/rafael-mussett	Rafael Mussett	20	D_sin_senal							32223	Rafael Musset	alias	1.0	2026-10-02	indeterminado			0		0		sin_imagen	sin_evidencia	2026-10-03 17:18:24	0		alias_confirmado	persona alias→#32223 «Rafael Musset» (creado 2026-10-02) | ficha RYM stub (sin discografía ni foto)	BD:public.persons (consulta viva 2026-10-03, aliases+redirects)	pages/rafael-mussett.json+.html(meta)	alias creado sobre persona 32223 (OK de Brian 2026-10-04)	
/artist/acero_plastiko	Acero Plastiko	18	A_probable	acero plastico (sim 0.93, id 1620)	1620	Acero Plastico	alias	1.0	2026-09-13						banda		2001	0		1	Album:1	portada_rym	con	2026-10-03 14:48:57	1	«ContraSistema» → álbum 2926 de «Acero Plastico»	alias_confirmado	artista alias→#1620 «Acero Plastico» (creado 2026-09-13) | meta: formed 2001 | snippet: Members con instrumentos | 1 discos propios | discos ya en catálogo: «ContraSistema» → álbum 2926 de «Acero Plastico»	BD:public.artists (consulta viva 2026-10-03, aliases+redirects)	pages/acero_plastiko.json+.html(meta)	alias creado sobre artista 1620 (OK de Brian 2026-10-04)	
/artist/fredy-reyna	Fredy Reyna	14	D_sin_senal							2343	Freddy Reyna	alias	1.0	2026-09-13	persona_o_solista			0		1	Album:1; Appears On:1	portada_rym	con	2026-10-03 07:12:39	0		alias_confirmado	persona alias→#2343 «Freddy Reyna» (creado 2026-09-13) | meta: born (persona) | 1 discos propios	BD:public.persons (consulta viva 2026-10-03, aliases+redirects)	pages/fredy-reyna.json+.html(meta)	alias creado sobre persona 2343 (OK de Brian 2026-10-04)	
/artist/francisco-tejera	Francisco Tejera	7	D_sin_senal							20054	Francisco M. Tejera	alias	1.0	2026-10-02	persona_o_solista			0		0		sin_imagen	sin_evidencia	2026-10-03 18:22:40	0		alias_confirmado	persona alias→#20054 «Francisco M. Tejera» (creado 2026-10-02) | meta: born (persona) | ficha RYM stub (sin discografía ni foto)	BD:public.persons (consulta viva 2026-10-03, aliases+redirects)	pages/francisco-tejera.json+.html(meta)	alias creado sobre persona 20054 (OK de Brian 2026-10-04)	
/artist/la-banda-casablanca	La Banda Casablanca	6	A_probable	la banda de casablanca (sim 0.93, id 1404)	1404	La Banda de Casablanca	alias	1.0	2026-09-13						banda			1	Jazz-Rock	1	Album:1	portada_rym	con	2026-10-03 16:04:29	1	«El sueño» → álbum 2487 de «La Banda de Casablanca»	alias_confirmado	artista alias→#1404 «La Banda de Casablanca» (creado 2026-09-13) | snippet: Members con instrumentos | 1 géneros: Jazz-Rock | 1 discos propios | discos ya en catálogo: «El sueño» → álbum 2487 de «La Banda de Casablanca»	BD:public.artists (consulta viva 2026-10-03, aliases+redirects)	pages/la-banda-casablanca.json+.html(meta)	alias creado sobre artista 1404 (OK de Brian 2026-10-04)	
/artist/miguel-a-ferrer	Miguel A. Ferrer	5	D_sin_senal							3348	Miguel Ferrer	alias	1.0	2026-09-13	persona_o_solista			0		0		sin_imagen	sin_evidencia	2026-10-03 15:08:46	0		alias_confirmado	persona alias→#3348 «Miguel Ferrer» (creado 2026-09-13) | ficha RYM stub (sin discografía ni foto)	BD:public.persons (consulta viva 2026-10-03, aliases+redirects)	pages/miguel-a-ferrer.json+.html(meta)	alias creado sobre persona 3348 (OK de Brian 2026-10-04)	
/artist/aloisio	Aloisio	5	D_sin_senal							12252	Aloisi	alias	1.0	2026-09-22	persona_o_solista			1	Pop Rock	1	Single:1	portada_rym	con	2026-10-03 06:33:59	0		alias_confirmado	persona alias→#12252 «Aloisi» (creado 2026-09-22) | 1 géneros: Pop Rock | 1 discos propios	BD:public.persons (consulta viva 2026-10-03, aliases+redirects)	pages/aloisio.json+.html(meta)	alias creado sobre persona 12252 (OK de Brian 2026-10-04)	
/artist/neblinna	Neblinna	3	A_probable	neblina (sim 0.93, id 1831)	1831	Neblina	alias	1.0	2026-09-13	35802	Neblina	near	0.933	2026-10-02	persona_o_solista			0		2	Appears On:3; Single:2	portada_rym	con	2026-10-03 15:21:49	0		alias_confirmado	artista alias→#1831 «Neblina» (creado 2026-09-13) | persona near→#35802 «Neblina» (sim 0.933, creado 2026-10-02) | 2 discos propios	BD:public.artists (consulta viva 2026-10-03, aliases+redirects)	pages/neblinna.json+.html(meta)	alias creado sobre artista 1831 (OK de Brian 2026-10-04)	
/artist/carlos-huertas	Carlos Huertas	3	D_sin_senal							27138	Carlos Huerta	alias	1.0	2026-10-02	persona_o_solista			0		0		sin_imagen	sin_evidencia	2026-10-03 15:49:31	0		alias_confirmado	persona alias→#27138 «Carlos Huerta» (creado 2026-10-02) | meta: born (persona) | ficha RYM stub (sin discografía ni foto)	BD:public.persons (consulta viva 2026-10-03, aliases+redirects)	pages/carlos-huertas.json+.html(meta)	alias creado sobre persona 27138 (OK de Brian 2026-10-04)	
/artist/carlos-otero	Carlos Otero	26	D_sin_senal							5053	Carlos Romero	near	0.88	2026-09-13	persona_o_solista			1	Singer-Songwriter	22	Single:18; V/A Compilation:4; Album:3; EP:1; Appears On:1	portada_rym	con	2026-10-03 11:50:18	1	«International» → álbum 9066 de «Tambor Urbano»	sin_accion_confirmado	persona near→#5053 «Carlos Romero» (sim 0.88, creado 2026-09-13) | meta: born (persona) | 1 géneros: Singer-Songwriter | 22 discos propios | discos ya en catálogo: «International» → álbum 9066 de «Tambor Urbano»	BD:public.artists+persons (consulta viva 2026-10-03, aliases+redirects)	pages/carlos-otero.json+.html(meta)	verificado distinto (OK de Brian 2026-10-04)	
/artist/johnny-sedes	Johnny Sedes	25	D_sin_senal							1968	Johnny Sender	near	0.88	2026-09-13	persona_o_solista			0		3	V/A Compilation:5; Single:2; Album:1; Appears On:1	portada_rym	con	2026-10-03 15:51:39	0		sin_accion_confirmado	persona near→#1968 «Johnny Sender» (sim 0.88, creado 2026-09-13) | meta: born (persona) | 3 discos propios	BD:public.artists+persons (consulta viva 2026-10-03, aliases+redirects)	pages/johnny-sedes.json+.html(meta)	verificado distinto (OK de Brian 2026-10-04)	
/artist/edmundo-gonzalez	Edmundo González	23	D_sin_senal							21401	Eduardo González	near	0.875	2026-10-02	persona_o_solista			0		2	EP:1; Single:1	portada_rym	con	2026-10-03 13:53:54	0		sin_accion_confirmado	persona near→#21401 «Eduardo González» (sim 0.875, creado 2026-10-02) | meta: born (persona) | 2 discos propios	BD:public.artists+persons (consulta viva 2026-10-03, aliases+redirects)	pages/edmundo-gonzalez.json+.html(meta)	verificado distinto (OK de Brian 2026-10-04)	
/artist/los-jets	Los Jets	23	D_sin_senal							11866	Los Pets	near	0.875	2026-09-14	persona_o_solista			1	Salsa	1	Album:1	portada_rym	con	2026-10-03 09:32:05	0		sin_accion_confirmado	persona near→#11866 «Los Pets» (sim 0.875, creado 2026-09-14) | 1 géneros: Salsa | 1 discos propios	BD:public.artists+persons (consulta viva 2026-10-03, aliases+redirects)	pages/los-jets.json+.html(meta)	verificado distinto (OK de Brian 2026-10-04)	
/artist/paul_herrera	Paul Herrera	21	D_miembro_de:Anima Concordia|Bach Collegium Japan|La Petite Bande							39601	Pablo Herrera	near	0.88	2026-10-03	persona_miembro	Anima Concordia [fuera]; Bach Collegium Japan [fuera]; La Petite Bande [fuera]; Telemannisches Collegium Michaelstein [fuera]		0		0		sin_imagen	con	2026-10-03 15:27:42	0		sin_accion_confirmado	persona near→#39601 «Pablo Herrera» (sim 0.88, creado 2026-10-03) | snippet: Member of Anima Concordia [fuera]|Bach Collegium Japan [fuera]|La Petite Bande [fuera]|Telemannisches Collegium Michaelstein [fuera] | ficha RYM stub (sin discografía ni foto)	BD:public.artists+persons (consulta viva 2026-10-03, aliases+redirects)	pages/paul_herrera.json+.html(meta)	verificado distinto (OK de Brian 2026-10-04)	
/artist/living_death_f1	Living Death	20	B_near_miss_revisar	living dead (sim 0.87, id 596)	596	Living Dead	near	0.87	2026-09-13	5404	Living Dead	near	0.87	2026-09-13	banda		2008	0		1	EP:1	portada_rym	con	2026-10-03 09:58:12	1	«Muerto En Vida» → álbum 3239 de «Resistencia»	sin_accion_confirmado	artista near→#596 «Living Dead» (sim 0.87, creado 2026-09-13) | persona near→#5404 «Living Dead» (sim 0.87, creado 2026-09-13) | meta: formed 2008 | snippet: Members con instrumentos | 1 discos propios | discos ya en catálogo: «Muerto En Vida» → álbum 3239 de «Resistencia»	BD:public.artists+persons (consulta viva 2026-10-03, aliases+redirects)	pages/living_death_f1.json+.html(meta)	verificado distinto (OK de Brian 2026-10-04)	
/artist/jose_ignacio_cabrujas	José Ignacio Cabrujas	19	D_sin_senal							20437	José Ignacio Rojas	near	0.872	2026-10-02	persona_o_solista			1	Opera	1	Album:1	portada_rym	con	2026-10-03 06:52:18	0		sin_accion_confirmado	persona near→#20437 «José Ignacio Rojas» (sim 0.872, creado 2026-10-02) | meta: born (persona) | 1 géneros: Opera | 1 discos propios	BD:public.artists+persons (consulta viva 2026-10-03, aliases+redirects)	pages/jose_ignacio_cabrujas.json+.html(meta)	verificado distinto (OK de Brian 2026-10-04)	
/artist/carlos-ibanez	Carlos Ibañez	18	D_sin_senal							26025	Carlos Añez	near	0.917	2026-10-02	persona_o_solista			1	Indie Rock	2	Album:2	sin_imagen	con	2026-10-03 16:40:38	1	«Dreams» → álbum 4398 de «Raimundo Rodulfo»	sin_accion_confirmado	persona near→#26025 «Carlos Añez» (sim 0.917, creado 2026-10-02) | meta: born (persona) | 1 géneros: Indie Rock | 2 discos propios | discos ya en catálogo: «Dreams» → álbum 4398 de «Raimundo Rodulfo»	BD:public.artists+persons (consulta viva 2026-10-03, aliases+redirects)	pages/carlos-ibanez.json+.html(meta)	verificado distinto (OK de Brian 2026-10-04)	
/artist/decibeles	Decibeles	18	B_near_miss_revisar	decibel (sim 0.88, id 74)	74	Decibel	near	0.875	2026-09-11						banda		2021	2	Alternative Rock, Latin Alternative	1	EP:1	portada_rym	con	2026-10-03 10:33:03	1	«Espejo» → álbum 6219 de «Eliana Cuevas»	sin_accion_confirmado	artista near→#74 «Decibel» (sim 0.875, creado 2026-09-11) | meta: formed 2021 | snippet: Members con instrumentos | 2 géneros: Alternative Rock, Latin Alternative | 1 discos propios | discos ya en catálogo: «Espejo» → álbum 6219 de «Eliana Cuevas»	BD:public.artists+persons (consulta viva 2026-10-03, aliases+redirects)	pages/decibeles.json+.html(meta)	verificado distinto (OK de Brian 2026-10-04)	
/artist/los-sanos-1	Los Sanos	18	A_probable	los gusanos (sim 0.90, id 157)	157	Los Gusanos	near	0.9	2026-09-11	37024	Los Gusanos	near	0.9	2026-10-02	banda		2025	1	Midwest Emo	2	Additional release:2	sin_imagen	con	2026-10-03 10:34:06	0		sin_accion_confirmado	artista near→#157 «Los Gusanos» (sim 0.9, creado 2026-09-11) | persona near→#37024 «Los Gusanos» (sim 0.9, creado 2026-10-02) | meta: formed 2025 | snippet: Members con instrumentos | 1 géneros: Midwest Emo | 2 discos propios	BD:public.artists+persons (consulta viva 2026-10-03, aliases+redirects)	pages/los-sanos-1.json+.html(meta)	verificado distinto (OK de Brian 2026-10-04)	
/artist/felix-lara	Félix Lara	17	D_miembro_de:Lara Project							26785	Félix Lora	near	0.9	2026-10-02	persona_miembro	Lara Project [nuevo]		0		0		sin_imagen	con	2026-10-03 15:56:41	0		sin_accion_confirmado	persona near→#26785 «Félix Lora» (sim 0.9, creado 2026-10-02) | snippet: Member of Lara Project [nuevo] | ficha RYM stub (sin discografía ni foto)	BD:public.artists+persons (consulta viva 2026-10-03, aliases+redirects)	pages/felix-lara.json+.html(meta)	verificado distinto (OK de Brian 2026-10-04)	
/artist/elik-alvarez	Elik Álvarez	15	D_sin_senal							5438	Eligo Alvarez	near	0.88	2026-09-13	persona_o_solista			0		2	Album:2	portada_rym	con	2026-10-03 10:39:41	0		sin_accion_confirmado	persona near→#5438 «Eligo Alvarez» (sim 0.88, creado 2026-09-13) | meta: born (persona) | 2 discos propios	BD:public.artists+persons (consulta viva 2026-10-03, aliases+redirects)	pages/elik-alvarez.json+.html(meta)	verificado distinto (OK de Brian 2026-10-04)	
/artist/leo-pineda	Leo Pineda	15	D_miembro_de:Breixa Band|La Fórmula							30209	L. Pineda	near	0.889	2026-10-02	persona_miembro	Breixa Band [fuera]; La Fórmula [fuera]		0		0		sin_imagen	con	2026-10-03 09:04:32	0		sin_accion_confirmado	persona near→#30209 «L. Pineda» (sim 0.889, creado 2026-10-02) | snippet: Member of Breixa Band [fuera]|La Fórmula [fuera] | ficha RYM stub (sin discografía ni foto)	BD:public.artists+persons (consulta viva 2026-10-03, aliases+redirects)	pages/leo-pineda.json+.html(meta)	verificado distinto (OK de Brian 2026-10-04)	
/artist/lunar_f1	Lunar	12	B_near_miss_revisar	luar (sim 0.89, id 469)	469	Luar	near	0.889	2026-09-13						persona_miembro	Oil for Food [fuera]; FLN [fuera]		0		1	Single:1	portada_rym	con	2026-10-03 06:51:44	0		sin_accion_confirmado	artista near→#469 «Luar» (sim 0.889, creado 2026-09-13) | meta: born (persona) | snippet: Member of Oil for Food [fuera]|FLN [fuera] | 1 discos propios	BD:public.artists+persons (consulta viva 2026-10-03, aliases+redirects)	pages/lunar_f1.json+.html(meta)	verificado distinto (OK de Brian 2026-10-04)	
/artist/william-sarquiz	William Sarquiz	11	D_sin_senal							4791	William Ruiz	near	0.889	2026-09-13	persona_o_solista			0		3	Album:2; Single:1	portada_rym	con	2026-10-03 10:07:40	0		sin_accion_confirmado	persona near→#4791 «William Ruiz» (sim 0.889, creado 2026-09-13) | 3 discos propios	BD:public.artists+persons (consulta viva 2026-10-03, aliases+redirects)	pages/william-sarquiz.json+.html(meta)	verificado distinto (OK de Brian 2026-10-04)	
/artist/vitico-castillo	Vitico Castillo	10	D_sin_senal		3370	Victor Castillo	near	0.867	2026-10-02	2119	Victor Castillo	near	0.867	2026-09-13	persona_o_solista			1	Joropo	2	Album:2	sin_imagen	con	2026-10-03 07:59:23	0		sin_accion_confirmado	artista near→#3370 «Victor Castillo» (sim 0.867, creado 2026-10-02) | persona near→#2119 «Victor Castillo» (sim 0.867, creado 2026-09-13) | meta: born (persona) | 1 géneros: Joropo | 2 discos propios	BD:public.artists+persons (consulta viva 2026-10-03, aliases+redirects)	pages/vitico-castillo.json+.html(meta)	verificado distinto (OK de Brian 2026-10-04)	
/artist/lorenzo_gonzalez	Lorenzo González	9	D_sin_senal							13099	Lorena González	near	0.903	2026-09-22	persona_o_solista			0		7	V/A Compilation:7; EP:6; Single:1	portada_rym	con	2026-10-03 15:27:29	0		sin_accion_confirmado	persona near→#13099 «Lorena González» (sim 0.903, creado 2026-09-22) | meta: born (persona) | 7 discos propios	BD:public.artists+persons (consulta viva 2026-10-03, aliases+redirects)	pages/lorenzo_gonzalez.json+.html(meta)	verificado distinto (OK de Brian 2026-10-04)	
/artist/marrom-fernandez	Marrom Fernández	9	D_sin_senal							3357	Mario Fernández	near	0.903	2026-09-13	indeterminado			0		1	Album:1; Appears On:1	portada_rym	con	2026-10-03 18:20:51	0		sin_accion_confirmado	persona near→#3357 «Mario Fernández» (sim 0.903, creado 2026-09-13) | 1 discos propios	BD:public.artists+persons (consulta viva 2026-10-03, aliases+redirects)	pages/marrom-fernandez.json+.html(meta)	verificado distinto (OK de Brian 2026-10-04)	
/artist/edgar_ramirez	Édgar Ramírez	9	D_sin_senal		3943	Edward Ramírez	near	0.889	2026-10-02	930	Edward Ramírez	near	0.889	2026-09-13	persona_o_solista			0		0	Appears On:2	sin_imagen	sin_evidencia	2026-10-03 06:34:46	0		sin_accion_confirmado	artista near→#3943 «Edward Ramírez» (sim 0.889, creado 2026-10-02) | persona near→#930 «Edward Ramírez» (sim 0.889, creado 2026-09-13) | meta: born (persona)	BD:public.artists+persons (consulta viva 2026-10-03, aliases+redirects)	pages/edgar_ramirez.json+.html(meta)	verificado distinto (OK de Brian 2026-10-04)	
/artist/francisco-vieira	Francisco Vieira	8	D_sin_senal							6791	Francisco Vielma	near	0.875	2026-09-13	indeterminado			1	Electronic Dance Music	1	Single:1; Appears On:1	portada_rym	con	2026-10-03 08:47:01	0		sin_accion_confirmado	persona near→#6791 «Francisco Vielma» (sim 0.875, creado 2026-09-13) | 1 géneros: Electronic Dance Music | 1 discos propios	BD:public.artists+persons (consulta viva 2026-10-03, aliases+redirects)	pages/francisco-vieira.json+.html(meta)	verificado distinto (OK de Brian 2026-10-04)	
/artist/arabella-1	Arabella	7	D_sin_senal							3607	Anabella	near	0.875	2026-09-13	persona_o_solista			1	Salsa	4	Album:4; V/A Compilation:1	portada_rym	con	2026-10-03 15:22:43	0		sin_accion_confirmado	persona near→#3607 «Anabella» (sim 0.875, creado 2026-09-13) | 1 géneros: Salsa | 4 discos propios	BD:public.artists+persons (consulta viva 2026-10-03, aliases+redirects)	pages/arabella-1.json+.html(meta)	verificado distinto (OK de Brian 2026-10-04)	
/artist/sebastian-rivero	Sebastian Rivero	7	D_sin_senal							15112	Sebastián Romero	near	0.875	2026-10-01	indeterminado			1	Afro House	1	Appears On:2; EP:1	portada_rym	con	2026-10-03 15:11:59	0		sin_accion_confirmado	persona near→#15112 «Sebastián Romero» (sim 0.875, creado 2026-10-01) | 1 géneros: Afro House | 1 discos propios	BD:public.artists+persons (consulta viva 2026-10-03, aliases+redirects)	pages/sebastian-rivero.json+.html(meta)	verificado distinto (OK de Brian 2026-10-04)	
/artist/lela-1	Lela	7	B_near_miss_revisar	leyla (sim 0.89, id 1667)	1667	Leyla	near	0.889	2026-09-13						indeterminado			0		2	Single:2	portada_rym	con	2026-10-03 15:17:39	0		sin_accion_confirmado	artista near→#1667 «Leyla» (sim 0.889, creado 2026-09-13) | 2 discos propios	BD:public.artists+persons (consulta viva 2026-10-03, aliases+redirects)	pages/lela-1.json+.html(meta)	verificado distinto (OK de Brian 2026-10-04)	
/artist/luis-g-tovar	Luis G. Tovar	7	D_sin_senal							15198	Luis Tovar	near	0.909	2026-10-01	persona_o_solista			0		10	Album:7; Single:3; Appears On:1	portada_rym	con	2026-10-03 16:29:35	1	«Te amaré» → álbum 7496 de «Los Terrícolas»	sin_accion_confirmado	persona near→#15198 «Luis Tovar» (sim 0.909, creado 2026-10-01) | meta: born (persona) | 10 discos propios | discos ya en catálogo: «Te amaré» → álbum 7496 de «Los Terrícolas»	BD:public.artists+persons (consulta viva 2026-10-03, aliases+redirects)	pages/luis-g-tovar.json+.html(meta)	verificado distinto (OK de Brian 2026-10-04)	
/artist/chelo-rodriguez	Chelo Rodríguez	7	D_sin_senal							33287	Cecilio Rodríguez	near	0.875	2026-10-02	persona_o_solista			0		0		sin_imagen	sin_evidencia	2026-10-03 17:31:34	0		sin_accion_confirmado	persona near→#33287 «Cecilio Rodríguez» (sim 0.875, creado 2026-10-02) | meta: born (persona) | ficha RYM stub (sin discografía ni foto)	BD:public.artists+persons (consulta viva 2026-10-03, aliases+redirects)	pages/chelo-rodriguez.json+.html(meta)	verificado distinto (OK de Brian 2026-10-04)	
/artist/romulo-guardia	Rómulo Guardia	7	D_sin_senal							31802	Rómulo García	near	0.889	2026-10-02	persona_o_solista			0		0		sin_imagen	sin_evidencia	2026-10-03 11:45:10	0		sin_accion_confirmado	persona near→#31802 «Rómulo García» (sim 0.889, creado 2026-10-02) | meta: born (persona) | ficha RYM stub (sin discografía ni foto)	BD:public.artists+persons (consulta viva 2026-10-03, aliases+redirects)	pages/romulo-guardia.json+.html(meta)	verificado distinto (OK de Brian 2026-10-04)	
/artist/ane-diaz	Ane Díaz	7	D_miembro_de:The Causey Way							27630	Angel Díaz	near	0.889	2026-10-02	persona_miembro	The Causey Way [fuera]		0		1	Album:1	portada_rym	con	2026-10-03 15:14:18	0		sin_accion_confirmado	persona near→#27630 «Angel Díaz» (sim 0.889, creado 2026-10-02) | snippet: Member of The Causey Way [fuera] | 1 discos propios	BD:public.artists+persons (consulta viva 2026-10-03, aliases+redirects)	pages/ane-diaz.json+.html(meta)	verificado distinto (OK de Brian 2026-10-04)	
/artist/yolanda-rios	Yolanda Ríos	7	D_sin_senal							3399	Yolanda Rojas	near	0.88	2026-09-13	persona_o_solista			0		0		sin_imagen	sin_evidencia	2026-10-03 14:58:30	0		sin_accion_confirmado	persona near→#3399 «Yolanda Rojas» (sim 0.88, creado 2026-09-13) | meta: born (persona) | ficha RYM stub (sin discografía ni foto)	BD:public.artists+persons (consulta viva 2026-10-03, aliases+redirects)	pages/yolanda-rios.json+.html(meta)	verificado distinto (OK de Brian 2026-10-04)	
/artist/el-pricto	El Pricto	7	B_near_miss_revisar	el prieto (sim 0.89, id 1596)	1596	El Prieto	near	0.889	2026-09-13	16934	El Prieto	near	0.889	2026-10-01	persona_miembro	Chaosophy [fuera]; Discordian Community Ensemble [fuera]; Elder Space Bankers [fuera]; Filthy Habits Ensemble [fuera]; General Lud [fuera]		1	Jazz	11	Album:9; Live Album:2; Appears On:1	portada_rym	con	2026-10-03 16:36:43	1	«Caverna» → álbum 5420 de «Mortaless»	sin_accion_confirmado	artista near→#1596 «El Prieto» (sim 0.889, creado 2026-09-13) | persona near→#16934 «El Prieto» (sim 0.889, creado 2026-10-01) | meta: born (persona) | snippet: Member of Chaosophy [fuera]|Discordian Community Ensemble [fuera]|Elder Space Bankers [fuera]|Filthy Habits Ensemble [fuera]|General Lud [fuera] | 1 géneros: Jazz | 11 discos propios | discos ya en catálogo: «Caverna» → álbum 5420 de «Mortaless»	BD:public.artists+persons (consulta viva 2026-10-03, aliases+redirects)	pages/el-pricto.json+.html(meta)	verificado distinto (OK de Brian 2026-10-04)	
/artist/daniel-huen	Daniel Huen	7	D_sin_senal							33520	Daniel Cohen	near	0.87	2026-10-02	persona_o_solista			0		0	Appears On:2	sin_imagen	sin_evidencia	2026-10-03 15:03:33	0		sin_accion_confirmado	persona near→#33520 «Daniel Cohen» (sim 0.87, creado 2026-10-02) | meta: born (persona)	BD:public.artists+persons (consulta viva 2026-10-03, aliases+redirects)	pages/daniel-huen.json+.html(meta)	verificado distinto (OK de Brian 2026-10-04)	
/artist/juancho-rois	Juancho Rois	7	D_sin_senal							29204	Juan H. Rois	near	0.87	2026-10-02	persona_o_solista			1	Vallenato	9	Album:9; Appears On:1	portada_rym	con	2026-10-03 18:12:19	0		sin_accion_confirmado	persona near→#29204 «Juan H. Rois» (sim 0.87, creado 2026-10-02) | meta: born (persona) | 1 géneros: Vallenato | 9 discos propios	BD:public.artists+persons (consulta viva 2026-10-03, aliases+redirects)	pages/juancho-rois.json+.html(meta)	verificado distinto (OK de Brian 2026-10-04)	
/artist/manuel-rocca	Manuel Rocca	7	D_sin_senal							27955	Manuel Rocha	near	0.917	2026-10-02	persona_o_solista			1	Trance	1	Appears On:2; Single:1	portada_rym	con	2026-10-03 06:46:28	0		sin_accion_confirmado	persona near→#27955 «Manuel Rocha» (sim 0.917, creado 2026-10-02) | meta: born (persona) | 1 géneros: Trance | 1 discos propios	BD:public.artists+persons (consulta viva 2026-10-03, aliases+redirects)	pages/manuel-rocca.json+.html(meta)	verificado distinto (OK de Brian 2026-10-04)	
/artist/osmer-hernandez	Osmer Hernández	7	D_sin_senal							23206	Omar Hernandez	near	0.897	2026-10-02	persona_o_solista			3	Ambient, Dark Ambient, MIDI Music	1	Album:1	portada_rym	con	2026-10-03 16:47:42	0		sin_accion_confirmado	persona near→#23206 «Omar Hernandez» (sim 0.897, creado 2026-10-02) | meta: born (persona) | 3 géneros: Ambient, Dark Ambient, MIDI Music | 1 discos propios	BD:public.artists+persons (consulta viva 2026-10-03, aliases+redirects)	pages/osmer-hernandez.json+.html(meta)	verificado distinto (OK de Brian 2026-10-04)	
/artist/juan-r-berbin	Juan R. Berbín	6	D_miembro_de:Seward							32802	Juan Berbín	near	0.917	2026-10-02	persona_miembro	Seward [fuera]		0		2	Album:1; Single:1; Appears On:1	portada_rym	con	2026-10-03 14:12:45	0		sin_accion_confirmado	persona near→#32802 «Juan Berbín» (sim 0.917, creado 2026-10-02) | meta: born (persona) | snippet: Member of Seward [fuera] | 2 discos propios	BD:public.artists+persons (consulta viva 2026-10-03, aliases+redirects)	pages/juan-r-berbin.json+.html(meta)	verificado distinto (OK de Brian 2026-10-04)	
/artist/francisco_gozon	Francisco Gózon	6	D_sin_senal							12236	Francisco Gómez	near	0.867	2026-09-14	persona_o_solista			0		0	Appears On:1	sin_imagen	sin_evidencia	2026-10-03 13:57:49	0		sin_accion_confirmado	persona near→#12236 «Francisco Gómez» (sim 0.867, creado 2026-09-14) | meta: born (persona)	BD:public.artists+persons (consulta viva 2026-10-03, aliases+redirects)	pages/francisco_gozon.json+.html(meta)	verificado distinto (OK de Brian 2026-10-04)	
/artist/daniel_valledor	Daniel Valledor	6	D_sin_senal							6870	Daniel Vallejos	near	0.867	2026-09-13	persona_o_solista			0		0		sin_imagen	sin_evidencia	2026-10-03 17:54:10	0		sin_accion_confirmado	persona near→#6870 «Daniel Vallejos» (sim 0.867, creado 2026-09-13) | meta: born (persona) | ficha RYM stub (sin discografía ni foto)	BD:public.artists+persons (consulta viva 2026-10-03, aliases+redirects)	pages/daniel_valledor.json+.html(meta)	verificado distinto (OK de Brian 2026-10-04)	
/artist/sola	Sola	6	B_near_miss_revisar	solea (sim 0.89, id 279)	279	Soleà	near	0.889	2026-09-13	3154	Soleá	near	0.889	2026-09-13	persona_o_solista			2	Canción melódica, Psychedelic Soul	4	Album:3; Single:1; Appears On:1; V/A Compilation:1	portada_rym	con	2026-10-03 08:15:50	1	«Sola» → álbum 5818 de «Daniela Padrón»	sin_accion_confirmado	artista near→#279 «Soleà» (sim 0.889, creado 2026-09-13) | persona near→#3154 «Soleá» (sim 0.889, creado 2026-09-13) | meta: born (persona) | 2 géneros: Canción melódica, Psychedelic Soul | 4 discos propios | discos ya en catálogo: «Sola» → álbum 5818 de «Daniela Padrón»	BD:public.artists+persons (consulta viva 2026-10-03, aliases+redirects)	pages/sola.json+.html(meta)	verificado distinto (OK de Brian 2026-10-04)	
/artist/john-w-moore	John W. Moore	6	D_miembro_de:Johnny Moore & The Phantoms							26298	John Moore	near	0.909	2026-10-02	persona_miembro	Johnny Moore & The Phantoms [fuera]		1	Folk	1	Single:1	portada_rym	con	2026-10-03 08:13:25	0		sin_accion_confirmado	persona near→#26298 «John Moore» (sim 0.909, creado 2026-10-02) | snippet: Member of Johnny Moore & The Phantoms [fuera] | 1 géneros: Folk | 1 discos propios	BD:public.artists+persons (consulta viva 2026-10-03, aliases+redirects)	pages/john-w-moore.json+.html(meta)	verificado distinto (OK de Brian 2026-10-04)	
/artist/nando	Nando	6	B_near_miss_revisar	nano (sim 0.89, id 2812)	2812	Nano	near	0.889	2026-09-24	449	Nano	near	0.889	2026-09-13	persona_miembro	Men Vision [fuera]; T.O.T.B. [fuera]		0		1	Single:1; V/A Compilation:1	portada_rym	con	2026-10-03 15:31:53	0		sin_accion_confirmado	artista near→#2812 «Nano» (sim 0.889, creado 2026-09-24) | persona near→#449 «Nano» (sim 0.889, creado 2026-09-13) | snippet: Member of Men Vision [fuera]|T.O.T.B. [fuera] | 1 discos propios	BD:public.artists+persons (consulta viva 2026-10-03, aliases+redirects)	pages/nando.json+.html(meta)	verificado distinto (OK de Brian 2026-10-04)	
/artist/aggression-4	Aggression	6	B_near_miss_revisar	agresion (sim 0.89, id 37)	37	Agresión	near	0.889	2026-09-11						banda		2010	1	Thrash Metal	1	Album:1; Music video:1	portada_rym	con	2026-10-03 06:46:18	0		sin_accion_confirmado	artista near→#37 «Agresión» (sim 0.889, creado 2026-09-11) | meta: formed 2010 | snippet: Members con instrumentos | 1 géneros: Thrash Metal | 1 discos propios	BD:public.artists+persons (consulta viva 2026-10-03, aliases+redirects)	pages/aggression-4.json+.html(meta)	verificado distinto (OK de Brian 2026-10-04)	
/artist/gabriela-vergara	Gabriela Vergara	5	D_sin_senal							6417	Gabriela Serra	near	0.867	2026-09-13	persona_o_solista			0		0		sin_imagen	sin_evidencia	2026-10-03 15:55:16	0		sin_accion_confirmado	persona near→#6417 «Gabriela Serra» (sim 0.867, creado 2026-09-13) | meta: born (persona) | ficha RYM stub (sin discografía ni foto)	BD:public.artists+persons (consulta viva 2026-10-03, aliases+redirects)	pages/gabriela-vergara.json+.html(meta)	verificado distinto (OK de Brian 2026-10-04)	
/artist/jose-taboada	José Taboada	5	D_sin_senal							29892	José Tabata	near	0.87	2026-10-02	persona_o_solista			0		0		sin_imagen	sin_evidencia	2026-10-03 15:44:04	0		sin_accion_confirmado	persona near→#29892 «José Tabata» (sim 0.87, creado 2026-10-02) | meta: born (persona) | ficha RYM stub (sin discografía ni foto)	BD:public.artists+persons (consulta viva 2026-10-03, aliases+redirects)	pages/jose-taboada.json+.html(meta)	verificado distinto (OK de Brian 2026-10-04)	
/artist/alejandro-nones	Alejandro Nones	5	D_sin_senal							3174	Alejandro Conde	near	0.867	2026-09-13	persona_o_solista			0		0		sin_imagen	sin_evidencia	2026-10-03 14:50:23	0		sin_accion_confirmado	persona near→#3174 «Alejandro Conde» (sim 0.867, creado 2026-09-13) | meta: born (persona) | ficha RYM stub (sin discografía ni foto)	BD:public.artists+persons (consulta viva 2026-10-03, aliases+redirects)	pages/alejandro-nones.json+.html(meta)	verificado distinto (OK de Brian 2026-10-04)	
/artist/alejandro-molinari	Alejandro Molinari	5	D_sin_senal							14962	Alejandro Colina	near	0.882	2026-10-01	persona_o_solista			1	Electronic	7	Appears On:4; EP:3; Single:3; DJ Mix:1	portada_rym	con	2026-10-03 17:04:44	1	«Caracas De Noche» → álbum 9445 de «Aldemaro Romero»	sin_accion_confirmado	persona near→#14962 «Alejandro Colina» (sim 0.882, creado 2026-10-01) | meta: born (persona) | 1 géneros: Electronic | 7 discos propios | discos ya en catálogo: «Caracas De Noche» → álbum 9445 de «Aldemaro Romero»	BD:public.artists+persons (consulta viva 2026-10-03, aliases+redirects)	pages/alejandro-molinari.json+.html(meta)	verificado distinto (OK de Brian 2026-10-04)	
/artist/carolina-marconi	Carolina Marconi	5	D_sin_senal							33486	Carolina Marcano	near	0.875	2026-10-02	persona_o_solista			0		2	Single:2	portada_rym	con	2026-10-03 15:16:40	0		sin_accion_confirmado	persona near→#33486 «Carolina Marcano» (sim 0.875, creado 2026-10-02) | meta: born (persona) | 2 discos propios	BD:public.artists+persons (consulta viva 2026-10-03, aliases+redirects)	pages/carolina-marconi.json+.html(meta)	verificado distinto (OK de Brian 2026-10-04)	
/artist/gabriel-aguero	Gabriel Agüero	5	D_sin_senal							8487	Gabriel Guerrero	near	0.867	2026-09-13	persona_o_solista			0		0		sin_imagen	sin_evidencia	2026-10-03 13:57:03	0		sin_accion_confirmado	persona near→#8487 «Gabriel Guerrero» (sim 0.867, creado 2026-09-13) | meta: born (persona) | ficha RYM stub (sin discografía ni foto)	BD:public.artists+persons (consulta viva 2026-10-03, aliases+redirects)	pages/gabriel-aguero.json+.html(meta)	verificado distinto (OK de Brian 2026-10-04)	
/artist/augusto-bracho	Augusto Bracho	5	C_miembro_de_banda_catalogo	Bacalao Men|Cabezón Key|Cunaguaro Soul						31289	Augusto Braca	near	0.889	2026-10-02	persona_miembro	Bacalao Men [cat]; Cabezón Key [cat]; El Conjunto [fuera]; Cunaguaro Soul [cat]; Raúl Monsalve y Los For [fuera]		4	Joropo, Hispanic American Folk Music, Singer-Songwriter, Bolero	4	Album:3; Appears On:2; EP:1	portada_rym	con	2026-10-03 16:04:07	1	«Música moderna» → álbum 152 de «Circo Urbano»	sin_accion_confirmado	persona near→#31289 «Augusto Braca» (sim 0.889, creado 2026-10-02) | meta: born (persona) | snippet: Member of Bacalao Men [cat]|Cabezón Key [cat]|El Conjunto [fuera]|Cunaguaro Soul [cat]|Raúl Monsalve y Los For [fuera] | 4 géneros: Joropo, Hispanic American Folk Music, Singer-Songwriter | 4 discos propios | discos ya en catálogo: «Música moderna» → álbum 152 de «Circo Urbano»	BD:public.artists+persons (consulta viva 2026-10-03, aliases+redirects)	pages/augusto-bracho.json+.html(meta)	verificado distinto (OK de Brian 2026-10-04)	
/artist/alexander-da-silva	Alexander da Silva	5	D_sin_senal							16043	Alexander Silva	near	0.909	2026-10-01	persona_o_solista			0		0		sin_imagen	sin_evidencia	2026-10-03 07:06:16	0		sin_accion_confirmado	persona near→#16043 «Alexander Silva» (sim 0.909, creado 2026-10-01) | meta: born (persona) | ficha RYM stub (sin discografía ni foto)	BD:public.artists+persons (consulta viva 2026-10-03, aliases+redirects)	pages/alexander-da-silva.json+.html(meta)	verificado distinto (OK de Brian 2026-10-04)	
/artist/joshua-dos-santos	Joshua Dos Santos	5	D_sin_senal							1919	Joan Dos Santos	near	0.875	2026-09-13	persona_o_solista			1	Classical Music	1	Live Album:1	portada_rym	con	2026-10-03 14:41:43	0		sin_accion_confirmado	persona near→#1919 «Joan Dos Santos» (sim 0.875, creado 2026-09-13) | meta: born (persona) | 1 géneros: Classical Music | 1 discos propios	BD:public.artists+persons (consulta viva 2026-10-03, aliases+redirects)	pages/joshua-dos-santos.json+.html(meta)	verificado distinto (OK de Brian 2026-10-04)	
/artist/gabriel-peraza	Gabriel Peraza	5	D_miembro_de:Electrologues|Sphair|Unmapped							17665	Gabriel Pérez	near	0.889	2026-10-01	persona_miembro	Electrologues [fuera]; Sphair [fuera]; Unmapped [fuera]		0		0		sin_imagen	con	2026-10-03 12:25:44	0		sin_accion_confirmado	persona near→#17665 «Gabriel Pérez» (sim 0.889, creado 2026-10-01) | meta: born (persona) | snippet: Member of Electrologues [fuera]|Sphair [fuera]|Unmapped [fuera] | ficha RYM stub (sin discografía ni foto)	BD:public.artists+persons (consulta viva 2026-10-03, aliases+redirects)	pages/gabriel-peraza.json+.html(meta)	verificado distinto (OK de Brian 2026-10-04)	
/artist/gaby-espino	Gaby Espino	5	D_sin_senal							24955	Gaby Espinoza	near	0.917	2026-10-02	persona_o_solista			0		0		sin_imagen	sin_evidencia	2026-10-03 08:58:43	0		sin_accion_confirmado	persona near→#24955 «Gaby Espinoza» (sim 0.917, creado 2026-10-02) | meta: born (persona) | ficha RYM stub (sin discografía ni foto)	BD:public.artists+persons (consulta viva 2026-10-03, aliases+redirects)	pages/gaby-espino.json+.html(meta)	verificado distinto (OK de Brian 2026-10-04)	
/artist/andrea-ferrero	Andrea Ferrero	5	D_sin_senal							19622	Andrés Ferrer	near	0.889	2026-10-02	persona_o_solista			0		1	Single:1	portada_rym	con	2026-10-03 16:46:44	0		sin_accion_confirmado	persona near→#19622 «Andrés Ferrer» (sim 0.889, creado 2026-10-02) | meta: born (persona) | 1 discos propios	BD:public.artists+persons (consulta viva 2026-10-03, aliases+redirects)	pages/andrea-ferrero.json+.html(meta)	verificado distinto (OK de Brian 2026-10-04)	
/artist/ray-romero	Ray Romero	5	D_miembro_de:Orquesta La Recopilacion							33092	R.A. Romero	near	0.9	2026-10-02	persona_miembro	Orquesta La Recopilacion [cat]		0		0		sin_imagen	con	2026-10-03 10:19:12	0		sin_accion_confirmado	persona near→#33092 «R.A. Romero» (sim 0.9, creado 2026-10-02) | meta: born (persona) | snippet: Member of Orquesta La Recopilacion [cat] | ficha RYM stub (sin discografía ni foto)	BD:public.artists+persons (consulta viva 2026-10-03, aliases+redirects)	pages/ray-romero.json+.html(meta)	verificado distinto (OK de Brian 2026-10-04)	
/artist/manuel-alvarado	Manuel Alvarado	5	D_sin_senal							21214	Miguel Alvarado	near	0.867	2026-10-02	persona_o_solista			0		1	Album:1	sin_imagen	con	2026-10-03 11:31:33	0		sin_accion_confirmado	persona near→#21214 «Miguel Alvarado» (sim 0.867, creado 2026-10-02) | meta: born (persona) | 1 discos propios	BD:public.artists+persons (consulta viva 2026-10-03, aliases+redirects)	pages/manuel-alvarado.json+.html(meta)	verificado distinto (OK de Brian 2026-10-04)	
/artist/zzeta	Zzeta	5	B_near_miss_revisar	zeta (sim 0.89, id 459)	459	Zeta	near	0.889	2026-09-13						indeterminado			2	Trap, Cloud Rap	8	Single:8	portada_rym	con	2026-10-03 14:05:11	1	«Aguacero» → álbum 8858 de «Pomarrosa»	sin_accion_confirmado	artista near→#459 «Zeta» (sim 0.889, creado 2026-09-13) | 2 géneros: Trap, Cloud Rap | 8 discos propios | discos ya en catálogo: «Aguacero» → álbum 8858 de «Pomarrosa»	BD:public.artists+persons (consulta viva 2026-10-03, aliases+redirects)	pages/zzeta.json+.html(meta)	verificado distinto (OK de Brian 2026-10-04)	
/artist/lucia-orozco	Lucía Orozco	5	D_sin_senal							14429	Luis Orozco	near	0.87	2026-10-01	indeterminado			0		0		sin_imagen	sin_evidencia	2026-10-03 13:30:34	0		sin_accion_confirmado	persona near→#14429 «Luis Orozco» (sim 0.87, creado 2026-10-01) | ficha RYM stub (sin discografía ni foto)	BD:public.artists+persons (consulta viva 2026-10-03, aliases+redirects)	pages/lucia-orozco.json+.html(meta)	verificado distinto (OK de Brian 2026-10-04)	
/artist/franklin-paz	Franklin Paz	3	D_miembro_de:Orquesta la Combinación							7677	Franklin Díaz	near	0.88	2026-09-13	persona_miembro	Orquesta la Combinación [cat]		0		0		sin_imagen	con	2026-10-03 09:51:22	0		sin_accion_confirmado	persona near→#7677 «Franklin Díaz» (sim 0.88, creado 2026-09-13) | snippet: Member of Orquesta la Combinación [cat] | ficha RYM stub (sin discografía ni foto)	BD:public.artists+persons (consulta viva 2026-10-03, aliases+redirects)	pages/franklin-paz.json+.html(meta)	verificado distinto (OK de Brian 2026-10-04)	
/artist/yonys-flores	Yonys Flores	3	D_miembro_de:Expresión Zuliana|Guaco|Rincón Morales							24946	Yonis Flores	near	0.917	2026-10-02	persona_miembro	Expresión Zuliana [fuera]; Guaco [cat]; Rincón Morales [cat]; Los Sabrosos [fuera]		0		0		sin_imagen	con	2026-10-03 06:22:27	0		sin_accion_confirmado	persona near→#24946 «Yonis Flores» (sim 0.917, creado 2026-10-02) | meta: born (persona) | snippet: Member of Expresión Zuliana [fuera]|Guaco [cat]|Rincón Morales [cat]|Los Sabrosos [fuera] | ficha RYM stub (sin discografía ni foto)	BD:public.artists+persons (consulta viva 2026-10-03, aliases+redirects)	pages/yonys-flores.json+.html(meta)	verificado distinto (OK de Brian 2026-10-04)	
/artist/omar-acedo	Omar Acedo	3	D_sin_senal							27164	Omar Salcedo	near	0.909	2026-10-02	persona_o_solista			0		5	Album:3; Live Album:1; Single:1	portada_rym	con	2026-10-03 13:19:52	0		sin_accion_confirmado	persona near→#27164 «Omar Salcedo» (sim 0.909, creado 2026-10-02) | meta: born (persona) | 5 discos propios	BD:public.artists+persons (consulta viva 2026-10-03, aliases+redirects)	pages/omar-acedo.json+.html(meta)	verificado distinto (OK de Brian 2026-10-04)	
/artist/roman-chalbaud	Román Chalbaud	39	D_sin_senal												persona_o_solista			0		0		sin_imagen	sin_evidencia	2026-10-03 10:33:29	0		descartado	meta: born (persona) | ficha RYM stub (sin discografía ni foto)	BD:public.artists+persons	pages/roman-chalbaud.json+.html(meta)	descartado sin alta (OK de Brian 2026-10-04)	
/artist/amador-bendayan	Amador Bendayán	38	D_sin_senal												persona_o_solista			0		0	Appears On:1	sin_imagen	sin_evidencia	2026-10-03 06:20:12	0		descartado	meta: born (persona)	BD:public.artists+persons	pages/amador-bendayan.json+.html(meta)	descartado sin alta (OK de Brian 2026-10-04)	
/artist/oswaldo-vigas	Oswaldo Vigas	34	D_sin_senal												persona_o_solista			0		0		sin_imagen	sin_evidencia	2026-10-03 06:32:45	0		descartado	meta: born (persona) | ficha RYM stub (sin discografía ni foto)	BD:public.artists+persons	pages/oswaldo-vigas.json+.html(meta)	descartado sin alta (OK de Brian 2026-10-04)	
/artist/diego-risquez	Diego Rísquez	32	D_sin_senal												persona_o_solista			0		0		sin_imagen	sin_evidencia	2026-10-03 15:29:06	0		descartado	meta: born (persona) | ficha RYM stub (sin discografía ni foto)	BD:public.artists+persons	pages/diego-risquez.json+.html(meta)	descartado sin alta (OK de Brian 2026-10-04)	
/artist/mariana-rondon	Mariana Rondón	32	D_sin_senal												persona_o_solista			0		0		sin_imagen	sin_evidencia	2026-10-03 17:09:08	0		descartado	meta: born (persona) | ficha RYM stub (sin discografía ni foto)	BD:public.artists+persons	pages/mariana-rondon.json+.html(meta)	descartado sin alta (OK de Brian 2026-10-04)	
/artist/enver-cordido	Enver Cordido	30	D_sin_senal												persona_o_solista			0		0		sin_imagen	sin_evidencia	2026-10-03 06:14:55	0		descartado	meta: born (persona) | ficha RYM stub (sin discografía ni foto)	BD:public.artists+persons	pages/enver-cordido.json+.html(meta)	descartado sin alta (OK de Brian 2026-10-04)	
/artist/cayito-aponte	Cayito Aponte	30	D_sin_senal												persona_o_solista			0		0		sin_imagen	sin_evidencia	2026-10-03 17:23:19	0		descartado	meta: born (persona) | ficha RYM stub (sin discografía ni foto)	BD:public.artists+persons	pages/cayito-aponte.json+.html(meta)	descartado sin alta (OK de Brian 2026-10-04)	
/artist/clemente_de_la_cerda	Clemente de la Cerda	28	D_sin_senal												persona_o_solista			0		0		sin_imagen	sin_evidencia	2026-10-03 13:31:18	0		descartado	meta: born (persona) | ficha RYM stub (sin discografía ni foto)	BD:public.artists+persons	pages/clemente_de_la_cerda.json+.html(meta)	descartado sin alta (OK de Brian 2026-10-04)	
/artist/hugo-pimentel	Hugo Pimentel	28	D_sin_senal												persona_o_solista			0		0		sin_imagen	sin_evidencia	2026-10-03 17:21:18	0		descartado	meta: born (persona) | ficha RYM stub (sin discografía ni foto)	BD:public.artists+persons	pages/hugo-pimentel.json+.html(meta)	descartado sin alta (OK de Brian 2026-10-04)	
/artist/leonard-zelig	Leonard Zelig	28	D_sin_senal												persona_o_solista			0		0		sin_imagen	sin_evidencia	2026-10-03 10:01:04	0		descartado	meta: born (persona) | ficha RYM stub (sin discografía ni foto)	BD:public.artists+persons	pages/leonard-zelig.json+.html(meta)	descartado sin alta (OK de Brian 2026-10-04)	
/artist/enrique-dlima	Enrique D'Lima	27	D_sin_senal												persona_o_solista			0		0		sin_imagen	sin_evidencia	2026-10-03 06:59:51	0		descartado	meta: born (persona) | ficha RYM stub (sin discografía ni foto)	BD:public.artists+persons	pages/enrique-dlima.json+.html(meta)	descartado sin alta (OK de Brian 2026-10-04)	
/artist/claudia-la-gatta-1	Claudia La Gatta	27	D_sin_senal												persona_o_solista			0		0		sin_imagen	sin_evidencia	2026-10-03 16:25:07	0		descartado	meta: born (persona) | ficha RYM stub (sin discografía ni foto)	BD:public.artists+persons	pages/claudia-la-gatta-1.json+.html(meta)	descartado sin alta (OK de Brian 2026-10-04)	
/artist/marisa-roman	Marisa Román	27	D_sin_senal												persona_o_solista			0		0		sin_imagen	sin_evidencia	2026-10-03 08:49:05	0		descartado	meta: born (persona) | ficha RYM stub (sin discografía ni foto)	BD:public.artists+persons	pages/marisa-roman.json+.html(meta)	descartado sin alta (OK de Brian 2026-10-04)	
/artist/amabilis_cordero	Amábilis Cordero	25	D_sin_senal												persona_o_solista			0		0		sin_imagen	sin_evidencia	2026-10-03 16:05:11	0		descartado	meta: born (persona) | ficha RYM stub (sin discografía ni foto)	BD:public.artists+persons	pages/amabilis_cordero.json+.html(meta)	descartado sin alta (OK de Brian 2026-10-04)	
/artist/richard-douglas	Richard Douglas	25	D_sin_senal												indeterminado			0		0		sin_imagen	sin_evidencia	2026-10-03 08:41:46	0		descartado	ficha RYM stub (sin discografía ni foto)	BD:public.artists+persons	pages/richard-douglas.json+.html(meta)	descartado sin alta (OK de Brian 2026-10-04)	
/artist/hector-mayerston	Héctor Mayerston	24	D_sin_senal												persona_o_solista			0		0		sin_imagen	sin_evidencia	2026-10-03 06:21:49	0		descartado	meta: born (persona) | ficha RYM stub (sin discografía ni foto)	BD:public.artists+persons	pages/hector-mayerston.json+.html(meta)	descartado sin alta (OK de Brian 2026-10-04)	
/artist/liliana-duran	Liliana Durán	24	D_sin_senal												persona_o_solista			0		0		sin_imagen	sin_evidencia	2026-10-03 10:16:26	0		descartado	meta: born (persona) | ficha RYM stub (sin discografía ni foto)	BD:public.artists+persons	pages/liliana-duran.json+.html(meta)	descartado sin alta (OK de Brian 2026-10-04)	
/artist/doris-wells	Doris Wells	23	D_sin_senal												persona_o_solista			0		0		sin_imagen	sin_evidencia	2026-10-03 13:16:54	0		descartado	meta: born (persona) | ficha RYM stub (sin discografía ni foto)	BD:public.artists+persons	pages/doris-wells.json+.html(meta)	descartado sin alta (OK de Brian 2026-10-04)	
/artist/thaelman-urgelles	Thaelman Urgelles	22	D_sin_senal												persona_o_solista			0		0		sin_imagen	sin_evidencia	2026-10-03 11:53:14	0		descartado	meta: born (persona) | ficha RYM stub (sin discografía ni foto)	BD:public.artists+persons	pages/thaelman-urgelles.json+.html(meta)	descartado sin alta (OK de Brian 2026-10-04)	
/artist/nancy-nash	Nancy Nash	22	D_sin_senal												persona_o_solista			0		0		sin_imagen	sin_evidencia	2026-10-03 09:51:51	0		descartado	meta: born (persona) | ficha RYM stub (sin discografía ni foto)	BD:public.artists+persons	pages/nancy-nash.json+.html(meta)	descartado sin alta (OK de Brian 2026-10-04)	
/artist/giuliano_salvatore	Giuliano Salvatore	22	D_sin_senal												persona_o_solista			0		0		sin_imagen	sin_evidencia	2026-10-03 08:11:01	0		descartado	meta: born (persona) | ficha RYM stub (sin discografía ni foto)	BD:public.artists+persons	pages/giuliano_salvatore.json+.html(meta)	descartado sin alta (OK de Brian 2026-10-04)	
/artist/christian-mcgaffney	Christian McGaffney	21	D_sin_senal												persona_o_solista			0		0		sin_imagen	sin_evidencia	2026-10-03 15:54:39	0		descartado	meta: born (persona) | ficha RYM stub (sin discografía ni foto)	BD:public.artists+persons	pages/christian-mcgaffney.json+.html(meta)	descartado sin alta (OK de Brian 2026-10-04)	
/artist/jimmix	Jimmix	21	D_sin_senal												persona_o_solista			0		0	Appears On:1	sin_imagen	sin_evidencia	2026-10-03 16:28:10	0		descartado		BD:public.artists+persons	pages/jimmix.json+.html(meta)	descartado sin alta (OK de Brian 2026-10-04)	
/artist/nasokbeats	NasokBeats	21	D_sin_senal												persona_o_solista			0		0		sin_imagen	sin_evidencia	2026-10-03 17:31:53	0		descartado	meta: born (persona) | ficha RYM stub (sin discografía ni foto)	BD:public.artists+persons	pages/nasokbeats.json+.html(meta)	descartado sin alta (OK de Brian 2026-10-04)	
/artist/ivonne-reyes	Ivonne Reyes	21	D_sin_senal												persona_o_solista			0		0		sin_imagen	sin_evidencia	2026-10-03 09:51:08	0		descartado	meta: born (persona) | ficha RYM stub (sin discografía ni foto)	BD:public.artists+persons	pages/ivonne-reyes.json+.html(meta)	descartado sin alta (OK de Brian 2026-10-04)	
/artist/aroldo-betancourt	Aroldo Betancourt	21	D_sin_senal												persona_o_solista			0		0		sin_imagen	sin_evidencia	2026-10-03 09:48:06	0		descartado	meta: born (persona) | ficha RYM stub (sin discografía ni foto)	BD:public.artists+persons	pages/aroldo-betancourt.json+.html(meta)	descartado sin alta (OK de Brian 2026-10-04)	
/artist/jacobo-penzo	Jacobo Penzo	20	D_sin_senal												persona_o_solista			0		0		sin_imagen	sin_evidencia	2026-10-03 13:22:48	0		descartado	meta: born (persona) | ficha RYM stub (sin discografía ni foto)	BD:public.artists+persons	pages/jacobo-penzo.json+.html(meta)	descartado sin alta (OK de Brian 2026-10-04)	
/artist/ariana-dao	Ariana Dao	20	D_sin_senal												persona_o_solista			0		0	Appears On:1	sin_imagen	sin_evidencia	2026-10-03 06:09:45	0		descartado	meta: born (persona)	BD:public.artists+persons	pages/ariana-dao.json+.html(meta)	descartado sin alta (OK de Brian 2026-10-04)	
/artist/sheila-monterola	Sheila Monterola	19	D_sin_senal												indeterminado			0		0		sin_imagen	sin_evidencia	2026-10-03 15:44:51	0		descartado	ficha RYM stub (sin discografía ni foto)	BD:public.artists+persons	pages/sheila-monterola.json+.html(meta)	descartado sin alta (OK de Brian 2026-10-04)	
/artist/juana-sujo	Juana Sujo	19	D_sin_senal												persona_o_solista			0		0		sin_imagen	sin_evidencia	2026-10-03 10:46:17	0		descartado	meta: born (persona) | ficha RYM stub (sin discografía ni foto)	BD:public.artists+persons	pages/juana-sujo.json+.html(meta)	descartado sin alta (OK de Brian 2026-10-04)	
/artist/rhazes-hernandez-lopez	Rházes Hernández-López	19	D_sin_senal												persona_o_solista			0		0		sin_imagen	sin_evidencia	2026-10-03 18:00:15	0		descartado	meta: born (persona) | ficha RYM stub (sin discografía ni foto)	BD:public.artists+persons	pages/rhazes-hernandez-lopez.json+.html(meta)	descartado sin alta (OK de Brian 2026-10-04)	
/artist/jose-majito-aguilera	José "Majito" Aguilera	19	D_sin_senal												persona_o_solista			0		0		sin_imagen	sin_evidencia	2026-10-03 15:45:57	0		descartado	ficha RYM stub (sin discografía ni foto)	BD:public.artists+persons	pages/jose-majito-aguilera.json	descartado sin alta (OK de Brian 2026-10-04)	
/artist/alfredo-lugo	Alfredo Lugo	19	D_sin_senal												persona_o_solista			0		0		sin_imagen	sin_evidencia	2026-10-03 14:04:12	0		descartado	meta: born (persona) | ficha RYM stub (sin discografía ni foto)	BD:public.artists+persons	pages/alfredo-lugo.json+.html(meta)	descartado sin alta (OK de Brian 2026-10-04)	
/artist/lorena-colmenares	Lorena Colmenares	19	D_sin_senal												persona_o_solista			0		0		sin_imagen	sin_evidencia	2026-10-03 12:12:44	0		descartado	meta: born (persona) | ficha RYM stub (sin discografía ni foto)	BD:public.artists+persons	pages/lorena-colmenares.json+.html(meta)	descartado sin alta (OK de Brian 2026-10-04)	
/artist/aida-yespica	Aída Yéspica	19	D_sin_senal												persona_o_solista			0		0		sin_imagen	sin_evidencia	2026-10-03 17:05:25	0		descartado	meta: born (persona) | ficha RYM stub (sin discografía ni foto)	BD:public.artists+persons	pages/aida-yespica.json+.html(meta)	descartado sin alta (OK de Brian 2026-10-04)	
/artist/diego-matheuz	Diego Matheuz	19	D_sin_senal												persona_o_solista			0		0		sin_imagen	sin_evidencia	2026-10-03 12:23:30	0		descartado	meta: born (persona) | ficha RYM stub (sin discografía ni foto)	BD:public.artists+persons	pages/diego-matheuz.json+.html(meta)	descartado sin alta (OK de Brian 2026-10-04)	
/artist/fabiola-colmenares	Fabiola Colmenares	19	D_sin_senal												persona_o_solista			0		0		sin_imagen	sin_evidencia	2026-10-03 08:09:43	0		descartado	meta: born (persona) | ficha RYM stub (sin discografía ni foto)	BD:public.artists+persons	pages/fabiola-colmenares.json+.html(meta)	descartado sin alta (OK de Brian 2026-10-04)	
/artist/arnaldo_vivas_toledo	Arnaldo Vivas Toledo	19	D_sin_senal												persona_o_solista			0		0		sin_imagen	sin_evidencia	2026-10-03 14:10:01	0		descartado	meta: born (persona) | ficha RYM stub (sin discografía ni foto)	BD:public.artists+persons	pages/arnaldo_vivas_toledo.json+.html(meta)	descartado sin alta (OK de Brian 2026-10-04)	
/artist/daniel_paz_mireles	Daniel Paz Mireles	18	D_sin_senal												persona_o_solista			0		0		sin_imagen	sin_evidencia	2026-10-03 08:47:15	0		descartado	meta: born (persona) | ficha RYM stub (sin discografía ni foto)	BD:public.artists+persons	pages/daniel_paz_mireles.json+.html(meta)	descartado sin alta (OK de Brian 2026-10-04)	
/artist/maure-om	Maure Om	18	D_sin_senal												persona_o_solista			0		0	Appears On:1	sin_imagen	sin_evidencia	2026-10-03 13:29:22	0		descartado		BD:public.artists+persons	pages/maure-om.json+.html(meta)	descartado sin alta (OK de Brian 2026-10-04)	
/artist/daniela-miranda	Daniela Miranda	18	D_sin_senal												persona_o_solista			0		0		sin_imagen	sin_evidencia	2026-10-03 06:45:45	0		descartado	meta: born (persona) | ficha RYM stub (sin discografía ni foto)	BD:public.artists+persons	pages/daniela-miranda.json+.html(meta)	descartado sin alta (OK de Brian 2026-10-04)	
/artist/alfredo_cutufla	Alfredo Cutufla	18	D_sin_senal												persona_o_solista			0		0		sin_imagen	sin_evidencia	2026-10-03 10:16:50	0		descartado	meta: born (persona) | ficha RYM stub (sin discografía ni foto)	BD:public.artists+persons	pages/alfredo_cutufla.json+.html(meta)	descartado sin alta (OK de Brian 2026-10-04)	
/artist/leandro-arvelo	Leandro Arvelo	18	D_sin_senal												persona_o_solista			0		0		sin_imagen	sin_evidencia	2026-10-03 10:00:38	0		descartado	meta: born (persona) | ficha RYM stub (sin discografía ni foto)	BD:public.artists+persons	pages/leandro-arvelo.json+.html(meta)	descartado sin alta (OK de Brian 2026-10-04)	
/artist/eduardo-viloria-daboin	Eduardo Viloria Daboín	17	D_sin_senal												persona_o_solista			0		0		sin_imagen	sin_evidencia	2026-10-03 17:11:54	0		descartado	meta: born (persona) | ficha RYM stub (sin discografía ni foto)	BD:public.artists+persons	pages/eduardo-viloria-daboin.json+.html(meta)	descartado sin alta (OK de Brian 2026-10-04)	
/artist/alberto_arvelo_mendoza	Alberto Arvelo Mendoza	17	D_sin_senal												persona_o_solista			0		0		sin_imagen	sin_evidencia	2026-10-03 12:26:35	0		descartado	meta: born (persona) | ficha RYM stub (sin discografía ni foto)	BD:public.artists+persons	pages/alberto_arvelo_mendoza.json+.html(meta)	descartado sin alta (OK de Brian 2026-10-04)	
/artist/maria-marrone	Maria Marrone	17	D_sin_senal												persona_o_solista			0		0		sin_imagen	sin_evidencia	2026-10-03 15:34:17	0		descartado	ficha RYM stub (sin discografía ni foto)	BD:public.artists+persons	pages/maria-marrone.json+.html(meta)	descartado sin alta (OK de Brian 2026-10-04)	
/artist/marianela-maldonado	Marianela Maldonado	17	D_sin_senal												persona_o_solista			0		0		sin_imagen	sin_evidencia	2026-10-03 13:55:52	0		descartado	meta: born (persona) | ficha RYM stub (sin discografía ni foto)	BD:public.artists+persons	pages/marianela-maldonado.json+.html(meta)	descartado sin alta (OK de Brian 2026-10-04)	
/artist/jesus-cervo	Jesus Cervo	16	D_sin_senal												indeterminado			0		0		sin_imagen	sin_evidencia	2026-10-03 10:37:20	0		descartado	ficha RYM stub (sin discografía ni foto)	BD:public.artists+persons	pages/jesus-cervo.json+.html(meta)	descartado sin alta (OK de Brian 2026-10-04)	
/artist/jessus-salvador	Jessus Salvador	15	D_sin_senal												persona_o_solista			0		0		sin_imagen	sin_evidencia	2026-10-03 14:49:38	0		descartado	ficha RYM stub (sin discografía ni foto)	BD:public.artists+persons	pages/jessus-salvador.json+.html(meta)	descartado sin alta (OK de Brian 2026-10-04)	
/artist/alejandro_hidalgo	Alejandro Hidalgo	14	D_sin_senal												indeterminado			0		0		sin_imagen	sin_evidencia	2026-10-03 09:35:20	0		descartado	ficha RYM stub (sin discografía ni foto)	BD:public.artists+persons	pages/alejandro_hidalgo.json+.html(meta)	descartado sin alta (OK de Brian 2026-10-04)	
/artist/hector-duvauchelle	Héctor Duvauchelle	14	D_sin_senal												persona_o_solista			0		0		sin_imagen	sin_evidencia	2026-10-03 08:59:37	0		descartado	meta: born (persona) | ficha RYM stub (sin discografía ni foto)	BD:public.artists+persons	pages/hector-duvauchelle.json+.html(meta)	descartado sin alta (OK de Brian 2026-10-04)	
/artist/swbas	Swbas	14	D_sin_senal												persona_o_solista			0		0	Appears On:1	sin_imagen	sin_evidencia	2026-10-03 11:38:21	0		descartado	meta: born (persona)	BD:public.artists+persons	pages/swbas.json+.html(meta)	descartado sin alta (OK de Brian 2026-10-04)	
/artist/kuasi-yu	Küasi yu	14	D_sin_senal												persona_o_solista			0		0		sin_imagen	sin_evidencia	2026-10-03 14:15:56	0		descartado	ficha RYM stub (sin discografía ni foto)	BD:public.artists+persons	pages/kuasi-yu.json+.html(meta)	descartado sin alta (OK de Brian 2026-10-04)	
/artist/susana-dujim	Susana Dujim	13	D_sin_senal												persona_o_solista			0		0		sin_imagen	sin_evidencia	2026-10-03 06:38:37	0		descartado	meta: born (persona) | ficha RYM stub (sin discografía ni foto)	BD:public.artists+persons	pages/susana-dujim.json+.html(meta)	descartado sin alta (OK de Brian 2026-10-04)	
/artist/tomas-henriquez	Tomás Henríquez	12	D_sin_senal												persona_o_solista			0		0		sin_imagen	sin_evidencia	2026-10-03 10:32:11	0		descartado	meta: born (persona) | ficha RYM stub (sin discografía ni foto)	BD:public.artists+persons	pages/tomas-henriquez.json+.html(meta)	descartado sin alta (OK de Brian 2026-10-04)	
/artist/aeo	Aeo	12	D_sin_senal												indeterminado			0		0	Appears On:1	sin_imagen	sin_evidencia	2026-10-03 07:58:37	0		descartado		BD:public.artists+persons	pages/aeo.json+.html(meta)	descartado sin alta (OK de Brian 2026-10-04)	
/artist/braulio-rodriguez	Braulio Rodriguez	12	D_sin_senal												persona_o_solista			0		0		sin_imagen	sin_evidencia	2026-10-03 06:25:07	0		descartado	ficha RYM stub (sin discografía ni foto)	BD:public.artists+persons	pages/braulio-rodriguez.json+.html(meta)	descartado sin alta (OK de Brian 2026-10-04)	
/artist/norelys-rodriguez	Norelys Rodríguez	12	D_sin_senal												persona_o_solista			0		0		sin_imagen	sin_evidencia	2026-10-03 13:26:15	0		descartado	meta: born (persona) | ficha RYM stub (sin discografía ni foto)	BD:public.artists+persons	pages/norelys-rodriguez.json+.html(meta)	descartado sin alta (OK de Brian 2026-10-04)	
/artist/marianne-amelinckx	Marianne Amelinckx	12	D_sin_senal												persona_o_solista			0		0		sin_imagen	sin_evidencia	2026-10-03 17:08:27	0		descartado	meta: born (persona) | ficha RYM stub (sin discografía ni foto)	BD:public.artists+persons	pages/marianne-amelinckx.json+.html(meta)	descartado sin alta (OK de Brian 2026-10-04)	
/artist/jj-romero	JJ Romero	11	D_sin_senal												indeterminado			0		0		sin_imagen	sin_evidencia	2026-10-03 15:52:51	0		descartado	ficha RYM stub (sin discografía ni foto)	BD:public.artists+persons	pages/jj-romero.json+.html(meta)	descartado sin alta (OK de Brian 2026-10-04)	
/artist/abel-zamudio	Abel Zamudio	11	D_sin_senal												persona_o_solista			0		0	Appears On:1; V/A Compilation:1	sin_imagen	sin_evidencia	2026-10-03 12:18:24	0		descartado		BD:public.artists+persons	pages/abel-zamudio.json+.html(meta)	descartado sin alta (OK de Brian 2026-10-04)	
/artist/valeria_solarino	Valeria Solarino	10	D_sin_senal												persona_o_solista			0		0	Appears On:3	sin_imagen	sin_evidencia	2026-10-03 13:24:18	0		descartado	meta: born (persona)	BD:public.artists+persons	pages/valeria_solarino.json+.html(meta)	descartado sin alta (OK de Brian 2026-10-04)	
/artist/jose-miguel-zamora-figuera	José Miguel Zamora Figuera	10	D_sin_senal												indeterminado			0		0		sin_imagen	sin_evidencia	2026-10-03 08:02:23	0		descartado	ficha RYM stub (sin discografía ni foto)	BD:public.artists+persons	pages/jose-miguel-zamora-figuera.json+.html(meta)	descartado sin alta (OK de Brian 2026-10-04)	
/artist/irene-esser	Irene Esser	10	D_sin_senal												persona_o_solista			0		0		sin_imagen	sin_evidencia	2026-10-03 14:46:47	0		descartado	meta: born (persona) | ficha RYM stub (sin discografía ni foto)	BD:public.artists+persons	pages/irene-esser.json+.html(meta)	descartado sin alta (OK de Brian 2026-10-04)	
/artist/efrain-gomez	Efraín Gómez	9	D_sin_senal												persona_o_solista			0		0		sin_imagen	sin_evidencia	2026-10-03 15:46:45	0		descartado	meta: born (persona) | ficha RYM stub (sin discografía ni foto)	BD:public.artists+persons	pages/efrain-gomez.json+.html(meta)	descartado sin alta (OK de Brian 2026-10-04)	
/artist/lily-alvarez	Lily Álvarez	9	D_sin_senal												persona_o_solista			0		0		sin_imagen	sin_evidencia	2026-10-03 06:34:23	0		descartado	meta: born (persona) | ficha RYM stub (sin discografía ni foto)	BD:public.artists+persons	pages/lily-alvarez.json+.html(meta)	descartado sin alta (OK de Brian 2026-10-04)	
/artist/ruddy_rodriguez	Ruddy Rodríguez	9	D_sin_senal												persona_o_solista			0		0		sin_imagen	sin_evidencia	2026-10-03 11:52:17	0		descartado	meta: born (persona) | ficha RYM stub (sin discografía ni foto)	BD:public.artists+persons	pages/ruddy_rodriguez.json+.html(meta)	descartado sin alta (OK de Brian 2026-10-04)	
/artist/maux	Maux	9	D_sin_senal												persona_o_solista			0		0	Appears On:1	sin_imagen	sin_evidencia	2026-10-03 16:56:29	0		descartado		BD:public.artists+persons	pages/maux.json+.html(meta)	descartado sin alta (OK de Brian 2026-10-04)	
/artist/bernard_lutic	Bernard Lutic	9	D_sin_senal												persona_o_solista			0		0		sin_imagen	sin_evidencia	2026-10-03 17:53:38	0		descartado	meta: born (persona) | ficha RYM stub (sin discografía ni foto)	BD:public.artists+persons	pages/bernard_lutic.json+.html(meta)	descartado sin alta (OK de Brian 2026-10-04)	
/artist/espartaco_santoni	Espartaco Santoni	9	D_sin_senal												persona_o_solista			0		0		sin_imagen	sin_evidencia	2026-10-03 16:28:37	0		descartado	meta: born (persona) | ficha RYM stub (sin discografía ni foto)	BD:public.artists+persons	pages/espartaco_santoni.json+.html(meta)	descartado sin alta (OK de Brian 2026-10-04)	
/artist/freddy-pereira	Freddy Pereira	9	D_sin_senal												persona_o_solista			0		0		sin_imagen	sin_evidencia	2026-10-03 15:49:58	0		descartado	meta: born (persona) | ficha RYM stub (sin discografía ni foto)	BD:public.artists+persons	pages/freddy-pereira.json+.html(meta)	descartado sin alta (OK de Brian 2026-10-04)	
/artist/drowsyd	Drowsyd	8	D_sin_senal												indeterminado			0		0	Appears On:1	sin_imagen	sin_evidencia	2026-10-03 15:00:17	0		descartado		BD:public.artists+persons	pages/drowsyd.json+.html(meta)	descartado sin alta (OK de Brian 2026-10-04)	
/artist/neneto	Neneto	8	D_sin_senal												indeterminado			0		0	Appears On:2	sin_imagen	sin_evidencia	2026-10-03 08:19:50	0		descartado		BD:public.artists+persons	pages/neneto.json+.html(meta)	descartado sin alta (OK de Brian 2026-10-04)	
/artist/ariel_severino	Ariel Severino	8	D_sin_senal												persona_o_solista			0		0		sin_imagen	sin_evidencia	2026-10-03 10:51:34	0		descartado	meta: born (persona) | ficha RYM stub (sin discografía ni foto)	BD:public.artists+persons	pages/ariel_severino.json+.html(meta)	descartado sin alta (OK de Brian 2026-10-04)	
/artist/lennex-1	Lennex	8	D_sin_senal												indeterminado			0		0		sin_imagen	sin_evidencia	2026-10-03 17:11:43	0		descartado	ficha RYM stub (sin discografía ni foto)	BD:public.artists+persons	pages/lennex-1.json+.html(meta)	descartado sin alta (OK de Brian 2026-10-04)	
/artist/kumakob	Kumakob	8	D_sin_senal												indeterminado			0		0	Appears On:1	sin_imagen	sin_evidencia	2026-10-03 08:41:21	0		descartado		BD:public.artists+persons	pages/kumakob.json+.html(meta)	descartado sin alta (OK de Brian 2026-10-04)	
/artist/mauro-salmaso	Mauro Salmaso	8	D_sin_senal												indeterminado			0		0		sin_imagen	sin_evidencia	2026-10-03 06:32:27	0		descartado	ficha RYM stub (sin discografía ni foto)	BD:public.artists+persons	pages/mauro-salmaso.json+.html(meta)	descartado sin alta (OK de Brian 2026-10-04)	
/artist/yoswill-roldan	Yoswill Roldán	8	D_sin_senal												indeterminado			0		0		sin_imagen	sin_evidencia	2026-10-03 17:26:04	0		descartado	ficha RYM stub (sin discografía ni foto)	BD:public.artists+persons	pages/yoswill-roldan.json+.html(meta)	descartado sin alta (OK de Brian 2026-10-04)	
/artist/pinoir	Pinoir	8	D_sin_senal												persona_o_solista			0		0	Appears On:1	sin_imagen	sin_evidencia	2026-10-03 15:36:45	0		descartado		BD:public.artists+persons	pages/pinoir.json+.html(meta)	descartado sin alta (OK de Brian 2026-10-04)	
/artist/another-world-2	Another World	7	D_sin_senal												indeterminado			0		0		sin_imagen	sin_evidencia	2026-10-03 15:43:17	0		descartado	ficha RYM stub (sin discografía ni foto)	BD:public.artists+persons	pages/another-world-2.json+.html(meta)	descartado sin alta (OK de Brian 2026-10-04)	
/artist/pierre_caron	Pierre Caron	7	D_sin_senal												persona_o_solista			0		0		sin_imagen	sin_evidencia	2026-10-03 09:58:01	0		descartado	meta: born (persona) | ficha RYM stub (sin discografía ni foto)	BD:public.artists+persons	pages/pierre_caron.json+.html(meta)	descartado sin alta (OK de Brian 2026-10-04)	
/artist/raul-rolla	Raúl Rolla	7	D_sin_senal												persona_o_solista			0		0		sin_imagen	sin_evidencia	2026-10-03 06:21:37	0		descartado	ficha RYM stub (sin discografía ni foto)	BD:public.artists+persons	pages/raul-rolla.json+.html(meta)	descartado sin alta (OK de Brian 2026-10-04)	
/artist/jorge-rigo	Jorge Rigó	7	D_sin_senal												persona_o_solista			0		0	Appears On:1	sin_imagen	sin_evidencia	2026-10-03 11:42:15	0		descartado	meta: born (persona)	BD:public.artists+persons	pages/jorge-rigo.json+.html(meta)	descartado sin alta (OK de Brian 2026-10-04)	
/artist/cosme-cortazar	Cosme Cortázar	7	D_sin_senal												persona_o_solista			0		0		sin_imagen	sin_evidencia	2026-10-03 06:38:49	0		descartado	meta: born (persona) | ficha RYM stub (sin discografía ni foto)	BD:public.artists+persons	pages/cosme-cortazar.json+.html(meta)	descartado sin alta (OK de Brian 2026-10-04)	
/artist/romulo-gallegos	Rómulo Gallegos	7	D_sin_senal												persona_o_solista			0		0		sin_imagen	sin_evidencia	2026-10-03 13:52:05	0		descartado	meta: born (persona) | ficha RYM stub (sin discografía ni foto)	BD:public.artists+persons	pages/romulo-gallegos.json+.html(meta)	descartado sin alta (OK de Brian 2026-10-04)	
/artist/jesus-enrique-guedez	Jesús Enrique Guédez	7	D_sin_senal												persona_o_solista			0		0		sin_imagen	sin_evidencia	2026-10-03 10:21:32	0		descartado	meta: born (persona) | ficha RYM stub (sin discografía ni foto)	BD:public.artists+persons	pages/jesus-enrique-guedez.json+.html(meta)	descartado sin alta (OK de Brian 2026-10-04)	
/artist/anais-mauco	Anaís Maucó	7	D_sin_senal												indeterminado			0		0		sin_imagen	sin_evidencia	2026-10-03 10:36:10	0		descartado	ficha RYM stub (sin discografía ni foto)	BD:public.artists+persons	pages/anais-mauco.json+.html(meta)	descartado sin alta (OK de Brian 2026-10-04)	
/artist/marvin-presutti	Marvin Presutti	7	D_sin_senal												indeterminado			0		0	Appears On:2	sin_imagen	sin_evidencia	2026-10-03 15:00:36	0		descartado		BD:public.artists+persons	pages/marvin-presutti.json+.html(meta)	descartado sin alta (OK de Brian 2026-10-04)	
/artist/edgar-rocca	Edgar Rocca	7	D_sin_senal												indeterminado			0		0		sin_imagen	sin_evidencia	2026-10-03 07:58:24	0		descartado	ficha RYM stub (sin discografía ni foto)	BD:public.artists+persons	pages/edgar-rocca.json+.html(meta)	descartado sin alta (OK de Brian 2026-10-04)	
/artist/lourdes-valera	Lourdes Valera	7	D_sin_senal												persona_o_solista			0		0		sin_imagen	sin_evidencia	2026-10-03 13:21:36	0		descartado	meta: born (persona) | ficha RYM stub (sin discografía ni foto)	BD:public.artists+persons	pages/lourdes-valera.json+.html(meta)	descartado sin alta (OK de Brian 2026-10-04)	
/artist/kuna-1	Kuna	7	D_sin_senal												indeterminado			0		0	Appears On:1	sin_imagen	sin_evidencia	2026-10-03 07:06:50	0		descartado		BD:public.artists+persons	pages/kuna-1.json+.html(meta)	descartado sin alta (OK de Brian 2026-10-04)	
/artist/василь-кричевський	Василь Кричевський [Vasili Krichevsky]	7	D_sin_senal												persona_o_solista			0		0		sin_imagen	sin_evidencia	2026-10-03 08:47:29	0		descartado	meta: born (persona) | ficha RYM stub (sin discografía ni foto)	BD:public.artists+persons	pages/-.json+.html(meta)	descartado sin alta (OK de Brian 2026-10-04)	
/artist/barbara-teyde	Bárbara Teyde	7	D_sin_senal												persona_o_solista			0		0		sin_imagen	sin_evidencia	2026-10-03 12:28:25	0		descartado	meta: born (persona) | ficha RYM stub (sin discografía ni foto)	BD:public.artists+persons	pages/barbara-teyde.json+.html(meta)	descartado sin alta (OK de Brian 2026-10-04)	
/artist/margot-benacerraf	Margot Benacerraf	7	D_sin_senal												persona_o_solista			0		0		sin_imagen	sin_evidencia	2026-10-03 12:22:56	0		descartado	meta: born (persona) | ficha RYM stub (sin discografía ni foto)	BD:public.artists+persons	pages/margot-benacerraf.json+.html(meta)	descartado sin alta (OK de Brian 2026-10-04)	
/artist/fausto-verdial	Fausto Verdial	7	D_sin_senal												persona_o_solista			0		0		sin_imagen	sin_evidencia	2026-10-03 15:56:05	0		descartado	meta: born (persona) | ficha RYM stub (sin discografía ni foto)	BD:public.artists+persons	pages/fausto-verdial.json+.html(meta)	descartado sin alta (OK de Brian 2026-10-04)	
/artist/miguel-angel-ferrer	Miguel Ángel Ferrer	7	D_sin_senal												persona_o_solista			0		0		sin_imagen	sin_evidencia	2026-10-03 15:14:47	0		descartado	meta: born (persona) | ficha RYM stub (sin discografía ni foto)	BD:public.artists+persons	pages/miguel-angel-ferrer.json+.html(meta)	descartado sin alta (OK de Brian 2026-10-04)	
/artist/asdrubal-melendez	Asdrúbal Meléndez	7	D_sin_senal												persona_o_solista			0		0		sin_imagen	sin_evidencia	2026-10-03 17:13:13	0		descartado	meta: born (persona) | ficha RYM stub (sin discografía ni foto)	BD:public.artists+persons	pages/asdrubal-melendez.json+.html(meta)	descartado sin alta (OK de Brian 2026-10-04)	
/artist/luis-alberto-lamata	Luis Alberto Lamata	7	D_sin_senal												persona_o_solista			0		0		sin_imagen	sin_evidencia	2026-10-03 09:49:31	0		descartado	meta: born (persona) | ficha RYM stub (sin discografía ni foto)	BD:public.artists+persons	pages/luis-alberto-lamata.json+.html(meta)	descartado sin alta (OK de Brian 2026-10-04)	
/artist/pablo-de-la-barra	Pablo de la Barra	7	D_sin_senal												persona_o_solista			0		0		sin_imagen	sin_evidencia	2026-10-03 07:14:12	0		descartado	meta: born (persona) | ficha RYM stub (sin discografía ni foto)	BD:public.artists+persons	pages/pablo-de-la-barra.json+.html(meta)	descartado sin alta (OK de Brian 2026-10-04)	
/artist/carlos-augusto-leon	Carlos Augusto León	7	D_sin_senal												persona_o_solista			0		0		sin_imagen	sin_evidencia	2026-10-03 10:14:10	0		descartado	meta: born (persona) | ficha RYM stub (sin discografía ni foto)	BD:public.artists+persons	pages/carlos-augusto-leon.json+.html(meta)	descartado sin alta (OK de Brian 2026-10-04)	
/artist/pedro-de-la-barra	Pedro de la Barra	7	D_sin_senal												persona_o_solista			0		0		sin_imagen	sin_evidencia	2026-10-03 08:44:50	0		descartado	meta: born (persona) | ficha RYM stub (sin discografía ni foto)	BD:public.artists+persons	pages/pedro-de-la-barra.json+.html(meta)	descartado sin alta (OK de Brian 2026-10-04)	
/artist/afro-criollo	Afro Criollo	7	D_sin_senal												indeterminado			0		0	Appears On:2	sin_imagen	sin_evidencia	2026-10-03 06:08:46	0		descartado		BD:public.artists+persons	pages/afro-criollo.json+.html(meta)	descartado sin alta (OK de Brian 2026-10-04)	
/artist/maria-fernanda-ferro	María Fernanda Ferro	7	D_sin_senal												persona_o_solista			0		0		sin_imagen	sin_evidencia	2026-10-03 15:56:18	0		descartado	meta: born (persona) | ficha RYM stub (sin discografía ni foto)	BD:public.artists+persons	pages/maria-fernanda-ferro.json+.html(meta)	descartado sin alta (OK de Brian 2026-10-04)	
/artist/sonny_leon	Sonny León	7	D_sin_senal												persona_o_solista			0		0		sin_imagen	sin_evidencia	2026-10-03 15:28:09	0		descartado	meta: born (persona) | ficha RYM stub (sin discografía ni foto)	BD:public.artists+persons	pages/sonny_leon.json+.html(meta)	descartado sin alta (OK de Brian 2026-10-04)	
/artist/carlos-oteyza	Carlos Oteyza	7	D_sin_senal												persona_o_solista			0		0		sin_imagen	sin_evidencia	2026-10-03 06:57:40	0		descartado	meta: born (persona) | ficha RYM stub (sin discografía ni foto)	BD:public.artists+persons	pages/carlos-oteyza.json+.html(meta)	descartado sin alta (OK de Brian 2026-10-04)	
/artist/julio-jung-duvauchelle	Julio Jung Duvauchelle	7	D_sin_senal												persona_o_solista			0		0		sin_imagen	sin_evidencia	2026-10-03 07:58:50	0		descartado	meta: born (persona) | ficha RYM stub (sin discografía ni foto)	BD:public.artists+persons	pages/julio-jung-duvauchelle.json+.html(meta)	descartado sin alta (OK de Brian 2026-10-04)	
/artist/mariana-hellmund	Mariana Hellmund	7	D_sin_senal												persona_o_solista			0		0		sin_imagen	sin_evidencia	2026-10-03 14:53:25	0		descartado	meta: born (persona) | ficha RYM stub (sin discografía ni foto)	BD:public.artists+persons	pages/mariana-hellmund.json+.html(meta)	descartado sin alta (OK de Brian 2026-10-04)	
/artist/alfredo-anzola	Alfredo Anzola	7	D_sin_senal												persona_o_solista			0		0		sin_imagen	sin_evidencia	2026-10-03 10:48:27	0		descartado	meta: born (persona) | ficha RYM stub (sin discografía ni foto)	BD:public.artists+persons	pages/alfredo-anzola.json+.html(meta)	descartado sin alta (OK de Brian 2026-10-04)	
/artist/ana-la-salvia	Ana La Salvia	7	D_sin_senal												persona_o_solista			0		0		sin_imagen	sin_evidencia	2026-10-03 17:13:50	0		descartado	meta: born (persona) | ficha RYM stub (sin discografía ni foto)	BD:public.artists+persons	pages/ana-la-salvia.json+.html(meta)	descartado sin alta (OK de Brian 2026-10-04)	
/artist/armando-coll	Armando Coll	7	D_sin_senal												persona_o_solista			0		0		sin_imagen	sin_evidencia	2026-10-03 09:04:15	0		descartado	meta: born (persona) | ficha RYM stub (sin discografía ni foto)	BD:public.artists+persons	pages/armando-coll.json+.html(meta)	descartado sin alta (OK de Brian 2026-10-04)	
/artist/igor-bastidas	Igor Bastidas	7	D_sin_senal												persona_o_solista			0		0		sin_imagen	sin_evidencia	2026-10-03 10:03:14	0		descartado	ficha RYM stub (sin discografía ni foto)	BD:public.artists+persons	pages/igor-bastidas.json+.html(meta)	descartado sin alta (OK de Brian 2026-10-04)	
/artist/ana-cepinska	Ana Cepinska	7	D_sin_senal												persona_o_solista			0		0		sin_imagen	sin_evidencia	2026-10-03 12:29:53	0		descartado	meta: born (persona) | ficha RYM stub (sin discografía ni foto)	BD:public.artists+persons	pages/ana-cepinska.json+.html(meta)	descartado sin alta (OK de Brian 2026-10-04)	
/artist/alfredo-silva-estrada	Alfredo Silva Estrada	7	D_sin_senal												persona_o_solista			0		0		sin_imagen	sin_evidencia	2026-10-03 17:30:42	0		descartado	meta: born (persona) | ficha RYM stub (sin discografía ni foto)	BD:public.artists+persons	pages/alfredo-silva-estrada.json+.html(meta)	descartado sin alta (OK de Brian 2026-10-04)	
/artist/luis-armando-roche	Luis Armando Roche	7	D_sin_senal												persona_o_solista			0		0		sin_imagen	sin_evidencia	2026-10-03 12:20:45	0		descartado	meta: born (persona) | ficha RYM stub (sin discografía ni foto)	BD:public.artists+persons	pages/luis-armando-roche.json+.html(meta)	descartado sin alta (OK de Brian 2026-10-04)	
/artist/alejandro-garcia-wiedemann	Alejandro García Wiedemann	7	D_sin_senal												persona_o_solista			0		0		sin_imagen	sin_evidencia	2026-10-03 13:21:47	0		descartado	meta: born (persona) | ficha RYM stub (sin discografía ni foto)	BD:public.artists+persons	pages/alejandro-garcia-wiedemann.json+.html(meta)	descartado sin alta (OK de Brian 2026-10-04)	
/artist/santiago-cabrera	Santiago Cabrera	7	D_sin_senal												persona_o_solista			0		0		sin_imagen	sin_evidencia	2026-10-03 15:04:57	0		descartado	meta: born (persona) | ficha RYM stub (sin discografía ni foto)	BD:public.artists+persons	pages/santiago-cabrera.json+.html(meta)	descartado sin alta (OK de Brian 2026-10-04)	
/artist/carlos-rebolledo	Carlos Rebolledo	7	D_sin_senal												persona_o_solista			0		0		sin_imagen	sin_evidencia	2026-10-03 07:12:03	0		descartado	meta: born (persona) | ficha RYM stub (sin discografía ni foto)	BD:public.artists+persons	pages/carlos-rebolledo.json+.html(meta)	descartado sin alta (OK de Brian 2026-10-04)	
/artist/tom-espinoza	Tom Espinoza	7	D_sin_senal												persona_o_solista			0		0		sin_imagen	sin_evidencia	2026-10-03 15:34:02	0		descartado	meta: born (persona) | ficha RYM stub (sin discografía ni foto)	BD:public.artists+persons	pages/tom-espinoza.json+.html(meta)	descartado sin alta (OK de Brian 2026-10-04)	
/artist/nelson-g-navarrete	Nelson G. Navarrete	7	D_sin_senal												persona_o_solista			0		0		sin_imagen	sin_evidencia	2026-10-03 09:50:29	0		descartado	ficha RYM stub (sin discografía ni foto)	BD:public.artists+persons	pages/nelson-g-navarrete.json+.html(meta)	descartado sin alta (OK de Brian 2026-10-04)	
/artist/prakriti-maduro	Prakriti Maduro	7	D_sin_senal												persona_o_solista			0		0		sin_imagen	sin_evidencia	2026-10-03 11:52:28	0		descartado	meta: born (persona) | ficha RYM stub (sin discografía ni foto)	BD:public.artists+persons	pages/prakriti-maduro.json+.html(meta)	descartado sin alta (OK de Brian 2026-10-04)	
/artist/margarita-cadenas	Margarita Cadenas	7	D_sin_senal												persona_o_solista			0		0		sin_imagen	sin_evidencia	2026-10-03 15:57:46	0		descartado	ficha RYM stub (sin discografía ni foto)	BD:public.artists+persons	pages/margarita-cadenas.json+.html(meta)	descartado sin alta (OK de Brian 2026-10-04)	
/artist/carlos-daniel-malave	Carlos Daniel Malavé	7	D_sin_senal												persona_o_solista			0		0		sin_imagen	sin_evidencia	2026-10-03 06:52:08	0		descartado	meta: born (persona) | ficha RYM stub (sin discografía ni foto)	BD:public.artists+persons	pages/carlos-daniel-malave.json+.html(meta)	descartado sin alta (OK de Brian 2026-10-04)	
/artist/samantha-castillo	Samantha Castillo	7	D_sin_senal												persona_o_solista			0		0		sin_imagen	sin_evidencia	2026-10-03 09:53:11	0		descartado	meta: born (persona) | ficha RYM stub (sin discografía ni foto)	BD:public.artists+persons	pages/samantha-castillo.json+.html(meta)	descartado sin alta (OK de Brian 2026-10-04)	
/artist/luis-geronimo-abreu	Luis Gerónimo Abreu	7	D_sin_senal												persona_o_solista			0		0		sin_imagen	sin_evidencia	2026-10-03 14:54:38	0		descartado	meta: born (persona) | ficha RYM stub (sin discografía ni foto)	BD:public.artists+persons	pages/luis-geronimo-abreu.json+.html(meta)	descartado sin alta (OK de Brian 2026-10-04)	
/artist/malena-gonzalez	Malena Gonzalez	7	D_sin_senal												persona_o_solista			0		0		sin_imagen	sin_evidencia	2026-10-03 10:07:07	0		descartado	ficha RYM stub (sin discografía ni foto)	BD:public.artists+persons	pages/malena-gonzalez.json+.html(meta)	descartado sin alta (OK de Brian 2026-10-04)	
/artist/jean-paul-leroux	Jean Paul Leroux	7	D_sin_senal												persona_o_solista			0		0		sin_imagen	sin_evidencia	2026-10-03 17:31:43	0		descartado	meta: born (persona) | ficha RYM stub (sin discografía ni foto)	BD:public.artists+persons	pages/jean-paul-leroux.json+.html(meta)	descartado sin alta (OK de Brian 2026-10-04)	
/artist/jessika-grau	Jessika Grau	7	D_sin_senal												persona_o_solista			0		0		sin_imagen	sin_evidencia	2026-10-03 16:55:12	0		descartado	meta: born (persona) | ficha RYM stub (sin discografía ni foto)	BD:public.artists+persons	pages/jessika-grau.json+.html(meta)	descartado sin alta (OK de Brian 2026-10-04)	
/artist/mateo-lugo	Mateo Lugo	7	D_sin_senal												persona_o_solista			0		0	Appears On:1	sin_imagen	sin_evidencia	2026-10-03 09:37:45	0		descartado	meta: born (persona)	BD:public.artists+persons	pages/mateo-lugo.json+.html(meta)	descartado sin alta (OK de Brian 2026-10-04)	
/artist/lorena-alvarado	Lorena Alvarado	7	D_sin_senal												persona_o_solista			0		0		sin_imagen	sin_evidencia	2026-10-03 17:43:50	0		descartado	ficha RYM stub (sin discografía ni foto)	BD:public.artists+persons	pages/lorena-alvarado.json+.html(meta)	descartado sin alta (OK de Brian 2026-10-04)	
/artist/rafael-marziano-tinoco	Rafael Marziano Tinoco	7	D_sin_senal												persona_o_solista			0		0		sin_imagen	sin_evidencia	2026-10-03 10:36:40	0		descartado	meta: born (persona) | ficha RYM stub (sin discografía ni foto)	BD:public.artists+persons	pages/rafael-marziano-tinoco.json+.html(meta)	descartado sin alta (OK de Brian 2026-10-04)	
/artist/jp-sans	JP Sans	7	D_sin_senal												persona_o_solista			0		0		sin_imagen	sin_evidencia	2026-10-03 10:37:11	0		descartado	ficha RYM stub (sin discografía ni foto)	BD:public.artists+persons	pages/jp-sans.json+.html(meta)	descartado sin alta (OK de Brian 2026-10-04)	
/artist/silvio-estrada	Silvio Estrada	7	D_sin_senal												persona_o_solista			0		0		sin_imagen	sin_evidencia	2026-10-03 10:37:58	0		descartado	meta: born (persona) | ficha RYM stub (sin discografía ni foto)	BD:public.artists+persons	pages/silvio-estrada.json+.html(meta)	descartado sin alta (OK de Brian 2026-10-04)	
/artist/yeniffer-behrens	Yeniffer Behrens	7	D_sin_senal												persona_o_solista			0		0		sin_imagen	sin_evidencia	2026-10-02 03:41:01	0		descartado	meta: born (persona)	BD:public.artists+persons	pages/yeniffer-behrens.json+.html(meta)	descartado sin alta (OK de Brian 2026-10-04)	
/artist/elluz-peraza	Elluz Peraza	7	D_sin_senal												persona_o_solista			0		0		sin_imagen	sin_evidencia	2026-10-03 17:19:39	0		descartado	meta: born (persona) | ficha RYM stub (sin discografía ni foto)	BD:public.artists+persons	pages/elluz-peraza.json+.html(meta)	descartado sin alta (OK de Brian 2026-10-04)	
/artist/andres-duque	Andrés Duque	7	D_sin_senal												persona_o_solista			0		0		sin_imagen	sin_evidencia	2026-10-03 16:40:24	0		descartado	meta: born (persona) | ficha RYM stub (sin discografía ni foto)	BD:public.artists+persons	pages/andres-duque.json+.html(meta)	descartado sin alta (OK de Brian 2026-10-04)	
/artist/andrew_divoff	Andrew Divoff	7	D_sin_senal												persona_o_solista			0		0		sin_imagen	sin_evidencia	2026-10-03 17:45:35	0		descartado	meta: born (persona) | ficha RYM stub (sin discografía ni foto)	BD:public.artists+persons	pages/andrew_divoff.json+.html(meta)	descartado sin alta (OK de Brian 2026-10-04)	
/artist/elizabeth-avellan	Elizabeth Avellan	6	D_sin_senal												persona_o_solista			0		0		sin_imagen	sin_evidencia	2026-10-03 15:24:08	0		descartado	meta: born (persona) | ficha RYM stub (sin discografía ni foto)	BD:public.artists+persons	pages/elizabeth-avellan.json+.html(meta)	descartado sin alta (OK de Brian 2026-10-04)	
/artist/cristina-sitja	Cristina Sitja	6	D_sin_senal												persona_o_solista			0		0		sin_imagen	sin_evidencia	2026-10-03 07:01:01	0		descartado	ficha RYM stub (sin discografía ni foto)	BD:public.artists+persons	pages/cristina-sitja.json+.html(meta)	descartado sin alta (OK de Brian 2026-10-04)	
/artist/mariana-derderian	Mariana Derderián	6	D_sin_senal												persona_o_solista			0		0		sin_imagen	sin_evidencia	2026-10-03 13:56:50	0		descartado	meta: born (persona) | ficha RYM stub (sin discografía ni foto)	BD:public.artists+persons	pages/mariana-derderian.json+.html(meta)	descartado sin alta (OK de Brian 2026-10-04)	
/artist/eva-blanco-1	Eva Blanco	6	D_sin_senal												persona_o_solista			0		0		sin_imagen	sin_evidencia	2026-10-03 11:44:04	0		descartado	meta: born (persona) | ficha RYM stub (sin discografía ni foto)	BD:public.artists+persons	pages/eva-blanco-1.json+.html(meta)	descartado sin alta (OK de Brian 2026-10-04)	
/artist/diego-scano	Diego Scano	6	D_sin_senal												persona_o_solista			0		0		sin_imagen	sin_evidencia	2026-10-03 14:04:46	0		descartado	meta: born (persona) | ficha RYM stub (sin discografía ni foto)	BD:public.artists+persons	pages/diego-scano.json+.html(meta)	descartado sin alta (OK de Brian 2026-10-04)	
/artist/arthur-albert	Arthur Albert	6	D_sin_senal												persona_o_solista			0		0		sin_imagen	sin_evidencia	2026-10-03 15:29:21	0		descartado	meta: born (persona) | ficha RYM stub (sin discografía ni foto)	BD:public.artists+persons	pages/arthur-albert.json+.html(meta)	descartado sin alta (OK de Brian 2026-10-04)	
/artist/manuel-trotta	Manuel Trotta	6	D_sin_senal												persona_o_solista			0		0		sin_imagen	sin_evidencia	2026-10-03 14:09:14	0		descartado	meta: born (persona) | ficha RYM stub (sin discografía ni foto)	BD:public.artists+persons	pages/manuel-trotta.json+.html(meta)	descartado sin alta (OK de Brian 2026-10-04)	
/artist/natasha-deganello-giraudie	Natasha Deganello Giraudie	6	D_sin_senal												persona_o_solista			0		0		sin_imagen	sin_evidencia	2026-10-03 06:27:53	0		descartado	ficha RYM stub (sin discografía ni foto)	BD:public.artists+persons	pages/natasha-deganello-giraudie.json+.html(meta)	descartado sin alta (OK de Brian 2026-10-04)	
/artist/eloisa-maturen	Eloísa Maturén	6	D_sin_senal												persona_o_solista			0		0		sin_imagen	sin_evidencia	2026-10-03 18:11:49	0		descartado	meta: born (persona) | ficha RYM stub (sin discografía ni foto)	BD:public.artists+persons	pages/eloisa-maturen.json+.html(meta)	descartado sin alta (OK de Brian 2026-10-04)	
/artist/ana-osorio	Ana Osorio	6	D_sin_senal												persona_o_solista			0		0	Appears On:1	sin_imagen	sin_evidencia	2026-10-03 16:02:15	0		descartado	meta: born (persona)	BD:public.artists+persons	pages/ana-osorio.json+.html(meta)	descartado sin alta (OK de Brian 2026-10-04)	
/artist/sonia-chocron	Sonia Chocrón	6	D_sin_senal												persona_o_solista			0		0		sin_imagen	sin_evidencia	2026-10-03 14:04:24	0		descartado	meta: born (persona) | ficha RYM stub (sin discografía ni foto)	BD:public.artists+persons	pages/sonia-chocron.json+.html(meta)	descartado sin alta (OK de Brian 2026-10-04)	
/artist/anabell_guerrero	Anabell Guerrero	6	D_sin_senal												persona_o_solista			0		0		sin_imagen	sin_evidencia	2026-10-03 18:15:10	0		descartado	ficha RYM stub (sin discografía ni foto)	BD:public.artists+persons	pages/anabell_guerrero.json+.html(meta)	descartado sin alta (OK de Brian 2026-10-04)	
/artist/guillermo_mariotto	Guillermo Mariotto	6	D_sin_senal												persona_o_solista			0		0		sin_imagen	sin_evidencia	2026-10-03 17:42:55	0		descartado	meta: born (persona) | ficha RYM stub (sin discografía ni foto)	BD:public.artists+persons	pages/guillermo_mariotto.json+.html(meta)	descartado sin alta (OK de Brian 2026-10-04)	
/artist/maria_beatty	Maria Beatty	6	D_sin_senal												persona_o_solista			0		0		sin_imagen	sin_evidencia	2026-10-03 15:09:06	0		descartado	ficha RYM stub (sin discografía ni foto)	BD:public.artists+persons	pages/maria_beatty.json+.html(meta)	descartado sin alta (OK de Brian 2026-10-04)	
/artist/carl_zitelmann	Carl Zitelmann	6	D_sin_senal												persona_o_solista			0		0		sin_imagen	sin_evidencia	2026-10-03 09:37:31	0		descartado	meta: born (persona) | ficha RYM stub (sin discografía ni foto)	BD:public.artists+persons	pages/carl_zitelmann.json+.html(meta)	descartado sin alta (OK de Brian 2026-10-04)	
/artist/doris_morgado	Doris Morgado	6	D_sin_senal												persona_o_solista			0		0		sin_imagen	sin_evidencia	2026-10-02 03:36:44	0		descartado	meta: born (persona)	BD:public.artists+persons	pages/doris_morgado.json+.html(meta)	descartado sin alta (OK de Brian 2026-10-04)	
/artist/rosita_arenas	Rosita Arenas	6	D_sin_senal												persona_o_solista			0		0		sin_imagen	sin_evidencia	2026-10-03 08:07:20	0		descartado	meta: born (persona) | ficha RYM stub (sin discografía ni foto)	BD:public.artists+persons	pages/rosita_arenas.json+.html(meta)	descartado sin alta (OK de Brian 2026-10-04)	
/artist/doc-psych	Doc Psych	6	D_sin_senal												persona_o_solista			0		0		sin_imagen	sin_evidencia	2026-10-03 06:54:12	0		descartado	meta: born (persona) | ficha RYM stub (sin discografía ni foto)	BD:public.artists+persons	pages/doc-psych.json+.html(meta)	descartado sin alta (OK de Brian 2026-10-04)	
/artist/gustavo_rondon_cordova	Gustavo Rondón Córdova	6	D_sin_senal												persona_o_solista			0		0		sin_imagen	sin_evidencia	2026-10-03 10:05:08	0		descartado	meta: born (persona) | ficha RYM stub (sin discografía ni foto)	BD:public.artists+persons	pages/gustavo_rondon_cordova.json+.html(meta)	descartado sin alta (OK de Brian 2026-10-04)	
/artist/scarlet-gruber	Scarlet Gruber	6	D_sin_senal												persona_o_solista			0		0		sin_imagen	sin_evidencia	2026-10-03 08:54:50	0		descartado	meta: born (persona) | ficha RYM stub (sin discografía ni foto)	BD:public.artists+persons	pages/scarlet-gruber.json+.html(meta)	descartado sin alta (OK de Brian 2026-10-04)	
/artist/electra_avellan	Electra Avellan	6	D_sin_senal												persona_o_solista			0		0		sin_imagen	sin_evidencia	2026-10-03 16:01:24	0		descartado	meta: born (persona) | ficha RYM stub (sin discografía ni foto)	BD:public.artists+persons	pages/electra_avellan.json+.html(meta)	descartado sin alta (OK de Brian 2026-10-04)	
/artist/elise_avellan	Elise Avellan	6	D_sin_senal												persona_o_solista			0		0		sin_imagen	sin_evidencia	2026-10-03 13:22:09	0		descartado	meta: born (persona) | ficha RYM stub (sin discografía ni foto)	BD:public.artists+persons	pages/elise_avellan.json+.html(meta)	descartado sin alta (OK de Brian 2026-10-04)	
/artist/patrizia_fontana	Patrizia Fontana	6	D_sin_senal												persona_o_solista			0		0		sin_imagen	sin_evidencia	2026-10-03 14:15:18	0		descartado	meta: born (persona) | ficha RYM stub (sin discografía ni foto)	BD:public.artists+persons	pages/patrizia_fontana.json+.html(meta)	descartado sin alta (OK de Brian 2026-10-04)	
/artist/sebastian_gutierrez	Sebastian Gutierrez	6	D_sin_senal												persona_o_solista			0		0		sin_imagen	sin_evidencia	2026-10-03 14:57:48	0		descartado	meta: born (persona) | ficha RYM stub (sin discografía ni foto)	BD:public.artists+persons	pages/sebastian_gutierrez.json+.html(meta)	descartado sin alta (OK de Brian 2026-10-04)	
/artist/fernando-carrillo	Fernando Carrillo	6	D_sin_senal												persona_o_solista			0		0		sin_imagen	sin_evidencia	2026-10-03 15:26:16	0		descartado	meta: born (persona) | ficha RYM stub (sin discografía ni foto)	BD:public.artists+persons	pages/fernando-carrillo.json+.html(meta)	descartado sin alta (OK de Brian 2026-10-04)	
/artist/rene-van-nie	René van Nie	6	D_sin_senal												persona_o_solista			0		0		sin_imagen	sin_evidencia	2026-10-03 11:53:28	0		descartado	meta: born (persona) | ficha RYM stub (sin discografía ni foto)	BD:public.artists+persons	pages/rene-van-nie.json+.html(meta)	descartado sin alta (OK de Brian 2026-10-04)	
/artist/merle-collins	Merle Collins	6	D_sin_senal												persona_o_solista			0		0		sin_imagen	sin_evidencia	2026-10-03 15:50:46	0		descartado	meta: born (persona) | ficha RYM stub (sin discografía ni foto)	BD:public.artists+persons	pages/merle-collins.json+.html(meta)	descartado sin alta (OK de Brian 2026-10-04)	
/artist/chrisje-comvalius	Chrisje Comvalius	6	D_sin_senal												persona_o_solista			0		0	Appears On:1	sin_imagen	sin_evidencia	2026-10-03 14:45:48	0		descartado	meta: born (persona)	BD:public.artists+persons	pages/chrisje-comvalius.json+.html(meta)	descartado sin alta (OK de Brian 2026-10-04)	
/artist/fred_jussi	Fred Jüssi	6	D_sin_senal												persona_o_solista			0		0	Appears On:2	sin_imagen	sin_evidencia	2026-10-03 14:52:01	0		descartado	meta: born (persona)	BD:public.artists+persons	pages/fred_jussi.json+.html(meta)	descartado sin alta (OK de Brian 2026-10-04)	
/artist/emily_bolton	Emily Bolton	6	D_sin_senal												persona_o_solista			0		0		sin_imagen	sin_evidencia	2026-10-03 13:24:06	0		descartado	meta: born (persona) | ficha RYM stub (sin discografía ni foto)	BD:public.artists+persons	pages/emily_bolton.json+.html(meta)	descartado sin alta (OK de Brian 2026-10-04)	
/artist/shamira-raphaela	Shamira Raphaëla	6	D_sin_senal												persona_o_solista			0		0		sin_imagen	sin_evidencia	2026-10-03 09:33:58	0		descartado	meta: born (persona) | ficha RYM stub (sin discografía ni foto)	BD:public.artists+persons	pages/shamira-raphaela.json+.html(meta)	descartado sin alta (OK de Brian 2026-10-04)	
/artist/karen-paulina-biswell	Karen Paulina Biswell	6	D_sin_senal												persona_o_solista			0		0		sin_imagen	sin_evidencia	2026-10-03 17:16:43	0		descartado	meta: born (persona) | ficha RYM stub (sin discografía ni foto)	BD:public.artists+persons	pages/karen-paulina-biswell.json+.html(meta)	descartado sin alta (OK de Brian 2026-10-04)	
/artist/ronny-grant	Ronny Grant	6	D_sin_senal												persona_o_solista			0		0	Appears On:1	sin_imagen	sin_evidencia	2026-10-03 11:44:19	0		descartado	meta: born (persona)	BD:public.artists+persons	pages/ronny-grant.json+.html(meta)	descartado sin alta (OK de Brian 2026-10-04)	
/artist/michiel-de-jong	Michiel de Jong	6	D_sin_senal												persona_o_solista			0		0		sin_imagen	sin_evidencia	2026-10-03 13:57:14	0		descartado	meta: born (persona) | ficha RYM stub (sin discografía ni foto)	BD:public.artists+persons	pages/michiel-de-jong.json+.html(meta)	descartado sin alta (OK de Brian 2026-10-04)	
/artist/etty-toppenberg	Etty Toppenberg	6	D_sin_senal												persona_o_solista			0		0		sin_imagen	sin_evidencia	2026-10-03 11:45:58	0		descartado	meta: born (persona) | ficha RYM stub (sin discografía ni foto)	BD:public.artists+persons	pages/etty-toppenberg.json+.html(meta)	descartado sin alta (OK de Brian 2026-10-04)	
/artist/john_novak	John Novak	5	D_sin_senal												persona_o_solista			0		0		sin_imagen	sin_evidencia	2026-10-03 17:50:10	0		descartado	meta: born (persona) | ficha RYM stub (sin discografía ni foto)	BD:public.artists+persons	pages/john_novak.json+.html(meta)	descartado sin alta (OK de Brian 2026-10-04)	
/artist/helena_manson	Héléna Manson	5	D_sin_senal												persona_o_solista			0		0		sin_imagen	sin_evidencia	2026-10-03 17:15:36	0		descartado	meta: born (persona) | ficha RYM stub (sin discografía ni foto)	BD:public.artists+persons	pages/helena_manson.json+.html(meta)	descartado sin alta (OK de Brian 2026-10-04)	
/artist/txiki-benegas	Txiki Benegas	5	D_sin_senal												persona_o_solista			0		0		sin_imagen	sin_evidencia	2026-10-03 08:51:32	0		descartado	meta: born (persona) | ficha RYM stub (sin discografía ni foto)	BD:public.artists+persons	pages/txiki-benegas.json+.html(meta)	descartado sin alta (OK de Brian 2026-10-04)	
/artist/shariff_korver	Shariff Korver	5	D_sin_senal												persona_o_solista			0		0		sin_imagen	sin_evidencia	2026-10-03 07:56:12	0		descartado	meta: born (persona) | ficha RYM stub (sin discografía ni foto)	BD:public.artists+persons	pages/shariff_korver.json+.html(meta)	descartado sin alta (OK de Brian 2026-10-04)	
/artist/cecilia_bellorin	Cecilia Bellorín	5	D_sin_senal												persona_o_solista			0		0	Appears On:1	sin_imagen	sin_evidencia	2026-10-03 18:01:13	0		descartado	meta: born (persona)	BD:public.artists+persons	pages/cecilia_bellorin.json+.html(meta)	descartado sin alta (OK de Brian 2026-10-04)	
/artist/luigi_sciamanna	Luigi Sciamanna	5	D_sin_senal												persona_o_solista			0		0		sin_imagen	sin_evidencia	2026-10-03 10:34:29	0		descartado	ficha RYM stub (sin discografía ni foto)	BD:public.artists+persons	pages/luigi_sciamanna.json+.html(meta)	descartado sin alta (OK de Brian 2026-10-04)	
/artist/zair-montes	Zair Montes	5	D_sin_senal												persona_o_solista			0		0		sin_imagen	sin_evidencia	2026-10-03 12:16:53	0		descartado	meta: born (persona) | ficha RYM stub (sin discografía ni foto)	BD:public.artists+persons	pages/zair-montes.json+.html(meta)	descartado sin alta (OK de Brian 2026-10-04)	
/artist/fina_torres	Fina Torres	5	D_sin_senal												persona_o_solista			0		0		sin_imagen	sin_evidencia	2026-10-03 14:55:50	0		descartado	meta: born (persona) | ficha RYM stub (sin discografía ni foto)	BD:public.artists+persons	pages/fina_torres.json+.html(meta)	descartado sin alta (OK de Brian 2026-10-04)	
/artist/jose_prendes	Jose Prendes	5	D_sin_senal												persona_o_solista			0		0		sin_imagen	sin_evidencia	2026-10-03 17:09:51	0		descartado	meta: born (persona) | ficha RYM stub (sin discografía ni foto)	BD:public.artists+persons	pages/jose_prendes.json+.html(meta)	descartado sin alta (OK de Brian 2026-10-04)	
/artist/paola-calvo	Paola Calvo	5	D_sin_senal												persona_o_solista			0		0		sin_imagen	sin_evidencia	2026-10-03 07:54:07	0		descartado	meta: born (persona) | ficha RYM stub (sin discografía ni foto)	BD:public.artists+persons	pages/paola-calvo.json+.html(meta)	descartado sin alta (OK de Brian 2026-10-04)	
/artist/ines-michelena	Inés Michelena	5	D_sin_senal												persona_o_solista			0		0		sin_imagen	sin_evidencia	2026-10-03 13:31:32	0		descartado	ficha RYM stub (sin discografía ni foto)	BD:public.artists+persons	pages/ines-michelena.json+.html(meta)	descartado sin alta (OK de Brian 2026-10-04)	
/artist/frank-spano	Frank Spano	5	D_sin_senal												persona_o_solista			0		0		sin_imagen	sin_evidencia	2026-10-03 14:07:50	0		descartado	meta: born (persona) | ficha RYM stub (sin discografía ni foto)	BD:public.artists+persons	pages/frank-spano.json+.html(meta)	descartado sin alta (OK de Brian 2026-10-04)	
/artist/adolfo-kolmerer	Adolfo Kolmerer	5	D_sin_senal												persona_o_solista			0		0		sin_imagen	sin_evidencia	2026-10-03 18:21:51	0		descartado	meta: born (persona) | ficha RYM stub (sin discografía ni foto)	BD:public.artists+persons	pages/adolfo-kolmerer.json+.html(meta)	descartado sin alta (OK de Brian 2026-10-04)	
/artist/jei	Jei	5	D_sin_senal												persona_o_solista			0		0	Appears On:2	sin_imagen	sin_evidencia	2026-10-03 11:58:05	0		descartado	meta: born (persona)	BD:public.artists+persons	pages/jei.json+.html(meta)	descartado sin alta (OK de Brian 2026-10-04)	
/artist/laureano-olivares	Laureano Olivares	5	D_sin_senal												persona_o_solista			0		0		sin_imagen	sin_evidencia	2026-10-03 06:09:25	0		descartado	meta: born (persona) | ficha RYM stub (sin discografía ni foto)	BD:public.artists+persons	pages/laureano-olivares.json+.html(meta)	descartado sin alta (OK de Brian 2026-10-04)	
/artist/atahualpa-lichy	Atahualpa Lichy	5	D_sin_senal												persona_o_solista			0		0		sin_imagen	sin_evidencia	2026-10-03 10:07:30	0		descartado	ficha RYM stub (sin discografía ni foto)	BD:public.artists+persons	pages/atahualpa-lichy.json+.html(meta)	descartado sin alta (OK de Brian 2026-10-04)	
/artist/jose-carabano	José Carabaño	5	D_sin_senal												persona_o_solista			0		0		sin_imagen	sin_evidencia	2026-10-03 14:59:52	0		descartado	meta: born (persona) | ficha RYM stub (sin discografía ni foto)	BD:public.artists+persons	pages/jose-carabano.json+.html(meta)	descartado sin alta (OK de Brian 2026-10-04)	
/artist/kroshwell	Kroshwell	5	D_sin_senal												persona_o_solista			0		0	Appears On:1	sin_imagen	sin_evidencia	2026-10-03 17:19:02	0		descartado	meta: born (persona)	BD:public.artists+persons	pages/kroshwell.json+.html(meta)	descartado sin alta (OK de Brian 2026-10-04)	
/artist/rino-arreaza	Rino Arreaza	5	D_sin_senal												persona_o_solista			0		0		sin_imagen	sin_evidencia	2026-10-03 10:22:33	0		descartado	meta: born (persona) | ficha RYM stub (sin discografía ni foto)	BD:public.artists+persons	pages/rino-arreaza.json+.html(meta)	descartado sin alta (OK de Brian 2026-10-04)	
/artist/andrea-herrera-catala	Andrea Herrera Catalá	5	D_sin_senal												persona_o_solista			0		0		sin_imagen	sin_evidencia	2026-10-03 06:14:32	0		descartado	ficha RYM stub (sin discografía ni foto)	BD:public.artists+persons	pages/andrea-herrera-catala.json+.html(meta)	descartado sin alta (OK de Brian 2026-10-04)	
/artist/ariana-ron-pedrique	Ariana Ron Pedrique	5	D_sin_senal												persona_o_solista			0		0		sin_imagen	sin_evidencia	2026-10-03 13:18:23	0		descartado	meta: born (persona) | ficha RYM stub (sin discografía ni foto)	BD:public.artists+persons	pages/ariana-ron-pedrique.json+.html(meta)	descartado sin alta (OK de Brian 2026-10-04)	
/artist/juan-vicente-manrique	Juan Vicente Manrique	5	D_sin_senal												persona_o_solista			0		0		sin_imagen	sin_evidencia	2026-10-03 10:42:49	0		descartado	meta: born (persona) | ficha RYM stub (sin discografía ni foto)	BD:public.artists+persons	pages/juan-vicente-manrique.json+.html(meta)	descartado sin alta (OK de Brian 2026-10-04)	
/artist/crilo-champions	Crilo Champions	5	D_sin_senal												persona_o_solista			0		0		sin_imagen	sin_evidencia	2026-10-03 15:11:38	0		descartado	meta: born (persona) | ficha RYM stub (sin discografía ni foto)	BD:public.artists+persons	pages/crilo-champions.json+.html(meta)	descartado sin alta (OK de Brian 2026-10-04)	
/artist/ricardo-coll	Ricardo Coll	5	D_sin_senal												persona_o_solista			0		0		sin_imagen	sin_evidencia	2026-10-03 13:56:39	0		descartado	meta: born (persona) | ficha RYM stub (sin discografía ni foto)	BD:public.artists+persons	pages/ricardo-coll.json+.html(meta)	descartado sin alta (OK de Brian 2026-10-04)	
/artist/reinaldo-moya	Reinaldo Moya	5	D_sin_senal												persona_o_solista			0		0		sin_imagen	sin_evidencia	2026-10-03 15:36:31	0		descartado	ficha RYM stub (sin discografía ni foto)	BD:public.artists+persons	pages/reinaldo-moya.json+.html(meta)	descartado sin alta (OK de Brian 2026-10-04)	
/artist/cesar-manzano	César Manzano	5	D_sin_senal												persona_o_solista			0		0		sin_imagen	sin_evidencia	2026-10-03 10:46:32	0		descartado	meta: born (persona) | ficha RYM stub (sin discografía ni foto)	BD:public.artists+persons	pages/cesar-manzano.json+.html(meta)	descartado sin alta (OK de Brian 2026-10-04)	
/artist/victor-velasco	Victor Velasco	5	D_sin_senal												persona_o_solista			0		0		sin_imagen	sin_evidencia	2026-10-03 18:03:29	0		descartado	ficha RYM stub (sin discografía ni foto)	BD:public.artists+persons	pages/victor-velasco.json+.html(meta)	descartado sin alta (OK de Brian 2026-10-04)	
/artist/gigi-zanchetta	Gigi Zanchetta	5	D_sin_senal												persona_o_solista			0		0		sin_imagen	sin_evidencia	2026-10-03 14:06:07	0		descartado	meta: born (persona) | ficha RYM stub (sin discografía ni foto)	BD:public.artists+persons	pages/gigi-zanchetta.json+.html(meta)	descartado sin alta (OK de Brian 2026-10-04)	
/artist/isabella-santiago	Isabella Santiago	5	D_sin_senal												persona_o_solista			0		0		sin_imagen	sin_evidencia	2026-10-03 07:13:40	0		descartado	meta: born (persona) | ficha RYM stub (sin discografía ni foto)	BD:public.artists+persons	pages/isabella-santiago.json+.html(meta)	descartado sin alta (OK de Brian 2026-10-04)	
/artist/ernesto-calzadilla	Ernesto Calzadilla	5	D_sin_senal												persona_o_solista			0		0		sin_imagen	sin_evidencia	2026-10-03 15:55:06	0		descartado	meta: born (persona) | ficha RYM stub (sin discografía ni foto)	BD:public.artists+persons	pages/ernesto-calzadilla.json+.html(meta)	descartado sin alta (OK de Brian 2026-10-04)	
/artist/marjorie-de-sousa	Marjorie de Sousa	5	D_sin_senal												persona_o_solista			0		0		sin_imagen	sin_evidencia	2026-10-03 15:28:36	0		descartado	meta: born (persona) | ficha RYM stub (sin discografía ni foto)	BD:public.artists+persons	pages/marjorie-de-sousa.json+.html(meta)	descartado sin alta (OK de Brian 2026-10-04)	
/artist/carlos-azpurua	Carlos Azpurúa	5	D_sin_senal												persona_o_solista			0		0		sin_imagen	sin_evidencia	2026-10-03 10:07:18	0		descartado	meta: born (persona) | ficha RYM stub (sin discografía ni foto)	BD:public.artists+persons	pages/carlos-azpurua.json+.html(meta)	descartado sin alta (OK de Brian 2026-10-04)	
/artist/moro-leon	Moro León	5	D_sin_senal												persona_o_solista			0		0		sin_imagen	sin_evidencia	2026-10-03 12:32:20	0		descartado	meta: born (persona) | ficha RYM stub (sin discografía ni foto)	BD:public.artists+persons	pages/moro-leon.json+.html(meta)	descartado sin alta (OK de Brian 2026-10-04)	
/artist/francisco-villarroel	Francisco Villarroel	5	D_sin_senal												persona_o_solista			0		0		sin_imagen	sin_evidencia	2026-10-03 09:30:17	0		descartado	meta: born (persona) | ficha RYM stub (sin discografía ni foto)	BD:public.artists+persons	pages/francisco-villarroel.json+.html(meta)	descartado sin alta (OK de Brian 2026-10-04)	
/artist/america-zerpa	América Zerpa	5	D_sin_senal												persona_o_solista			0		0		sin_imagen	sin_evidencia	2026-10-03 16:01:03	0		descartado	ficha RYM stub (sin discografía ni foto)	BD:public.artists+persons	pages/america-zerpa.json+.html(meta)	descartado sin alta (OK de Brian 2026-10-04)	
/artist/diego-vicentini	Diego Vicentini	5	D_sin_senal												persona_o_solista			0		0		sin_imagen	sin_evidencia	2026-10-03 16:28:52	0		descartado	ficha RYM stub (sin discografía ni foto)	BD:public.artists+persons	pages/diego-vicentini.json+.html(meta)	descartado sin alta (OK de Brian 2026-10-04)	
/artist/manuel-diaz-punceles	Manuel Díaz Punceles	5	D_sin_senal												persona_o_solista			0		0		sin_imagen	sin_evidencia	2026-10-03 08:17:44	0		descartado	ficha RYM stub (sin discografía ni foto)	BD:public.artists+persons	pages/manuel-diaz-punceles.json+.html(meta)	descartado sin alta (OK de Brian 2026-10-04)	
/artist/max_costa	Max Costa	5	D_sin_senal												persona_o_solista			0		0		sin_imagen	sin_evidencia	2026-10-03 17:16:56	0		descartado	meta: born (persona) | ficha RYM stub (sin discografía ni foto)	BD:public.artists+persons	pages/max_costa.json+.html(meta)	descartado sin alta (OK de Brian 2026-10-04)	
/artist/luis-colmenares	Luis Colmenares	5	D_sin_senal												persona_o_solista			0		0		sin_imagen	sin_evidencia	2026-10-03 10:12:17	0		descartado	meta: born (persona) | ficha RYM stub (sin discografía ni foto)	BD:public.artists+persons	pages/luis-colmenares.json+.html(meta)	descartado sin alta (OK de Brian 2026-10-04)	
/artist/lovadiel	lovadiel	5	D_sin_senal												persona_o_solista			0		0	Appears On:2	sin_imagen	sin_evidencia	2026-10-03 07:19:03	0		descartado		BD:public.artists+persons	pages/lovadiel.json+.html(meta)	descartado sin alta (OK de Brian 2026-10-04)	
/artist/abril-schreiber	Abril Schreiber	5	D_sin_senal												persona_o_solista			0		0		sin_imagen	sin_evidencia	2026-10-03 16:01:15	0		descartado	meta: born (persona) | ficha RYM stub (sin discografía ni foto)	BD:public.artists+persons	pages/abril-schreiber.json+.html(meta)	descartado sin alta (OK de Brian 2026-10-04)	
/artist/hendrick-bages	Hendrick Bages	5	D_sin_senal												persona_o_solista			0		0	V/A Compilation:1	sin_imagen	sin_evidencia	2026-10-03 15:59:48	0		descartado	meta: born (persona)	BD:public.artists+persons	pages/hendrick-bages.json+.html(meta)	descartado sin alta (OK de Brian 2026-10-04)	
/artist/alexandra-mey	Alexandra Mey	5	D_sin_senal												persona_o_solista			0		0	V/A Compilation:1	sin_imagen	sin_evidencia	2026-10-03 08:40:59	0		descartado	meta: born (persona)	BD:public.artists+persons	pages/alexandra-mey.json+.html(meta)	descartado sin alta (OK de Brian 2026-10-04)	
/artist/cinthya-carmona	Cinthya Carmona	5	D_sin_senal												persona_o_solista			0		0		sin_imagen	sin_evidencia	2026-10-03 16:53:52	0		descartado	meta: born (persona) | ficha RYM stub (sin discografía ni foto)	BD:public.artists+persons	pages/cinthya-carmona.json+.html(meta)	descartado sin alta (OK de Brian 2026-10-04)	
/artist/antonio-llerandi	Antonio Llerandi	5	D_sin_senal												persona_o_solista			0		0		sin_imagen	sin_evidencia	2026-10-03 15:20:25	0		descartado	meta: born (persona) | ficha RYM stub (sin discografía ni foto)	BD:public.artists+persons	pages/antonio-llerandi.json+.html(meta)	descartado sin alta (OK de Brian 2026-10-04)	
/artist/viviana-gibelli	Viviana Gibelli	5	D_sin_senal												persona_o_solista			0		0		sin_imagen	sin_evidencia	2026-10-03 13:55:29	0		descartado	meta: born (persona) | ficha RYM stub (sin discografía ni foto)	BD:public.artists+persons	pages/viviana-gibelli.json+.html(meta)	descartado sin alta (OK de Brian 2026-10-04)	
/artist/alba-roversi	Alba Roversi	5	D_sin_senal												persona_o_solista			0		0		sin_imagen	sin_evidencia	2026-10-02 03:21:31	0		descartado	meta: born (persona)	BD:public.artists+persons	pages/alba-roversi.json+.html(meta)	descartado sin alta (OK de Brian 2026-10-04)	
/artist/toco-gomez	Toco Gómez	5	D_sin_senal												persona_o_solista			0		0		sin_imagen	sin_evidencia	2026-10-03 10:47:38	0		descartado	meta: born (persona) | ficha RYM stub (sin discografía ni foto)	BD:public.artists+persons	pages/toco-gomez.json+.html(meta)	descartado sin alta (OK de Brian 2026-10-04)	
/artist/koncept-p	Koncept P	5	D_sin_senal												persona_o_solista			0		0		sin_imagen	sin_evidencia	2026-10-03 09:52:30	0		descartado	ficha RYM stub (sin discografía ni foto)	BD:public.artists+persons	pages/koncept-p.json+.html(meta)	descartado sin alta (OK de Brian 2026-10-04)	
/artist/ignacio-castillo-cottin	Ignacio Castillo Cottin	5	D_sin_senal												persona_o_solista			0		0		sin_imagen	sin_evidencia	2026-10-03 06:02:58	0		descartado	meta: born (persona) | ficha RYM stub (sin discografía ni foto)	BD:public.artists+persons	pages/ignacio-castillo-cottin.json+.html(meta)	descartado sin alta (OK de Brian 2026-10-04)	
/artist/jorge-hernandez-aldana	Jorge Hernández Aldana	5	D_sin_senal												persona_o_solista			0		0		sin_imagen	sin_evidencia	2026-10-03 13:59:05	0		descartado	meta: born (persona) | ficha RYM stub (sin discografía ni foto)	BD:public.artists+persons	pages/jorge-hernandez-aldana.json+.html(meta)	descartado sin alta (OK de Brian 2026-10-04)	
/artist/disalazar	Disalazar	5	D_sin_senal												persona_o_solista			0		0	V/A Compilation:1	sin_imagen	sin_evidencia	2026-10-03 08:52:09	0		descartado		BD:public.artists+persons	pages/disalazar.json+.html(meta)	descartado sin alta (OK de Brian 2026-10-04)	
/artist/jennifer-tani	Jennifer Tani	5	D_sin_senal												persona_o_solista			0		0		sin_imagen	sin_evidencia	2026-10-03 08:47:44	0		descartado	ficha RYM stub (sin discografía ni foto)	BD:public.artists+persons	pages/jennifer-tani.json+.html(meta)	descartado sin alta (OK de Brian 2026-10-04)	
/artist/anna-lamadrid	Anna LaMadrid	5	D_sin_senal												persona_o_solista			0		0		sin_imagen	sin_evidencia	2026-10-03 08:03:47	0		descartado	ficha RYM stub (sin discografía ni foto)	BD:public.artists+persons	pages/anna-lamadrid.json+.html(meta)	descartado sin alta (OK de Brian 2026-10-04)	
/artist/jose-ramon-barreto	José Ramón Barreto	5	D_sin_senal												persona_o_solista			0		0		sin_imagen	sin_evidencia	2026-10-03 14:54:26	0		descartado	meta: born (persona) | ficha RYM stub (sin discografía ni foto)	BD:public.artists+persons	pages/jose-ramon-barreto.json+.html(meta)	descartado sin alta (OK de Brian 2026-10-04)	
/artist/francis-rueda	Francis Rueda	5	D_sin_senal												persona_o_solista			0		0		sin_imagen	sin_evidencia	2026-10-03 10:02:49	0		descartado	meta: born (persona) | ficha RYM stub (sin discografía ni foto)	BD:public.artists+persons	pages/francis-rueda.json+.html(meta)	descartado sin alta (OK de Brian 2026-10-04)	
/artist/greisy-mena	Greisy Mena	5	D_sin_senal												persona_o_solista			0		0		sin_imagen	sin_evidencia	2026-10-03 17:18:51	0		descartado	meta: born (persona) | ficha RYM stub (sin discografía ni foto)	BD:public.artists+persons	pages/greisy-mena.json+.html(meta)	descartado sin alta (OK de Brian 2026-10-04)	
/artist/pedro-lander	Pedro Lander	5	D_sin_senal												persona_o_solista			0		0		sin_imagen	sin_evidencia	2026-10-03 17:21:29	0		descartado	meta: born (persona) | ficha RYM stub (sin discografía ni foto)	BD:public.artists+persons	pages/pedro-lander.json+.html(meta)	descartado sin alta (OK de Brian 2026-10-04)	
/artist/irene-arcila	Irene Arcila	5	D_sin_senal												persona_o_solista			0		0		sin_imagen	sin_evidencia	2026-10-03 09:02:59	0		descartado	meta: born (persona) | ficha RYM stub (sin discografía ni foto)	BD:public.artists+persons	pages/irene-arcila.json+.html(meta)	descartado sin alta (OK de Brian 2026-10-04)	
/artist/maria-constanza-ferreira	Maria Constanza Ferreira	5	D_sin_senal												persona_o_solista			0		0		sin_imagen	sin_evidencia	2026-10-03 08:58:56	0		descartado	meta: born (persona) | ficha RYM stub (sin discografía ni foto)	BD:public.artists+persons	pages/maria-constanza-ferreira.json+.html(meta)	descartado sin alta (OK de Brian 2026-10-04)	
/artist/daniel-yegres	Daniel Yegres	5	D_sin_senal												persona_o_solista			0		0		sin_imagen	sin_evidencia	2026-10-03 09:38:23	0		descartado	ficha RYM stub (sin discografía ni foto)	BD:public.artists+persons	pages/daniel-yegres.json+.html(meta)	descartado sin alta (OK de Brian 2026-10-04)	
/artist/elia-schneider	Elia Schneider	5	D_sin_senal												persona_o_solista			0		0		sin_imagen	sin_evidencia	2026-10-03 16:32:26	0		descartado	meta: born (persona) | ficha RYM stub (sin discografía ni foto)	BD:public.artists+persons	pages/elia-schneider.json+.html(meta)	descartado sin alta (OK de Brian 2026-10-04)	
/artist/hector-francisco-silva-nunez	Héctor Francisco Silva Núñez	5	D_sin_senal												persona_o_solista			0		0		sin_imagen	sin_evidencia	2026-10-03 08:20:05	0		descartado	meta: born (persona) | ficha RYM stub (sin discografía ni foto)	BD:public.artists+persons	pages/hector-francisco-silva-nunez.json+.html(meta)	descartado sin alta (OK de Brian 2026-10-04)	
/artist/elkin_diaz	Elkin Díaz	5	D_sin_senal												persona_o_solista			0		0		sin_imagen	sin_evidencia	2026-10-03 08:15:29	0		descartado	meta: born (persona) | ficha RYM stub (sin discografía ni foto)	BD:public.artists+persons	pages/elkin_diaz.json+.html(meta)	descartado sin alta (OK de Brian 2026-10-04)	
/artist/carlos-duplat	Carlos Duplat	5	D_sin_senal												persona_o_solista			0		0		sin_imagen	sin_evidencia	2026-10-03 09:04:01	0		descartado	meta: born (persona) | ficha RYM stub (sin discografía ni foto)	BD:public.artists+persons	pages/carlos-duplat.json+.html(meta)	descartado sin alta (OK de Brian 2026-10-04)	
/artist/cristal-aparicio	Cristal Aparicio	5	D_sin_senal												persona_o_solista			0		0		sin_imagen	sin_evidencia	2026-10-03 06:34:13	0		descartado	meta: born (persona) | ficha RYM stub (sin discografía ni foto)	BD:public.artists+persons	pages/cristal-aparicio.json+.html(meta)	descartado sin alta (OK de Brian 2026-10-04)	
/artist/martha-liliana-ruiz	Martha Liliana Ruiz	5	D_sin_senal												persona_o_solista			0		0		sin_imagen	sin_evidencia	2026-10-02 03:31:11	0		descartado	meta: born (persona)	BD:public.artists+persons	pages/martha-liliana-ruiz.json+.html(meta)	descartado sin alta (OK de Brian 2026-10-04)	
/artist/jim-pluk	Jim Pluk	5	D_sin_senal												indeterminado			0		0		sin_imagen	sin_evidencia	2026-10-03 16:29:09	0		descartado	ficha RYM stub (sin discografía ni foto)	BD:public.artists+persons	pages/jim-pluk.json+.html(meta)	descartado sin alta (OK de Brian 2026-10-04)	
/artist/santo-tuqueque	Santo Tuqueque	5	D_sin_senal												indeterminado			0		0	Appears On:1	sin_imagen	sin_evidencia	2026-10-03 13:29:08	0		descartado		BD:public.artists+persons	pages/santo-tuqueque.json+.html(meta)	descartado sin alta (OK de Brian 2026-10-04)	
/artist/blas-emilio-atehortua	Blas Emilio Atehortúa	5	D_sin_senal												persona_o_solista			0		0		sin_imagen	sin_evidencia	2026-10-03 17:24:28	0		descartado	meta: born (persona) | ficha RYM stub (sin discografía ni foto)	BD:public.artists+persons	pages/blas-emilio-atehortua.json+.html(meta)	descartado sin alta (OK de Brian 2026-10-04)	
/artist/alberto-gomez-pena	Alberto Gómez Peña	5	D_sin_senal												indeterminado			0		0		sin_imagen	sin_evidencia	2026-10-03 06:13:46	0		descartado	ficha RYM stub (sin discografía ni foto)	BD:public.artists+persons	pages/alberto-gomez-pena.json+.html(meta)	descartado sin alta (OK de Brian 2026-10-04)	
/artist/catalina_denis	Catalina Denis	5	D_sin_senal												persona_o_solista			0		0		sin_imagen	sin_evidencia	2026-10-03 15:22:15	0		descartado	ficha RYM stub (sin discografía ni foto)	BD:public.artists+persons	pages/catalina_denis.json+.html(meta)	descartado sin alta (OK de Brian 2026-10-04)	
/artist/jose-galvez	José Gálvez	5	D_sin_senal												persona_o_solista			0		0		sin_imagen	sin_evidencia	2026-10-03 09:46:54	0		descartado	meta: born (persona) | ficha RYM stub (sin discografía ni foto)	BD:public.artists+persons	pages/jose-galvez.json+.html(meta)	descartado sin alta (OK de Brian 2026-10-04)	
/artist/lilo-de-la-vega	Lilo de la Vega	5	D_sin_senal												persona_o_solista			0		0		sin_imagen	sin_evidencia	2026-10-03 10:39:29	0		descartado	meta: born (persona) | ficha RYM stub (sin discografía ni foto)	BD:public.artists+persons	pages/lilo-de-la-vega.json+.html(meta)	descartado sin alta (OK de Brian 2026-10-04)	
/artist/jairo_camargo	Jairo Camargo	5	D_sin_senal												persona_o_solista			0		0		sin_imagen	sin_evidencia	2026-10-03 09:38:56	0		descartado	meta: born (persona) | ficha RYM stub (sin discografía ni foto)	BD:public.artists+persons	pages/jairo_camargo.json+.html(meta)	descartado sin alta (OK de Brian 2026-10-04)	
/artist/cesar_badillo	César Badillo	5	D_sin_senal												persona_o_solista			0		0		sin_imagen	sin_evidencia	2026-10-03 17:25:01	0		descartado	meta: born (persona) | ficha RYM stub (sin discografía ni foto)	BD:public.artists+persons	pages/cesar_badillo.json+.html(meta)	descartado sin alta (OK de Brian 2026-10-04)	
/artist/andres-torres-3	Andrés Torres	5	D_sin_senal												persona_o_solista			0		0		sin_imagen	sin_evidencia	2026-10-03 10:15:35	0		descartado	ficha RYM stub (sin discografía ni foto)	BD:public.artists+persons	pages/andres-torres-3.json+.html(meta)	descartado sin alta (OK de Brian 2026-10-04)	
/artist/ciro_guerra	Ciro Guerra	5	D_sin_senal												persona_o_solista			0		0		sin_imagen	sin_evidencia	2026-10-03 06:28:53	0		descartado	meta: born (persona) | ficha RYM stub (sin discografía ni foto)	BD:public.artists+persons	pages/ciro_guerra.json+.html(meta)	descartado sin alta (OK de Brian 2026-10-04)	
/artist/ciro-duran	Ciro Durán	5	D_sin_senal												persona_o_solista			0		0		sin_imagen	sin_evidencia	2026-10-03 12:14:46	0		descartado	meta: born (persona) | ficha RYM stub (sin discografía ni foto)	BD:public.artists+persons	pages/ciro-duran.json+.html(meta)	descartado sin alta (OK de Brian 2026-10-04)	
/artist/sherman-de-jesus	Sherman de Jesus	4	D_sin_senal												persona_o_solista			0		0		sin_imagen	sin_evidencia	2026-10-03 11:41:34	0		descartado	meta: born (persona) | ficha RYM stub (sin discografía ni foto)	BD:public.artists+persons	pages/sherman-de-jesus.json+.html(meta)	descartado sin alta (OK de Brian 2026-10-04)	
/artist/robby-muller	Robby Müller	4	D_sin_senal												persona_o_solista			0		0		sin_imagen	sin_evidencia	2026-10-03 12:17:20	0		descartado	meta: born (persona) | ficha RYM stub (sin discografía ni foto)	BD:public.artists+persons	pages/robby-muller.json+.html(meta)	descartado sin alta (OK de Brian 2026-10-04)	
/artist/charles-maduro	Charles Maduro	4	D_sin_senal												persona_o_solista			0		0		sin_imagen	sin_evidencia	2026-10-03 15:04:01	0		descartado	meta: born (persona) | ficha RYM stub (sin discografía ni foto)	BD:public.artists+persons	pages/charles-maduro.json+.html(meta)	descartado sin alta (OK de Brian 2026-10-04)	
/artist/robert-jonathan-koeyers	Robert-Jonathan Koeyers	4	D_sin_senal												persona_o_solista			0		0		sin_imagen	sin_evidencia	2026-10-03 06:41:04	0		descartado	meta: born (persona) | ficha RYM stub (sin discografía ni foto)	BD:public.artists+persons	pages/robert-jonathan-koeyers.json+.html(meta)	descartado sin alta (OK de Brian 2026-10-04)	
/artist/danny-yanga	Danny Yanga	4	D_sin_senal												persona_o_solista			0		0	Appears On:1	sin_imagen	sin_evidencia	2026-10-03 08:03:31	0		descartado	meta: born (persona)	BD:public.artists+persons	pages/danny-yanga.json+.html(meta)	descartado sin alta (OK de Brian 2026-10-04)	
/artist/selwyn-de-wind	Selwyn de Wind	4	D_sin_senal												persona_o_solista			0		0		sin_imagen	sin_evidencia	2026-10-03 10:03:02	0		descartado	ficha RYM stub (sin discografía ni foto)	BD:public.artists+persons	pages/selwyn-de-wind.json+.html(meta)	descartado sin alta (OK de Brian 2026-10-04)	
/artist/noraly-beyer	Noraly Beyer	4	D_sin_senal												persona_o_solista			0		0		sin_imagen	sin_evidencia	2026-10-03 12:32:06	0		descartado	meta: born (persona) | ficha RYM stub (sin discografía ni foto)	BD:public.artists+persons	pages/noraly-beyer.json+.html(meta)	descartado sin alta (OK de Brian 2026-10-04)	
/artist/jaike-belfor	Jaike Belfor	4	D_sin_senal												persona_o_solista			0		0		sin_imagen	sin_evidencia	2026-10-03 16:45:42	0		descartado	meta: born (persona) | ficha RYM stub (sin discografía ni foto)	BD:public.artists+persons	pages/jaike-belfor.json+.html(meta)	descartado sin alta (OK de Brian 2026-10-04)	
/artist/prob_lem	Prob.LEM	3	D_sin_senal												indeterminado			0		0	Appears On:1	sin_imagen	sin_evidencia	2026-10-03 09:49:19	0		descartado		BD:public.artists+persons	pages/prob_lem.json+.html(meta)	descartado sin alta (OK de Brian 2026-10-04)	
/artist/marisela_berti	Marisela Berti	3	D_sin_senal												persona_o_solista			0		0		sin_imagen	sin_evidencia	2026-10-03 09:38:34	0		descartado	meta: born (persona) | ficha RYM stub (sin discografía ni foto)	BD:public.artists+persons	pages/marisela_berti.json+.html(meta)	descartado sin alta (OK de Brian 2026-10-04)	
/artist/lupita-ferrer	Lupita Ferrer	3	D_sin_senal												persona_o_solista			0		0		sin_imagen	sin_evidencia	2026-10-03 14:56:03	0		descartado	meta: born (persona) | ficha RYM stub (sin discografía ni foto)	BD:public.artists+persons	pages/lupita-ferrer.json+.html(meta)	descartado sin alta (OK de Brian 2026-10-04)	
/artist/jean-carlo-simancas	Jean Carlo Simancas	3	D_sin_senal												persona_o_solista			0		0		sin_imagen	sin_evidencia	2026-10-03 07:07:03	0		descartado	meta: born (persona) | ficha RYM stub (sin discografía ni foto)	BD:public.artists+persons	pages/jean-carlo-simancas.json+.html(meta)	descartado sin alta (OK de Brian 2026-10-04)	
/artist/michael-labarca	Michael Labarca	3	D_sin_senal												persona_o_solista			0		0		sin_imagen	sin_evidencia	2026-10-03 16:37:41	0		descartado	meta: born (persona) | ficha RYM stub (sin discografía ni foto)	BD:public.artists+persons	pages/michael-labarca.json+.html(meta)	descartado sin alta (OK de Brian 2026-10-04)	
/artist/patricia-ortega	Patricia Ortega	3	D_sin_senal												persona_o_solista			0		0		sin_imagen	sin_evidencia	2026-10-03 07:54:50	0		descartado	meta: born (persona) | ficha RYM stub (sin discografía ni foto)	BD:public.artists+persons	pages/patricia-ortega.json+.html(meta)	descartado sin alta (OK de Brian 2026-10-04)	
/artist/carlos-caridad-montero	Carlos Caridad Montero	3	D_sin_senal												persona_o_solista			0		0		sin_imagen	sin_evidencia	2026-10-03 06:29:05	0		descartado	meta: born (persona) | ficha RYM stub (sin discografía ni foto)	BD:public.artists+persons	pages/carlos-caridad-montero.json+.html(meta)	descartado sin alta (OK de Brian 2026-10-04)	
/artist/valentina-alvarado-matos	Valentina Alvarado Matos	3	D_sin_senal												persona_o_solista			0		0		sin_imagen	sin_evidencia	2026-10-03 10:44:29	0		descartado	meta: born (persona) | ficha RYM stub (sin discografía ni foto)	BD:public.artists+persons	pages/valentina-alvarado-matos.json+.html(meta)	descartado sin alta (OK de Brian 2026-10-04)	
/artist/xabier_elorriaga	Xabier Elorriaga	3	D_sin_senal												persona_o_solista			0		0	V/A Compilation:1	sin_imagen	sin_evidencia	2026-10-03 15:00:46	0		descartado	meta: born (persona)	BD:public.artists+persons	pages/xabier_elorriaga.json+.html(meta)	descartado sin alta (OK de Brian 2026-10-04)	
/artist/clark_ross	Clark Ross	3	D_sin_senal												persona_o_solista			0		0		sin_imagen	sin_evidencia	2026-10-03 10:16:11	0		descartado	meta: born (persona) | ficha RYM stub (sin discografía ni foto)	BD:public.artists+persons	pages/clark_ross.json+.html(meta)	descartado sin alta (OK de Brian 2026-10-04)	
/artist/marco-echeverria	Marco Echeverria	3	D_sin_senal												persona_o_solista			0		0		sin_imagen	sin_evidencia	2026-10-03 07:56:22	0		descartado	ficha RYM stub (sin discografía ni foto)	BD:public.artists+persons	pages/marco-echeverria.json+.html(meta)	descartado sin alta (OK de Brian 2026-10-04)	
