1	Aquiles Martínez
2	Alí Aguero
3	Benjamín Brea
4	José Mena
6	Kodiak Aguero
7	Luis Bustamante
8	Adriana Portales
9	Alberto Lazo
10	Aniram Mena
11	Belkys Cedeño
12	Boby Martínez
13	Candy Rojas
15	Danilo Muñoz
16	Efraín Rodríguez
17	Enrique Ravelo
18	Germán Gutiérrez
19	Gustavo Carucí
20	Ignacio Rojas
21	Iván Velásquez
23	Josefina Orta
24	Leo Blanco
25	Miroslava
26	Nucho Bellomo
27	Odilo Rodríguez
28	Rafael Alterio
29	Rubén "Micho" Correa
30	Aldemaro Romero
31	Armando Lovera
32	Daniel Somaroo
33	Henry Martínez
34	Juan Carlos De La Vega
35	Pedro Delgado
36	Pedro Flores
37	Silvio Rodríguez
6	Kodiak Aguero.
38	Pedro Castillo
39	Pablo Manavello
40	Sandro Liberatoscioli
41	Vers. Español: Peter Daniel
42	Vers. Esp. S. Nuñez
43	Bruno Mario Lavezzi
44	D. en D.
45	Guillermo Carrasco
3617	Carlos "Nene" Quintero
46	Oscar Avogrado
47	Remo Caremartori a.k.a.Recard
48	Adryan Russ
49	Alice May
50	Barry Manilow
51	Bill Bowersock
52	Bob Crewe
53	Bob Gaudio
54	Bob Parr
55	Bruce Sussman
56	Charles Albertine
57	Chelique Sarabia
58	Cindy Lauper
59	Cliff Wade
60	Cole Porter
61	David Innis
62	David Lasley
63	Eduardo Moreno
64	Fernando Osorio
65	G. Whithen
66	Geogg Gill
67	George Henríquez
68	Germán Landaeta
69	Giampero "Drupi" Anelli
70	Giancarlo Bigazzi
71	Gianni Togni
72	Guido Morra
73	Harry Maslin
74	Inés Marful
75	Ivano Fossati
76	Jacl Norworth
77	Jason Scheff
78	Jerry Goldsmith
79	Joaquín Torres
80	John Bettis
81	John Lennon
82	José María Puron
83	Juan Carlos Pérez Soto
84	K. Chater
85	Kurt Howell
86	Les Reed
87	Louis Prima
88	MattVernon
89	Memmo Foresi
90	Mike Burns
91	Mike Lesson
92	Omar Hernández
93	Paul McCartney
94	Peter Vale
95	René de Coupand
96	Riccardo Del Turco
97	Rob Hyman
98	Robert Stender
99	Rosa Dorina Dato
100	S. Nuñez
101	Sam Lorber
102	Steve Dodge
103	Tino Casals
104	Tony Hatch
105	Albert Von Tilzer
106	Alberto Naranjo
107	Barry Mason
108	Vers. Esp
110	Vers. Español: L. Miranda
111	Vers. Español: Skywalker
117	Manolo Tapia
113	Carlos Astros
112	Alejandro Estrada
118	Carlos Martínez
119	Juan Carlos Arévalo
120	Alejandro "Chonto" Turola
121	Steven Marquez "Makenzy"
122	Luis "Luisle" López
118	Carlos Martinez
124	Alfredo Doyavorsky "Frodo"
119	Juan Carlos Arevalo
125	Guille
126	Luis Miguel
127	Lourdes Ramestant
129	Kenmanuel
128	Germain Coronado
130	Chales
2115	Vers. Español: Carlos Sposito
132	M.G.G.
133	Manuel Macías
13289	Frankyelis Contreras Tatsis
135	Claudio Spiewak
136	Carlomagno Araya
13290	Mario Hayek
13300	Gina
772	Francesco Imbriago
1904	Dimi Gutman
150	Antón
170	Alberto Espinoza
176	José Luis Peña
179	Nestor Toro
183	Carlos Imperatori
193	Josué Rosado
197	Manny López
206	Luis Aquino
215	Rubén Martín
221	Vladimir Quintero
221	Vladimir Quíntero
228	Álvaro Casas
228	Alvaro Casas
240	Fernando Suárez
244	Manuel Ruzza
249	Sari
251	Marcos Vettor
258	Willy Hernández
262	Christian Estepa
268	Tom Koch
274	José Chema
282	Rubén Gutiérrez
282	Ruben Gutierrez
282	Ruben Gutiérrez
293	Daniel Ramírez
293	Daniel Ramirez
306	MASA
313	Nestor Pérez
322	Alberto J. Barnola
332	Gotur
338	Mermelada Bunch for Corporación MB
344	Jackeline Redondo
348	Nora Abasolo.
355	Horacio Carrasquero
362	Pedro Murzi
368	Las Mayorca
373	Geraldine Citti
379	Leandro Rodríguez
620	Roberto Mendendez
192	Carlos Franco
3053	Ricardo "Ziggy" Anthes
141	José I Morales
141	José I. Morales
141	Jose I Morales
161	Luis Morales
165	Arquimides Malavé.
167	José Rodríguez
167	José Rodriguez
180	Alejandro Vargas
189	Uriel Dorfman
195	Darvel Garcia
199	Lee Levin
208	Raffi Torres
213	Ted Stein
217	Juan Carlos Almao
229	Maurimix
232	Alberto Arcas
238	Luis Valbuena
242	Frank Arismendi
246	Gilberto Ferrer
256	Alberto Díaz
267	Adam Kendal
280	Pedro Vilela
283	Warren C. Slaten
288	Alexis Lope Bello
292	Gina Callaghan
295	Carlos Barroeta
302	Claudio Amico
309	José Antonio Pereira
314	Fernando Carías
314	Fernando Carias
321	Juan M. Ramírez
329	Damián Santilli
334	Psycho
343	Luisa Keller
347	Magdalena Marcano
353	Eduardo Hernández
358	Miguel Fuentes
364	Armando Noguera
369	Delia
375	Nestor "El Chino" Meneces
380	Rubén Sáez
666	Mike Couzi
133	Manuel Macias
144	Olga Martín
147	Rafael Kruegger
151	Kalle Wallner
156	Brad Blackwood
159	Oscar Mejías
162	Juan Almecija
171	Poleo
4731	Matatigre (Clara Bolívar)
190	Juan Pablo Gómez
196	Julio Hernández
204	Alejandro Campos
209	Carlos Kolenda
216	Joe Numma
220	Adolfo Hernández
223	Annabella Almenar
233	Gerardo Ochoa "Yayo" (†)
233	Gerardo Ochoa "Yayo"
239	Virgi
245	Sr. Angel
252	Merchi
255	Javier Vásquez
261	Rita Addison
265	Azalea Hayes
271	Jackie Brown
277	Rubén Riera
284	Discobol
287	Joe Blaney
304	Ed Larez
307	Julio Rojas
311	Inty Perez
315	Pavel Mora
318	Magaly Ubieda
323	José Miguel Pagé
323	José Miguel Page
335	Orlando Acosta
340	Elsa María Mateu (†)
340	Elsa María Mateu
350	Carlos Ignacio Márquez
354	Juan Carlos Relleti
360	Daniel
370	DJ Metra
377	Armando Figueredo
139	Rodrigo Vera
148	Eddie Ortiz
152	El Nigga Sibilino
157	Eduardo Lozada
163	Marcelo Hernández
166	Santiago Aguirre
173	Leopoldo Almenar
178	Guillermo Hung
181	Giancarlo Ranieri
184	Marcel Fernández
184	Marcel Fernandez
198	Jorge Lavois
202	Daniel López
212	Ron Taylor
218	Carlos Alvarez
230	Samantha Dagnino
235	Paparazzi
236	Eddie Frankie
247	Agustín Espina
247	Agustin Espina
259	Pedro Itriago
266	David Rothenberg
270	Andrés Blanco
275	Mike Thompson
278	Gay Grant
285	Martin Evans Brummer
289	Dan Monti
308	Miguel Cabrera
316	Antonio Ave
319	Elines Essa
324	Henry
328	DJ Castro Guillén
333	Rojo
339	Gustavo Aguado
345	Marucha Redondo
351	Ignacio Padrón
357	Luis Ibarra
363	JB Eckl
13292	Chapa Lara
38	Alexium
2173	José Miguel de Roberts
142	Alejo Portal
145	Gonzalo Blanco
149	Huaico
153	Oswaldo De La Rosa
153	, Oswaldo De La Rosa
168	Ernesto Zoghbi
172	Gregorio Durán
177	Carlos J Gonzales
6241	Mario Alfonso
187	Pablo Di Peco
191	Hapi Jarri
194	Sal Cuevas
200	Archie Peña
203	Paquito Echavarría
210	Dana Teboe
214	Gerardo López
225	Joanna Vegas
231	Alejandro Sojo
237	Luis "Tata" Guerra
243	José Diego Boscan
248	Carlos Eduardo Martinez "CEM"
254	Arnaldo Sánchez
257	Manuel Macías Delfino (†)
257	Manuel Macías Delfino
263	Lizardo Dominguez
269	Eric Rigaud
273	John Thomas
279	Andrés Mayo
279	Andres Mayo
290	Krish Sharma
297	Samuel Marinelli
303	Iván Ochoa
303	Ivan Ochoa
320	Cheo González
326	Juan Luks
330	Israel Romero
337	Apache
342	Olga Redondo
349	Judith Redondo
356	German Roche
361	José Luis Abasolo
365	La Barra Brava Oceánica
372	Norton Pérez
372	-Norton Perez
381	Wisam Salaheldin
38	Ashwav
143	Norma Barreno
146	Frank Gil
158	Jairo
164	Antonio Szabo
169	Bondan Noval.
174	Wincho Schäfer
174	Wincho Schafer
186	Gabriel Álvarez
188	Docz
192	Carlos "Kike" Franco
201	Edwin Bonilla
205	Tony Concepcion
211	César Sogbe
227	Luis Jiménez
234	One Chot
234	OneChot
241	Gustavo Suárez
241	Gustavo Suarez
253	Darío Adames
253	Dario Adames
264	Mario "Torres" Romero
276	Carlos Santos
281	Omar Quintero
286	Boris Centeno
291	Tadeo Díaz
298	Samy Zelaa
305	Guaicaipuro "Waika" Longa (†)
305	Guaicaipuro "Waika" Longa
317	Miguel Ángel Echevarreneta
317	Miguel Angel Echevarreneta
331	Mkv
336	Didier Moreno
341	Marjorie Redondo
346	Soraya La Riva
352	Eduardo Velasco
359	Carlos Toro
366	Julio Briceño
371	Richardo Anthes
376	Alfredo Gil
383	DJ MCK
388	Hernán Alfonzo
394	Fauna
400	Juan Casanova
1113	Oscar Alcaíno "Oscarello"
367	Mauricio Arcas
374	Mike Stern
378	Rafael Araujo
385	Juan Manuel Roura
389	Willy Noya
395	Luis Otero
401	José Morato
413	Gillian Caballero
417	Henry Casalta
423	Afromak
437	Alejandro "Chofa" Loero
440	Saúl Hernandez
447	Carlos Schudeck
451	Tweety González
451	Tweety Gónzalez
464	Lio
484	Antonio Rojas
490	Álvaro Segura
490	Alvaro Segura
498	Andrés Astorga
502	Jean Martínez
509	Héctor Paredes
325	Jorge Chapelín
518	Colls
520	Raul Galindo
523	José Eduardo Padrón
527	Norman Pérez "Normanramone"
532	Peter Neuber
538	Jeff Schneeweis
4867	Leonardo Méndez
550	Rainer Ossot
556	Michel Chazet
561	Julfran Omaña
566	Ángelo Calachin
575	Andrés Casanova
581	Karen
588	Jhon Jairo Treviño
595	Roberto Jiménez
595	Roberto Jimenez
604	Charlie Spiteri
609	Barry Kirsch
612	Enrique Doffiny
382	Eduardo López
386	José Luis Pardo
386	Jose Luis Pardo
397	Julio
403	Daniel Tello
408	César Jara
411	Tirone González "Canserbero" (†)
411	Tirone González "Canserbero"
422	Jorge Ramírez
427	Jaime Hidalgo
432	Mike Efstathiou
438	Carla Rivas
453	Mariano Ast
457	Héctor Castillo
457	Hector Castillo
7609	Doped Up Dollies (Sirae Richardson)
473	Carlos Julio Molina
476	Luis Miguel Pérez
476	Luis Miguel Perez
485	Francisco "Kiko" Nuñez
485	Francisco "Kiko" Núñez
495	Carlos Eduardo Reyes
500	Jonathan Bellomo
506	Aurelio Martínez
511	José "Pingüino" Echezuría
511	José "Pinguino" Echezuria
511	José "Pinguino" Echezuría
511	José "Pingüino" Echezuria
526	Arthur Mathias Beyer
531	Huaico Lovera
537	Kevin Barkley
543	Nerio Quintero
548	Alejandro Viloria
554	Oscar
558	Adam Aurteneche
562	Oswaldo Ramos
567	Andy
573	Julio Gamallo
582	José R. Yepez
587	Irvin Escalona
593	Ronald Ferrer
598	Alexander Hung
603	José "Joseíto" Romero
387	Mario Cuéllar
393	Matt Gunther
398	Faraón
404	Nené Vázquez
409	Nino
416	Rubén Albarrán
421	Williams Silva
428	Jannio Hidalgo
433	Juan Carlos Lopez
441	Andy Summers
450	Héctor Gámez
455	Pocz
459	Frederich Gómez
474	Agustín Valdez
478	Víctor Hugo Mendoza
478	Victor Hugo Mendoza
489	Argel
492	César Domínguez
492	César Dominguez
504	Alfonso González "DJ Hernia"
504	Alfonso González (DJ Hernia)
513	Felipe "Mandingo" Rengifo
519	Francisco "CoCo" Díaz
522	Carlos Tomé
522	Carlos Tome
529	Alexander Regnault
535	Marco Ramos
542	Gabriel Quintero
7625	Brianne McWane
553	Michael Romanowski
557	Andrés Parada
563	Roger Pazos
568	Wilfredo Limonta
572	Alberto Iacobellis
578	Daniel Márquez
584	Limber Suvero
590	Denis Manrique
596	Charles Makso
601	Jorge Spiteri
29	Ruben "Micho" Correa
615	Rudy La Scala
621	Ginés García
2643	Tom Huttlen
380	Ruben Sáez
391	Lisbeth Rodríguez
396	Erik
402	Def P
407	Antonio Jiménez
412	Martika
418	Kanikazu Tanaka
425	Mauricio Cepeda
429	Jesus Hidalgo
436	Edward Marshall
442	Enrique Bunbury
448	Larry Hinds
452	Javid Ghersi
456	Enrique Barreto
462	Ofelinda García
467	Ángel Guanchez
467	Angel Guanchez
467	Angel Güanchez
477	Bostas Brains
481	Danel Sarmiento
486	José Romero
491	Jaime Verdaguer
494	Fernando Batoni
499	Yunior Lobo
505	Juan Olmedillo
510	Jean Pierre Felce
21	Iván Velasquez
521	Tomás Pérez
521	Tomás Perez
521	Tomas Pérez
533	Antonio Narciso
539	Ilan "Chester" Czentochowsky
544	Ilan Chester
549	Francisco Rendiles
555	Yolanda Moreno
560	Carlos González
565	Andrés Reyes
570	Jorge Suyama
577	Andrés Vegas
579	Siddharta Yanez
585	Gilbert González
592	Alejandro Lara
597	Leonardo Faría
602	José Manuel "Chema" Arria
602	Jose Manuel "Chema" Arria
611	Miguel Ángel García Cueto
390	José Rafael Torres
392	Alberto
399	Milton
405	Gustavo Nagykohi
410	Juan Marcos Cebrián
415	Andreas Frege "Campino"
420	OldTape
5287	En Busca de Libertad
430	Alfredo Torrealba
435	John Van Der Veer
439	Stewart Copeland
444	Wyzton Borrero
449	Nano
454	El Nono
458	Manuel Guillermo
13293	Erick Machado
480	Claudio Leon
483	José Luis "Caplís" Chacín
493	Carlos Segura
496	Javier Weyler
501	Andrés Sosa
507	Carlos Aray
512	José Gabriel Díaz
516	Gerardo Ubertín
516	Gerardo Ubertin
524	David Pérez
524	David Perez
530	Jorge González
536	Iván Infante
541	Pedro "Pete" Matute
547	Alfonso Tosta
552	Pupi
559	Luis Trancanelli
564	Orlando Moret
569	Igor
580	Karina Aranguren
589	Fabrizio Martínez
594	Alejandro Morillo
600	Willbert Álvarez
600	Willbert Alvarez
614	Roger Odell
620	Roberto Menéndez
3090	Mariana Suarez
1669	Manuel Dizquez
406	Guillé Vadalá
414	Panda
419	Drama Theme
424	Carlos Newball
12242	J. L. Osuna
446	Miguel Ángel Larralde
446	Miguel Angel Larralde*
446	Miguel Angel Larralde
461	Roldan Peña
12242	J.L. Osuna
472	María José Valencia
475	Figuero Zerpa
482	Horacio Blanco
488	Emigdio Suárez
488	Emigdio Suarez
497	Miguel Delgado
503	Vladimir Rivero
508	Richard Blanco
515	Luis Oliver
517	Luis Ascanio
517	Luís Ascanio
525	Ramón Rodríguez "Monchi"
528	Federico Dib
534	Tue Madsen
141	Jose I. Morales
12243	L. M. Pérez
551	Enrique González Müller
551	Enrique González Muller
551	Enrique Gonzalez-Muller
571	Ivor
574	Vicenzo Vitulli
583	Gerson Mora
586	Ronny Duque
591	Alexis Perdomo
599	Carlos Mendoza
605	Bernardo Ball
607	Pablo Dagnino
613	Allan Jeansy
618	Roberto Bernal "Chom"
624	César Sánchez Bello
632	César Bello
638	Jesús Díaz
644	Grabaciones Antor
650	Kike Arlia
655	Pablo Bencid
660	Javier Maggiolo
606	Ashley Howe
610	María Conchita Alonso
623	Mauro Scavroni
629	Richard Aumaitre
634	Julio García Maldonado
639	Carlos Piocinini
645	Cayayo Troconis
651	Daniel Moncada
656	Arístides Barbella
663	Jonathan Fuzessy
669	Emidio Falconi "DJ Baffa"
669	Emidio Falconi (DJ Baffa)
12243	L.M. Pérez
684	Vanessa Rodríguez
1449	Gisela González
1453	Norm Smith
12244	"Identical Twins"
1463	Hernán Ascóniga
1469	Bill Reichenbach
1473	Pedro Rodríguez
1477	Alida Ortiz
1483	"Magic" Moreno
1483	Magic Moreno
1492	Emily Lazar
1502	Benson Orta
1509	Jean Carlos González
1511	Javier Lugo
1519	Leo Carmona
174	"Wincho" Schäfer
1530	Roberto Castillo
1535	Uly Millán
1539	Paul Elliot
1547	Julio Felce
1559	Nicolas D'Agosto "Nico"
1565	Jonathan Farías
1569	Julio César Della Noche
1573	Natalia Risquez
1579	Djane Meg
1586	Armando Bohorquez
1596	Ricardo Sánchez
1602	David Cole
1608	Víctor Rodríguez "Albahaca"
1611	Ismael Baíz
617	Neil Black
622	Juan José Gómez
628	Álvaro Falcón
628	Alvaro Falcón
642	Rey Cantor
648	Rodrigo Gonsalves
653	Albert Leusink
12245	A. Dominguez Borras
664	Ricardo Martínez
664	Ricardo Martinez
673	Domingo Sánchez Bor
678	Apolonia
683	María José Serrano
1440	Emilio Alvarez
1455	Gezzilia Piccareta
1460	Antonio Casas
1466	Juan Carlos Nieto
1472	Endre Granat
1479	Carlos Puchi
1482	Omar Uzcategui
1494	Karina "Kara" Febles
1499	Sofía Inmsonia
1505	Alfred Gómez Jr.
1513	Carlos Sardi
1520	Eddy Cisneros
1526	Fernando Hernández
1532	César Bogadi
1538	Lenin Medina
1544	Licar Vazques
1550	Daniel Mal
1558	Luis Irán
1558	Luis Iran
1566	James Joubran
1570	Egberto Chirinos
1576	Alejandra Small
12246	Adela Loconte
1589	Rafael A. Pirela
1593	Gerry Lopez
1598	Michael Cassidy
1604	José Ramón Morales-Arilla "Curry"
1613	Gomasio
1616	Daniel Calvo
1615	Jahbitat
1623	José "Joey" Gonzalez
1625	Toby Harmans
619	Gualberto Ibarreto
626	Jesús Enrique Hernández Chuly
631	Francisco Pérez Olivares
635	José González
641	Bruno Lo Presti
649	Juan Víctor Belisario
649	Juan Victor Belisario
659	Juan Luciow
665	Valeria García
670	Gerry Weil
675	Danilo Rivero
682	Luis Alvarado
1450	Arturo Serna
1456	Reinaldo Torres
12247	Airam Arrocha
1468	Jerry Hey
1474	Gilberto Bermúdez
1474	Gilberto Bermudez
12248	Akla Tha First
1489	Ricardo Sosa
1495	Gregorio "Gregory" Mercado
1498	Victor Rondon
1504	Christian Cordero
1510	Andrés Eduardo Sucre
1516	Alfonso Hernández
1525	Pedrinho Medeiros
1531	Javier Parma
1537	Mark López
1543	Luis Garban
1549	Juan Luis Castaño
1564	Adolfo Carmona
2583	Santiago Avedaño
1575	Kevin Solorzano
1587	Rafael Luces
1592	Luis Mauri
1600	Ron Marinelli
1606	Gabriel Silva
1609	Jesús González Rodríguez
1620	Emmerson Hernández
1622	Pilucho Stickface
1627	Fab
1630	Rick Essig
3006	Carlos Figueroa
625	Horacio Hernández
633	Gustavo Calle
637	Román Díaz
643	José Pineda.
647	Allan Douches
654	Carlos Sanoja
661	Iker Gastaminza
667	Oswaldo Rodríguez
672	Roberto Koch
676	Oswaldo Lezama
681	Rafael Lares
1451	Dennis Nieves
1458	Roger Nichols
1471	Federico Ruiz
1478	Iván García
1481	Wil Punk
1487	Rodolfo Tuliano
1493	José Enrique Hurtado
1501	Chuck David
12249	Alba Rebeca Muscolino
12250	Alcero Valentines
1515	Jorge Lugo
1522	Daniel "Mono" De Sousa
1528	Carlos Angola
1536	Adam Masseta
1541	Carlos Ron
1546	Durban Laverde
1552	José Mendoza
1556	Tito Fierro
1562	Félix Carmona
1567	Valerio González
1574	Manena Contreras
1580	Sebastian Nuñez
1585	Kenny Tapia
1591	Javier Santana
1599	Kevin Yee
1603	Solares P
1610	Diego Ramírez
1621	Carlos "Tato" García
1628	Judy Buendía
1631	Víctor Morles
1635	José Ignacio Hinestrosa
1638	Enrique Vásquez
2155	Carlos Criniga
630	Nelson Espinoza
636	Sarino Manno
640	Carlos López
646	Alberto Cabello
657	David "Chapis" Lasca
668	Lendell Clarke
674	Domingo Pagliuca
679	Facundo Calvet
1452	Fermín Muguruza
1452	Fermin Muguruza
1461	Luis José Pérez
1467	Dan Higgins
1475	Dina Saavedra
1480	Luis Moreno
1486	Eduardo Loyo
1496	Moisés Flores
1500	Nelson Castro
1507	Andrés Cordero
1514	Alejandro Barbella
1517	Ronald Avella
1524	Cultura Subterránea
1527	Lisandro Bolívar
1534	Luis Ruíz "El Pulpo"
1542	Ernesto Pantin
1545	José Vazques
1551	MC Breker
1551	MC. Breker
1561	Napoleón Pabon
1561	Napoleon Pabón
1571	Peter Pejtsik
1577	Diego Soteldo
1582	Gianluigi Borrelli
1588	Rafael Rincón
1595	Roberto Sánchez
1601	Hugo Valbuena
1607	Cardamomo
1614	José Paulo De Castro
1618	Leonardo Gil
1624	Colectivo Babylon Motorhome
1629	Carlos Eduardo Nahy
1633	Agustín Salas
1634	Andrés Cavallín
987	Rudy Pagliuca
666	Mike Couzzi
671	Bernardo Rísquez
671	Bernardo Risquez
680	Pablo "El Che"
685	Javier Del Castillo
686	Mariana Serrano
687	Ana Valencia
688	Astrid Sofia Pulido
689	Claudio Leoni
690	Willy Díaz
692	Francisco Páez Pumar
693	Abraham Cangrejo
694	Andy De Canahl
4868	Honorio Torrealba
690	Willy Diaz
696	José Javier Márquez Nuñez "J.J."
697	Jesús Vázquez "Jess"
698	Jim Brick
699	Rigoberto Patiño "Rigo"
700	Marcelo "Chamín" Añez
701	Fidel Carvajal "Fid"
703	Cristopher Urbina
704	Eduardo "Chino" Sandoval
702	Oswaldo "Tarz" Suels
705	José Cabello "DJ Bomby"
706	Rodrigo Cabrera
707	Eduardo Navarro
708	Simón Peñuela
709	Alejandro José "Junior" Pinto
710	Alain Gómez
711	Dave McNair
712	Joaquín Phelan
713	Guillermo Macsotay
708	Simon Peñuela
714	Rafael Urbina
716	Héctor Martínez
717	Cando Pusher
718	Luis Daniel González
719	José Carlos Vásquez
718	Luis Daniel Gonzalez
720	Licar Vásquez
721	Luis "Droopy" Pulido
723	Jhonny Castro
722	Atahualpa Ovalles
729	Bob Katz
732	Rodrigo Michelangeli
738	Javier Casas
12251	Alfoso Paolini
750	Tomas Aquino
755	Franlin Díaz
760	Brenda O'Brien
766	John Scarpulla
771	Leonardo Small
781	Axel Consigliere
12252	Aloisi
793	Igor Kosenkov
800	Tony Escobar
805	Gustavo Lezcano
811	Sammy García
817	Jason Carder
823	Ramón Castro
828	Rafael Ruíz
828	Rafael Ruiz
840	Columbo Montes
845	Miguel Jubes
849	Eric Colón
854	Latin Bitman
864	Edgar Salazar
872	Carlos Arévalo
878	Eddy Gugliotta
881	Daniel Gutiérrez
892	Carlos Donoso
902	José Chacón
909	Rob Lucas
914	Mauricio Castro Rodríguez
919	Ricardo Mastromónaco
924	Francisco Morales
929	Héctor Molina
935	Aquiles Báez
940	Mattia Medina
945	Miguel Hernández
951	Cristina Glaxiola
957	Roberto Moreno
966	Álvaro Paiva Bimbo
966	Alvaro Paiva Bimbo
775	Chino Agreda
724	Richard Queipo
730	Alberto Montenegro
735	Vladimir Peña
742	Armando Hernández
747	Lenin Solarte
751	Gerardo Soto
68	Gérman Landaeta
765	Louie Vega
772	Francesco Imbríaco
772	Francesco Imbriaco
783	Fidel Goa
788	Iván Rodriguez
794	Luis Márquez
799	Darío Peñaloza
799	Dario Peñaloza
809	Luis Dulzainas
815	Luis Romero
12254	Amanda Almiñana
827	Manuel Amengual
832	Manuel Palacios
836	Harry Febres
842	Demian Mejicano
847	Linda Briceño
853	Edgar Moreno
857	Enrique González
857	Enrique Gonzalez
868	Santos Tomasini
874	Don Gornes
879	Miche Katz
886	Tomás Mena
886	Tomas Mena
904	José Ángel Cavallin
908	Darren Cumberbatch
915	Pedro Lacorte
921	Alexis Peña
926	Alejandro Rodríguez
931	Adolfo Herrera
937	Mauricio Castro
942	Osheye Rebolledo
946	Mauricio García
952	Pepe Damian
955	César Orozco
961	Eric Chacón
968	Ana Carmela Ramírez
975	Sela Lovera
725	Mario Pepe
736	Kixo González
741	Leo Colina
746	Beatriz Padrón de Colina
754	Alberto Vargas
757	Chris Bellman
764	Hernán Mejía
768	Tim Young
775	Pablo "Chino" Agreda
779	Alberto Pereney
786	Edgard Rodriguez
791	Mervin Mejias
798	Dan Lee Sarmiento
803	Randy Singer
810	Chavo Martínez
4869	Dave Dickson
822	Alfonso Ordoñez
830	Rafael López Garnica
833	José Luis Osuna
838	Alejandro Rivero
844	Andrés Acosta "Patolín"
844	Andrés Acosta "Patolin"
852	DJ Castor
858	Pablo Capisto
863	Marcos M. Burgos
869	Luis Maestre
875	Filo Valera
880	Eduardo Feo
885	Claudio Ramírez
885	Claudio Ramirez
898	Steve Turnidge
903	Thomas "Two Fingers" Allen
910	Karla Bahía
910	Karla Bahia
920	Humberto Araque
925	Igor Panasewich
930	Edward Ramírez
936	Edwin Arellano
943	Félix Hoffmann
947	Adrian Egea
954	Justin Leah
960	César Natera
965	Rodner Padilla
969	Alejandro Jess
972	Elías Bruzual
726	Huáscar Barradas
726	Huascar Barradas
737	Gustavo Casas
743	Juan Paul Hernández
749	Luis Gerardo Urdaneta
749	Luís Gerardo Urdaneta
758	Kenny O'Brien
761	Hugo Blanco
12255	Ana Isabel Azpúrua
773	Tony "Cash" Maestracci
778	Wisan Salaheldin
784	El Primo
790	Yuri Vargas
795	Fernando Rojo
802	Chegui Ramos
807	Josep Salvador
813	Léster Méndez
819	Angel Torres
825	Armando Martínez
825	Armando Martinez
834	Baldomero Verdú
839	José Nuñez
851	Jonathan Jakubowicz
855	DJ Trece
866	Manuel Ramos
871	Felipe Arias
877	Jimmy Ross-Jones
883	Ezequiel Serrano Valencia
889	José Luis Gutiérrez
893	Ronald Donoso
913	Hernán Gamboa
918	Rafael Henríquez
918	Rafael Henriquez
933	Zenaida Rodríguez
939	Jesús Jiménez
939	Jesús Jimenez
949	Hanna Seif Naji
956	Jorge Torres
970	Luis Freites
976	Boston Rex
1643	Tom Keller
2902	Pepe Leo Hernández
733	Alejandro Abeijón
739	Brian Gardner
745	Edmundo "Kiky" Rincón
752	Roberto Paredes
756	Gary O'Brien
762	Rebeca Rosenberg
769	Bobby Peru
774	Reynaldo Goitía "Boston Rex"
780	Javier Dominguez
785	Chofa
792	Andrés Medina
797	Adriana Teran
804	Irguen Méndez
808	Antonio Rayo
814	Fernando Músculo
820	Chris Gehringer
826	Simón Mujica
831	Lorena Harris
837	Sergio Barreto
848	Árgel Trejo Delon
848	Argel Trejo Delon
860	Neil Enet "Nilz"
865	Rosvi Rodríguez
870	Miriam Espín
876	José "Pupy" Salazar
882	Jesús Ignacio Pérez Perazzo
887	David Donoso
891	Juan Donoso
895	Gabriel Machado
901	Jhoel Arellano
907	Phil Grafton
911	Iván Pérez Rossi
916	Carlos Alberto Domínguez
923	Gerardo Ubieda
928	Jorge Glem
934	Rafael "Pollo" Brito
941	Alejandro Díaz
941	Alejandro Diaz
950	Eddie Roberts
958	Gerald "Chipi" Chacón
964	Hugo Fuguet
971	Armando Añez
971	Armando Áñez
1907	John Ellis
727	Rodolfo Tarft
740	Pipo Ramírez
12256	Ana María Chacón
753	German Quintero
759	Marlene O'Brien
12257	Apolo Castro Martínez
770	Chris Rex "Elektrobot"
782	Carlos Pizani
789	Luis Pacheco
796	Derrick "Pupa Mickey" Bishop
801	Junior Irrizarry
806	José Vicente Muñoz
812	Mariano Morales
818	Ed Calle
824	Alberto García
829	César Sosa
835	Leonardo Rodríguez
841	Raúl López
841	Raúl Lopez
850	María Rivas
856	DJ Muu
862	Jarzen Arcia "Jarz"
867	Carlos Avila
873	Iván Marcano
873	Ivan Marcano
884	Eduardo "Fercho" Fernández
894	Edgar Jiménez Pérez
900	Jonathan Montoya
906	Raymond Gutiérrez
912	César Pérez Rossi
917	Carlos Alberto Curto
922	José Ignacio Martín
927	Jorge Gambier
932	Marina Bravo
938	Miguel Angel Bosch
944	Camilo Froideval
948	Angela Guillemin
953	Marco Ramírez
959	Manuel Rangel
963	Diego Álvarez
967	Hiyanú Alcántara
973	Constanza Liz
1924	Rodrigo
974	Napo Pabón
985	Oswaldo Quintero
991	Orlando Rodríguez
991	Orlando Rodriguez
999	Daniel Delgado
1003	Juan Bautista López "Yátu"
1003	Juan Bautista López "Yatú"
1003	Juan Bautista Lopez "Yátu"
1020	Iván Gabaldón
1026	Gianko Olivieri
1032	Neil Ochoa
1038	Andy Montañez
1044	Argenis Carruyo
1048	Gustavo Carmona
1055	Rafael Silva
1060	Diego Lecuna
1067	Mario Gonzalez
1072	Mannel
1077	Boris Bossio
1083	Willy Crook
1090	Miguel Morant Blanco
1095	Oscar Camacho
1102	Simon Zaidman
1108	Ernesto Schweinburger
1114	Enzo Villaparedes
1120	John Karpowich
1125	Ninah Mars
1130	Archy
1135	Nayin Paiva
1138	Carola Landaeta
1145	Johann Mena
1150	Elías Téllez "E.T."
1162	José Torres
1168	Luis Emilio Mauri
1173	Nacho Arévalo
1177	Julio Flores
1183	Yon Carlos Medina
1183	Yoncarlos Medina
1195	Rodolfo Reyes
1201	Bradley Weinberg
1208	Fernando Fermín
1217	Henry D'Arthenay
1221	Jorge Sánchez "George"
496	Javier Weiler
977	Francisco Belisario
983	Enmanuelle Reyes Iparraguirre
989	Luis Rodríguez
989	Luis Rodriguez
997	Iván Gozón
997	Iván Gozon
997	Iván Gózon
1010	Daniel Guzmán
1021	Oswaldo Grillet
1027	Kate Atherton
1033	Yaramí Marcano
1039	Oscar D' León
1039	Oscar D’León
1039	Oscar D'León
1050	Lewis
1056	Manuel Urbina
1063	Franklin Ostos
1069	Indian Mate
1074	Pablo Hernández
1082	Pablo Sbaraglia
1087	Luca Rustici
1093	Claudio Giussani
1099	Fernando Gómez
1104	Alejandro Ghersi
12258	Aquino
1116	Luis Conte
1126	Sarasvati Jayasri Classics
1129	Rodolfo "Rod" Vanmarcke
1132	Ramón Perruolo
1142	Eduardo De Abreu
1146	Leonardo Córdova
1155	Iván Loscher
1160	Iván Higa
1166	Juan Angel Esquivel
1172	Coro de Niños del Colegio Moncarmelo
1176	Gabriel Figueira
1181	Roberto Percuoco
1185	Jesús "Junior" Morales
1190	Pablo Minoli
1196	Memo Sánchez
1202	Pamela Sidney
1207	La Nena Pulido
1214	Germán Villacorta
1220	Daniel Yánes "Krusty"
978	Rudy Márquez
984	Maurizio Iazzetta
990	Jonathan Canto
1000	Mery Lamberti
1004	Eduardo Bergallo
1008	Carlos "Fresa" Mata
1011	Saul Mizrahi
1015	PapaShanty
1023	Elmar Leal
1030	Brian Parker Rowland
1035	Vicent Veloso
1042	Wladimir Lozano
1045	Jesús Narvaez
12260	B. Keidh
12261	Balú
1068	Pedro V. Lizardo "PTT"
1068	Pedro V. Lizardo "P.T.T."
1079	La Otra Gente
1084	Mariano López
1089	Rosario Jermano
1096	Armando Gómez
1096	Armando Goméz
1107	Ángela
1113	Oscar Alcaíno "Oscarello El Magnifico"
1118	Bernie Grundman
1128	Dave De Santis
1136	Edith Salazar
1139	José Vicente Ziegler
1144	Julio D'Hers
1151	Sebastián González "Sebas/Grimmode"
1157	Xavier Lozada
1163	Marco J. Riverol
1169	Héctor Hernández
1169	Hector Hernández
1179	Armando Álvarez
1179	Armando Alvarez
1188	Ingrid Porras
1192	Toro Bernal
1198	Patrick Bernard
1205	Memo Piñates
1210	José Miguel Machado "Jo Semi"
3344	Orlando Martínez
509	Héctor "Lucas" Paredes
979	Fernando Ochoa
986	Danner Baron
992	Gabriel "Pepo" Lamberti
996	Edgar Lamberti
1002	Edgar
1007	Diego Márquez
1007	Diego Marquez
1017	Mad Professor "Dark Fantom"
1022	Alberto Stangarone
1028	Heather Buck
1037	Vicente Sanfuentes
1041	Elio Pacheco
1049	Rodrigo Mendoza
1054	Rodrigo Barboza
1059	Luis Aguilar
1065	Amanda Castillo
1071	Luen Pieters
12262	Barbella
1080	Marcelo Sanhueza
1086	Franco de Vita
1092	César Valle Rojas
1097	Leopoldo Bello
1103	Vichito
1106	Fernando Cárdenas
1112	José "Cheo" Rodríguez
1119	James A. Labinski
1124	Adrián Salas
1124	Adrían Salas
1133	Sandro Bassi
1141	Johnna Mena
1147	Ricardo Parra
1152	Daniel De Castro "De Castro"
1159	Julián Camacho
1167	Rafael Figliolo
1174	Dina
1178	Julio Alcolcer
1184	Sandro Segnini
1189	Jaime de Armas
1194	Peter Stoel
1200	Virginia Weinberg
1212	Jorge Herrera
1218	Javier Marín Soré
1223	Christian Alvarado "Oso"
1228	Rafael Pérez
1234	Juan Guzmán
980	Omar Paduay
987	Rodolfo "Rudy" Pagliuca
993	Carlos Rodríguez
993	Carlos Rodriguez
1006	Hilda Carmona
12263	Basil Faucher
12264	Benatar
12265	Benny Millares
1024	Pedro Pérez Márquez
1031	Carlos Fraga
1034	MJR
1040	José Antonio Rojas
1047	Carlos Guerra Jr.
1051	Isaías Urbina
1051	Isaias Urbina
1061	Gelson Briceño
1066	Japanese Girl
1073	Florencio Acevedo
1078	Malle
1085	Rubén Blades
1091	Luis Miguel Baladrón
1098	Chris Caghs
1101	Eduardo Lárez
1101	Eduardo Larez
1110	Celer Linares
1115	K.C. Porter
1121	Guillermo García
1127	Pilucho
1134	Giuglio Cesare Della Noce
4871	Edmer Fernández
1154	Andrés Simancas "Andrew"
1158	Carlos Lowenstein
1165	Miguel Arias
1171	Ignacio Ángulo
1171	Ignacio Angulo
1182	Santos Palazzi
1193	Gregorio Rangel
1199	Clapham Manor School Girls Choir
1204	Eduardo Ron
1213	Luis Ignacio Márquez
1219	Sebastián Ayala
12266	Bertold Brecht
992	Pepo Lamberti
982	Samer Elatrache
988	William García
994	Manuel Lamberti
998	Daniela Lamberti
1005	Jesús Piñango
1005	Jesus Piñango
12267	Bianca
1025	Fabiana Kubler
1029	Álvaro Benavides
1036	Carlos Barros
1043	César Monje
1046	"Joseito" Rodríguez
1053	Eddie Fontana
12268	Black Sabbath
1062	Dani
1070	Morella Martínez
1076	Luis Gómez
1081	Jorge "Bruja" Suárez
1088	Ernesto Vitolo
1094	Alessio "Mini" Castaldo
1100	Matias Monteagudo
1105	Fabiana Pesare
1109	Javier Vidal
1117	Ricky D.
1123	Gustavo Corma "Gus"
1131	Johnny Serra
1137	Isabel Roch
1143	Kreils
1149	Lenis Hurtado
1153	Eduardo Waló
1161	Juan Roura
1164	Roberto D'adesis
1170	Nelson Sardá
1175	Héctor Velásquez
1180	Boris Paredes
1186	Roberto Gutiérrez
1191	Ray Ceballos
1197	Dave Early
1203	Steve Picco
1209	Miguel Angel Machado "Chivo"
1215	Rafael Pérez Medina
1215	Rafael Perez Medina
1226	Abiram Brizuela
1231	DJ MKC
1240	Marc Parrot
1222	Maximino Heeger "Patán"
1229	María Eugenia Morón
1235	Danny Lippit
12269	Bod
12270	Bogaert Aka
12271	Bohemios
1253	Jorge de Las Salas
1268	Reinaldo Morales
1273	Sebastián Szinetar
1273	Sebastian Szinetar
1280	Tony Alda
1285	María Carolina Aldrey
1290	Fátima Pérez
1297	Alejandro Reyes Lucero
1301	Diego Pocovi
1307	Guiomar Márquez
1320	Pimpi Santistevan
1324	Guillermo Méndez
1332	Alejandro Ángulo
1332	Alejandro Angulo
1339	Alonso Toro
1345	Eduardo Charme
1351	Andrés García
1363	Reynaldo Castro
1373	Julio Rojas "Colmillo"
1379	Renzo Calma
13295	José Spindola
1396	Romains Rosas
1399	Patrick Guex
1404	David Lebón
1411	Roël Calister
1418	Blanquito Man
511	Pinguino Echezuría
1435	Marlene Yanez
1438	Leonardo Degl'Innocenti
1444	Antonio Ajam
1454	Neville Staples
1459	Mark Brown
1464	Yussuo
1470	Nelson Rangell
1476	Leonor Jove
329	Damian Santili
3984	Marco Velazcos
1224	Cristopher Castro "Flor"
1230	Leonardo Molina
1239	Roc Sala
1244	Eduardo Rodríguez
1248	Alan Douches
1252	Gustavo Morantes
1260	Italo Pizzolante
1266	Yuval Lion
1271	Manuel Martínez
12272	Brain Gain Unlimited - A.C. Tañerla
1281	Natasha Rivas
1286	Alberto Slezynger
1292	Lorenzo Barriendos
1298	Francisco González
1302	Jorge Delgado
1309	José Henríquez
1314	Carlos Poletto "Polo"
1321	Frank Briceño
1327	Carlos Vargas
1335	Francisco Muñoz
12273	Brazil '66
1348	Ira Rodríguez
1355	Fernando Mora
1362	Ricardo Da Silva
1368	David Flores
1376	Mou
1382	José Luis Castillo
1389	Gabriel Madison
1397	Paul Stubblebine
1400	Greg Schwabe
1406	Keith Morrison
1410	Robin Boogaard
1416	Oscar Bor
1424	Mario Carreaga
1431	Pedro Suárez
1431	Pedro Suarez
1440	Emilio Álvarez
1440	Emilio Alvárez
1485	Juan Madriz
1490	Daniel Prim
1497	Omar Ávila
1503	Elei Zambrano
1506	Juan Ignacio Sucre
1512	Andrés Belloso
1232	Eugenio Marruffo
1237	Michel
1242	Luis Manuel Lairet
1249	Karl Milán
1255	Daniel Hernández
1262	Marcelo Toutin
1267	Raúl Alemán
1274	Paul Godwin
1278	Leonardo Jaramillo "Kmarón"
1284	Santiago Castillo
1291	Willie Croes
1296	Samuel Caldera
1303	Nelson Ramírez
1308	Andrés Rangel
12274	Buitrago
1318	Fernando Lodeiro
1325	Sebastían "Chevy" Ayala Terán
1333	Lendys Solarte
1338	Mariana Delgado
1344	María Eugenia Espinoza
1350	Juan Carlos Priyananda
1356	Orlando "El Joe"
12275	Burgueses
1365	Luis Garzon
1371	Rodrigo Ibarra "Rodrigo Ska"
1378	Franklin Zambrano
1383	Jorge Alejandro Romero
1390	Miguel Noya
1393	Phil Harrington
1398	César Keiter
1407	Herman Hervill
1414	Marcel Capell van de Veer
1417	Hermann Mejia
1426	Javier Exposito
1430	Freddy Rangel
1436	J. P Felce
1436	J. P. Felce
1442	Eroy Troya
1448	Maribel Serna
1518	Federico Beckhoff
1523	Victor "Locolaca" Contreras
1529	Jorge Bolívar
1533	Amanda Sutton
1227	Richard Beetham
1233	Nacho Matteis
1238	María Camps
1245	Luke Grande
1251	Frank Pulgar
1257	Aimone
1258	Gabriel Arbiza
1270	Carlos Badiola
12276	C. Piccini
12277	Camila Ayala Terán
1287	Carlos Moreán
1287	Carlos Moréan
1287	Carlos Morean
1299	Mario Becerra
12278	Candy Owens *ASCAP
1313	Pablo Campos
1317	Luis Fernandez "Marcel"
1323	Óscar Zambrano
1331	Javier Padrón
1336	María José Rodríguez
1343	Fredy Velasco
1346	Ana Moyano
1352	William Warnick
1358	Elisa Pérez Castillo
1367	Eliezer Delgado
1372	Euli Esaá
1372	Euli Esaa
1380	Andrés Buitrago
1380	Andres Buitrago
1395	Manolo Da Corte
1413	Geoff Lagadec
1420	Manny B.
1423	José Flores
1429	Douglas Mendez
1437	Amy Mendez
1443	Francisco Valles
1447	Yasmín Hernández
1540	Francisco Mejía
1548	Rodolfo Vivas
1553	Dj Baffa
1557	Rafael Calzadilla "Raffy"
174	Wincho Schaefer
773	Tony Maestracci
1236	Roger Rodés
12279	Caraballo Gramcko
1247	Jean Carlo De Oliveira
1256	Alejandro Martínez
1256	Alejandro Martinez
12280	Carmito Gamboa
1269	Gabriel Pérez
1275	Aureliano Méndez
1275	Aureliano Mendez
1282	Carlos Guerra
1288	Danilo Aponte
1293	Julio Estaba
1295	Oliver Amaya
1300	Ed Navarro
12281	Casa De Armando
1312	Sidney "Gato" Reyes
1316	Anita Valencia
1322	Emilio Lovera
1329	Daniel Garrido
1337	Alejandro Prieto
1341	Javier Alquati
1349	Richard Rangel
1354	Carlos Urbina
1359	Andrés Seger
1366	Ivan Taboski
1370	Carlos Fernández
1377	José Riu
1384	Johan Mena
1394	Mixture 151
1401	Cecilio Perozzi
1409	Luis Yánez
1409	Luis Yanez
1415	Diederick Meijer
1427	Jorge García
1434	Fito Páez
1434	Fito Paez
1441	Enrique Márquez
1446	Brian Lucey
1563	John Paul Joubran
1572	Gabriela Landaeta
1578	Diego Rojas
1584	José Suárez
1590	Carlos Marrero
1594	Doctor Subramanium
386	José Luis "Cheo" Pardo
1246	Leonel Carmona
1250	José Morantes
12282	Casa De Chulius
1261	Alejandro Piña
1272	Miguel Ángel Noya
1279	Kevin Yousef
1294	Víctor Valerio
1294	Victor Valerio
1306	Arturo Torres
1315	José Juan Sanguinetti
1319	Alejandro Lovera
1326	Tommy Chávez
1330	Ulises Hadjis
1334	Alfredo Pierantoni
1342	Noel Mijares
1347	Juan Carlos Velásquez
1353	José Rada
1360	Alfredo Level
1364	Inti Maldonado
1374	Rafael Chavarría "Camarón"
1375	Santiago Aquino
1381	Rony Borges
1391	Cuso
1392	Andrés William
1403	Tony Olivieri
12283	Ceballos
1412	Jan Williem Troost
1419	Attie Bauw
1425	Aníbal Malavé
1428	Julio Anidez
1439	Augie "Oggi" Verde
1445	Eduardo Del Aguila
1597	Carl Lange
1605	Daniel Raguá "Eneldo"
1612	Luis Devia
1617	Alexis Rendón
1617	Alexis Rendon
1626	Emmanuel "Evan" Fajardo
1632	Eduardo Cedeño
1637	Carlos Chacín
451	Fabián "Tweety" González
1640	Pável Tello
1640	Pavel Tello
1652	Nelson Hernandez
1658	Alexis Chacón
1663	Aurora Luna
1668	Andy Van Dette
1682	Oliver Quintero
12284	Cecilia Acosta Mayoral
1694	Néstor Ramírez
1701	Luisito Quintero
1705	Dan Warner
1710	Dioger Berroteran
1715	Iris Figueroa
1722	William Ríos
1730	Francisco Escuela Morell "Paco"
1735	Daniel Bobadilla
1740	Kamil Zelaa
1750	Alcídes Goncálves
1750	Alcides Goncalves
1764	Salomé Méndez
1772	Ricardo Bustamante
1774	Sabas Malaver
1780	Angie González
1789	Juan
1792	Auke Riemersma
1803	Giacomo Migliorini
1812	Gerson Quemba
1821	Gustavo Silvan
1829	Alejandro Galicia
1836	Marcelo Bisbal
1841	Rober Villegas
1845	Produciones De La Montaña
1853	Vic Ruggiero
1856	Giordano Di Marzo "Yordano"
1861	Rubén Rebolledo
1867	Fernando Aponte
1875	Miguel Oldenburg
12285	Chas Jankel
1894	Winston Delandro
1897	Raul D'Oliveira
3010	Ernesto Figueroa
1641	Marvin Naranjo
1647	Richard Popovich
1651	Cristian Noguera
1655	Johnny Cufiño
1661	Luis Felipe Román
1667	Pablo "Mulato" González
1676	Christian Mijares
1686	Miguel Belvis
1692	Luis Ugarte
1698	Pedro Chacón
1707	Jorge Díaz
1709	Francisco Pacheco
1716	Isabel Loero
1724	Antonio Salom
1727	José Carlos Cabrera Morell "Pepe"
1736	Joan Calabria
1741	Kenny Cellis
1749	Héctor Alvarado
1752	Sebastian Marqués
1760	Matias Pelletan
1763	Luis Sarmiento
1771	Rossana Veracierta
1778	Roberto Ojeda
1781	Gustavo Rivas
1788	Sr. Archi
1791	Lourens Bood
1801	Eduardo Goitia "Eduardo"
1805	Pedro Leal
1809	Derwin Colls
1815	Miguel Orea
1822	Julio Evans
1827	Leonardo Angúlo
1834	Carlos Gómez Arizta
1844	Keny Godoy
1848	William "Magú" Guzmán
1848	William Magú Guzmán
1864	Keith Karabel
1870	Pedro Alfonzo
1873	Brian Sledge
1881	Maurizio Capone
1886	David Ulm
1891	Clive Chaman
1900	Carol Kenyon
2896	Víctor Manuel Bolívar
1639	Otmaro Ruiz
1642	David Pérez at
12286	Chewaka
1645	Alexander Santelix
12287	Churión
1648	César Masroua
1650	Maryuri Monsalvo
1648	Cesar Masroua
1653	Fernando Rodelo
1654	Heberto Añez Novoa
1656	Walter Gangi
1659	Marcos Rodríguez
1660	Jefrey Sánchez
1662	Adrían Gragirena
1664	Juan Carlo Zaccaro
1665	Carlos Chacón
12288	Clara Bolívar García
1669	Manuel "Manny" Diquez
1670	Dyffre Montaño
1671	Daniel "Danny" García
1672	Luis "Golding" Barrios
1673	George Fuentes
1675	Chris Russell
1677	Melanie Azevedo
1678	Albert Thompson
1679	Luis Golding
1680	Clive James
1683	Carla Bordonada
1685	Pedro Caparros
1689	Ismael García
1687	Guillermo Will Maya
1690	Ruben Suarez
1691	Gilberto Rebolledo
1693	Juancho Azuaje
1695	Valere Díaz
1696	Teresa Díaz
1697	Arturo Cabrera
1699	Fernando Cohen
1700	Sammy Figueroa
1702	Rafael Medina
1703	Angel Machado
1704	Leonel García
1706	Francisco Pacheco Hijo
2547	Victor G. Fiol
1708	Noel Schajris
1713	Maricela Querales
1719	José Blanco
1737	Mickey Patson
1742	Miguel Peña
1746	Alejandro Yánez
1746	Alejandro Yanez
1759	Christian Jiménez
1761	Aleyda Ceballos
1768	Madia di Turo
1777	Paulo Freites
1779	Ronald Alexander Salini
1790	"Nenuco" Cuy
1796	Juan Carlos Showero
1806	Hensli Rahn
1814	Gustavo Rodríguez
1820	Francisco Izza
1825	Victor Chapela
1831	Barbara Lizardo "Baby"
1837	Freddy Mendoza
1842	Vincencio Osuna
1846	Dorian Vaz
1851	David Hillyard
1857	Freyah
1862	Luís García
1866	Scott Hull
1874	Fernando Vélez
1883	Mr. Blanco
12289	Codex Of Alfonso X
1895	Ernie Guacharaca
1896	Joy Askew
2897	Julio César Sánchez
2903	Laboratorio Suda-k
2914	Ignacio Velasco Figueredo
2917	Pepe Leo
2926	Gonzalo González
2933	Iván Díaz
2937	Marcos Valera
2944	Clemente Hernández
2944	Clemente Hernandez
2951	Ann Siberiana
2953	Facundo Coral
629	Richard Aumeitre
1711	Engelberth Sánchez
1717	Lili Ortiz
12290	Corina Poore
1729	Efraín González
1733	José Camacho
1743	Arturo Guardia
12291	Crystal Chang
1754	Víctor Mora
1755	Norma Fernández
1762	Eduardo Vergara
1767	Mizael Pérez
1776	Alejandra Ojeda
1783	Daniel Emilio Cesari
1785	Valentina Concetti
12292	D. Delgado
1799	Oscar Pérez
1804	Kuámasi González
1810	Adrián Ibarra
1817	Luciano Calello
1823	Puly Lamberti
1828	Richard Riobueno
1833	Camilo García
1839	Jean Pierre De Bourg
1839	Jean Pierre DeBourg
1849	Raúl Mota
1858	Oscar Pastorelli Paparazzi
1865	Jesús González
1869	Luís Jesús Ruíz "El Pulpo"
1876	Mike Wagner
1879	Renato Esposito
5539	Dainy Rago
1890	Richard Baily
1901	Phil Todd
2898	Gbec
2902	José Leonardo "Pepeleo" Hernández
2910	Nelso Arrieta
2915	Isabella Castillo Hernández
2921	Julien Jabre
2925	Humberto Isea
2930	Hans Jurjaanz
2938	Randy Laya
2942	Carolina Ticono
2950	Valery Knox
2954	Eulalio "Churdy" Toledo
2960	Omar Amado
3009	David Leon
1712	Manuel Nuñez
1718	Luz Colina
1723	Bernardo Ladera
12293	D. Lecuna
1734	César Aponte
1739	Wilmer Rios
1747	Rómulo Castillo
1753	Israel González
1758	Amado Zambrano
1766	Honey Pacheco
1770	Roberto Stopello
1775	Carmen Narro
1784	Elvis Correia
1786	León Granados
1793	Daan van der Elksen
1797	Carlos Sánchez
1811	Planeta Urbe
1818	Emiliano Montes
1830	Miguel Napolitano
1835	Charles Martinez
1840	Pablo Fernández
1840	Pablo Fernandez
1850	Marek Jan Wesolowsky
1855	Terry Bonilla
1860	Trina Medina
1868	Henry Augustus Stephen
1872	Martín Adrion Cunningham
1882	Marco Ferra
1888	Garry Rindfuss
1893	Rebeca Spiteri
2899	Fabian Andrés Arzola
2912	Maurice Reyna
2918	Lorena Neto Téllez
2924	Ulrich Navas
2934	Paul Miller
2939	Osane Ibañez
2943	César Alberto Somoza
2952	Gianni Fedele
12294	D. S. S. S
2961	Porfirio Torres
2969	Pedro Wazzan
2973	Jorge Ortiz
8584	Pete Thoms
1714	Gustavo Figarella
1720	Eric Schilling
1732	Fernando Torres
1738	Pedro Florenzano
1744	Maya Jupiter
1748	Mariana Rengifo
1751	Leandro Maturano
1756	María Alejandra Correia
1765	Carolina Torres
1773	Laura Muñoz
1782	Mario Rincón
1787	Elida "Gina" De Alamo Leon
1795	Alejandro Gómez "Ringómes"
1802	José Vicente Aguilar "Chevy"
12295	DJ Trujillo
1813	Agustín González
12296	Dagny Iznaga
1832	Angelo Valsania
1838	Emir López
1843	German Sanchez
1847	César Mijares
1852	Campa
1854	Mariana Valencia
1863	Luis Perdomo
1877	Glenda Lee
1878	Patrick McDarby
1887	Steve Alpert
1892	Chris Einsworth
1899	Guy Barker
1902	Chris Masterson
1904	Didi Gutman
1903	Haakon Brenner
1905	Tony Marrony
1911	Hana Kobayashi
1912	Jeremias "Jeremy" Ruiz
1909	Ricardo Vizcarrondo
1913	MC Waidany
1917	Alejandro Balderrama
2619	Glenn Pastcha
5128	Yein Gonzáles
1909	Ricardo "Rich" Vizcarrondo
1908	Agustín "Justin" Parra
1914	Denis Vilera
1922	Jesús
1929	Stephen Scott
1933	Nicky Richards
1940	Héctor Buitrago
1946	Edgardo A. Franco
1953	Antonio Vega
1959	Olgui Chirino
1963	Jessie Chirino
1971	Eddie Ganz
1975	Chaboli
1979	Jay De La Cueva
1984	Juanchi Bailerón
1991	Fernando Franchi
1998	Richard Díaz
2003	José Castillo
2010	Alfosn Gonzales "DJ Hernia"
2013	Carlos "Chuck" Rodríguez
2023	Fuaz Kassen
2026	Giancarlo Picozzi
2042	Jesús Acosta
2043	Oscar Fanega
2050	Guillermo Díaz
2055	Maikel González
12297	Desmond Dekker
2073	Pedro Gómez
2073	Pedro Gomez
2079	Lisbeth
2085	Ángel Negrín
12299	Dezo Hoffman
2097	Andrés Briceño
2104	Freddy Roldán
2104	Freddy Roldan
2113	Juan Carlos Chávez
2113	Juan Carlos Chavez
2116	José Luis Vásquez
2121	Micho
2129	Orlando "El Joe" Alvarado
2136	G. Planchart
2140	Luz María Charme
2143	Jesús Viloria
2149	Miguel Pepe
2155	Carlos Crinigan
1916	Romains Rosas Borges
1921	Tomás Fajardo
1921	Tomas Fajardo
1930	Ricardo Landaeta
1941	Rafael "Rafa" Sánchez
1947	Hernan Ruttel
1949	Alex Lencinas
1956	Charly Alberti
1965	Ismael "Tito" Fuentes
1970	Xavier Lopez
1974	Leonardo de Lozanne
1980	Nahuel Shajris
1987	Sabo Romo
12300	Diana Pandera
1996	Ángel Guadarrama
2002	Mario Pérez
2011	Carlos Rivera
2016	Gabriel Arbiza Zuluaga
2019	Arnoldo Freitez
2025	Victor López
2025	Victor Lopez
2036	Biella Da Costa
2039	Hugo Dwyer
2048	Yudnara De Ridder
2053	Félix Luongo
2058	Mauro Trotta
2071	José Antonio Valera
2077	Alejandro Bellorín
2083	Daniel Carrizales
2090	Pedro Deniz
2092	Mathías Beyer
2092	Mathias Beyer
2099	Jorge Borgogno
2103	Javier Anguera
2111	Enrique Figueredo
2119	Victor Castillo
2123	Georgina León
2126	Jennifer Zea
2135	Javier Salas
12301	Diego Alejandro García @BonkDesign
2144	Federico Capocci
2154	Ivor Lugo
2162	Robison Millan
2172	Anita
1918	Napoleón Pavón
1923	Douglas Alvarez
1928	Jaime Seijas
1935	Emmanuel Horvilleur
1938	Bobby Allende
1945	Mario Martínez
1952	Sebastian Schon
1954	Héctor "Zeta" Bossio
1964	Juan Francisco "Paco" Ayala
1969	Randall "Randy" Ebright
1976	José Miguel Carmona
1989	Ira Seagal
1992	Luis Cortez
1999	Gustavo Insignares
2004	Omar Moreu
2012	Luis Rojas
2018	Fauadz Kassen
2021	Freddy Cabezas "Marshall"
2029	Rodolfo Serra
12302	Dieter Grossberg
2038	Alberto Sanchez
2047	Ricardo Bigai
2054	Elías A Michelena
2057	Luis Melo
2072	Anecto Paredes
2076	Roy Levy
2080	Salomón Lerner
2088	Karin Aguilar
2096	Robert Hutchinson
2102	Miguel Porras
2106	Henry Gutierrez
2110	Rosalyn Omaña
2115	Carlos Spósito
12303	Dilcia Galea
2134	Jorman Hernandez Jobas
2139	Marcos Elliet
2145	Omar Naim Sawaya
2151	Aldo Lamanna "DJ Lamaña"
2160	Jimmy Flamante
2167	Christian Duarte
2170	Alejandro Chataing
2176	Oliver Carmona
174	Wincho Schaeffer
1919	Joan Dos Santos
1925	Juan Pablo Camacho
1934	Héctor Fuenmayor
1939	Alejandro Duque
1944	Luis Bolín
1950	Ulises Bultrón
1957	Soraya
1962	Miguel Ángel "Miky" Huidobro
1966	Marcelo Nisinman
1972	Antonio Carmona Amaya
1978	Francisco "Paco" Huidobro
1988	Aleks Syntek
12304	Diseño Logico
2000	Rafael Arrieta
2005	David de Barrios
2008	Ernesto Marichales
2014	Naya Bass
2022	Eduardo Daza
2030	Breno Díaz
2035	Wolfgang Vivas
2041	Ilba Rojas
2046	Abel Cañizales
2051	Roger Neal
2056	Pablo Isola
2064	César Castillo
12305	Dobbin
2074	Stefan Gzyl
2081	Ricardo Tirado
2086	Fernando Mendoza
2101	Robert Incelli
2108	Jorge Aguilar
2117	Sandro Marauda
2122	Tisuby González
2133	Chapelin Marison Luna
2138	Carlos Savalla
2148	Jorge Romero
2150	María Ida Guadano
2161	Gianny Salazar
2164	Christian Lombardi
2169	Elix Monsanto
2444	Nedd
689	Claudio Leone
481	Daniel Sarmiento
1920	Richard Parada
1926	Adib Casta
1931	Claudio Cardone
1937	Alejandro "Alejo" Gómez
1943	Vic Black
1951	Sandra Baylac
1955	Gustavo Cerati
1960	Wiso Santiago
1967	Hernan Kuttel
1983	Ezequiel Rocha
1985	Michael Rojkind
1994	Andrés Lar
1997	Eduardo Eguis
2006	Alfonso Duque
12307	Duilio Pérez Montilla
2020	Ronny Freitez
2027	Giorgio Picozzi
2034	Claudio Cremisini
2045	Alejandro León
2052	Javier Sauma
2059	Max Vogel
2070	Alex Bondar
2078	Alberto Parejo
2082	Luis Blanco
2087	Benedicta Asis
2094	Enrique Schironi
2100	Marvin Orellana
2105	Antonio Soltedo
2112	Taylor Deupree
2118	Adrían Morales
2118	Adrian Morales
2130	Giovanni Gulli "Pachuco"
2132	Adriana Charme
2137	Paul Rodríguez
12308	Dumont
2153	Emille Macklouf
2156	Ortega
2166	Adrián
2168	Héctor Felice
2178	Beto De Pablos
2187	Keila González
486	Cheo Romero
1927	Mario Seijas
1932	Dante Spinetta
1936	Andrea Echeverri
1942	Graham Hawthorne
1948	Cachorro López
1948	Cachorro Lopez
1958	Angie Chirino
1961	Tommy Anthony
1968	Johnny Sender
1973	Juan Carmona
1982	Javier Chá Ramírez
1986	Guillermo Vadalá
1986	Guillermo Vadala
1993	Gilberto Ramirez
2001	Daniel Leza
2007	Carlos Henríquez
2007	Carlos Henriquez
2017	Pablo Sosa
39	Pablo Manvello
2032	Manolo Alvarez
2037	Meiver Acuña
2044	José Martínez
2049	César Chacón
2060	Mario Cirigliano
2063	Rafael Grooscors
2069	Miguel Cantando
2075	Allem Pinto
2084	Hector Bastardo
2089	Alexis Tope-Bello
2091	Jonathan Piñero
2098	Eddie Amparo
645	Carlos E. "Cayayo" Troconis
2114	Emerson Hernández
2120	Chema
12310	E. Toledo
2128	Dorian Milá
2128	Dorian Mila
2141	Ricardo Riveiro
2147	Carlos Pulido
2152	MC Alex Acosta
2158	Edward Vera "Turtled" @Turtleddj
2163	Roque Contreras
2173	José Miguel De Robertis
2173	Jose Miguel de Robertis
12311	E. Valencia
2165	Mauricio Cuevas
2171	Fulvio Guarino
2174	Gerson Alvarado
2180	Jesús Rondón
2180	Jesus Rondón
2190	Carlo "Loquillo" Arriaga
2192	Daniel Arreaza "Rino"
2199	Rafael Giner
2207	Ernesto Estrada
2209	Daniel Andrade "Daniel Sun"
2214	Esteban García
646	Alberto Cabelllo
2226	Ricardo "El Pollo" Bastidas
2229	Enzo Querci
2237	Julio Martínez
2246	Luis Eduardo Marin
2251	Mario Parker
2253	David Mamán
2253	David Maman
2264	Mary Carmen Díaz
2268	Todd Hornton
2276	Kenji Shimoda
2282	Jean Carlos De Oliveira
2288	José Antonio Castillo
2294	Alexis Rodríguez
2299	Baltasar Agustín
2299	Baltasar Agustin
2308	Jonathan Cabrera "Jhon"
2314	Funkjimenez
2320	Francisco Gallardo
2323	Trevor Sadler
2327	Juan Carlos Perfetti
2334	Victor Lopez Rossi
12313	Eadi
12314	Echevarreneta
2359	Evio Di Marzo
2362	Pedro Mendoza
2368	Augusto de Lima
2373	Douglas Herrera
2384	Néstor Bermúdez
2385	Ulises Millán
2392	Daniel Díaz
2400	Carlos Rafael Torrealba
2155	Carlos "DJ Metra" Crinigan
2175	Camilo Carrero
2183	Rafael López
2188	Andrés Lara "Nano" (†)
2188	Andrés Lara "Nano"
2196	Marco Vettor
2203	Ivette Grau
2208	José Montilva "Joseph Sun"
12315	Eder Soto
2223	David Schlesinger
2232	Lorenzo Colina Jordán
2236	Christian Guiralt
2245	Márcel Dávila
2245	Marcel Dávila
2255	Agni Mogollón
2259	Gustavo Pierral
2265	Gonzalo Lazzarini
2273	Andrés Levin
2273	Andres Levin
2280	Francisco Domingo
2285	Rainer Díaz
2297	André Poulet
2305	Alessio Mini
2310	Osiris Maiz "Charlie"
2317	José Espinosa
2321	Richard Blair
2328	Heder Zambrano
2335	Alberto "Beto" Yajure
2338	Cesar Haliwa
2344	Franco Carella
2351	Miguel Quevedo
2360	Bartolomé Díaz
2366	Guillermo Berincua
2370	Rafael Pimentel
2374	Nelson Bautista
2381	Claudio Corsi
2390	Juan Carlos Torrealba
2393	Julio Donis
2399	Eduardo Quintana "Alegretto"
2405	Mike Powell
2410	Marco Salaverría
2416	Maryuri
2421	Yamico
2427	Gustavo Vargas
2434	Juan Manuel De Ferrari
2438	Jorge Fernández
2179	José Luis Itriago
2179	Jose Luis Itriago
2191	Cornelio Reyes
2201	Giancarlo Olivieri
2206	Juan C. Medina
2213	Orlando Toro
656	Arístides Barbela
2227	Diego "El Negro" Álvarez Muñoz
2234	Ricardo Toscano
2235	Kail Lovera
12316	El Chacal
2247	Rosa Mariña Leña
2252	Marisela Pérez
2258	Antonio Rassi
2261	Dalila Dager
2272	Luis Levin
2278	Lisa Mosko
2279	Jesús Raffe
2286	Eloy Dávila
2293	Ruthsy Fuentes
2298	Verónica Marinez
2307	Edgar Espinoza
2312	Ulises Bella
2319	DJ Dodgie
2324	Jeff Poe
12317	Electric Mind Entertainment
2333	Marvin Hernández
2341	Nelson Camacaro
2347	Daniel Arrieche
2352	Giovanni Tradardi
2358	Alberto Borregales
2365	Fred Weinberg
2367	Victor Gámez
2377	Humberto Becerra
2388	Ángel De Taramona
2396	Tulio Cremisini
2402	Stu Catz
2404	Jonathan Rodríguez
2412	Ramsés Antolines
2418	Carlos
2426	Enrique Santana
2429	Julio César Vásquez
657	Chapis Lasca
2184	José "Cebolla" Briceño
12318	Ergo
2195	Alexei Garbán
2200	Ricardo Díaz
2204	P. T. T.
2210	Franklin Pereira
12319	Eric Ceballos Arias
12320	Erik Steinhold
2224	Aura De Fuenmayor as "Lohan Duff"
2231	Goya Sumoza
2239	Angelo Moore
2243	Luis Enrique Pérez
2249	Adriana Pimentel
2262	Alicia Keller
2270	Arto Lindsay
2274	Rick Abbondante
2283	Ted Jensen
711	Dave M'Nair
2296	Bruno Romano
2302	Gabriel Stacio
2304	Breker
2309	Denys Bonilla
2318	Babee Power
2322	David Schifman
2330	Jesús Quevedo
2336	Ed Stvs
2339	Mayela
2350	Nelson Porras
2356	Jean Carlos de las Salas
2369	Javier Atance
2376	Alfredo Cabrera
2383	Manuel "Manel" Muñoz
2387	Salvador Pérez Muñoz
2395	Jorge Zuyama
2398	Pablo Gil
2411	León Moser
2417	Christofa
2422	Miriel
2428	Rodolfo Spitaleri
2433	Alejandro Londoño
2440	Debimar
917	Carlos Curto
2978	Daniel Moreno
1848	William Guzman "Magoo"
2194	Daniel Fontaiñas
2197	Gianni Napolitano
2211	Pedro Luis Sanchez "Pedro Sun"
730	Beto Monetegro
2225	Alfredo Naranjo
2233	Kino Pastor
2240	Pedro Eustache
2244	Julio José Balza
2250	Zulay Ascanio
2256	Walton de Jongh
2260	Directed by Rubén Velasco
2266	Fernando de Freitas
2271	Franklin Ferrer
2277	David Robbins
2284	Vera Linares
2290	Ana Elba Domínguez
2295	Alberto Herrera
2306	Mrdanga
12321	Erika Silvestri V
2316	John Pantle
12322	Ermibica
2331	Carlos Pedraza
2337	Javier Gárnica
2337	Javier Garnica
2343	Freddy Reyna
2349	Nelson Rodríguez
2355	Maikel Vargas
2361	Totoño Blanco
2371	José Galpasoro
2375	Juan Oropeza
2380	José G. Hernández
2386	Francesco Tradardi
2391	Alberto Lacobelli
2397	Manuel Pérez
2408	Chiara Cazzulani
2415	Abraham García
2419	Ricardo Portillo
2424	Robert Valerio
2431	Alejandro Zavala
2436	Charles Arapé
2443	Marcel Capell
3637	Cassette
727	Rodolfo Tarff
2193	Javier "Rodilla" Farías
740	Jorge Ramírez "Pipo"
2202	Marisela Lovera
2212	Jorge Hernández
2217	Guilhem Ravier
2221	Luis Fernández "Toto"
2228	Maria Virginia Caldera "Money"
2230	Gianna Alfano
2238	Pavell Tello
2242	José Ramón Morales
2248	Elsa A. Camacho
2254	Doménico Prioretti
2254	Domenico Prioretti
2263	María Eugenia Ibarra
2269	Billy Ware
2275	Rebeca Troconis
2281	"Hertz"
2287	Tomás García
2292	Enrique Pérez
2300	Bruno Romano at
2303	Daniel Pérez
2311	Jesús Esteban Campos "Coda"
2315	Asdru Sierra
12323	Ernesto Javier Christiansen
2332	Juan Carlos Siniestra
2340	Joan Barracuda
2346	Jean Carlo Calderón
2353	Katheryn Nitti
977	Frank Belisario
1068	Pedro "PTT" Lizardo
2372	Claudio Gámez
2378	Carlos Moreno
2379	Manuel Diez
2389	Andrés Kese
2394	Vicente Bitulli
2401	Eduardo Gómez
2409	Mike Fuller
2413	Josué Flores
2413	Josue Flores
2423	David "Morocho" Hernández
2423	David "Morocho" Hernandez
2432	Marycel González
2439	Carlos Almaral
2445	Elinés Raymond
2452	Héctor Vivas
2407	Edgard Sánchez
2414	Daniel Moser
2420	Rommel Rey
2425	Renny Montaño
2430	Abraham Carrillo
2437	Jasper Dankaart
12324	Es Azualde
2448	Zlaya Hadzich
2454	Alexis Gonzáles
2461	José Miguel Nascimento
2465	Juan Ignacio Morasso
2469	César Torres
2478	Félix Hernández
12326	Espina
2501	Alfredo Rojas
2507	Carlos Acosta
2513	Armando Flores
2519	Raúl Monsalve
2524	Humberto Torrealba
2529	Juan Rivas
2533	Natalia Lafourcade
2542	Polo Troconis
2547	Victor Fiol
2551	Gennaro Di Luca
2559	Kestutis Orentas
2562	María Eugenia Ciliberto
2570	Sergio Pérez
2576	Diego Díaz
2580	Alexis Peraza
2585	Jorge Cristo
1278	Leonardo "El Kmaron" Jaramillo
2602	Luis Navas
2608	Johan "El Panameño"
2614	Mariliz Bettiol
2619	Glen Pastcha
2625	Nelson Navarro
2631	Luis Gonzalez
2637	Enrique De Gregorio
2649	Steve Scott
2654	Jorge G. García
2660	Jesús "Chu" Quintero
2670	Sander Janssen
2674	Mark Gibs
4026	Edgar Quintero
2441	Remi Tjon Ajong
2449	David Alfaro
2455	King Django
2459	Norton Pérez Rosales
2467	Ulneiver Valles
2474	Alexander Lugo
2484	Jesús López
2488	Michael Barbiero
2491	MaAlexandra Scelza
2496	Liana Malva Castillo
2506	Ramón Hernández
2512	Luis Miguel Domínguez
2518	Manuel Churión
2520	Jairo Zuleta
2528	Nuuro
2535	Pepeto López
2539	César Miguel Rondón
2548	Salvador Pérez
12327	Etheart Dupiton
2566	Henry Paul
2572	Elisa Rego
2575	Gabriel Mendoza
2584	Rodolfo Rodríguez
2590	Daniel Da'cugna
2594	Luis Roman
2598	Sujeid Mijares
1380	Andrés Buitriago
2612	Darío Bayley
2618	Daniel Esparza
2624	Gregory O'Brien
2630	Freddy Medina
2636	Luis Villar
2639	Felipe Grüber
2647	Alejandro Plaza
2653	Andy Pask
2656	Francisco Castañedo
2663	Marco Toro
2668	Alejandro "Piti" González
2677	Ana María Bertorelli
2683	O. J. Colina
12328	Euden Ojeda @ElCalvok
2692	Alexander Hamilton
12329	Europadisk
2706	Ricardo Pana
2446	Marcos Viloria
2451	Emerson Rodríguez
2457	Pablo Esaá
2463	Alan Ward
2470	Angel Pineda
2473	Freddy Hernández
2481	Vanesa Gouveia
2490	Gonzalo Suarez "Gonzo"
1395	Manuel Da Corte
2502	Kevin Metcalfe
2508	Daniel Mora
2516	MC Maíz
2521	José "Chemi" Gutierrez
2530	Félix Colino
2536	Jesús Rivero Bertorelli
2540	Steven Barkan
2544	Carlos Panepinto
2550	Daniel Sanchez
2558	J.R. Castaño
2565	Darlenys Zamora
2568	Ezequiel Serrano Calderón
2578	Diego Mendoza
2579	J.C. Figueroa
2586	José Segovia
2591	Luis Flores
2597	Miguel Sosa
2603	Ciempiés
2609	Lenny Carrero "Pinky"
2617	Max Martínez
2622	Michael Fuller
2629	Nestor Pirela
2632	Victor Villanueva
2643	Tom Hutten
2648	Willy Pérez
12330	Eusebio Delfín Figueroa
2666	Dick Beetham
12331	Evelyn Pérez
2681	Carlos Polanco
2686	Francisco "Pitufo" Vivas
2694	Juan Carlos Trujillo
2697	RCA "Nutria"
2703	Kiko
2708	Vinicio Ludovic
2719	Arturo Hensen
2724	Lorenzo Leal
2447	Manuel "Dr Faustus"
2453	Manucel Buttá
2460	Félix "El Gato" Duque
2460	Felix "El Gato" Duque
2471	Omar Fernández
2477	José Luis Hernández
2479	Julio Timaure
2487	Winston Mandelblúm "Winsman"
2495	Jesús Chinchilla
2500	Miguel Ahgel Mieres
1428	Julio Anides
2511	Angel Melo
2517	Fernando Yvosky
2522	R. Zalazar "Puppi"
2527	Christian "Funky C" Moraga
2534	Argenis Brito
2541	Alejandro Ortega
2545	Zdenek Matousek
2555	Torombolo
2561	Ima Karina Narváez
2571	Pecado Original
2573	Alexander Borges
2581	Sebastian de Sousa
2587	Juan Hernandez
2592	Antonio Nuñez
2601	Francisco Telleria
2605	Alejandro Pietro
2610	Darimir Bayley
2616	Jesús Camacaro
12332	F. Rendiles
2627	Luis Guevara
2635	Nilesh Patel
2641	Alciro "Trosqui" Valentinés
2644	Maikel Flores
2652	Mariano Pérez
2658	Tito Saavedra
2665	Miguel Padrón
2665	Miguel Padron
2671	Piti
2676	Greg Roberts
2678	Freddy Quero
2687	Fernando Aloisi
2695	Antonio Fernández
2698	Asier Cazalis
12333	Fabian Ciccarelli
2450	Euli Esaá Méndez
2458	George
2468	Alberto Hernández
2476	Argenis Hernández
2483	Javier García
2485	Greb Calbi
2494	MaDaniela Guerrero
2497	Richard Louise
2503	Luis Domingo
2509	Francisco Issa
2514	Carlos Morillo
2525	Anna Rosa Rodríguez
2525	Anna Rosa Rodriguez
2531	Erika de La Vega
2537	Mario Arias
2543	Greg Calbi
2553	Víctor Rossi
2557	Gusanos
2569	Bless Killa
2574	Rudy Martins
2588	Luis Bolívar
2593	Julio Contreras
2599	Juan Castillo
2607	Humberto "Pocho" Pérez
556	Michel Chazett
2615	Orlando Cardozo
2623	Ana Patricia Mondello
2626	Los Andes Electrónicos
1439	Oggi Verde
2642	Rubén Dario Perez
2646	Rene Márquez R
2651	Carlos Delgado
2657	Juan Miguel
2664	Rafael Cadavieco
2667	Gabriel Millán "Gabo"
2672	Chris Athens
2680	Jesús Torres
2688	Albert Arroyo
2690	Leonardo Tani
2696	Javier Martínez
2702	Gil Sansón
2709	Candy 66
2255	Agny Mogollón
498	Andrés Astorga "Trujillo"
2456	David Klooker
2475	José Lozano
12336	Faria "La Gogo"
2486	Daniel Pirone
2493	Vytas Brenner
2499	Big-Join
2504	Juan Daniel González
2510	Frank Rojas
2515	Guillermo Mager
2523	José Manuel Pinto
2526	Everhard Paredes
2532	Yker Moreno
2538	Joselo Díaz
2546	Marco Acuña
2552	Ronnie Rodríguez
2556	Lino Spolzino
2563	Juan Carlos Socorro
2567	Colina
2582	Eduardo Vargas
2589	Jeanmarco Ranghi
2595	José Contreras
2600	Tomás Rodríguez
2151	Aldo Lamana
2613	Alejandro Feria
2628	Douglas Texier
2633	Daniel Silva
2638	Andrés Guzmán
2645	Alfredo Rugeles
2650	Tito Duarte
2659	Austin Ince
2661	Raymundo Ceballos
2669	Erik Aldrey
2675	Oscar De Jesús Colina
2682	José Inciarte
2684	Miguel López
12337	Fenza D.
2699	Enrique Rodríguez
2704	Miguel Gonzáles "El Enano"
2713	Pablo Martínez
2716	Henry Augustus Stephen Pierre
2721	Paz Alejandra Hidalgo
2731	Alberto Duhau
437	Alfredo Lovero
2679	Gelio Arturo Acosta Yanéz
2685	Sergio Brown
2693	Andrés Galavis
2701	Camilo Crespo
2705	Cheo
2712	Marguerite Labroid
2715	Pierre Lanffer
2720	Esther Cohen
2729	Aracely Fernández
2735	Orlando Mangan
2741	Roger Nuñez
2747	Frank Pardo
12338	Flash Grafic C.A.
2757	Alejandro Salas
2765	Luis Muños "Gbec"
2770	Manuel Enrique "Manry" Pérez Olivares
2774	Federico Brito
2783	Remicio Piñate
2791	Ali Venturini
2798	Dr. Faustus
2804	Pablo Slam
2810	Ernesto
2820	Utam
2826	José Antonio Bermúdez
2828	Rubén D'Hers
2839	Joyner Lares "Nasty Killah"
2840	Juan Carlos Melian
2851	Héctor Rojas
2854	Luis Enrique
2858	Gustavo Guerrero
2865	Luís A. Medina
2873	Henry Kamba
2877	Gustavo Merchan
2884	Isais Urbina
2892	Ezequiel Serrano
2900	Rommel Córdoba
2307	Edgar Espinosa
2913	Julieta B. Figueredo Carbonel
2919	Paola Maldonado Téllez
2928	Silvia Márquez
2932	Pedro Guerrero
2935	Rosangela Bustillos
2946	Armando Ortega
12339	G. Figueira
6372	Ricardo Alberto Escobar
2711	Ramiro Canosa
2714	Pancho Salazar
2725	Ofelia Brito
2726	Miguel Molina
2487	Winston Mandelbum
2746	Daniel Davila
12340	G. Insignares
12341	G. Topton
2760	Manuel Barrios
2764	KPU
2768	Raúl Agraz
2623	Ana Patricia Modello
2788	Fred Kevorkian
2795	Nereyda
2806	Inti de Manes
2660	Chu Quintero
2816	Hugo Mármol
2822	Leonardo Picó
2831	Kenys Santiago "Ríal Guawankó"
2835	Pablo García
2841	Ibsen Rosales
2846	Morela Medina
2852	Saúl Vera
2869	Ivo
2875	Gustavo Colón
2883	Francisco Alvarado
2889	Luis José Otamendi
2901	Juan Pablo Castillo
2911	Carlos E. Velasco Figueredo
2923	Gabriel Gavidia
2931	Rodika Stanculescu
2940	José Olmedo
2945	Marco Ciargo
2947	Rodrigo Yoma
2958	Aly Castillo
2964	Linda Lee
2966	Boris Milán
2966	Boris Milan
2975	Adriana Solorzáno
6864	Joel Marquez
551	Enrique Gonzáles Muller
1546	Durvan Laverde
3174	Alejandro Conde
2710	Jonattan Humpierrez
2723	Daniel Fernández
2727	Dario Sosa
2732	Juan Belisario
2739	Joan La Riva
2745	Fernando Carrasquel
2754	Jonathan Angarita
2759	José Angel Demey
2704	Miguel González "El Enano"
2771	Ykai Ledezma
2777	Noel
2782	Julio Veloz
2787	Phillip Steir
2793	Selene Quiroga
2799	Ermeson Rodríguez
2803	Claudia Campos
2809	Felipe Campos
3069	Julio Alfonso
2823	Pablo Vencid
2829	Maribel Vila
2837	Gustavo Aldrey
2845	Johnnie Maneiro
2847	Ricardo Rojas
2856	Silvano Monasterios
2863	Maurio Scavroni
4214	Carlos Marquez
2870	Alfredo Padilla
2878	Hector Di Donna
2882	Abel Pedro De Freitas
12342	G. Visconti
2895	Milena Paparoni
2904	Alejandro "Niño" Berti
2908	Scott Steiner
2916	Juan A. Velasco Figueredo
2922	Dario Salinas
2927	Lerryns Hernández
2929	Ager Oganessian
2936	Angel Gimeno
2941	Laura Castro
2949	Victor Manuel López
2956	Marcella Mosca
2963	Franco Lemus
2967	Steve Choi
2975	Adriana Solórzano
2718	Henry Hensen
2722	Poindexther
2730	Alissa María Lovera
2734	Héctor Tosta
2748	Horacio Chacin
2751	Johenis Angarita
2756	Carlos Da Palma "Palmito"
2761	Gregory Palencia
2773	Luis Rivero
2778	Rafael Quintero
12343	Gabba
2796	Betzaida Machado
2801	Euli Essá
2812	Simón
2818	Humberto Meza
2825	Diego Shapira
2832	Marlon Morales "Lou Fresco"
2834	Lou Fresco
2843	Alejandro Pérez
2855	Carlos "Turbo" Guerreiro
2866	Alexis Hernandez
2871	Simón Hernández
2871	Simón Hernandez
2880	Simon Alvarez
2885	Héctor Miranda
2891	Kuámasi González Vidal
2962	Jorge Stelling
2970	Banny Romero
2974	Tony Blunt
2977	UE Nastasi
2979	Harry Hirsh
2984	Andres Boulton
2986	Wiston Mandelblum
12344	García Martines Jorge
21	Iván Velázquez
2997	Fernando "Fer" Rodríguez
3003	Alina Del Castillo
3004	Luis Marcano
1113	Oscar Alcaíno "Oscarello
985	Oswaldo Quintero "Wally"
2728	David Peña
2733	Andrés Story
2738	Fransays Delgado
2744	Zoltan Kunkel
2753	José Mendez
4232	Bob Olhsson
2767	Alfredo Demey
2772	Glen Tomasi
2779	Enrique Sanguino
2785	Efrain Osuna
12345	Garret
2794	Andrés Freites
2802	Manuel Buttá
2808	Héctor Vielma
2808	Hector Vielma
2815	Fidel Rojas
2821	Aquiles Cortina
2827	José León
2838	Leandro "KPU" Añez
2842	Leonor
2849	Lily
2853	Glenn Tomassi
2864	Nelson Ruíz
2874	Armando Guerra
2879	Bernardo Montoto
2886	Rafael Pino
2890	Samuel Arcas
2959	Eduardo Sáez
2959	Eduardo Saez
2968	Alfredo Escalante
4387	Jesús Maduro
2978	Daniel Moreno "Dan"
2980	Ángela Smith
2982	Stefan Czyl
2987	Grabaciones Antor S.A
4387	Jesus Maduro R
2992	Jonathan Carrillo "Jona"
7828	Lila Morilo
2995	Jorge Marin
3001	Ricardo Jiménez
3000	Daniele Nocera
3005	José Ignacio Mateis "Naxxo"
3007	Miguel Angel Sojo "Micky"
3012	Sacha Torres
12346	Geiner Javier
9671	Gloria Marín
2749	Octavio Paredes
2758	David de Oliveira
12347	Ghersy Bates
2769	Luis Mauricio Cepeda
2775	Pablo Santaella
2780	Juan León
2786	Ryan Downe
2792	Scheherezade
2807	Muu Blanco
2813	Emmerson
2817	Alejandro Paredes
2824	Guillermo Mora
2833	Robzayda Marcos
2836	Danilo Amerise Díaz "Dano"
2848	Angel Silva
2857	Jesús Toro
2859	Álvaro Cordero
2867	Andrés Trigo
2872	David Azuaje
2876	Miguel Arellano
2881	Carlos Bernaccino
2888	Pablo Mora
2894	José Luis Pimentel
2965	Daniela Henriquez
2971	Mauricio Hernández Blanca
2976	Killian Williams
2981	María Rosa Domingo
12348	Giustino Adesso
2991	Tomas Enrique Pérez
2996	Daniel "Mono" Briceño
2998	Juan Carlos Figueroa
2999	Alex Gamardo
3006	Carlos Figuera
3008	Nick Litwin
3010	Ernesto Figuera
3011	David Rondón
3014	Gionet Todesco
602	Miguel Arria "Chema"
1112	Maestro "Cheo" Rodríguez
3013	Diego Fuenzalida
12349	Gonne
3026	Sheila Wassington
3033	Mariano Godoy
3039	MCKLopedia
3047	Ian Cooper
3052	Carlos Jorge García
3062	Valentina Álvarez
3066	Fonograma C.A
3069	Julio "Mal Tripear Jamás" Alonso
12350	Guayayo Motion
3082	Laia Rovira
3088	Jorge Peña "Korge"
12351	Guijarro
3105	Jesús Bosque
3110	José María Casas
3117	Reinaldo Zavarce
3125	Nicolás Kalwill
12352	Guy Gershoni
3138	Roberto Rico
3143	Luis José Pérez Viloria
3149	Martín Imhof
12353	H. Paredes
3162	Haroldo Ferreti
3167	Milton Pacheco
3173	Sergio Curbelo
3182	Marcelo Muñoz
3184	Guillermo Luis Valentinis "Willie"
3192	Horacio Avedaño "Horace"
3200	Gabe
3203	Luis Araujo
3208	José Andrés Blanco "Blanquito Man"
3215	Ruben Paiva
10051	Juan Camacho a.k.a. "Johnny Quiróz"
3234	Enrique Lazo
3239	Kevin Johansen
3244	Victor Mestas
3244	Víctor Mestas
3254	Ismael Vásquez
3256	Miguel Blanco
3262	Hermes Carreño
3277	Carlos Alberto Abuchaibe Ferreira "Cabeto"
3283	Robert Gibiaqui
39	Pablo "Zenith" Manavello
3015	Marcos Arévalo "Socram"
3019	Wladimir Quintero
3025	Diane Bond
12354	Hansel Lander
3038	Guillermo Moreno
3042	Marco Forni
3048	Ruadhri Cushnan
3054	Maria Corina Álvarez
3057	Valentina Landaez
3065	Reinaldo Villa
3072	Ender Parra
3075	Gustavo Galin
3081	Dihemal Arredondo
3084	Jonathan "Watis" Gómez
3091	Oscar Gómez
12355	Heider Blanco
12356	Helena Ibarra
13301	Eduardo Pacheco
3113	María Gabriela De Faría
3118	Diego Ortells
3126	Pablo Durand
3131	Paulo De Oliveira
3135	Carlos Vaso
3145	Keivin Campos
3152	Gustavo Ovalles
3158	Benigno Medina
3160	Henrique Portugal
3171	Jonás González
3174	Alejandro Conde "Al-Jay"
3180	Fermin IV Caballero Elizondo
3186	Juan Alfredo Baleirón
3193	Ricardo Valdivieso
3198	Victor González
3204	Alejandro Ramírez "Chombie"
3212	Oscar Sucheni
3218	Pablo López Herrera
3221	Richy Flores
3225	Humberto E. Lizardo F. "Ike"
3238	Khont
3243	Gustavo Dal Farra @GustavoDB
3253	Syama Maya Das
3258	Luz Marina
3263	Lido Guarnieri
13315	Los Piraos
3016	José Antonio Blanco Angulo
3027	Jezz Raylee
3032	Carlos "Tato" Rodríguez
3034	Eduardo Benatar
3040	Pedro Misle
3049	Cuco Pérez
3055	Laura Guevara
3060	Miguel Toro
3068	Leonardo Márquez
3073	Gustavo Marvez
3078	Juan Pablo Aroutine
12357	Herb Alpert Presents Sergio Mendez
3089	Patricio Marín "Pato"
3096	Alfred Gómez
3100	Daniel Grau
3111	Jonás "Tabasco" Hidalgo
3114	Milena Torres
3119	Matías Zapata
3123	Jota Morelli
3129	Rod Fuller
11469	Graham Goildman
12358	Hodward Rincones
3151	María Imhof
3157	Leonardo "Leo" Borges
3161	Miguel Urbina
3168	José Lopera
3175	Claudio Valenzuela
3179	Gabriel Vigliensoni
3189	Ariel Fernando Raiman "Topo"
3195	Roberto Valdivieso
3197	Luis Silva
3206	Ricardo Tirado "Reta"
3209	Johnnie Fiñana
3217	Luis Eduardo Blanco "Negrito Man"
3219	Henry Villalobos
3230	Wilfredo Roldán
3235	Simón Díaz
3242	Adriana Prieto
3245	Jean De Las Salas
3251	Roming Calderón "Blood 69"
3257	Rafael Rey
3266	Eddy Pérez
3269	Mariano Lantigua
3274	Pedro Vengoechea
3282	Nino Mayorca
3018	Cristina Hernandez
3024	Mejda Agosti
3036	Let Arteaga "DJ Let"
3041	Phil Palmer
4870	Pedro Virguez
3051	Adrián Suarez
3059	Gloria Cavatton
3067	Abraham Salas
3074	David Santiago
3079	Riccardo Lombardi
3085	Víctor Rodríguez
3092	Jesús Castillo "Cuco"
12359	Horny Mause
3102	Martín Camacho
3109	Jorge Luis De Las Salas
3116	Dennis Smith
3122	Willy Lorenzo
3128	Daniel Ianniruberto
3134	Rafael Güerajé Martínez
3137	Dawer Romero
3144	César Maldonado
3148	Carlos Izsak
3156	Carmen Rosa Alvarez
3163	Samuel Rosa
3169	Fernando Tobón "Toby"
3177	Harold Hopkins Miranda
3183	Antonio Hernández "Toy"
3188	Gastón "Moreira" Goncalves
3190	"Soraya" Raquel Lamilla
3199	Carlos "Kako" Enrique Guzmán
3211	Ricardo Alvarez
3216	Gustavo Aranguren
3227	Frank Cesarano
3233	Francisco Ascanio
3240	Jessica Sauma
3247	Joel De Las Salas
3252	Jonathan Quinto
3265	Edgar Zambrano
3270	Ojo Fatuo
3275	Mickey Martínez
3636	Ruso
3256	Miguel A. Blanco
3198	Victor González "Kasino"
3020	Daniel Medina
3022	Octavio Suñe
3029	Don Chicho
3037	Carlos Isaac
12360	Hum
3046	Jacek Zygan
3053	Ricardo Anthés
3061	Lisbeth Arcas
3063	Rafael Saez
3071	Raúl Rivas
3076	Miguel Alba
3083	Laia Sellarés
3090	Mariana Suárez "Maly"
12361	Iliana Fernández
3103	Manuel Montañez
3108	Jack Adams
3112	Peter Akselrad
3120	Magalí Bachor
3124	Alan González
3132	Ángela Gugliotta
3139	Tri-D
3141	Julio Rodríguez
3150	Fidel González
3155	Joanna Vega
3159	Johnny Rudas
3165	Juan Esteban Aristizábal "Juanes"
3170	Natalia Slipak
3176	Eduardo Paniagua
3181	Pablo López
3185	Marcelo Blanco
3194	ARK21
3201	Gustavo Girón
3201	Gustavo Giron
3207	Enrique García
3213	Cosme Liccardo
12048	Herve Vilard
3226	José "Pepe" Vera
3232	Dave Wonsey
3237	Jennifer Stanbury
3250	Carlos Gómez
3255	Ana Elba
3261	Sección De Cuerdas De Carmelo Russo
3272	Álvaro Serrano
3276	Roberto Lantigua
3280	Alejandro Huizi
519	Francisco Díaz
3021	Francisco Rojas
3023	Antulio Mora
3028	Juan Pablo Solari
12362	Imperatori
3044	Rafael Paz
12363	Ingrid Dreissig
3056	Luis Alejandro Arcas
3058	Maurimixxx
3064	Edcel Lanz
12133	María Lourdes Devonish
12048	Herve Villard
3080	Daniel Delgado Arocha
3087	Claudio Campos
3093	Francisco Correa
3095	Jonatan Faria
3101	Miguel Angel García
3106	David
3115	Michaela Castelotti
3121	Anabella Levy
3127	Walter Velásquez "Mosca"
3130	Diego Hernríquez
3136	Steve Fallone
3142	Moisés Carmona
3147	Bob Michaels
3154	Soleá
3164	Lelo Zaneti
3166	Alejandro Rosso
3172	Ramon Ortiz
3178	Patricio Chapa Elizalde "Pato"
3187	Diego Blanco "Chapa"
3191	Felix González
3202	Eric Colón Moleiro
3210	Domingo Guzmán
3214	Heberto Añez
3229	Chapis
3236	Albany Castro
3241	Columba Alfonzo
3246	Sophia MacRae
3249	Carlos Martini
3259	Rafael Greco
3264	Eliazar Yanez
3271	Fred Madison
3273	Anser Olivo
3281	José Aroyo
2460	Felipe Duque
3267	Shawn Michaels
3278	José Vizcaíno
3284	Ragatek MC
3286	José Rafael "Cucaracha" Gómez
3302	Pedro Vásquez
3316	Manuel Moráis
12364	Intensity Gornés
3327	Endel "El de Choroní"
3334	Pascual Reyes Llanas
3339	Héctor Bessón
3347	Marcelo Rivas
3354	Jesús Sanoja
3360	Eduardo Cabrera
3364	Freddy Hung "Chino"
3369	Francisco Villanueva
3379	Gilberto Simoza
3380	Alba Quintanilla
3386	Héctor Stagno
3392	Tito Sulbarán
3399	Yolanda Rojas
3407	César Herrera
3421	Leandro Angarita "Lio"
3423	Juan Mungia
3432	Daniel Verdi
645	Carlos Eduardo Troconis "Cayayo"
3451	Carlos Briceño
3454	Luar Alem
3458	Eddie Cordero
12365	Inés De Andrade
3473	Luis Sosa
3477	Antonio Jauregui
3485	Carlos Julio Medina "Tony Armas"
4873	Freddy López
38	Petrus
4903	Jesús Ugaz
4911	Paola del Río
4917	César Díaz
2029	Rodolfo "Pocho" Serra
3289	Freddy Marshall
3291	Julio Andrade
3297	Felipe Montemayor
3304	Miguel A. Yamin
3312	C. Mil Anos
3317	José Ramoncini
3326	Aymara Padrón
3332	Luis "Luca" Ortega
12366	Isaac Bonyuet
3344	Orlando "Mangan" Martínez
3346	Frank Quintero
3355	Andreína García
3358	Andrés Segado
3362	Alejandro Castro "Aleco"
3372	Julieta Carbonell
3376	Jorge Montenegro
3381	Alexis Romero
3391	Melvin Portillo
3395	Maelis Yermaya
3401	Oscar Rojas
3408	Rafael Gómez
3408	Rafael Gomez
3415	Frank Di Polo
3418	Miguel Ángel de Donato
3425	Katerine Arocha
3430	Ottoniel Poveda
3434	Nicky Scarola
3441	Julio Hung
3457	Manuel Alayeto
3459	Luis Martinez
3466	Luis Julio Toro
3470	Edison Lizardo "El Topo"
3479	Giancarlo Pontrandolfo Odoardi
3486	Camilo Castaldi
4872	José Peralta
4876	Miguel Herrera
4880	Chuck Berry
93	Paul Mc Cartney
4897	A Todo Tren
4900	Hiram Garzaro
4905	Elio López
4912	Rafael Naranjo
4920	The Breed
5731	Audinamyc
3285	Rogelio Gutiérrez
12367	Issa
3301	Wilfredo Rivero "Wil Punk"
3303	Juan José Verde
3318	Emiliano Bruguera
3323	María Gracia Iglesias
12368	J. Juo Bran
3342	Jesús Arreaza "Flero"
3348	Miguel Ferrer
3353	Carlos "Turbo" G
3356	Rolando Briceño
3363	Oscar Cartagena "DJ Ortokore"
3373	Alejandro Carrizales
3374	Leo Alvarez
3382	by Jesús Jiménez
3387	Camila Garmendia
3397	Nicolai Sarpe
3402	Rafael Alvarez "Chesi"
3405	Edgar Jiménez
3411	Sebastián Araujo "Sebas"
3420	Roberto Ortega
3422	Rigel Michelena
3429	Laiza Aponte
3439	Micki Tedeschi
3443	Francisco "Chicho" Tedesco
3450	Roberto Fuentes
3455	Luis Burke
3463	Luis Couto "El Portu"
3468	Gabriel Vivas
3472	Aixa Soto
3481	Salm Vera
3483	Toly Ramirez
4874	Foto Ruido
4874	Fotoruido
4875	Josmar Juárez
4882	Jacinto Parra
4887	Stevie Wonder
4889	Ulises Farías
4893	Ray Charles
4902	Héctor Salgueiro
4906	Rafael Querales
120	Chonto Turola
3288	Pepsicola Panamericana
3295	José Miguel "Chemi" Gutiérrez
3300	Dagnel Torres
3308	Anita Alvarez
3313	Limbo
3319	Otto
3321	Gambuche
12369	J.M. De Ferrari
3337	Guillermo Velázques
3341	Marco A. Ramirez
3345	Motora
3351	Fernando Alarcón
3357	Mario Fernández
3365	José Luís Lairet "Gato"
3368	Roberto Jirón
3377	Rubén Pino
3390	Miguel Romero
3396	Eleazar Yánez
2	Alí Agüero
3403	Miguel Carrasco "Chacal"
3409	Gustavo Atilano
12370	J.S
3416	Juan Manuel Rodríguez
3426	Max Alvarez
3428	Gilbert Lugo
3444	Luz Marina Anselmi
3449	Luis Oberto
3456	Frank Cordido
3461	Pedro Tosta
3469	Henry Paul Díaz
3475	Cristian Giannoni Nasco
12371	JC Siniestra
3484	Luis Bigorra
12372	Jackturbo
4890	Harry Nilsson
4901	osé Carmelo Medina
4908	Manuel Sánchez
4909	The Void
4919	Behated Reign
4925	Alexander Pulido
4928	Carlz
4932	Michelle La Cruz
12373	Jacqueline Abadi
3287	Eddie Cisneros
3292	Manuel Peralta
3298	Samuel Flores Pontiles
3305	Paúl Jatem Laguado
3314	José Patiño
3320	Pablo Torres
3322	Alejandro Padrón
12374	James "Jimmy" Kovacks
3336	Guillermo Dominguez
3343	Ignacio Pérez "Nacho"
3349	Efren Jhoel
3352	Dennis Mattey
3361	Javier Avellaneda "Vieja"
3366	Pablo Rodríguez Potts
3370	Daniel Rouleau
3375	Diana Meza
3383	B.B.V
3388	Oscar Vargas
3393	Fernando Valladares
12375	Jaumëtic
3406	Nacho Zavarce
3414	Abraham García Liendo "Cangrejo"
3419	Lusby Alberto Portillo
3424	César López
3431	German Rios
3436	Felix Guerra
3442	Gian Visconti
3447	Maritza
3453	Moisés Szarf
3462	Hilario Godoy
3465	Mickey Tedeschi
3471	Pablo Leandro
3480	Jesús Nuñez
3487	Juan Aristizábal Vásquez "Juanes"
4883	Ronald Lares
4888	Neil Young
4891	Zilah Rojas
4896	Evert Duran
4904	Jean Pier Plana
4914	Rafael Pérez Madrid
4918	Efrain Oscher
4923	Thomas Torres
4931	Robert Chopite
4942	BlackOut
4943	Nicholas Vondrak
4953	Tonio Gregoriani
3290	Pablo Estacio
3294	David González
3299	Paúl Jatem
3307	Chesi
3315	Alfredo Barranco
3325	Daniel Jelinek "Cheky"
3328	Milo Froideval
3333	Miguel "El Mopri" Padrón
3340	Humberto Pérez "Hum"
3350	Héctor Parada
3359	Leo Quintero
3367	Giancarlo Vesce
3371	Juan Francisco Manrique
3378	Jesús Pieters
3385	Carlos Guillén
3389	Luis Cova
3394	Luis Arias
3398	Oswaldo Gámez
3404	Miguel Torres
12376	Jay Hawkins
3417	Jesús Cordero "Yisus"
3427	Alonso Pérez
3433	Ricardo Leal
3435	Stephania Martínez "Teff"
12377	Jhossbert Gonzalez Casique
3448	Armando Mosquera
3460	Alejandro Serna
3467	Paul Silvestre Gillman
3474	Elida León
3476	Jeffry Fischman
3490	Alberto Vergara
3491	Omar Olivero
3488	Konstantin Kliashtornyi
3492	Ricardo Rodríguez Laya
3489	Michelle Pontrandolfo Martín
3493	Nana Cadavieco
3495	Andy De Ganahl
3494	David Moreira
3497	Marcos Pitter
3499	Andrés Rodríguez Laya
2527	Christián Monaga
3500	Andrés Barrios
3507	Yorman Méndez
3512	Jenny Anzola
4885	Gonzalo Pulido
4892	Rick Derringer
4895	Kim Fowley
4899	Adan Gonzales
4907	Pucho Orozco
4910	Hernán Matute
4915	Yldemaro Villavicencio
4921	I See The End
4927	Nilz
4936	Pedro Padrón
4938	Rafael Mattey
12378	Jo Jetten
4955	Blood Work
4962	Jean C. Colina
4966	Eduardo "Kike" Cabanzo
4975	Alejandro García
4978	Antonio Benítez
4978	Antonio Benitez
4982	José Aranguren
4987	Angel Boscan
4992	Fernando Colmenares
4995	Arnold Lancelot
5010	Alex Endo
5015	Humberto González
5021	Fernando Bruguera
5025	Jerry Maneiro
5028	Alberto Barrios
5030	Manuel Millán
5037	10-D2
5039	Seth Horan
5057	Los Callejeros
5064	Ciro Cella
5069	Kelvin Dos Santos
5073	José Arévalo
5086	Alejandro Lamas
5090	Abraxas Leon
5090	Abraxas León
5094	Hernán Carabaño
5101	Edgar Naranjo
5107	Miguel "Miki" Bermúdez
3510	Marisela Leal
3516	Rosalba León
4913	Ernesto Laya
4916	Under the Bridge
4922	Víctor Marval
4929	Alz
4941	Marco Vaccari
4947	Jesús Rafael Figueredo Barreto
4952	Héctor Querales
4957	Edgardo Rojas
4959	Grindsound Recordings
4969	Emanuel Muñoz
4973	Gabriel Rosales
4977	Elias Tona
4983	Aldrey
4986	Ari Silva
4994	Rafael Bolívar
4999	Christian Vizcaíno
5001	Aldrey, Guaglianone
5009	John Rodríguez
5013	Adolfo Gómez
5018	Jerry Fuller
5024	Alejandro Torres
3575	Rodrigo Nuñez
5032	Daniel De Abreu
5041	Juan Carlos Salas
5051	Danilo Torres
5056	Denis Legón
5058	Mad Box
5063	Rubén García
5068	Luis Bermúdez
5072	Félix Gil
5078	Alfredo Churión
5089	Luis Assing
5098	Stanislao Marino
5102	Luis Suárez
5108	Rafael Ramírez
5112	Justo Morao
5117	Daniel Espinoza
5121	Juancho Herrera
5137	Andrés Mazzei
674	Domingo Plagliuca
3501	Juan Carlos Martín
3508	Mauricio Barroeta
3513	Jorge Del Pino
4924	Victor "Kasiax" Bermudez
4930	Billy Se Fue
4933	Erza Arcia
4945	J.C. Arévalo
4956	Slayer cover
4963	Enrique Alvarez
4965	Iván Akirov
4972	Alvaro Torrens
4984	Sebastian Flores
4988	Maikel Linares
4990	Luis Cardenas
5005	Bronce
5038	Cabaret
5042	Alejandro Juzgado
5054	Tomás Vásquez
5070	Jesús David Nieto
5074	Hender Contreras
5081	Eduardo Serrano
5092	Francisco Meza
5097	Sheideguer Silva
5099	Jesús Rodríguez
5104	Luis Musto
5114	Heriberto Rojas
5119	Iguano C.A.
5123	María Carolina Semprún
5131	Esteban Villegas
5136	Javier Limonchy
5141	César Muñoz Personal
5146	Claudio Baruzzi
5148	Miami Philharmonic Orchestra
5151	Stevens Juárez
5157	Corck
5160	Carlos J. Díaz
1160	Ivan Higa
5178	César Prieto
3503	Eduardo Nieto
3506	Alexander Linalli
3514	Eric Balue
4926	Jarz
4935	Ernesto Rosa
4937	Yhonny Gil
4951	Alejandro Del Pozo Tovar
4961	Daniel Herrera
2287	Tomas García
4970	Félix Siso
5007	Leo Guaglianone
5012	Alejandro Da Costa
5029	Augusto Cavazzini
5036	Ismael Sauce
5040	Bibey
5047	David Inciarte
5052	Juan Fernández
5061	Gerardo Becerra
5067	Jean Carlo Chacón
5077	Jackson Nieto
5085	Rubén Villegas
5088	Luis Borges
5093	Héctor Nieto
5100	Leandro Perez
5100	Leandro Pérez
5106	Orlando Barranco
5115	Michael Berti
5122	Goyo Reyna
5132	Aniel Martínez
5133	Carlos Gil Camarinha
5139	César "Loloice" Mila
5145	Osheye Rebolledo Piñero
5147	Dixón González
5152	Elvis Monges
5155	Chuchuguaza Style
5159	Lerroy
5175	Odnam's Corporation
5179	Los Tulipitos #6
5184	Daniel Reyes
5192	Makenzy
2383	Manel Muñoz
3504	Alberto Beneddi
3511	Andrés Carrasquero
4939	Georgi Rebuha
4946	Ramón Pita
4948	Edgar Pinto
4954	Marcos Mejía
4960	Miguel de Donato
4960	Miguel De Donato
4967	Daniel Rondón
5128	Yein González
4979	Arturo Reyes
4981	Henry Mora
4989	Gustavo Bolívar
4993	Andrés Salazar
4996	Carolina Barceló
5000	Rasbel Castellano
5008	Peter Cernik
1862	Luis García
5023	José Pablo Alvarez
5027	Miguel Carvajal
5031	C. Rodríguez
5033	Eric Eldenius
5045	Jorge Fernández Claudio Leoni
5049	Juan Niño
5053	Carlos Romero
5059	Rubén Vásquez
5062	Dwight D. Roldán
5075	Javier Villamizar
5079	Frank Polo
5084	José Hernández
5087	Manuel Páez
5095	Silfredo Echezuría
5105	Luis Felipe Navarro
5110	César Muñoz
5124	Simoney Romero
5135	Samuel Rodríguez
5142	Jonathan Bellomo Paredes
5144	Mattia Medina Grespan
5150	Cumaco
5153	José Alvarado
5158	Danny Casas
3505	Jesús Mariño
3509	Martha Estrada
3515	Gerardo Chacón
3518	William Troconis
3517	Alexander Livinalli
3519	José "Cholo" Ortiz
3520	Luis Tomas García
3521	Jorge Arias
3522	Carlos Zambrano
3524	Edgar Macías
3523	Oscar "El Negro" Maggi
3525	Pedro López
3526	Victor Cuica
3527	Junior Romero
3529	Federico Pacanins
3532	Robert Obeso
3531	Miguel Blasco
3533	Luciano Luisi
3530	Mark Friedman
3534	Sergio Marín
3536	Roy Tabares
3535	Gae Diodato
3537	Giancarlo Ippolito
3538	Dan van der Elskenat
3539	Victor Moreno
3542	Antonieta Mastropaolo
485	Kiko Núñez
3541	JC 'Bulu 'Violaria
12379	Joan Manuel Serrat
3547	Laura Alonso
3550	Francisco Salazar
3549	Filiberto Núñez
3548	Evelyn Biggott
19	Gustavo Carusi
3552	Lisandro Castro
3553	E. Marcano
3554	Carolina Alanis
3555	Gustavo González
3556	Paul Stein
3557	Frank Vincent
3558	Alejandro Pérez Rodríguez
3559	Juan Arevalo
773	Tony Maestreacci
325	Jorge Chapellín
447	Carlos Shudeck
3560	Vianet García
3570	Nil Nicolau
3582	Andreína Casanova
3586	Boris Jticov
3594	Hernán Montalbán
3595	Felipe Malagón
3603	Doris Eugenio
3609	Patricio Díaz
3615	Zarik Medina
3621	Lewis Escalona
3630	Laret Andres
4968	Boogieman's Curda
4971	Jhean Daza
1717	Lilí Ortíz
4980	Braulio Polanco
4985	Agustín Zubillaga
4991	José Díaz
5003	Juan Magrini
5006	Miguel Guaglianone
5011	Rey Magrini
5016	Los Jazzet
8288	Luciano Steconi
671	Bernardo Rízquez
5026	Gregory Antonelli
5043	Phantomvox
5050	Jorge Pineda
5055	Esteban Demián
5065	aniero Palm
5071	José García
5071	José Garcia
5076	Caña Loca
5080	Vicente Vergara
5083	Oscar López
12380	Jondix
5096	Héctor González
5103	José Uribe
791	Mervin Mejías
788	Ivan Rodríguez
788	Iván Rodríguez
1460	Antonio Casas G.
5125	Guaco
5130	Roberto García
1185	Jesús Morales
5013	Adolfo Gómez P.
3562	Inocente Carreño
3569	Sigfrido Chiva
3573	Luis Freitas "Luigi"
3580	Ricardo Adrianza
3587	Francisco Molo
3593	Nelson Morillo
3599	Ysidro Sore
3605	Gonzalo Teppa
3611	Charles Alexander "Carlos Quintero"
3614	Elio Fernández
3623	La Yesca Armada
3627	MC Zamaga
3635	Dgeral
5116	Nicola Di Zio
5120	Alvaro Mirabal
5126	Leonardo Castillo
5127	Karin Lemke
5134	Alí Chiquito
5140	Christian Olea
5149	Jorge Luis Chacín
5149	Jorge Luís Chacín
5154	Dwight Rodríguez
5162	English Version
5164	Joel Patiño
1232	Eugenio Marrufo
5174	Jesús Cobos
1590	Carlos Luis Marrero
5199	Mia
5207	Francisco Rosales
5211	Magu
5211	Magú
5223	AMP
5231	Carlos Narváez
5240	Sciortino
5246	Leonel Romero
1840	Pablo Fernandes
5255	Bryan Millán
5261	Joel Uriola
5267	Edgar Quijada
5270	Lennin
5275	Litz
2283	Ted Jesen
5289	Kayito
5298	Federico Landaeta
3568	Carmelo Russo
3574	Ricardo Carvajal
3578	Federico Lamberti
3583	Carlos Urbaneja
3591	Eleazar Arias
3597	Maricruz Quintero
3604	Joel Martínez
3612	Alejandro Pérez Hernandez
3624	Juan Lizardo
3628	Fernando Garmendia
3632	Carla Molina
5138	Rafael Juárez
5165	Ram
5165	RAM
5176	Gerardo Silva
5180	Manu Meyna
5185	Joseph Sun
5194	Isabella Granger
5196	Kev
5205	Duayne Somaroo
3225	Humberto E. Lizardo "Ike"
5216	Leo Tani
5222	José Alexis Mesa
5226	Renny Vargas
5233	Michael Font
5237	Argenis Camargo
5241	Tanyluz
5249	Juan Manuel Ponce
5257	David Guti
5262	Silvana Pérez
5264	RussoMan
5273	Central De Música Guarisley
234	Onechot
5278	Juan Carlos Alamo
5281	Enrique Mogollón
4042	Alberto Barnett
5287	en busca de libertad
5297	Yair Ortiz Trujillo
5300	David Abbink
5314	Mario Prati
5319	Andrea Santiago
5324	Rolando Mora
6241	Mario Alfonso B
6241	Mario Alfonzo
2383	Manuel Muñoz
3566	Charles Sweeps
3572	Christian Núñez
3577	José Antonio Araque
3588	Rony Belo
3590	Miguel Sore
3596	Alvaro González
3601	Zenaida Riera
3610	Pyscho
3617	Carlos Quintero
3619	Juan Santana
3625	Rómulo Paiva
2302	Gabriel Stasio
5143	Ricardo Del Pozo
5156	Jeison Marchan
5163	José M. Pacheco
1159	Julian Camacho
5177	Pregonero
5182	Daniel Sun
5187	Pedro Sun
5191	Andrea Benitez
5195	Félix Molina
2352	Giovanni Tratardi
5204	Geovanny Morillo
5215	Eduardo Blanco
5224	Creatium
5227	Anyi Jimenéz
5230	Tony Sciortino
5235	Berni Anzola
5245	Covervinilo
3469	Henry Paúl Díaz
5256	Indie
5259	L.A. Hurt
5271	Andrea Small
5277	Alejandro Vázquez
5283	Edwin Corona
5295	Alejandra Márquez
5304	Paulo Xisto Pinto Jr.
5308	Alonso Milano
5311	Enrique Rincón C.
12381	Joyce
12382	Julia "July" Mendoza
1370	Carlos "Morocho" Fernández
2155	Carlos Crinigan (Dj Metra)
3571	Cristian Ubiergo
3579	José Gabriel Baptista
3584	Gonzalo Zubillaga
3589	Hector Palma
3598	Juan Mario Rubiano
3602	Reynaldo Morales
3607	Anabella
3616	Iñigo Ayala
3620	Jesús Ugas
3626	Eduardo Soto
3633	Patricia Anuel
5161	Abner López
5166	Edghar Rodríguez
5188	Alexander Sánchez
5193	Cinema Sun
1848	William "Magu" Guzmán
5213	Carlos Sojo
5243	Miami Tapes
5250	David Mondragón
5260	Psyco
5269	José Alfonso Quiñones
5282	Aranye Expasión Visual
3299	Paul Jatem
5286	Cuatromundos
5293	Carlos Joa
5299	Alejandro Londoño Montoya
5305	Gerrit Bervoets
5306	Juan Manuel De Ferrari Montoya
5312	Giovanni Prati
124	Alfredo De Yavorsky
5330	William Alvarado
5340	Damper
5345	Juan Vivas
5349	Valentina Moreno
5354	Francisco Pérez
5365	Daniel Salazar
124	Alfredo Deyavorsky
8282	Giulio Remersario
2449	David Alfarro
2583	Santiago Avendaño
2740	Jorge "Jordi" De La Vega
8636	Lalo Noriega
3565	Cesar Roldán Jr
3575	Rodrigo Núñez
3581	Javier González
3585	Jorge Núñez
3600	Santiago Niño
3606	Fanny Barrios
3608	Rubén Márquez
3613	Osmín Rojas
3622	Nelson Arrieta
3629	Henry Ramos
3631	Simón "Calma" Williams
5186	Ellud Farías Peñuela
720	Licar Vasquez
5202	Carlos Montenegro "Carl Martin"
5203	Juan Estrada
5214	Heraclio Atencio
5217	Rodrigo Díaz
5221	Chonto Music
5228	Nerio Borges
5232	Andrés Vega
5232	Andres Vega
5239	Alfredo Ulloa
5244	Leo Castillo
5247	Hendrik Irausquin
5258	Chichí Benítez
5268	C.M. Guarisley
5290	Eduardo Mogollón
5296	Gabriela Crinigan
5303	Jerry Vergara Cevallos
5310	Darrell Laclé
5316	Eduardo Montero
2025	Víctor López
5335	Harry Ramos
5346	Pedro Perdomo
5350	José Pérez Berreiro "Peque"
5358	Sergio Santana
5369	Jesús Ramos
5377	Interlude
5381	Bermúdez
5395	Desmoterion
5400	Noel Lander
1590	Carlos Marreo
1672	Luís "Golding" Barrios
2713	Pablo Martinez
12383	Julia Irisarri
3639	John Scrip
3642	Víctor García
3641	Meliton Torres
3640	Enrique Cote
3644	Daniel Luces
1029	Alvaro Benavides
3645	Miguel Corales
3646	Francisco Ynciarte
3647	Angel Inciarte
3648	Robert Fuenmayor
5833	Tito Iglesias
3650	Bertrand Cape
3651	Luis Leonardo López
3652	Rafael Peñalver
3654	Neomar Sánchez
3655	Leo Márquez
3656	Eddi González
3658	Elena Prieto
8610	Robert Vilera
3659	Marcos Chacón
3660	J. A. Pérez
3661	Giovanni Ramírez
3662	Victor Villalba
3663	Van Walter
3664	Xioxoix González
3665	Radames Marín
2639	Felipe Gruber
3666	Price
3667	Alexis Velásquez
3668	Alcides Monroy
3665	Radamés Marín
3669	Henry Velásquez
2822	Leonardo Pico
3670	Juan Carlos Pérez Ozaeta
3671	Edwin Canchica
3672	Eduardo Osorio
12385	Juvenal Branger
3674	Croj
5309	Ricardo "Pot" Prati
8350	John Phillips
3677	Alejandro Lucena
12102	The Platers
3686	Yuraima Herrera
3691	Willie Mendoza
2868	Armando Veitia
3708	Hannibal Maldonado
3715	Iguana
3719	Richard Romero
3723	Irving Blanco
461	Roldán Peña
306	Masa
3740	Amada Granado
3747	Robert Mogollon
3755	Play
3760	Dalia Ferreira
3768	Samuel Sánchez
12386	K.K. Downing
3780	Emmanuel Acurero
3788	Johnny Hallyday
3796	Sandy Izaguirre
3802	Pablo Díaz "Ivo"
3810	Control X - Gilberto Lazo
2903	Laboratorio Sudak
3823	Gabriel González
3828	R. Rada
3839	Frankie Neal
3845	Luis Arismendi
3848	Fonográfica Del Zulia
3853	Matias Beyer
3858	Yude Ruiz
12387	KCO
3879	RCB
3888	Samantha
3890	Anidesonido
3890	AnideSonido
3890	Anide Sonido
3916	Fabian Ross
3917	Lorien
3925	Hany Khawan
3932	Guillermo Pérez
3934	Alejandro "Nene" Pérez
12388	Kraus
844	Andres "Patolin" Acosta
3679	Gustavo Montaño
3690	Alejandro Sepúlveda
3694	Rafael Murga
3700	Eduardo Cárdenas
3703	Los Oceánicos
3709	Bernardo Borrat
3711	Tony Mardini
3718	María Virginia Salinas
3724	Julio Blanco
3726	Ronald Calderón
3902	Manuel Torcat
3741	Gustavo Alarcón
667	Oswaldo Rodriguez
3757	Thamara Bryson
3759	Agustín Lara
3765	Yátu
3767	Abraham Gustin
3773	Edgard Marcano
3777	Gilberto Lazo
3782	Kenmanuel Araujo
3792	Ronald Hobaica
3797	Esteban Ruíz
3806	Mauro Pérez
3808	Carlos del Valle
3814	Hendrickson Gutierrez
3820	Jhorman Tellechea
3825	Edgar Vivas
3831	Roberto Bush
3833	Nino Parisi
3840	Carlo Pinto
980	Omar Padauy
3851	Alvaro Villalobos
3859	Yessica Vera
3865	Rafael Mesa
3869	Claudio Michelli
3875	José "Chego" Cabrices
3882	González
2768	Raul Agraz
3891	Carmen Landa
3896	Luisa García
3680	Chucho
3681	Ruper Vásquez
3682	Olbin Burgos
3684	Miguel Angel Alonso
3685	Javier Hernández
942	Osheyë Rebolledo
3687	Fernando Damas
3688	Robert Nesta Marley
3689	Kleyver Requena
3692	Gustavo Barrios
3695	Oscar Valencia
3693	Fabio Valery
3696	Moraes
3698	Alejandro Saume
3699	Gustavo Acevedo
3701	Manuel Albaya
3702	Ashley Cordero
3705	Javier Gutiérrez
3706	Marisol Gutiérrez
3707	Oliver Krisch
3710	Pedro Changa
12390	L. Degl'Innocenti
3713	Robin Morán
3714	de Oliveira
3716	Scott Canto
3383	B.B.V.
1993	Gilberto Ramírez
3717	Valentino Thompson
3721	Tito Prado
3725	Bélica
3727	Avi Dadidovits
3728	Elys Rendón
3729	Oscar Urrutia
3731	Gustavo Borrero
939	Jesús Jimenéz
3732	Antonio Mazzei
3733	Omau
3738	Leonardo Medina
3739	Oswaldo Marcano
3742	Enrique Gal
3744	Lounge Mix
3746	Richard Pacheco "Copash"
3750	Fernando Cáceres
3758	Company
3769	David Dávila
3775	Gian Piero Gigante
3783	Héctor Machado
3785	Nelson González
3794	Gustavo Casa
3804	Mario Siperman
3809	Andrés
6728	Sokrates Papadopolus
3830	César Rodríguez
3830	César Rodriguez
3834	Carlos Caminos
3837	Saro Puccia
3841	Ricardo Alcalá
3852	Gabriel García
3866	Nahuel Sosa
3870	Daniel Camous
3874	Aníbal Murillo
3893	Lorena Sulbaran
3898	F.C.A. Fotografía Creativa - Carlos Gawronsky
3899	Irma Rodríguez
3910	Jesús Bordell
3913	De Sousa
3922	Vicente Freijero
3924	Bill Day
3938	Víctor Morón
3943	Rubén Soto
3948	Mike Gray
3954	Leonardo Borjas
3959	Renzo Lucena
3964	Camilo Velandia
3968	Luis Fraino
3745	Version Bélica
3749	Reinaldo Rangel
3763	Alberto Flamini
3781	Gonzalo Micó
3786	Héctor Rufino
3795	Guillermo Bermudez
3798	Luis Sisino
2866	Alexis Hernández
3807	Héctor Cantor
2581	Sebastián de Sousa
3813	Freddy Dugarte
3838	Luis Betancourt
3843	Francesco De Cristofaro
3850	Johan Escalona
3856	Carmelo Medina
3857	Yesenia Flores
3864	Sono 2000
3873	Julibeth Sosa
3876	Lucy Rodríguez
3885	Marcos Afanador
3889	Genevieve Planchart
3894	Intersonido
3909	Juan Carlos Bordell
3912	Corrado Cathisuv
3926	Luis Gerardo Tovar
3929	Maiah
3940	Dionisio Díaz
3944	Caroline Pizzinato
12391	L. Romero "La Luz"
3953	Allan Duseland
3957	Rafael Pannacci
3963	Romina Guzmán
3970	Jean Paul Arcay
3973	Live Session
3992	Franklin Salavarría
4000	Alexis Mattey
4006	Fernando Sanabria
711	Dave Mcnair
4010	(Electric Freak Designs)
4014	S.Robinson
4019	Yasmil Marrufo
4034	Carlos Luis Sanchez Becerra
3748	David Nez
3753	Meg
3762	Trevor Corniliac
3764	D.R.
3764	D.R
3770	Dennys Ranamax
3774	Eduardo Malavé "Edu"
3778	Fernando Villasmíl
3778	Fernando Villasmil
3787	Carlos Arturo
3793	Raziel Rodriguez
3793	Raziel Rodríguez
3800	Germán Gigante
3805	Enrique Piñero
3811	Ringómes
3816	Mirelys Dugarte
3821	Jean Sanchez
3821	Jean Sánchez
3824	Ronny Borges
3827	Wladimir Rancho
12392	La Factoría Creativa
3836	Ignacio Rodón
3846	Juan Carlos Viloria
3861	Arturo Banus
3863	Alberto Brito
3871	Ramón Valery
3877	Sincrosonido
3881	William Sigismondi
3895	Juan Sara
3901	Tino Carrasco
3905	Jorge Flores
3914	Mario Alfonzo Bravo
3918	Mario Sellés
3927	Antonio Moratilla
3930	Daniel Lagoa
3937	Keyen López
3974	Dead-Mix
3977	Leonardo Lovera
1864	Keith Karabell
12393	La Riva
3997	Gerardo Torrez
3617	Iván Marcano Carlos "Nené" Quintero
3761	Andrés Manner
3766	Euro Zambrano
3772	Jorge Viera
3776	George Harrison
963	Diego Alvarez
3779	Kevin Lovera
3784	Diego Marin
3791	Cristhopher León
3803	El Loto Azul
3812	Jorge Espinoza
2550	Daniel Sánchez
3817	Los Ultimos Indocumentados
3822	Jo Semi
3829	José Baptista
3842	Richard Goitía
3849	Louis Pola
3855	Yngrid Alvarez
3860	Bárbara Baldirio
3868	José Antonio Bordell
3878	Reinaldo Bordones
3883	J. A. Jiménez
3887	Geraldine
3892	Roldán Peña Luis Oliver
3897	Juan P. Di Polo
3900	Franco Castellani
3907	Eduardo Martínez
3915	Fernando Fernández
3923	Musigrama
1247	Jean Carlo de Oliveira
3939	Stefan Gosewinkel
3947	Jorge Victoria
3958	Iván Toledo
3960	Eliécer Rodríguez
3967	Brian Milán
3984	Marco Velazco
3993	Big Bass Brian
3995	Carlos Saavedra
4001	David Segura
4005	José Barrios
4007	Genaro Di Luca
3903	Anthony Rondón
3908	Eric Doren V.
3911	Jonás Goméz
3921	Jorge Fariñas
3928	Juan Miguel Cobos
3931	Pedro Guevara
3936	Romiman A-K Center Feel "Roming Calderon"
3941	Marcos Marrero
3949	Se Encienden Fuera
3952	Luis Accorsi
3980	Mango Funk
3989	Cristopher Salvatierra
382	Eduardo Lopez
4002	Matía Medina
4004	R. Miguel Ramírez
4016	Audiomatrices
4016	Audio Matrices
4031	Lorenzo
4033	Juan Pablo Núñez
4040	Edgar Aponte
4045	North London Bomb Factory
4048	Jaime Chang
1101	Eduardo Laréz
5198	RCA (aka) Nutria
153	Oswaldo de la Rosa
5206	Andrea Figueira
5209	Orlando Poleo
5212	Carlos Suárez
5219	Rodrigo Díaz Siso
5220	El Sotano De Luisle
5229	Contraluz
5242	Manuel De Oliveira
5254	Tony Véngala
5263	Luis Miguel Emmanuelli
3674	Croj (Chiqui Rojas)
3942	María Rosario Paolini
3946	Telearte
3956	Erick García
3965	Oriana Urdaneta
3969	Leonardo Bracho
3972	María Teresa Chacín
3975	Jorge Toledo Kohury
3983	Luis Palencia
3996	Máquina Animal
3999	Ciro Belandría
4003	Leo Rodríguez
4003	Leo Rodriguez
4011	Willy Reyes
4028	Pablo Milanés
4028	Pablo Milanes
4039	Daniel Husayn
4043	Sean Cooper
4052	Nicolas Boada
4052	Nicolás Boada
4054	Raúl "Zack" López
1631	Víctor Mortes
5266	Javier Marín
5272	Cotur
5276	Gabilonia
5291	Daniel Romero
5294	Alfonso Romero
5307	Rafael "Tato" Monsalve
5313	Mario Labarca
5317	Anna Fennel
5318	Ei2
12394	La Superagencia
5329	Javier Alarcón
5333	Jesús Rojas
5338	Carlos Pineda
5344	Arturo Alvarado
5360	Alex Navarro
5364	Andrés Espinoza
5366	Aldemaro Rodríguez
3971	Freddy Piñero Jr.
3976	Alessandro Marauda
3979	Asdrúbal Pinto
3985	Rick Delgado for RDH Design
3988	Sixto Nolasco
774	Reynaldo Goitia (Boston Rex)
4008	Diego Maldonado
4049	Rigel Garce
4057	Domingo Hernández
5301	Benoit Martiny
5309	Ricardo Prati
5315	Michele Tomasicchio
5327	Frank Vielma
5331	Richard Dávila
5337	Juan Carlos Marín
5348	Cindy Catoni
5371	Carlos Zerpa
5379	Raúl Trejo
5386	Iván Larraguibel
5392	Christian Pérez
5398	Felix Capote
5407	Después de Vieja - El Chacal
1652	Nelson Hernández
1652	Nelsón Hernández
5416	Christian Arana
5422	Alejandro Calzadilla
5428	Tony Galo
5430	Leonardo Alzuru
5436	Aniello Castillo
5447	Luis E. Márquez
5452	Antonio Silva
5456	Manuel Hernández
5466	Anne Lanzilotti
5470	Francisco Piñero
5476	Moira Chalbaud
5477	Randolph Latuff
5482	Anaximenes Vera
5481	Edddy Castro
3998	Alejandro Briceño
4017	Gustavo Dao
4024	Alejandro Lerner
4027	César Pueyrredon
4032	Pineda
682	Luís Alvarado
4036	Belisario Carrullo
4038	Martín Fuenmayor
4041	EQStudio
4044	Christophe Szpazjdel
4046	Elio Torres
4050	Manuel Aumaitre
4056	Pedro Capón
5320	Mirna Chacín
5321	Aníbal Avendaño
5325	Luis Sánchez
5334	Juan José Villegas
5336	Daniel Méndez
5343	Angel Moreno
5352	Francisco García
5356	Ricardo de Pinho
10109	Juan Carlos Claderón
5363	Esperanza Inciarte
5367	Cada Vez
5372	Sairio Peña
5375	Raymond Art
5380	Cadaver Graphics
5387	La Bruja Suárez
5409	José Dovo
5424	Leonardo Rodríguez Sánchez
5427	Francisco Camacho
1498	Victor Rondón
5435	Eloy Tovar
5438	Eligo Alvarez
5443	POB
5455	Miguel Angel Moline
5458	Nick Storr
5464	Tobias Jansson
5472	Leonor Falcon
4013	Félix Hoffmann Dorner
4015	Metempsicosis
4025	Ric Poulin
4026	Edgar Alexander
5326	Wismer Alarcón
5339	Mervin Vivas
5341	Pedro Luis Blanco
5347	Mauro Toledo
5351	Simón Urbina
5353	Michael Acosta
5362	Adriana Millan
1556	Héctor "Tito" Ferro
5390	Luis Ramirez
5390	Luis Ramírez
483	José Luis "Caplis" Chacin
5402	Alejandra Parra
5406	Después de Vieja
5415	David Soteldo
5419	Abigail Romero Ramírez
5425	Juan Carlos Rondón
2632	Víctor Villanueva
5433	Jesús Garcia
5440	Gustavo Moncada
5442	Fernando Del Pozo Tovar
5450	Alfredo Ovalles
5457	Anechoic Chamber String Quartet
5465	Echoes
5469	Ola Sonmark
5486	A. Abril
5489	Pepe Martínez
5494	Eugenia González
5495	Rogelio Leacock
5497	Giuseppe Cazzago
5499	Andrés Salaverria
5503	Luis Roche Jr.
4034	Carlos Luis Sánchez Becerra
1654	Heberto Áñez Novoa
4042	Alberto Barnet
4047	José Quintero
4051	Arturo Altuve
4053	Thomas Sánchez
4060	Caterina Nastassi
4063	Ibelís Garzón
4066	Yves Roussel
4067	Kathleen Reitich
4068	Ricar-2
3198	Víctor González
4069	Mikel Iceta
4070	Némesis II
4071	Manuel Guinand
4072	Caterwu Sounds
4073	Karen Vanessa Pita
4075	Ysmael Rodríguez
4074	Caribay Saavedra
4076	Carlos Meléndez
12396	Labi Siffre
4079	Marco del Cazzo
12398	Landaeta
4080	Sabrina Capón
4082	Theorino Michelena
4083	Ian Puccia
4084	Cristán Teppa
4086	Juan Lazos
4085	Simeón Paredes
4087	Yohaisi
4088	Paul
4954	Markos Mejías
4090	Gillman
1253	Jorge De Las Salas
4092	Material de Desecho
4094	Jacques Mottet
4096	Samuel Quiros
4095	Carlos Ramos
2954	Eulalio Toledo
4097	Paul Eliott
4104	Vside
4112	Armando Castellanos
4113	Rubén Rivas
4129	José Antonio Oviedo
1856	(Giordano Di Marzo)
4147	Perales
4160	Luigi Di Nuzzo
4164	Gabriel Chaparro
4171	Gerardo Urriera
4200	Miguel Antelo
1856	Giordano Di Marzo
4237	Gustavo Silva
4240	Tarot
4244	Javier Espinoza
4255	Fran Beaufrand
4261	Jesús Sánchez
4268	Antonio Romero
4281	Simoney
4282	Rafael Dagnesses
4287	Vanessa Parr
4291	Millenium
4304	Adriana Tatsis
4306	Erick J. Díaz
4311	Daniel Mijares/nPi
4323	Virgilio López
4335	Samir Aued Scott
4344	Corevanandesca
4348	Magdalena Fernández
4352	Mark Burwick
4356	Javier García López
4361	Kenne Hernández
4375	Luis Daniel Tosta
4380	Alejandro Pinto
4096	Samuel Quirós
4114	Dr. Dos Malandros
4119	Bitsessions
4126	Vanessa Guerrero
4143	Masterpress
4146	Arianí Pinto
4150	Luis "Tato" Rivas
8286	Manuel Freyre
4165	Mario Latouche
4168	Oscar Aldrey
4172	Guiomar Hernández
4179	Alejandro Florez
4185	Backline
4202	Maryuri Torres
4204	Despecho Nº 2
4206	Mussa
12401	Litto Nebbia
4214	Carlos Márques
4214	Carlos Marques
4214	Carlos Marqués
4226	Rafael Salazar
4227	Orlando Zambrano
4233	Valentina Gamero
4236	Angelo Graffe
4260	Roberto Rincón
4265	Jonathan Casas
4272	Edward Perdomo
4278	One Shot
4283	Eduardo Alonzo
4289	Andrew Alekel
4293	Audioline
4299	Roberto Rojas
4313	George Knive
4318	Angel Vargas
4325	Raúl Riera
4333	Pedro A. Villaroel
2966	Boris Millan
4117	Carlos Baute
4138	Peter Mew
4140	Vicente Corostola
4148	Juan Daniel Perales
4149	Marcel Roo Araya
4153	Leslie Pozo
4176	Eduardo Arias
4178	Asdrúbal Urdaneta
2507	Carlos M. Acosta
4190	Mr. Soul
4198	David Hyam
4203	Luis Alva
4205	Luis Guillermo González
4208	The Stable
4209	Patrizia Manoni
4215	Jesús Martínez
4217	Cañon
4222	Jeanfreddy Gutiérrez
4225	Leonardo Guédez
4234	3er Mundo
4234	3er. Mundo
4247	Vos Véis
4251	Roberto Zambrano
4257	Edward Bradley
4267	The Tiki Room
4271	Radio Version
4271	Radio version
4275	Pedro Juárez
4276	Brett Greenberg
4285	El Enano
4303	Kevin Reagan
4310	J.R. Escalante
4314	María Luisa Díaz
4317	nPi
4337	Gabriel Martínez
4350	Gustavo Lugo
4359	Jazzmania
822	Alfonso Ordóñez
4099	Disc Makers
4106	Niñozeroes
4109	Sabrina Arroba
4130	Sebastián "Sebasplay" Nuñez
4163	Manuel Vílchez
4163	Manuel Vilchez
4170	Jorge "Pepino" González
4173	Lena Stramaglia
4177	José Mautahusen
4181	Freddy Guzmán
6293	Rafael Pirela S.
4188	German Domador
12402	Liu Prato
4194	Guaglianone
4196	Música Expresiva
68	German Landaeta
4211	El Beibi
4216	Eduardo Capuano
4218	Johnny Bastidas
4220	Islander Boza
4224	Carlos Salas
4239	Lalo Hernández
4241	Salvatore Cipriano
4246	Fátima Sulbarán
4250	Mike Boden
4254	José Benenati
4277	Ricardo Viloria
4301	Marcelo Torrez
4316	Daniel Mijares
4322	Castor Milano
4336	Jhonal Guaya
4342	Susana Arwas
4346	Bendito Labs
4353	Max Pezalli
1377	José Riú
4101	ABI Gerencia Gráfica
4124	Beau Graely
4128	Pachi Jiménez
4131	Maximo "Cari Cari"
4135	Alberto Reverón
4139	Yumber Vera
4144	Gonzalo Galavis
4144	Gonzalo Galavís
4152	Alexander Espluga
4156	Fernando Urdaneta "Fercho"
4162	Luis Salas
4174	René Márquez
3501	Juan Carlos Martin
1909	Ricardo Vizcarrrondo
4193	Ronald Bonilla
519	Francisco "Coco" Díaz
4221	César Ramírez
4221	Cesar Ramirez
4229	Bill Wathen
4232	Bob Ohsson
4243	Kris Alfaro
4245	Henry Crescini
4252	Lorenzo Peris
4259	Juan Carlos Bueno
4262	Aeternus Sum
4266	Leon Zervos
4280	Ghian Wright
4286	Cameron Barton
4295	Jared Nugent
4302	Rodrigo Calcagno
4308	Frank Elvis Contreras Varela
4312	Emir Rojas
4320	Alejandro De Oliveira
4324	Palito Ortega
4328	Nancy Aidé
4332	Yordano
4103	Alexander Brau
4105	Charles & Sebas
4110	Alejandro Gadicto
4127	Luis Esparza
4133	Salvador Gozzo
4134	Balbino
4137	Mariela Vargas
4145	Luis Alemán
4159	Nacho Mattey
4161	Antonio Pinto
4169	Daniel Urbina
3549	Filiberto Nuñez
4175	Allen Candela
4184	Gerardo Avendaño
4191	Lemon Pie
4195	Juan Carlos Ayala
4197	B.D. Smith
4212	Alejandro Blanco Uribe
4212	Alejandro Blancouribe
4223	Allan Carnevale
4228	Danny Harrell
4231	My Own Creation
12403	Lobo from London
551	Enrique Gonzalez Müller
4256	Gil González
4270	César Sánchez
4279	LiBeRo lalzZo
4284	Jhonny Rock
4288	Kent Agüero
4296	Grandmaster Recorders
4305	Pedro Rojo Briceño
4309	Leyden Briceño Gallardo
4315	Alejandro De Oliveira/nPi
4321	Rafael Aguilar
4326	Paul Mauriat
2495	Jesús "Chucho" Chinchilla
2129	Orlando Alvarado
4334	José Castro
4340	Manel
4343	Aarón Estraño
4345	PsicoSound
4360	José Luis Mijares
4371	Alejandro Cancines
4374	Para Decir La Verdad
4377	Viraha Shanti
4381	Hindu Chant
4389	Yessika Marquez
4391	Luis Emilio Amaury
4394	Luis Segura
4397	Andrés Rolas
566	Angelo Calanchi
4410	Azamir Soto
4420	El Dojo Mixing Room
4439	Ronny Salcedo
4445	Marcel Inojosa
4452	Valeria Jaimes
4456	Juan Vicente Torrealba
4466	Tomás Aquino Font
4471	Romano Giordanelli
4480	Giancarlo Vettor
4486	Mauricio Tlaxcaltecal
4527	Bryan Gottshall
4530	Andrés Puerta
4563	Alán Chehab
4565	Kerstin Kokocinsky
4571	César Inca
4575	Marcelo Caponi
4582	Kike Gasco
4589	Elías Pérez
4339	José Gregorio Estraño
4354	Antonio Díaz
4363	Juan Coronel
4370	Rafael Llorente (Rafa)
4376	Ignacio Landaez
4384	Ramón Carranza
4396	Carlos Herrera
4400	Alejandro Zambrano
4404	Raily Palma
4409	Jesús Hernández
4433	Javier Ramos
4438	Verónica Piñango
4442	Moisés Díaz
4450	Melvyn Galy
4463	Eduin Andrades
4476	Gregori Sánchez
4481	Ronald Del Aguila
4489	Ysael Zarraga
4494	Daniel Lovece
4503	LiBeRo IalzZo
4506	Gerónimo Peña
4509	Carlos Varela
4511	Julie Hill
4512	Diego Olivero
4513	Eric Aldrey
4516	Antonio Pallarés
4528	Gabriel Vielma
4531	James Brown
4535	Sammy Alzuru
4542	Erik Galindo
4546	Alejandro Pico
4553	Manuel Echezuria
4558	Rufus
4562	Víctor Estrada
4564	Pere Vilardell
4569	Antonio Juan Camacho
4578	José Manuel Iñesta
4580	Rafael D'Acquisto
4585	Mary D'Acquisto
4596	Petrula
4600	Don Felo
2388	Angel De Taramona
2388	Angel de Taramona
4349	Raquel Cisneros
4367	Pedro Colotto
12404	Loly Sierra
4378	Augusto Corrente
4382	Rafael Rodríguez
4386	José Sifontes
4401	Vita Graphics
4407	Angel Piña
4415	Gabriel "Guapito" Ferrer
923	Gerardo Ubieda &
4440	Kenmanuelk Araujo
4446	Ronny Jaimes
4447	Saul Flores
4453	Auyan Tepuy
4459	Eduardo Villalobos
4462	Le Space
4469	Rafael Miranda
4475	Arturo Guarino
4482	Oswaldo Contramaestre
4487	La Casa
4491	Hernán Torres
4495	Torrencial
4499	PAN
4507	Edgar Rodríguez
4519	The Clubhouse
4532	Edgardo Villarroel
4538	Nestor Villasmil
4544	Sebastián Miranda
4544	Sebastian Miranda
4548	Maykol Requena
4551	Miguel Ortega
4556	Marta Segura
4560	José Antonio del Pozo
4566	Laureano Rangel
4570	Felipe Surkán
4355	Juan Andrés Rondón
4369	Cristian Rodríguez
4385	Gerardo Payares
4388	Mirna Rios
4390	Bernardo Milían
4392	Alex Pernas
4395	Alejandro Tortolero
4402	Luis Fernando Nuñez
4411	Alejandro González
4416	Iván Torres Barroyetta
4416	Ivan Torres Barroyetta
4423	Stephanie Aragort
4436	Fernando López
4441	Jesús "Kike" Rodriguez
4449	Katherine Arocha
4455	Tony Alda Alejandro Bautista "Drito"
4461	Grabaciones Acurero
4468	Alexis Bello
4474	Domingo González
4479	Joseph Ortiz
4483	Camila Di Marzo
4488	Luber Mujica
4514	Panacea
4518	Puerta
4523	Paro Cívico
4525	Ricardo Cerrada
4533	Fabio Izarra
4537	Sebastián M. Keloide.net
4541	Roman Bunimov
4547	Mario Mendoza
4552	Gregorio López
4559	Robert Santamaría
4568	Kuto Vásquez
4576	Universidad Símon Bolívar
4581	Augusto Bernard
4586	Lorena Serrano
4364	Felipe Martínez
4368	Miguelangel Ahmad
4372	Aborigen
4372	Aborígen
4379	CyberFido's
4393	Rodrigo García
4406	Jesús Dávila
4408	Oswaldo "Oss" González
4413	Félix Roca
4418	Alexander Vanlawren
2080	Salomon Lerner
4434	Michael Rangel
4437	Anderson García
4444	Valentina Jaimes
4448	Sergio Ramos
4460	Erwin Mendt
4467	Rubén Verde
4472	Rafael Flores
4484	Humberto Ortega
4498	MMDesigns
4501	Selina Fernández-Shaw
4517	Dayan Abad
4529	Eduardo Puerta
4540	Adriana Salinas
4545	Alberto Romero
4554	Emerson Nuñez
2547	Víctor Fiol
4572	Juan José Salas
4579	Parthenon's Rehersal Site
4583	Manuel Suárez
4590	César Augusto Castillo
4598	Emiliano Zuleta
4604	Folklore
4605	Juan Diego Ochoa
4611	Jose Ignacio Calles
4617	Arturo Soto
4624	Backstage
4624	BackStage
4630	Iván Gómez
4383	Larry Jean Louis
4387	Jesús A. Maduro
4405	Alejandro Nava
4412	Aquiles Torres
4417	Luis Osorio
4421	Francesco Spotorno
4435	Andrés Rojas
4443	Miguel Marchán
4451	Nicole Zerpa
4458	Poetas Tercos
4464	Luis Barreto
4470	Genis Miranda
4473	Samir Acosta
4478	José Angel Pernia
4485	Hotel Caracas Palace
4490	Cazalis
4496	Marío Mescoli
4508	Oswaldo Peña
4510	Daniel Saa
4520	Vielma
4524	Néstor Rosales
4534	Alejandro Armao
4536	Alexis Chagua
4543	Danny Alzuru
4550	Claudia Suárez
4555	Carlos Rocco
4557	Julio Pérez
4561	Juan Carlos Ballesta
4567	Nicolás Labropoulos
4573	Tomás Casanova
4587	Gustavo Trias
4592	Steinway Hall
4599	César Balbas
4602	Quirón Agency C.A.
1428	Julio Anídez
4613	Lidian
4615	Laurent Lecuyer
4623	Pig Farm On The Moon
4626	Luis Miguel Sanabria "Vampiro"
4633	André Rodríguez
4635	Donna Ronney
4642	Ariel Rojas
4577	Exagerardo
4588	Emiro Delgado
4591	Lauren Sclafani
4597	Jaime Sabater
4603	Edmlindo Rivero
4606	Valerio do Carmo
4606	Valerio Do Carmo
4614	Ivanov
4618	Rosa María Barrios
4622	Alberta Centeno
4628	Oswaldo Cintrón
4628	Oswaldo Cintron
4636	Angel Delgado
4644	Agugutata
4649	Maily Sequera
4658	Alfombra Roja
4661	Luis Henriquez
4670	Alfredo Romero
4674	Pablo
4680	Rommer Yépez
4688	David Pelosi
38	Ashwave
4704	Gerardo Alquati
4708	Hildemaro Infante
4714	Francisco Maciel
440	Saúl Hernández
4726	Elio Díaz
12406	Luciow
4755	Wilmer Martínez
4757	Angel Hernández
4763	Animal Estelar
4772	Ramón
4778	Nika Bascom
4785	Juan Carlos Ramos
2631	Luis González
1068	PTT Lizardo
4813	Oliver Richardson
4817	Ignacio Garófalo
4818	Los Astrolabios
4822	Manuel Parra
4826	Eduardo Espina
12407	Lugo
12408	M. Helmer
38	Sandrus
12409	M. Mc Enter
4609	Perozzi
4625	Luis Alejandro Díaz "Aleister"
4632	Ricardo Capuz
4640	Juan Antonio Garrido
4651	Rolando Díaz
4660	Lauren Bianchi
4673	Andrés Trujillo
4678	Fabio Martins
4689	Daniel Rey
4696	R. Sandler - Lyrics: N. Zuleta
4699	B. Birtles - Lyrics: G. Visconti
4652	Alejandro Ramírez
4713	Oscar Vásquez
4717	Rui de Freitas
4725	Roberto Carabeo Beyer
4729	Luis Querales
4734	Mark Francis
4735	Emilio Mauri
4741	Richard Iturra
4750	Sting Weiss
4761	Emir Galindez
4769	Sugar
4771	Ramón Méndez
4777	Marcos Hostos
4782	Arian (Felipe Nevado)
4789	José Gregorio Spíndola
4799	Paula SantaCruz
4808	Francisco Frontado
4810	See You Again
4823	Henry Luengo
4828	Francisco R.
4844	Juan Carlos Millán
4847	Maiker Escobar Dj Ché
4852	Adrian Van Woerkom
4626	Luis Miguel Sanabria
3418	Miguel Angel de Donato
4601	Manzi Piana
4607	Leo Med
4612	Javier Marrero
4619	Igor Lara
4620	Michael Bennett
4627	o Demonio
4631	Reinaldo Brando
4638	Stephen Sellier
4641	Arcángel Nicastro
4652	Ale Ramírez
4662	Cuesta Toda La Vida
4676	Ricardo Jardines
4682	Rubén Strauss
4687	Bycas Mediastudio
4692	Ian Vildosola
12410	M. Tedeschi
4709	Marcel Oppliger
4716	Gabriel Carabeo
4718	José Raúl Blanco
4727	Little Lake
4732	Frank Estalleras
4736	Carlos Larez
4740	Manuel Ramil
4744	Pablo Solano
4751	Sara Rodriguez
4751	Sara Rodríguez
4760	Gianni Patino
4764	Celestino Colasacco
4774	Ramón Cedeño Jr.
4788	Deibys Artigas
4792	Carlos Arvelo
4800	Cristhian Zambrano
4814	Rino
4827	Nelson R.
4831	Avalancha
4835	Eckaterina Guerra
4839	Yamila Grioni
4849	Van Woerkom
4853	Juan Carlos Arroyo
12411	Macaco
4782	Arian
4608	Néstor Arguello
4610	Gustavo Gerendas
4616	Gilberto Finol
4621	Elliot Levy
4629	Omar Oses
12412	Maclaudia
4645	Nelson Silva
4646	Jorge Farinha
4653	José Luis Venegas
4665	Henry Loaiza
4666	Pablo Escalona
4675	Jonathan Villanueva
4683	Rhon Márques
4685	Frank Carmona
4690	César Serpa
611	Miguel Angel García Cueto
4698	Miguel A. Cueto
4705	Iván Alquati
4712	Brian Ramírez
4719	Radio Edit
4724	Juan García
4731	Matatigre (Clara Bolívar
4733	Javier Sevilla
4745	Juan Carlos Casañas
992	Gabriel (Pepo) Lamberti
4752	Ysis Vivas
4758	Nelson Miguel Bonilla
4766	Daniel "Kaio" Soto
4776	Henry Loaiza Jr.
4784	Santiago Arango
4793	Felipe Arcuri
4795	Panos Geo
4802	Micky Huijsmans
288	Alexis Lope-Bello
4807	Nino Acosta
4809	José Ferreira
4816	Sebastián Díaz Jesús Jiménez
4821	José David Cheng
4830	David L.
4834	Nelson Crespo
12413	Mad Kick
939	Jesús "Moti" Jiménez
12414	Marennske Reitsma
4650	José Antonio Farinha
4657	Manuel Linares
4668	Pedro Sunyer
4672	Luis Enrique Carbonell
4681	José Medina
4691	Jesús Roldán
4703	Nelson Zuleta
4707	Luis E. González
4715	Juan Carlos Daniel Torres
4721	Mario Carabeo D.
4738	Paul Rincón
4742	Hugo Bistolfi
4749	Ivan Romero
4754	TJ Richardson
4756	Euvic Coronel
4765	Francesco S di Liberti
12415	Mark Pawtowsky
12416	Max Jecklin
4780	Carlos Valenzuela
4783	Jonathan Delgado "Johnny"
4787	Jean Puccia
4791	William Ruiz "Will"
4794	Joad Manuel Jiménez
4797	Maria Trejo
4804	Luis Vera
4811	Musica Virtual
4829	Luis Enrique D.
4840	Azotea
4857	Herrera
4859	Pancho Quilici
4863	Andy Knnebone
5368	Gerard Burgos
5373	Ricardo Rangel
5376	Thor Chacin
5384	Giancarlo Falco
5389	Hugo Rivarola
5394	George Rosales
5396	Federico Cavero
5403	Armando Casella
5408	Juan Carlos Guerra
5410	Edgar Cárdenas
38	Alexium)
4667	Victor Escalona
4679	Dieter Cedeño
4684	Rubén "El Enano" Castro
4693	Ramses Alegría
4693	Ramsés Alegría
4697	Piero Gigante
4706	Giorgio Faietta
4711	Héctor Díaz
4722	Monalisa Ramírez
4723	Gabriel Carabeo Beyer
4739	Lucas Pedreira
4743	Ronnie Romero
4748	Daniel Alonso
4753	Ana Alvarez
4762	Audiologic
4768	Hernán Cocttens
4775	Carlos Arminio
4781	Ani Guillén
4796	Klaus Kikas
4805	Angel Ferreira
4812	Edward Pimentel
4815	Morocho
4820	Morella Muñoz-Tebar
4824	Humberto L.
4825	Rubén Hernández
4825	Ruben Hernández
4837	David Guerra
4848	Joan La Riva Alberto Herrera
4854	Phil Naro
4865	Carlos Mas
5378	Nelson Sánchez
5378	Nelsón Sánchez
5385	Dermis Tatú
12417	Miguel Karroum Photography
12418	Mikhaela Toledo
12419	Miles Davis
4836	Javier Suárez
313	Néstor Pérez
4845	B6Doce
4851	Oscar Escauriza
4855	Héctor Barrios
4862	Néstor Parra
5393	Imer Alonzo
5397	Angel López
5401	Dario Soza
5405	Daniel Rivetti
5412	Hector Osorio
5414	Rafael Fiore
5420	Javier Alarcón Garmendia
5423	Reinaldo Milano
520	Raúl Galindo
5429	Luis Zerpa
5437	César Joel Cordero
5444	Casasduplex
5449	Is Where We Start
5453	Where We End...
5460	Rafael Sequera
5463	Jorge Rojas
5473	Italo Corrado
5474	César Angulo
5483	Víctor Gutierrez
5488	Rafael Estrella
5490	Carlos Beltran
5490	Carlos Beltrán
5493	Mariachi "Mexico 88"
5496	José Sibaja
5501	Abel Pabón
5502	Farah Escamilla
5504	Erika Ender
5505	Elena Roche
5512	Luis Roche Sr.
5516	Robert L. Johnson
5519	Beatriz Serra
5523	Miguel Angel Blanco
5527	Ricardo Alcaíde
5528	Eugenio Miranda
5527	Ricardo Alcaide
5534	Sabino Flora
4850	Mendoza
4856	Backhand
5404	Living Dead
5413	César Armando Martínez
5417	Migliz Mena
12420	Minoli
12421	Model Photos: Marcel Boldu
5439	Marco Molina
5445	Potrerito
5454	Javier Landaeta
5459	Carl Webb
5462	Stefan Schneider
5479	Svante Forsback
5492	Richard Bravo
5500	Daniel Berroa
5506	Vicki Echeverri
5507	Rudolph Braccili
5510	Ricardo Ortiz
5515	Otis Rush
5513	Elmore James
5521	José Angel Regnault
5522	Mariangel D'Agosto
5525	Gilberto Mejías Palazzi
5529	Juan Nascimento
12422	Montes
5535	Reinaldo Bello
5540	Pardo
5541	Gildardo Montoya
3009	David León
5545	Miguel Angel Maduro
5548	Ruyman Gilbert
5549	Juan López
5550	Salvador Santelis
5551	Wilfredo Solórzano
5554	Rafael Guerrrero
1561	Napoleón Pabón
5555	Oswaldo "Chupa" Méndez
5556	Carolina Pulido Quintana
5561	Donn Angel Pérez
5560	Kreils García
5562	José Angel Domínguez
4861	Pablo Mendoza
5418	Jerry Cárdenas
5421	Plinio Gobbo
5432	Adalberto Velásquez
5441	Edualis Sánchez
5446	Gabriel Ferri
5451	Home Urdaneta
5461	Dave Duffus
5467	Raul Suarez
5478	Gustavo Cuberos
5480	Humberto Meléndez
5485	Armando Benavides
5491	Eduardo Noriega
5498	Diana Rivas
5509	Javier Roche
2878	Héctor Di Donna
5514	Willie James Dixon
5520	Jimmy Daly
5518	Karen González
5524	Alei Mata
5530	El Rastro
5531	Emile Makhlouf
5537	José Muñoz
3272	Alvaro Serrano
5538	Los Electrodos
5543	Carlos Rosales
5544	Francisco Sapene
5546	Carlos Alberto Báez
5547	Leonardo Jenkins
5552	Mayela Hernández
5553	Luis Ernesto López
5557	Raúl Navarrete
5558	Tony Linares
5559	Licio Lugarini Melloni
5563	José Chrosciechowski
5564	Elvita Delgado
5565	Eduardo M.
5566	Blanca Pulido Quintana
5567	Miguel Gómez
5569	Alvaro Márquez
5568	Jorge Domínguez
5570	Rodnie Perret
5579	Gilberto Martínez
5585	Marcus Vinicius
5590	Gustavo Medina
5599	Ramón Montero
5602	Pedro Pérez
2119	Víctor Castillo
5607	Miguel Angel Zozaya
5609	Pura Zavarce
5614	Omar Amaya
5628	Exsecror
5630	Douglas Rangel
5635	Tomas Zozaya
5641	Eduardo Alfredo García
5648	Felipe Nevado
5656	Luis Hurtado
5657	Pedro Duque
5671	Roberth Jordan
5675	Edward Díaz
5681	Carlos Díaz
5681	Carlos Diaz
5688	Antonio Tahan
5694	Janet Goitia
5697	Alejandro Hernández
7328	Leo Carnicella
7338	Gustavo Sandoval
7340	Ramiro Rossell
7349	Richard Marcano
7354	Luis Enrique Bravo
7359	Rogerio Caraballo
7361	Pedro Alcala
7367	Jeannette Cos
7373	José Lubo
7378	Laudelino Mejías
7383	María Enriqueta Fleitas
7387	Luisa Fernanda Pineda
7396	María Alejandra Rossell
12441	Otis Redding
7410	Williams Rodríguez
7431	Toxic Tito
5571	Javier López Bolaños
5582	Ricardo Ríos
5593	Les Bueno
1631	Victor Morles
5604	Ramón Eduardo Aldrey
5610	Rafael Fuentes
5615	Victor Chaparro
5623	Armando Henríquez
5631	Pablo Schneider
5638	Angel Luis Buendía
12423	Museo De Ciencias Naturales
5646	Gildardo José González
5652	Ana María Pérez
5667	Alex Oirdobro
5673	Alexis Saer
5677	Jesús Espinoza
5685	Gilber Espinoza
5690	Cindi Catoni
5700	Virgilio Arrieta
753	Germán Quintero
1580	Sebastián Nuñez
5705	Miguel Mónaco
7327	Michael Stavrou
7337	Beledo
7339	Luis Brea
7350	José Antonio López
12424	N. Gion
7364	Anónimo
7372	Nelson Machado
7374	Amari Guerere
7382	Nelson García
7391	David Herrera
7397	Héctor Briceño
7402	Cessar Calatrava
7406	Miguel González
7409	cover original from Rose Tattoo
7121	Marisela Lagrav
7429	Manuel Cardozo
7440	Carlos Montezuma
5740	Máximo "Kari-Kari" Alvarez
5572	Ubaldo Vella
5584	Francisco Cuevas
5598	Giusepe "Pepino" Rubino
2115	Carlos Sposito
5633	José Fuentes
5637	Johan Gómez
5639	Krystoffer López
5647	Giancarlo Papapietro
5654	José M. Pagé
5660	Alejandro Villegas
12426	Nabil Girones
5674	José A. Correa
5678	Fernando Nevado
5682	María Carolina Torres
5695	Freddy Perdomo
5699	The Unknown Artist Designs
5704	Stefan Wozniak
7329	Saezstudio
7329	SaezStudio
7335	Jorge Salamanca
7341	Hugo Manzini
7347	Pavel Alfredo Archila
7358	Rafael Sánchez
7360	Ricardo Pérez
7368	Sir Augusto Ramírez
7376	Genaro Prieto
7380	Moisés Peña
7390	Franklin González
7395	Jomaris Rossell
7399	Johnny Ramos
7412	María Carlota Vivas
7418	Luis Ochoa
460	Pablo Matarasso
7430	Tony Blaze
7441	Tita Rojas
7451	Segura
5741	Arnoldo Serga
4189	Carlos Rondón
5573	Rodolfo García
5575	Carlos Serga
5581	Gabriel Abreu
5587	Héctor Forzano
5594	Maythe Guedes
5597	Rubén Fichi
12427	Negro Carlos
5608	Giancarlo Belardinelli
5617	Agustín Martínez
5622	Juan Carlos Dellegrazie
5636	Augusto Rúan
5640	Pedro Vladimir Dorante
12428	Nick Buchanan
5651	Saverio Cubisimo
5658	Alfredo Espinoza
5664	Josefa Sánchez
5669	Artech C.A
5679	Pavel Alvarez
5684	Edgar Rendón
5692	Enzo Furnari
5696	Rodolfo Castrillo
7330	Tony Franklin
7343	Luis V. González
7345	Pedro Talavera
7351	Ely Reyes
7357	Jorge Toledo
7363	Luis Pérez
7366	Sara Estévez
7371	Aurora Hernández
7377	Heraclio Fernández
7384	Rafael Sánchez López
7389	Otilio Galíndez
1425	Anibal Malav
7401	Anabel Rial
7413	Dinamita
7425	Daniella Morales
7427	Reis
7437	José Luis Morenza
7447	Art 33 Publicaciones
5574	Jorge Luis Ayala
5583	Francisco Osal
5591	Edmanuel Castillo
5596	A. Malavé
5603	José Maneiro
12429	Nigga
5613	Humberto Scozzafava
5616	Gorky Camacaro
5620	Carlos Schafer
5627	Jorge Fichi
5632	Jorge Escribens
12430	Norberto Dasilva
5653	José Otto Molina
5662	Giovanni Montenegro
5668	Evil-One
5680	Abelardo Tahan
5686	Itsvan Espinoza
5691	Desiree
5698	Profecia
1440	Emilio Alvárez &
5702	Jorge Caldera
7331	Hidden track only on CD format
7336	Antonio Alcalá
7336	Antonio Alcala
7342	Luis Luzon
7348	Luis Mariano Rivera
7353	Karina Nava
7365	Marco Tarazona
7369	Sergio Machado
7375	Gerardo Bustos
7385	Rodolfo Martínez
7388	María Carolina Cabrera
7393	Osman Aladejo
7415	Ivannel Romero
7421	Christian Pimentel
7432	Instrumental
7432	instrumental
7438	Oswaldo Stone
7444	Alvaro Rangel
3101	Miguel A. García
5674	J. Correa
5576	Maximino Suárez
5580	Guillermo González
839	José Núñez
5589	Miguel Varela
5595	Edgar Monrroy
5606	Luciana Quintana
5612	Mario Larrain
5618	Rafael Marín
5619	Frank Lemus
5624	Jesús Maneiro
5629	Jesús Suarez
5649	Alí Arrieta
12431	Norelys Toledo
5659	Miguel Angel Suarez
5665	Factor Mental
5672	Manuel Espinoza
5676	Jesús Cambeiro
5683	José A. Dos Ramos
5689	Zorange Guevada
5693	Juliana Auerbach
5701	Juan Carlos Yépez
5706	Faldas Largas
5707	Dionisio Lopéz
5711	David Baltodano
5708	Constantino Estévez
5709	Luis Gómez Lobo
5710	Despierta un Mundo
5712	Jorge León
5713	Eduardo Viloria
5714	David Bart
5715	Yánez
5715	Yanez
5716	Eleasar
5717	Aristides Silva
5718	Free-Lance
5719	Jesús Paiva
5720	Fhes
5721	Ali Vasquez
5722	Freddy Riera
5723	Volkov
5724	Héctor Rivero
5725	Ignacio Lares
12442	Ozzy Stone
5726	Sergio Escalona
5728	Isaias Paris
5728	Isaías París
5729	Marcel Fuenmayor
5740	Máximo Alvarez
5751	Cain
5754	Gabriel Fernández Max Martínez
5760	Kiko Villanueva
5765	Rocky Devil (Francisco "Coco" Díaz)
5771	Franklin Holland
5777	Ricardo Chigne
5786	Leonardo González
5794	Carlos Luis Sánchez Ricovery
5795	RCarlos Sánchez Ricoveryy
12432	Norma Mendes Gomes
5807	César Rosales
5814	Wendy Hawkinson
5823	Anel Torres
5829	Renzo Delly
5833	Humberto "Tito" Iglesias
5838	Karel Adamicek
5848	Grado 33
5855	Joseph De Luca
5859	Rafael Márquez
5866	Rocco La Fresa
5871	Oswaldo Pinto
5881	Santiago Brappe
5890	Gregory Delgado
5897	Alexander Ardila
5900	Ezlen Ramos
5911	Wladimir Pérez
5918	Chosbo Stienhart
5925	José Fortoul
5927	Clark
5935	Rafael Guedez
5939	Patrick Jansen
5953	Paula Delgado
5959	Carlos Hurtado
5966	Isla Sorda
661	Iker Gastaminsa
5980	Alberto Garanton
5999	Guiber Mijares
5730	Manuel Cabrera
5736	Douglas Rodríguez
5746	Raymond Champion
5752	Max González
5764	Charlie Devil (Carlos Mendoza)
5775	Rafucho Figliolo
5779	Charly Pettit Hoffman
5782	León González
5788	Fuga
5789	Jesús E. Flores
5796	José La Roche
5796	José Laroche
5805	Tommy Romero
5809	Oscar Guedez
5817	Verónica Caraballo
5826	Adriana Lorenzi
5832	Francisco Serra
5836	Julián Romero
5849	Orlando Enrique Montiel
5860	Carlos Istúriz
5863	Carlos "El Negro" Betancourt
5870	Joel Bravo
5877	Roberto Monasterios
5885	Daniel Coronel
5893	Marino Vásquez
5896	Gerardo Valladares
5903	Ricardo Chacin
5903	Ricardo Chacín
5913	Laura Tarazón
5919	Jean Louis Ajzenberg
5924	Eduardo Vera
5928	Shook
3565	Cesar Roldán Jr.
5943	Icaro
5947	Luis Villamizar
5951	Darwin Lugo
5957	Acústica
5962	Adriano Aguirre
5967	Jesús Caicedo
5970	Carlos Blanco
5743	Fractaler
5748	Fractal
5763	Doug Shearer
5766	Eddie Devil (Eduardo Benatar)
5772	Proyecto Franklin Holland
5778	Raúl Sevillano
5793	Juan Carlos Sabater
5800	Reinaldo López
5801	Pepe Pilieri
5811	Simón Montilla
5818	Gabriel Pedernera
5820	José E. Estrada
5828	Gladys Di Ruggiero
5837	Angelo Pagliuca
5839	Jesús Romero "G-Zaz"
5844	Corrado Raeli
5852	Diego Gazmuri
5857	Leo Laya
5867	Enrique De Gregorio Juan Figueroa
5872	Karen Arrioja
5875	Cono Lagona
5880	Edgar Castro
5887	Alí Rodríguez
5891	Danny Alba Coelho
2553	Victor Rossi
5902	Cosme Fernández
5907	Franklyn Suárez
5909	FranlynArts
5916	Frank Kunez
5921	Rurik Grassi
5932	Perkins
5942	Samuel Darío
5945	Jean Pool Cassidy
5952	La Nena Márquez
5963	Hernán Roberty
5979	Jimmy Recchione
5985	Ivanovich Mendoza
5750	Lorem Leys
5757	Frank Morón
5761	Willie Devil (Willbert Alvarez)
5769	Leo Nieves
5780	Audiosono
5783	Vicente Lunar
5790	Danny Gamarra
5799	Abel Murillo
5804	Alexis Martínez
5812	Jesús Murillo
5813	Wolfgang Roldán
5822	Carmen Julia Parra
5827	Gatas Verdes
5847	Federico Agreda
5854	Antonio Medina
5861	Alberto Márquez
5864	Francisco "Kiko" Campins
5873	Oswaldo "Puchy" Rojas
5874	Giussepe "Pino" Lagona
5884	Manuel Sandoval
5889	Fernando Macero
5894	Lucas Goncalvez
5899	Hermes Fajardo
1146	Leonardo Cordova
5910	Nora Ortega
372	Norton Perez
5926	Antonio Ramírez
5931	Berry
5933	Stephen Shook
1086	Franco De Vita
5941	Justo Morao A.
5960	Fabio Gámez
5965	César "Chapa" Muñoz
5973	Genaro Fehr
6010	Julio Colmillo
6018	Víctor Carrero
2044	José "Pepe" Martínez
3902	Manuel Torcatt
8842	Rafael Velázquez
5734	Nestor Riera
329	Damian Santilli
12433	Noya Wyzton Borrero
5742	Luis Celimene
5759	AD Foto
5768	The Blue Devils
5773	José Bastardo
5776	Emigdio Simancas
12434	Nuff CeD
5792	Sonoaudio
5797	Renne Boutto
5806	Ramón Moreno
5810	Luis Pineda
5821	Endi Paredes
5825	María Victoria Díaz
5834	Angel Pérez
5841	Joseph Kast
5845	Andrés Morillo "André"
5853	Francisco Domínguez
5858	Gianni Regnicoli
5865	Publio García Navarro
5869	Johanna Adams
4408	Oswaldo González
5882	Ebenezer "Pocho" García Navarro
5888	Gerardo Perdigón
5895	Pedro Cerezo
5901	Julie Ferrer
5905	Trino Esteila
5914	Claudio Mendoza
5917	Candy Sáez
5922	Benjamín González
5929	Thomas
5936	Hernán López Garnica
5940	Giovanni Troconis
5950	Daniel Rivero
5954	Francisco Calderón
5961	Juan Rojas
5964	CasaRosa
5972	Gustavo Caicedo
5978	Rayshawn
5983	Gus Oberg
5990	Sofía "La Nena" Pulido
5737	Andrés Vidal
5747	Géral
5756	BronwBunkerStudio
5767	Frankie Devil (Francisco Belda)
5774	Antonio Huizi
12435	O. Hammerstein
5784	Daniel Escauriza
5791	Juan B. Viloria
5798	Mónica Chacín
5802	María Andreína Alfonzo
5808	Lindarwin Sánchez
5815	Fusión
5819	Carlos Morante
5824	Daisy Biscardi
5830	Carole King
5835	Gladys
5842	Alberto Calzavara
5846	Ciro Alvarado
5851	Angel Blasco
5856	Alciro Valentines Luis Ignacio Contreras
12436	O. Villegas
5868	Marco Tulio Guzmán
5876	Víctor Medrano
5883	Francisco Diago
5886	Oscar Contramaestre
5892	Froilan García
5898	Frank Fiore
5904	Nicky Font
5912	Marco Pratolongo
5915	Richard Coca
5923	Gustavo Marcano
5930	George Wiltzee Jr.
5934	Muñoz
5938	César Vielma
5949	Jean Carlo Cassidy
5956	Juls Sosa
5958	Eduardo Merida
5968	Carlos Robles
5974	Tommaso Capelato
5977	Diego Andrea
5982	Ernesto Santos
5990	Sofia "La Nena" Pulido
7587	Sergio Pizolante
5993	José Velásquez
6000	Alex Escobar
6005	Andrés Escalona
6011	Sugyn Quintana
6015	Luis Gonzales
6021	Carlos Hernández (DJ HOOCH)
6034	Edwin Granados
6039	Miguel Rossi
6045	Chato
6050	Antonio Ríos
6056	Jhon García
6061	Siomara Salmerón
6068	José Córdova
6076	Freddy Narro
6080	Javier López
6088	Giuliano Lossio
6091	Pablo Pérez
6097	Moisés Vera
6104	Hepecát
6110	Johnny Rojas
6112	Angel Linares
6117	Jose "Goyo" Mijares
6121	Yaotl
6127	José Ocando
12437	Obdulio Morales
6138	LaFleur
6144	Alfredo Guerrero
6152	La Mueka
6159	Borrero
6164	La Nave
6173	Roberto Dell
6175	Cristhian De Castro
6180	Guillermo Dumont
6184	Oswaldo Ocando
6192	Ronald Pérez
6200	Leonardo Carrero
3069	Julio Alonzo
6209	LapaMariposa
6214	Maribel Mas
6218	Le Merm
6223	José Antonio Varela
6229	Sala de Ensayo Letelier
5997	Lucio Caminiti
6002	Alfredo Derney
6004	Carol Hermoso
6012	Jahbafana
6017	Juan G. Arrivillaga
6023	Kokino
6030	Jorge Cid
6035	Juegos De Azar
6038	Nelson Arias
6048	Fernando Bustamante
6051	Karma Coma
6058	María Alejandra Acosta
6067	Cleina Balbas
6074	Francisco Pluchetta
6081	José Araujo
6087	Phill Alvarez
6096	Ktharsys
6101	Luis Gustavo
6113	Hernán Alonso
6124	Guillermo "Tato" Marcano
389	Guillermo Noya
6137	Levy Riccetti
6143	Ephie De Angelis
6145	Enrique Doza
2085	Angel Negrín
6155	Whiskey CO.
6160	Matías Pinto D´Lacoste
6169	Andrés Clavijo
6183	Moro Acacio
6188	José "Nacho" Rondón
6191	Jorge Solórzano
6196	Bernardo Feijoo
6204	Nayibel Falcón
6210	Franco Castellucci
6213	O'Brien
6219	José Morao A.
6226	Letelier
6235	Luis Nesi
6242	Ikay Ledezma
6247	Manolo Reyes
6006	Spanish Version: José Gregorio Mijares
6003	Sekou
6007	Piky Figueroa
6013	María Gabriela Key
6019	Harold Quevedo
6025	Alonso Javier Moreno
6042	Ascóniga
6049	Simón Madrid
6057	Juan Carlos Medina
6062	Pedro Díaz
6066	Simón Rondón
6072	José "Pepe" Rodríguez
6079	Mario Morillo
6086	Gustavo Pérez "Yeti"
6094	Martha Yánez
6100	Reinaldo Navarrete
6106	Alexander Izturriaga
12438	Osdorp Posse
12443	P. Manavello
6116	La Calle
3249	& Carlos Martini
6129	Gustavo Salas
6133	Daniel Graterol
6140	Nany Huizi
6147	Alejandro Prieto C.
6161	La Muy Bestia Pop
6170	Alejandro Rosal
6176	Moises Enghelberg
6182	Mauricio Madrid
6187	José Bárcenas
6190	Herdys Fernández
6198	Robert Van Gehuchten
6207	Daniela Martínez
6215	Kenny
6224	The Astute Institute
6230	Isaías Letelier
6236	Michael Hernández
6238	Robert Barrenechea
6244	Luis Serrano
6489	Fanny
6203	onathan Leal
12444	P. Raymond
6016	Víctor Vera
6020	Adrian Arbona
6031	Willian Timaure
6036	Jorge Márquez
6046	Mota
6052	Jesús Parra
6059	José ‘Zoundcolector’ Parra
6064	Marco Ghersi
6069	Kley Castro
6075	José L. Liscano
6078	Ismael Urbano
6084	Andres Calafat
6090	Jorge Alvarez
6099	Rancho
6107	Sonny Rollins
1626	Emmanuel Fajardo
6122	Jorge Simon
6135	Raymond Mariño
6148	La Leche
12445	Pagliuca
6162	Iván Castillo
6163	Ricardo González
6171	Alexis González
6181	Ronny Tuinman
6186	Laila
6193	Marcial Meléndez
6197	Francisco Pagano
6206	Robert Leal
6217	Brenda
6225	Federico Román
6234	Daniel Andreotti
6240	Alberto Branger
6245	Juan Alzate
6254	Marlon Trujillo
6267	César Gamero
529	Alexandre Regnault
6006	José Gregorio "Goyo" Mijares
6014	Gustavo Delgado
6027	Eduardo Guerrero
6032	Amílcar Cáseres
6040	Valentina Brando
6044	Chonto
6054	Andrés Pacheco
6060	Ramiro Royero
6065	Gerardo Burgos
6071	Rubén Carvajal
6077	José "Cheo" Morillo
6083	José Colman
6093	Luis Rivas
6098	José "Viruta" Martínez
6102	Inés Cecilia Urbaneja
6105	Alberto Mathison
6114	Geraldine Parsons
6118	Damelis Benítez
6132	Amarú De La Barra
6142	Luis "Pilucho" Trujillo
12447	Patrice Holloway
6174	Mauricio Monsalve
6189	Francisco Velásquez
6195	José Antonio Calcaño
6205	Languidez
6212	Gary
2200	Ricardo Diaz
6221	Ismael Letelier
3032	Tato Rodríguez
6232	Emiliano Llanio
6237	Eduardo Gavotti
13325	Chile Veloz
6258	Los Berenice
6261	Celenia Sánchez
6268	Yomar Méndez
602	José Manuel Arrias "Chema"
1800	Carlos Monserratte
6024	Erasmo Morales
6028	Bachata Version
6033	Rafael Solarte
6041	Julliet
6055	Manuela Ríos
6070	David Velásquez
6082	Sebastián Cavallieri
6085	Jessy Jaimes
6089	Leonardo Yañez
6095	Leandro Melendez
6103	Piki
6108	Kevin Alva
6120	La Big Landin Orquesta
6126	Sandra Carrillo
6136	Samia Canaan
6139	Elisa Rodríguez
6298	Corrado Camisuli
6151	Norman Ramone
1272	Miguel Angel Noya
6158	Joaquín Urbina
12448	Patty Alvarez
6168	David Molina
6177	Eduardo Ros
6179	Ezequiel Julio
6185	Manuel Martin
6194	Susana Rojas
6203	Jonathan Leal
6216	Marlene
6227	Andrés González
6231	Gerardo Borges
6239	Maria Teresa Vidaurre
6243	Lorenzo Adam
6253	Jesús Parabavire
6259	Carlos Meleán
6262	Griselda García
6266	Marie Fuzeau
6274	Wilmer Rojas
12449	Pedro Querales "OldTape"
3103	Manuel "Pancho" Montañez
6233	Outro
6257	Marcos López
6264	Ana Victoria Martínez
6270	Julio Jr. Flores
6272	Junior Rojas
6285	Anidez Sonidos
2038	Alberto Sánchez
6293	Rafael Pirela
6300	T-Bone Terry Sotiri Papafilys
6311	Andrés Rengifo
6317	Rous G Falcon
6323	Victor Campis
6328	Inoel Miranda
6338	Reckless
6351	Orlando García
6357	Carlos Vásquez
6362	Mariel Mariño
6368	Oscar Parra
6370	Ricardo Alberto Escobar Bruce
6379	César Alberto Somoza Torres
1543	Luis Garbán
6388	Juan Manuel Fernández
6393	Gilberto González
6399	Alex Hurtado
6403	Héctor Montenegro
12451	Pejtsik
6424	Ruben Ríos
6426	Findecano Tasartir
6441	Pedro Bolivar
6448	Eduardo Mantorano
6452	Johnnatan García
6459	Hernán Pedro García Jiménez
6466	Rodolfo Zalez
6470	Frank Rojas Fermin
6480	Hernán Monsalve
6483	Ronald Graham
5990	Sofia Pulido
6249	Juan Carlos Pérez
780	Javier Domínguez
6260	Elena Méndez
6275	Leonel Zambrano
6281	Beatriz Pinto
6283	Vicente Delgado
6287	Arturo Inciarte
6294	Hummel Acevedo
6299	Sascha "Busy" Bühren
6305	Marc Olivier Clement
6308	Arturo Marzoratti
6320	Efraim Burdeinick
6329	Carlos Yedra
6332	Manuel De Los Reyes
6340	Peter Bello
6346	Sergio González
6353	Rafael López Jr.
6358	Lewis Escalante
6376	CD Depot Stores
6380	Rodrigo Antonio Yoma Aparici
6389	Fernando Bolaño
6395	Juan Carlos Sbraccia
6400	Leizer for The Masses (Leizer Oliveros Lara)
6407	Armando Betancourt
6421	So the Owl Spoke
6429	The Tricks of Perception
6431	Kabir Velásquez
6439	Daniel Velásquez
6445	Ed Gavotti
6453	Control X
6455	Arnaldo Mancinelli
6461	Ecio Rivas
6469	Emilio Santamaria
6474	María Teresa Rangel
6479	Sonostudio
6486	Santuario
6491	Jonathan Coa
6495	Eric Moctezuma
6252	Oscar Tovar
6263	Carlos Rada
6269	Armando Calderón Jr.
6273	Jeremías V.
6278	Javier Abreu
6284	Jesús Enrique Montero
6286	Ner Gutiérrez
6302	Delvis Luna
6306	César Ramírez López
6309	Laurent Cauchy
6313	Dave Poler
6321	Gerald Pasqualin
6327	R.D. Granados
6331	Víctor Linares
6336	Daniel Zahalka
6339	Marinelly Bustamante
6345	Alejandro Calvo
433	Juan Carlos López
6350	Santiago Key
6356	Pedro Mata
6360	Ernesto Ramírez
6366	Ivanna García
6372	Ricardo Escobar
6383	María Eugenia Forasacco
6387	Fernando
6816	Gabriel Casali
6404	Miguel Lara
6413	Teddy Mullet
6417	Gabriela Serra
6427	Alejandro Gil
6436	Rudras
6442	Johnny G.
6458	Ricardo Hidalgo
6465	Freddy Granados
6475	Jorge Llanos
3590	Miguel Soré
6482	Miguel Gallegos
6490	Cayayo
6271	Javier Mérida
6289	Javier Ferrero
6301	Antonio Bello
6322	Héctor Zunico
6324	Alejandro Scudiero
6335	Francisco Garrido
6348	Alexander González
6354	Richard Mendoza
6359	Alberto Galue
6367	Daniel Henriquez
6375	Vannessa Sarmiento Balza
6382	Luís Valentìn Panero Benito
6392	Diego Pérez Fabbio
6405	Carlos Cañizares
6411	Raúl Prieto
515	Luis Olivier
6619	Carlos Julio Vilchez
6446	Tucson
6457	Sergio Mancinelli
6464	S. Wonder
6471	Adrian De Abreu
2	Ali Aguero
6477	Piero Campilii
6485	Juan Carlos Riveros
6488	Cesar "Sapo" Zorrilla
6492	Zero
6503	Germán Socorro
6512	José Pinguino Echeverria
6519	Carlos Loggiodice
6526	Javier Vadaker
6529	Carla
6533	Siro Tagliaferro
6548	Sikem
7332	LMartin Barre
6276	Nilda López
6277	Roberto Girón
6298	Corrado Cammisuli
6296	Andrés Inciarte
6307	Alice Juillard
6315	Suzi De Madeiros (Suzi D)
6319	Aifel Rojas
6326	BMEG
6333	Reaxion
6337	Guillermo "Tito" Falcón
6343	Bety Trujillo
6352	Elías Moreiras
6355	Tito López
6363	Alexis Dinamarca
2118	Adrián Morales
6369	Victor Manuel López Inaudi
6374	Erich Jiménez
6381	Retrovértigo
6386	Jeanik
6390	David Fontaiña
6396	Pascual Sbraccia
6402	Francisco Benedicto
12452	Penninman
6415	Ibrahim Núñez
6420	Benigno Barrios
6425	Luis Andreani
6438	Naye
6443	Sabotaje
6451	Christian Correa
6456	Ronald Garcés
6462	Manolo Camacho
3599	Ysidro Soré
6476	Edmundo "Memo" Rincón
6478	Kenny Burmistrov
6484	Ibrahin Chacin
6487	Gonzalo Valery
6497	Jean Pierre Ranguin
6502	Sentencia
6505	Angelo Misterioso
6514	Sic Rodríguez
6516	Yeffry Marval
6521	Joad Manuel Jiménez Vasquez
1861	Ruben Rebolledo
6292	TrueBusynes
6312	Alain Henriot
6314	Dave Dudley
6318	Carla Pérez
6325	Angel Guanipa
6330	Julio Sosa
6334	Alexander Spadaro
6342	Lou Alcalá
6347	José Andrés Briceño
6349	Daniel Avilán
3235	Simón Diaz
6361	Mariam Mariño
6365	Alvaro Fernández
6371	Marco Tulio Ciargo Sarri
6373	Gonzalo Vivas
6378	Alejandro Escribano
6391	Gerardo González
6401	Santiago De La Fuente
6406	Iohan Hernández
6414	José Antulio Mora
6423	Alejandro Dilluvio
6435	Johan Adrían
6437	Jesus Bermúdez
6437	Jesús Bermudez
6447	Maicol Laza
6449	Salpachino
6460	Víctor Márquez
6463	Eduardo Amiro Arrieta
6467	Carlos Martínez Montenegro
6481	Raul Peña
6481	Raúl Peña
6493	Iván Guillermo
6500	Armando López
6507	Bruguera
6511	Maribel Araujo
6515	Juan Jiménez
6522	Alberto Briceño
6530	Grabando Ando
6537	Luis E. Serrano "Luiser"
2192	Daniel Arreaza
6494	José "Pollo" Sifontes
6498	Johan Espinoza
6504	Alvaro Ricabarra
6513	José Luis
12453	Penélope Chávez
6525	José Figueredo
6531	Gabriela
6534	Irma M. de Domínguez
6541	Andrés López
6550	Adriana Ríos
7334	Jorge Barnet
7344	Alfredo Morales
7346	José Marcano
7352	Eneas Perdomo
7355	Henry Romero
7362	Rafael Izaza
7370	Ludovico Jaramillo
7379	Jairo Hernández
7381	Martín Vilera
7386	Diana Benítez
7392	Kari-Kari
7403	Federico Zarikian
7407	Ricardo Peña
7411	Karal K. Gómez
7416	Gabriel "Arkanhell" Vallecillos
7426	Geczain Tovar Andueza
7442	Psychodance
7445	Versión Acustica
7445	Versión Acústica
7453	Batoni
7454	Franklin Mora
12454	Pichi Domínguez
7482	Pino Bernardini
7498	Perroconsed
7505	Fernando Adam
7508	César Elster
7520	Gabriela Valladares
7523	David Byrne
7530	Jason Carmer
7539	Lula Bertoldi
6496	Mandinga
6499	Bik-Har Fun
6506	Bravo
6510	Ossy Martínez
6517	Santiago Rodríguez (Srod)
6524	Emanuel Parra
6532	Mily
6535	Phillipp Scheer
6540	Daniel Nuñez
6549	Eduardo Araujo
12455	Pierre Mario Bocarena
7469	Tati's Song
7483	Alejandro Cornejo
12456	Pink Floyd
7509	Fransisco Amador
7514	Ignacio Tovar
7535	Johaness Luley
7541	Alesssio Mini
12457	R. Goitía
12458	R. Halford
7564	DJ Afro
7572	Alvaro Paiba Bimbo
7577	Rhomy López
7581	Nadje Noorhius
7594	Manuel Pérez Matos
7595	Luis Arreaza
7597	Ina María Velasco
7602	Guillermo Uribe Sandoval
7604	Daniel Salcedo
7610	Kinky
7614	José Rubens
7617	Diogo Brown
7619	Iván Pérez
7622	Juan Cristóbal Losada (aka Mr. Sonic)
7625	Brianne McWane)
7627	Juan Blas Caballero
7630	Perry Jiménez
6501	THC
6508	Patricia Bravo
6509	David Senabre
6518	Héctor Rivas
6523	Ricardo Fenchuy
6528	Marialex
6536	Daniel Machado
6543	Joel Miranda
6545	Carlos Meza
7446	Mariachi
7450	Camilo Muedra
7456	"La Ultima Cruzada"
7463	Jeansy
7471	Mario Luis Quintero
7477	End Of a Dream
7484	Madelyn Farr
7496	L. I. R.
7500	Daniel Mintseris
7504	Pan Caliente
7518	Manu Reyna
7525	Yale Evelev
7531	Ronny López
7536	Rob Seifert
7538	Richard Coleman
7547	Niko Teneketcis
7552	Joe Pardo
7556	Carlos Quintana Guzmán
7559	J.L. Alva
7560	Francisco Carpio
7568	Michael Starita
7575	Daniel Pacheco
7587	Sergio Pizzolante
7591	Eduardo Reyna
7598	Sergio Federico Eckstein
7613	Erin MacKenzie
7616	Paul Sanchez Pacheco
7620	Los Auténticos Decadentes
7624	Adriano Borba
12459	R. Rodgers
7628	Gaspar Benegas
6546	Alfonso Cabrera
7448	Miguel Vasquez
7457	Alejandra Petkoff
7461	Luisa Marcano
7468	Louis Antony Generany
7479	Gustavo Quintero
7480	Enzo Soliani
7489	Enrique Londaits
7495	Jeniffer Noya
7499	Alexander Wright
7502	GB's Juke Joint
7507	Atelier Caracas
7516	Pavlo Castillo
4255	Fran Beufrand
7528	Poindexer
7540	Manuel Cabre
7550	Daniel De Souza
2683	O.J. Colina
7571	María José Romero
7574	Otto Rodríguez
7582	Isaac Kaplan
7590	Frederic Soulard
1979	Jay de la Cueva
7596	Reynier Limonta
7599	José López
7609	Doped Up Dollies (Sirae Richardson
7615	Alexis Soto
7623	Karl Kling
7631	Gonzalo H. Pérez
12460	Ramsés Meneses
7639	Henk Keilman
7643	Frontierizo
7644	Frontierizo Juan Carlos Bueno
7645	Francisco Azorai
6539	Rommel Torres
6547	Roger Rangel
6552	Fernando Silva
6551	Jhonatan Medina
6555	Saúl Rojas
6553	Armando Zerpa
6554	Mateo Gómez
6556	Luis Guillermo Guaidó
6557	José Luis Dos Santos
6558	Hilario "Lalo" Guaidó
6560	Carlos Rivas
6561	Nelson Alvarado
6562	Wuilians Arias
6563	Carlos Cardona
6565	Alfredo Aldana
6566	Fresa
6567	Elguille
6568	Don Ungaro
6569	M.C.
6570	Andrés Ungaro
6571	Karina Febles Córdoba
12461	Rebecca Kronvall
1497	Omar Avila
12462	Reexon Escobar
6576	Surrearts Graphics (Erick León)
12463	Regalado
6578	Alejandro Lodice
6580	Burning
6581	Soulmachine
6582	Miguel Fraino
6584	Angel Moya
6586	Ursula Miethe
6590	Aldo Dibari
6591	Otto Arocha
6592	Still Dot
1495	Gregory Mercado
2145	Omar Sawaya
1494	Kara Febles
6593	Manuel Alvarez
6598	Adolfo Llovera
6605	Leonardo Rangel
6619	Carlos Vilchez
6626	Edgar Calderón
6630	George Marino
6638	John Dao
12464	Reinhard Keiser
6648	Arnaldo Acosta
6657	Tatiana Suarez
6663	Decibel Backline C.A.
6664	Moisses Ramones
6672	Jose Miguel Pérez
6676	Winsman
6683	José Rivas
6689	Jorge Pérez
6694	Tlx
6705	Pepe Pérez Rivero
6712	Vicente Velasco
6720	Christian LaSpina
6725	Rafael Rangel
6734	Raúl Fonseca
6738	José Gerónimo
6746	Luis R. Méndez
6751	Jorge Román
6753	Wilfredo Angulo
6759	Manuel Puerta
6768	Johan Figueroa
6771	Fernando Fossi
6780	DJ MCK from 4º Poder
6790	David Arraya
6795	Chad Bernstein
6798	En Vivo
6807	Christopher León
6817	Carlos "Cuso" González
6822	Luis Alejandro Vargas
6829	Karina Gil
6833	Jean Franco Carella
6840	Nevio Riera
6847	Pablo Mandel
3293	Rayniero Díaz
6864	Joel "Pibo" Márquez
6594	Darío Guillén
6604	Hendifer Castillo
6612	Carlos Mata
6635	Luis Miguel Lange Dao
6641	Diego Tosoni
6643	Nelson Muller
6649	Alejandra Silva
6656	Juan Carlos Arango
6669	Johnson
6674	Aram "Judge" DeGiuli
6679	Amílcar Gualdrón
6688	Adriana López
6696	Liliana Lamata
6697	Miguel D' Donato
6702	Mariangela Travieso
6708	StudioSonica
6717	Adriana Orellana
6721	Francesco Spaziani
6730	Leyra Ferrer
6737	Hermes Ugueto
12465	Revista DDA
6757	Larry Bata
6763	Tranzas
6764	José Ruíz
6772	Anabella Ramírez
12466	Rhea Atkins
6788	Safe
6799	Endrina Guilpen
6810	Alexandra Zambrano
6813	Carlos "Maracucho" Padrón
6821	Carlos "Luccio" Rios
6826	Andreina Bravo
6832	Marielena Figarella
6845	Angemyr Lezama
6850	Eduardo
6859	Williangel Salvatierra
6869	Adrián Borges
6872	Eloy Guzmán
6877	VMF
6595	Víctor Morón Jiménez
6603	Franklin Berroterán
6611	E. "Wincho" Schafer
6617	Charlie Bernaccino
6622	Gustavo Vilchez
6627	Carlos Bermúdez
6629	Manuel Pérez Pan Dávila
508	Richard "El Chicha" Blanco"
243	José Diego Boscán
12467	Rick Slater
6647	Juan Carlos Villar
6660	Depeche Mode's Cover
6665	Alexander Oirdobro
6673	Love Depression
6677	Ladera
6687	Osmar Quintero
6693	Heberto Añez Duque
6699	Carlos Cabrices
6707	Ricardo Figueroa
6716	Luis Vasquez
6728	Sokrates Papadopoulos
6733	Hana Kovayachi
6740	José Gabriel Figueira
6741	Trance Nuance
6750	Oswaldo Flores
6756	A. Ydrogo
6766	Gamalier Espinoza
6774	Eric Gillette
6784	Rafael Giner Sr.
1273	Sebastián Szinetár
6791	Francisco Vielma
6805	Braidys Roa
6812	Freddy Fonseca
6814	Lorenzo Toro
6819	Alexandra Clark
6825	Jesús Bello
6837	Romi Blanco
6596	David Contreras
6602	Luis Fuentes
6620	Aristóteles Albornoz
6631	Andres Czismadia
6646	Arnaldo Acosta Zampaglioni
6650	Terra Nullius
6655	Carlos A. Sequini
6662	Bob St. John
6666	Teatro Juáres
6675	The Love Depression
6680	Edgardo Dávila
6684	Hernán López
6692	Julio Lamas
6703	Jiménez_Han
6739	Melchor Contrapunto
6742	Gilbert Riera
1020	Iván Gavaldón
6755	Enrique Ugueto
6762	Nelsón Cavallo
6765	Grupo Imagex C.A.
6773	Carlos Hernández
6786	Baffa
2686	Pitufo Vivas
6794	John Márquez
6801	Ulises Martínez
6806	Yareli Trujillo
6815	José "Tricky" González
6824	Nicolás Rimski Marquez Toro
6827	Angeles Clark
6831	Unos Infames
6841	Taj "The Infinite"
6842	Manuel Borrego
6853	Luis Miguel Briceño
6860	Rubén Vellorín
4731	Matatigre
6622	Gustavo G Vilchez B
6597	Argenis Betancourt
6601	Gerónimo Egea
6608	Inmerso
6615	Jaime Beltrán
6618	Davis Pérez
6621	Syriak
6632	Daniel Baíz
6634	José Dorantes
6642	Giuglio Cesare Della Noche
6651	Nelson Gutierrez
6661	Alvaro Vera
6668	Marco Tulio Montalvo
6671	Baker
6682	Eduardo Romero
6685	Ricardo Schmilinsky
6691	Tiempo Gris
6695	Jorge Faleta
6704	Antonio Piscitelli
6709	Valter Izzo
6724	Tony Trab
6732	Omar Plascencia
6736	Trabuco Contrapunto
12468	Riega
6754	Deivis Colmenares
6760	Raúl Noriega
6770	Haydee Hernández
6777	Tribop
12469	Room 1013
6792	Israel Fuentes
6797	Casey Nefcy
6803	Darwin Contreras
6809	Umbra Summi Nobis
6818	Juan Carlos Ettedgui
6823	Vanessa Ruiz
6834	Jaime Marchiani
6838	D' Black
6843	Emiro Aguilar
6854	Steven Job
6861	Carlos "Chars" Alvarez
6619	Carlos J. Vilchez B
6599	Adrian Sanchez
6600	Walvin Brito
6614	Héctor Do Nascimento
6614	Hector Do Nascimento
6616	Amasonica
6623	Tabako
6628	Miguel Filoseta
6633	Intitribu
6637	Irvin Rodríguez
6652	Alejandro Carrasquilla
6659	Wil Davis
29	Ruben Angel Correa "Micho"
6670	Hendrix
6678	Ríos
6681	Jesús Arrieta
6690	Grabaciones Dinis
6706	Gregory Seabra
6710	Simple 7
6714	Steve Corrao
6719	Emilio Mendez
6727	Ricky Pernia
6735	Carlos Avirrillaga
6744	Pastor Rodríguez
6749	Wally Mcnamee
6752	Javier Marval
6758	Ely Villanueva
6767	Yohelys
6779	Colina Creativa Universidad Metropolitana
6782	Tulio Chuecos
6789	Tumbador
6800	Aaron Gandia
6804	Emilio Quintero
6808	Alejandro Silva
6816	Gabriel Casal
6828	La Nave de Oseberg
6839	Escobar
6844	Guacal 1
6851	Chevy
6852	Adolfo Alcalá
6858	Henry Tovar
6862	Joleyka "Viover" Mosquera
6870	Daniel Vallejos
6874	Juan Ardila
6879	Arturo Castillo
6884	Jorge Rivas
6890	Rafael Enrique
6903	Antonio Rosales
6906	Carolina Guillermo
6913	María Fernanda Montero
6918	Daniel Acuña
6929	Video Sistemas
6934	Alfonso Carvajal
6940	Darío Rojas
6943	Jesús Paublini
12470	Rose Mary Mogollón
6958	Yovannis Roque
6965	Edwin Nieves
6968	Luis Arturo Salas
6975	Pedro Lacruz
6981	Carlos Campos
6987	José Miguel Ahmad
7000	Crismary García
7005	Erick Bolívar
7014	Liber Oscher
7015	Laura Pérez
7023	Germán Marcano
7029	Jean Carlos Sánchez
7034	Juan Manuel León
7037	Julian Castillo
7053	Daniel Puente Bello
7060	Brigitte García de Ceca
7060	Brigitte García De Ceca
7063	Jacinto Rosa
7066	Ramón Bassols
7071	Raul Borsten
7074	E.I.2 Diseño Gráfico
7084	S. Boesi
6856	Génesis Farias
6863	Joel Rojas
6871	Jade Macedo
6881	Octavio Borjas
6893	Walter Márquez
6897	César Cuevas
6897	Cesar Cuevas
6904	Rubén Castro
6904	Ruben Castro
6912	Winda Pierral
211	Cesar Sogbe
6924	José Alzuru
6931	Fidelis
6937	Juan C. Hernández
6942	Hernán J. Paublini
6947	Hernán
6954	Jefferson Zambrano
6955	Wilmer Coello
6961	Carlos Molnar
6967	Barry White´s Midnight Groove
6976	Francesco Guardione
6979	Luis Fernando
6998	Cecilia Gómez
7007	Kamelot Agüero
7010	Orley Fundaminsky
7016	Marco Varela
7022	Ismael Vergara
7039	Andrea Lacoste
12471	S. Kelly
7057	José Angrisano
12472	S. Miranda
7076	Gary Bosco
7082	Hirail Arias
7086	Lilian Carrero
7091	Tato Goicoechea
7105	Dario's
7110	Francis Benitez
7110	Francis Benítez
7116	Guillermo Dávila
6865	Alfredo Pino
6875	Virtual Lakai
6880	Jaques Mottet
12473	S. Palazzi
6892	Winston Márquez
6896	Wahala
6900	Efraín Alejandro Méndez
6909	Angelo Nigro
6919	Mickey Mata
6923	Julio Meneses
6928	Joel Scream
6936	Augusto Córdoba
6939	Cándido Escuela
6945	Jesús G. Paublini Oliveira
6950	Mildred Mambié
6957	Zion The Promise Land
6962	Thomas Zozaya
6971	Zro
6978	Berenice Martínez
6984	Juan Carlos Nabas
7008	María Gabriela Rodríguez
7013	Grabaciones del Este
7020	Luis Varela
7027	Despecho 2
7041	Juan González
7047	Anathema cover
7050	Ibarz Briedis
12474	SEMECO
7070	Banda Casa Blanca
7072	Berni Publicidad
7088	Margarita Lunamar
7095	Helga Mosslener
7100	Henry Paul Díaz Antonio Olivieri
7108	Edgar Stambury
7114	Fabrizio Patassa
7121	Marisela Lagrave
7123	P. Milanés
6866	Ulises García
6873	David Khazam
6878	Francisco Porta
6887	Ricardo Von Schoettler
6894	Wilberg Márquez
6899	Eduardo Sacco
6905	William Luque
6908	Juan Diego
6914	Euler Guillén
6916	María Alejandra Saturno
6930	Esteban Medina
6948	Nelsi Vásquez
6952	Carlos Fuentes
6963	Sayayin
6972	Funda JAU
6977	Budu
6995	Israel Millán
7001	José Domínguez
7003	Evelina Ishakbaeva
7011	"El Mosaico de la Alegría" by Abraham Gustin
7018	Yelitza Girot
7021	José Gregorio Nieto
7025	Jaime Martínez
7032	Audioplace
7045	Maik Cazenave
12475	SENK
12476	SHowcase Prod
12478	Salazar
12479	Sale Andrés Perdomo
7099	Lorien Sequera
5997	Lucio Caminitti
7111	Armando Masse
7113	Raul Deninzon
7126	Conrad Malavé
7134	Oscar Serfatti
7139	Rubén Velasco
7145	Tim Landers
7147	David Lindsay
7163	Michell Chazet
6876	Chrystian Von Schoettler
6885	Jorge García C.
6891	Enrique Arocha
6898	Enrique Ibarreto
6902	Judith Ann Luque
6910	Angel Abad
6920	Giovanni Sciortino
6922	Brigido Peralta
6932	Luis Ricardo Méndez
6933	Enrique Cenitagoya
6944	Guillermo López
6953	César Machado
6959	Stop
6964	Caplis
6969	Batusai
6980	Luis Loyo
7002	Gastón García
7006	José Ángel Sánchez
7017	Naumarys Martínez
7030	Raquel Sofía
7035	Roberto Graterol
7038	Los Enanitos Verdes
7061	José Gassó
7069	Paola Pasquali
7073	Roland Streuli
7078	D3 Corporation C.A.
7085	Universidad Metropolitana de Caracas
7090	A. Vegas
7098	Carrasco
7101	Alfredo Matheus Diez
7112	Jesús Enrique
7120	Alfredo García
7125	Guillermo Ramírez
7129	Carmelo Russo Ensamble
13137	Juan Bautista Hernández Echezúria (Máscara Diseño)
6888	Diego Macellaro
6889	Fonotalento C.A.
6895	Pedro Betancourt
6901	Liliana Sáenz
6907	Nancy Luque
6911	Adriana Vírguez
6911	Adriana Virgüez
6927	Aimone Savino
6946	Hernán J. Paublini Oliveira
6951	Elegua
6966	Víctor Bahia
12480	Samarith Liz
6974	Jesús Llorente
6982	Joel David González
6993	Dimitri Pylenkov
7004	Francisco Zapata
6	Kodiak Agüero
7012	Eyal Chipkiewicz
7019	María Carolina Bermúdez
7024	Efrain Lara
7026	Luis Marín
7031	Rafael René Jaén Brillembourg
7040	CCs Mix
7042	Chiara Dezi
7051	Jason Constantine
7054	Eduardo Giolitti
12481	Santos Club
7065	Vicente Rojas
7075	New River: Jim Thomas
7083	Irene Turitto
7097	Diquez
7107	Ricardo Delgado
7115	Eduardo Stambury
7118	Azucena Ruggiero
3226	José Vera
7102	Melchor Monteverde
7109	Hely Orsini
7117	Georgeta Spiridon
7142	Jerry Etkins
7151	Olegario Díaz
7157	Mario Suárez
7158	Jesse Henderson
7177	Emir Valladares
7180	José Luis Rodríguez
7202	Leroy Holmes
7209	Alexis Rossell
7251	Max Aranguibel
7254	Minimothership
7262	Don Grusin
7268	Luis Fernando Borjas
7278	Ashburn Miller
7287	Antonio Antonetti
12483	Shakiniva
7306	Norma Hernández
2619	Glenn Patscha
7323	Raquel Santos
7462	Lea Stagno
6241	Mario Alfonso B.
7490	Ring Me Up
7506	Andy Daze
7522	Amigos
7527	Veronica Gonzalez
7543	Julio D'Escriván
7548	Kenny González
7558	Víctor Aguilar Sánchez
386	J. Pardo
12484	Silvia Milliani
7128	Humberto Plaza
7150	Bruce Nifong
7164	Zlaya
7174	Rafael Pacheco
7182	Agustín Calzadilla
1320	Pimpi Santiesteban
7192	Al Zeppy
7205	P. Bennett
7211	Freddy Ramos
7213	Alex Acuña
7220	Brent Reilly
7230	Jaime Hernández
3459	Luis Martínez
7236	Manolo's Group
7255	Henry Guzmán
7263	José Gregorio Hernández
7267	Nacho Maño
7272	Kika Pulido
7279	Alfredo Matheus
7281	Ricardo Landaeta Jr.
7299	Lino Gugliotta
7307	Mercy Mayorca
7321	Kiko Ricote
7472	Mr. Renny
7478	Mammouth Record
7485	Don't Fall In Love With Me
7501	Héctor Tosta de la Rosa
7503	Tony Daze
7510	Olivia Owens
12485	Sociedad de Amigos Calypso de El Callao
7521	Tone
7124	Giovanni Okino
7130	Juan Pacheco
7143	Barry Brown
7148	Mike Metheny
7155	Phil Green
7162	William Bermúdez José Altamiranda
7181	Nicolás Alvarado
7186	José Enrique Sarabia
7214	Marck Noreyko Alphonso Johnson
7226	Verdaguer
7228	Luis Contreras
7233	Máximo Graterol
12487	Sonorodven
7241	José Benaman
7246	Jair Costa
7257	Humberto Miquilénay
7258	Mark Egan
7266	Sebastian Quintero
7270	Ender Thomas
7286	Alvaro Paiva
7293	Karla Thosta
7302	Brandon Fields
7310	Heiga Audiovisuales
7312	Steve Sykes
7324	Thomas Krampl
7524	Ed Tuton
7529	Arcas
7537	Mike Creswell
7542	La Silla desde La Urbina
7546	Dimitri From Paris
7555	Víctor Aviar Sánchez
7563	Aula Magna de la U.C.V.
7569	Ollantay Velásquez
7576	Armando Lovera Rada
7178	Alberto Lewis "Al Zeppy"
7131	Ely Orsini
7135	Alberto Serfatti
7140	Oswaldo Silva
7146	Jim Seales
7159	Nancy Duke
7176	Mack El Navaja
7185	Emilio Muñoz
7195	Alfredo José Mena
7200	Orquestas de Humberto Suarez
7203	E. Quesada
7207	William Peter Ham-Tom Evans
7216	Tommy Eyre
7222	Fernando de Diego
7232	Edgar de Sola
7237	Alexander Arvelo
7242	Christopher Marsán
7252	Harold Haze
1628	Judy Buendia
7264	Paul Wertico
7271	Vinnie Colaiuta
1470	Nelson Rengell
7292	Matt Graber
7298	Eduardo Fierro
7303	Daniela Padrón
7308	Minerva Borjas
7325	Carlos Tirado Yepez
7545	Yas Inoue
2708	Vinicio Ludovik
7554	plus bonus tracks Pantaletas Negras - Un Buen Perdedor
2921	Julien Jabré
7561	Jesús Noriega Jr.
7570	Chris Joss
7578	Amanda Ochoa
7580	Teatro Teresa Carreño
7588	Rafael Rondón
7650	18 Whiskys
7133	Elizabeth Quintanales
7138	Directed by
7141	Generani Diseños gráficos
7149	Kathy Shoemaker
7161	Victorino Hermida
7167	Dennis Hamm
7179	César Bermúdez
7183	Estelita del Llano
7187	Orquesta De Humberto Suarez
7196	Bukram
7201	A. Herger
7210	Tim Pierce
7215	Alex Ligertwood
7217	Caio Vila
7224	Ignacio "Bolo" Segura
7229	Alejandro Page
7229	Alejandro Pagé
7234	Néstor Cárdenas
7240	Manolo Betancourt
7243	Vincenzo De Lisa
7256	Entre Tú y Yo
7259	Allen Hinds
12488	Starlet YEG-013
7273	Dianette Rivas
7277	Terrick Meyers
7297	Ramón Stagnaro
7300	Alex Berti
7313	Mariana Vega
7319	Steve Hall
7322	Jan-Vincent Velazco
7567	Marián Gutiérrez
7573	Juan Pablo Méndez
7589	Tom Coyne
12489	Stephan Hammond
7601	Jesús Mora
7603	Mayly Uzcategui
7178	Alberto Lewis
7193	Tommy Barrabas
7204	Eddie Smith
7208	Tony Braunagel
7212	Dan Ferguson
7221	Denis Degher
7223	Fabricio Patassa
7247	Gaspar Díaz
7260	Nathan East
7265	Abraham Laboriel
7274	Johnny Sigal
7290	Pepo Sherman
7296	Zona Diseño Gráfico
7301	Romina Salani
7305	Javier Quintero
7311	Luis Enrique "Divine"
7317	Iralyn Varela
7326	Omar Pizarro
7583	Monica Gómez
7593	Arístides Martínez
7600	Gil Cerezo
7611	Argenis Genao
7618	Daniel Cantisani
7635	Manny Gálvez
7636	Femio Hernández
7638	Frank Lane
7637	Harold Sunds
7640	Stephen Perry
7646	El Zimmercito
7654	Frank Monasterios
7661	TypoPixel
7666	Malena Hernández
7674	Morritz Beroes
7680	María Alejandra Uzcátegui
7691	José Fernández
7698	Bernardo Arzola
7704	Luigi Castillo
7708	María Consuelo Armas
7713	Ramón Castillo
7732	Abby Loces
7738	Geoff Gillette
7740	Memo Vogeler
7748	José Alejandro González
7754	Mariann Espina
7756	Leopoldo Blanco
7769	Jimmi Hendrix
7778	Mario de Jesús
7784	Rafael Chacín
7791	Jesús Villasmil
7797	Kender Medina
7802	Rafael Rincón González
7811	Marco Tulio Soto
7821	Rolando Grooscors
7828	Lila Morillo
7830	Lou Hemsey
7844	Mariana Gómez
7851	Grupo Bonsay
7855	Café Chaos on June 21st
7860	Roberto Barona
7866	Jewel Kilcher
7875	Tracy Chapman
2231	Goya Somoza
7890	Christine Mc Vie
7903	Fatima Parra
7909	María Idler
7115	Eduardo Stanbury
7647	Gerardo Balza
7658	Federico Fragalá
12490	Strummer
7668	Carlos Nieto
7678	Diego Vargas
7684	Joa Inciarte
7693	Jesús Reyes "Reyito"
7705	J.H.
7714	Henderson Olivares
12491	Stuart Baker
7725	John Peña
7733	Cary Grant
7735	Carolina Zalles
7743	Don Murray
7749	Luis Chataing
7753	Mayren Espina
7758	Bernardo Blanco
7762	Sergio Faccio
7772	Oscar Rodríguez
7777	Jorge Urdaneta
7779	Luis María "Billo" Frómeta
7785	Marcos Campos Salas
7798	rmando Hernández
7805	Amable Espina
7810	Alfonso Huerta Bracho
7817	Konstantin Litvinenko
7819	Ricardo Cepeda
7827	Alexander Rodríguez
7834	Adriana Fuentes
7838	Márquez
7845	Humberto Federico
7853	Buddy Guy
7854	Maceo Merriweather
7862	José Herrera
7870	Chill Hill
7880	Patrick Bernasco
7886	Jesse Harris
7894	Federico Flaviano
12492	T. Perdone
7910	Marshall
7920	Rolando 'Rasdub' Torrealba
12493	Takumi
742	Armandito Hernández
7659	Priritica
12494	Ted Abreu
7670	Bleeding Tears cover
7672	Victor Prada
7681	José Ramón Villasmil
7687	Luis M. Leal
7689	DJ Carlos Guillén
7689	Dj Carlos Guillen
7703	Edith Piaf
7709	Elvis Martínez
7716	Hiliana Jaramillo
7723	Un Poco Más
7731	Aaron Serfaty
7751	Ménage À Trois
7760	Mayra Espina
7768	Stephen Stills
7775	Rederit Castellano
7783	Adolfo Salas
7789	Daniel Bustillos
7796	Leonardo Ocando
12496	Tom Brick
7807	Adolfo De Pool
7815	Ricardo Aguirre González
7822	Merci Mayorca
7832	Virginia Rodríguez; Play Comunicación Creativa
7839	Luis Armando Arreaza
7842	Stevie Ray Vaughan
7852	Gino Roumou
7858	Brian Setzer
7865	Rowald de Graff
7879	Mirugia de Cuba
7881	4 OF US
7891	Gordon Sumner
7897	Carlos Sucre
7898	Micky Mata
7651	Gabox
7657	Facundo Rodriguez
7669	Oberture
7675	Manuel Petit
7682	J. S. Bach
7688	Albert Frangieh
7694	Rafael Simón Bolívar
7701	Oscar Balza
12498	Totuma
7712	Simón Ruiz
7722	David Rugeles
7728	Larry Williams
7737	Charlie Bisharat
7746	Musica Virtual de Pedro Castillo
7752	María Elena Valdez
7759	Ricardo Blanco
7770	Alfredo Ruiz
7773	Manuel S. Acuña
7781	Julio Rivera
7788	Aldemar
7792	Angela Flores
7801	A. Torres
7809	Víctor Hugo Márquez
7816	Pamir Guánchez
7820	Betulio Medina
7833	Audisono
7837	Vera
7849	Orlando Raa
7856	René Kannegieter Antonio Bello
7863	Rien Hurkmans
7867	Arnold Mohamed
7872	Wayne Cochran
7876	F.Olivera
7883	Joost Kok
7887	Hildward Croes
7900	De La Gran Ciudad
7904	Alirio Cordova
12499	Toyteq Motors S.A
12500	Tradardi
7671	Black Sun Creative Works
7676	Carlos Araujo
7677	Franklin Díaz
7685	Vinicio Carrizo
7690	Carlos Urribarí
1107	Angela
7707	David Lambo
7710	Alexis Cárdenas
7710	Alexis Cardenas
7717	Orquesta Sinfónica de Maracaibo
7730	Gerry Hey
7814	Neguito Borjas
7745	Robert Vosgien
7757	Beatriz Gomez T.
7765	Kissy Cote
7771	Bobby McFerrin
7782	Leonardo
7787	Nicola Grigoriu
7790	Ricardo
7800	Beethzart Acosta
7806	Renato Aguirre
7813	Ramón "Tito" Barrios
7824	joa@DiArt
7835	Danny Manxa
7846	Mariolga Rodríguez
7850	Eugene Mc Daniel
7857	Arthur Birza
7864	Wietze Krikke
7869	Jimi Hendrix
7871	Consuelo Velásquez
7885	Rodney L. Temperton
7889	David Gates
7892	Francesco Mazza
7899	Mauricio Anton
7911	Fidel Colmenares
7655	Johnny Pettus
7664	Rafael Díaz
7667	Prelude Of Chaos
7673	Freddy Vargas
7679	Leopoldo Quintero
7686	María E. Moreno
7692	Jacques Brel
7702	Angela Uzcátegui
7711	Ivette Ferreira
7727	Guillermo Percuoco
7729	Jorge Strunz
7736	Tommy Vicari
7742	Dick Brundage
7755	Cecilio Blanco
7761	José Pacheco
7767	Heriberto Molina Jr.
7776	Alejandro (Jackson) Castillo
7780	Ana Isa González
7786	Alejandro
7794	Belisario Carruyo
7799	Maciej Zlotkowski
7803	Armando Molero
7808	Levi Parra
7814	Abdenago "Neguito" Borjas
7823	Jhonatan Faría
7826	Prosound
7836	Guillermo Ricken Jr.
7847	Daniel Montes de Oca
7848	Jimmy Rodgers
7859	René Kannegieter
7868	Reinaldo Suarez
7873	Lenny Kravitz
7878	Martin Buitenweg
7884	Paul van Driel
7888	Henny Groot Antink
7895	Mayra Parra
7901	El Duende
7905	Teatro La Campiña
7919	Néstor Martínez
7925	Eduardo Pargas
7932	José Estrada
12501	Troconis
7924	Fratelli Arcuri Enterprise
7928	K-O
7934	Gabi Valladares
7950	Amparo Rubín
5990	Sophia "Nena" Pulido
7966	Oscar Galián
7972	Joseph Chaparro
7977	Juan Libertella
7984	Horacio Forlano
7993	Anabella Georgi
8000	C. Montbrun Ocampo
8006	Goldsboro
8012	Barry Greenwich
8015	Paul Anka
8036	Juan Carlos Orellana
8044	Augusto Bracca
8049	Magaly Pacheco
8056	Joel Someillan
8064	Alberto Gaitan
12502	Tsuru Millán
8083	Ed Williams
8090	John Montalbán
8098	Sergio Aranda
8103	Kiki Ferrer
8107	José Luis López
8114	Moisés García
8121	Javier Barrera
8127	Jorge Vilaf
8128	Karlos Valdes
8136	Stephany Ruiz
8142	Ricardo "LeMoc" Morales
8147	Sergio Damián
8156	Marta Sánchez
8168	Joel Hernández
8177	Laura Ramírez
8185	Jules Ramllano
7914	Carlos Medina
7916	Jiménez
7927	Rogelio Arvelo
7933	Atkinson
7940	Europe spanish cover
7949	Ariana Basciani
7953	Azabache
7958	Oswaldo Bronstein
7965	Oscar Guerra
7975	Oscar Giménez
7988	Carlos A. Vidal
7994	Felipe di Lodovico
7994	Felipe Di Lodovico
7998	R. Aparisi
3529	Federico Pacanis
8018	C. Perkins
8027	Paola Hormazábal
8033	Max Miglin
8038	Rodolfo Castillo
8051	Nathalie De Laet RPM Artes Gráficas
8061	Balad Version
8063	Hernan Mulet
8066	Catalina Pineda
8074	Lena Pérez
8078	Rodolfo Fernández
8091	Michael Landau
8095	Jorge Vivo
8102	John Adams
8108	Juan Carlos Moguel
8112	Karina Cortez
8117	Enrique Arellanes
8124	Erika Ramírez
8133	Franklin Rivero
8162	Jean Paul Bideau
7921	Paul Spiekermann
7931	Mota Foca
7937	Julio Castro
7944	Edison Parra
7946	José Ignacio Benítez
7957	José Alejandro Pagé
7973	Oscar Serrano
7976	Diego Rodríguez
12503	Tulio Enrique León
7986	Luis Jaurrieta
12504	Tyronne Vera
8002	Sebastian Krys
8009	Bob Dylan
8017	Donaldson
8019	Roberto Obeso
8050	William Hernández
8054	Tim Mitchell
8059	Randall M. Barlow
8068	Ricardo Gaitan
8071	Rachel Perry
8077	Charles Dye
8081	Roger González
8088	Ken Theis
8094	Humberto Gatica
8104	Paco Ibáñez
8113	Javo González
8118	Celio González Jr.
8123	Humberto López
8130	Francisco Cedillo
8148	Francisco "Chucky" Oroz
8165	Carlos Vera
8175	"La Pequeña Sofia"
8179	Roger Hudson
4026	E. Alexander
376	Alfredo "Pollo" Gil
7917	Edgar Fernandois
7923	Nicolás "Tato" Barrera
7929	Rahn
7961	Ignacio Angulo Isaías Urbina
7968	Mercedes Mayorca
7969	Benjamín Taub
7979	Virginia Nembrini - March Rios Estudio Creativo
7980	Daniela Yañez
12505	U. Valles
8001	Eric Burdon
8011	Luis Cruz
8024	Estacio
8030	Mario PP
8039	M. Fernández
8052	Raul Pérez
8057	Andres Castro
8057	Andrés Castro
8065	Janet Dacal
8070	Wendy Pedersen
8076	Emilio Estefan Jr. Ricardo Gaitan
8086	Javier Garza
8089	Jason Rankins
8096	Zaibi
8101	Adrián Schinoff
8105	Vlado Meller
8111	Consuelo Aquino
8116	Erick E. Sánchez
8125	Miguel Alonso Alcántara
12506	Ubieda
8137	Pepe Ortega
7066	Ramón Bassol
8152	Sandra Rotondo
8157	Nek
8161	Javo Barrera
8171	Ivan Barrera
8176	Esteban Rivera
8182	Israel Blancas Tlaxcaltecatl
8187	Vladimir Quintero Mora
8190	Pedro Alfonso
8195	Bernardo Doral
7926	Evelyn Gilmond
7930	Randy Sierra
7935	El Principio Del Final
7943	Rael González
7951	José "Chuo" Martín
7964	Luis Altamirano
645	Carlos Eduardo Troconis
7981	P. Rodríguez
7999	Roberto Giralt
8008	Rodolfo Márques
8014	Wintrop Wison
8022	Bazil Mayer
6666	Teatro Juarez
8046	José Armada
8055	Gustavo Fernández
8058	René Toledo
8058	Rene Toledo
12507	Udo Jurgens
8067	Alfredo Oliva
8073	Emilio Estefan Jr.
8087	Rafael Padilla
8093	Leyla Hoyle
8099	Cristian Robles
8106	Gloria López
8110	Judith Reyes
8120	Guillermo Uribe
8126	Gonzalo Pérez
8129	Guillermo "Willy" Trejo
8134	Clarivel Avendaño
8140	John Paterno
8143	Ana Galvin
8151	Alex Ubago
8154	Pastora Soler
8163	Bori Alarcón
8170	Jako González Grau
8173	Alma Osorio
8180	Rodrigo Duarte
12508	Unknown
7948	Godoth
7955	Wendy Hawkinson Ilan Chester
7962	Inés Mayorca
7967	Mario Parmisano
7974	A. García
7982	Alejandro Calderone
12509	Vicenzo Lovecchio
7996	Pino
7997	E. La Fontaine
7997	E. Lafontaine
8013	Jimmie Rogers
8016	Romualdo Brito
8021	Gómez
8025	Jaime Cruz
8035	Rita Quintero
8041	José M. Pérez
8048	Carolina Landaeta
8053	Sangueo Version
8060	Nicolas Tovar
8069	Ricardo Suárez
8075	Leyla Leeming
8079	José Maldonado
8084	Ranson Cobb
8092	David Abellán
8097	Oliver Gatica
8100	Antony Zeller
8109	Luis Barbería
8115	Laura Alvarez
8119	Alan Lerma
8122	Michkin Boyzo
8132	Emilio Avila
8141	Armando Avila
8153	José María Rosillo
8155	Marta Pichi
12510	Vilma Ovalles
8167	Vanesa Pinedo
8172	Renee Camacho
8181	Txema Rosique
8183	Aaron Sterling
8166	Enrique "Bugs" Hernández
8174	Sergio "Guiñapo" García
8178	Rotger Rosas
8185	Jules Ramillano
8197	Guido Díaz
8212	Manu Chalud
3226	Pepe Vera
8226	Fonotalento
8232	Luis Fernando Osorio
8236	Rudy Pérez
8245	Irene Soler
8256	Daniel Recalde
8259	Carlos M. Montenegro
8266	P. J. Herrero
8273	Burt Bacharach
8279	Omar Jeanton
8287	arlos Acosta
8292	Adolfo Sueiro
8294	Otilia Rodríguez
8313	PGisela Rodrígues
8320	Pamela Peña
8323	Enrique Madera
8331	Luco Caminiti
8335	Chris Einswood
8342	Pedrito López
8345	Cristobal Duarte
8351	María Tepedino
8356	DesignXpress
8374	Pedro J. de Freitas
8378	Napoleon Bravo
8385	Antonio Bardi Alberto Turbay Ayala
12512	Vito Fumai
12513	Vladimir Sosa Sarabia
12514	Vlo Erminy
13302	Jesús "Titi" Marval
13303	Luis "Munky"Castro
13308	Leonid Arao
3111	Jonás Hidalgo
13312	Alejandro Araujo
13323	W. Alvarez
8184	Adrian "Rojo" Treviño
8194	Pete Wallace
8215	Mr. Rommel
8225	Alberto Rojas
8234	Berni Publicidad C. A.
8235	Roberto Mata
8247	Raul Midón
13133	Yoredvi Usecha
8265	Graff Group
8270	J. Brown
8280	Juan Ibarra Romero
8285	Luciano Gherardi
8288	Luciano Stecconi
8297	Pardo-Arbex-D.D.-Leali
8302	Griselda García Alvarez
8310	J.A. Villafañe
8318	José "Cheo" Navarro
8325	Marsha Dougher
8328	Juan Domene
8336	Christian Iacovescu
8340	Verónica Faría
8348	Johann Moreán
8352	J.L. Armenteros
8359	Armando Calderón
8365	Fabiana Arroyo
12515	W:Lab Laboratorio De Diseño C.A
8376	José Antor
8387	Tino Geiser
8391	Giussepe Terenzio
12516	Wake5
12517	Wax-0-Matik
12518	Winwod Miller
12519	Wiredconcept
12521	Xivars Briedis
12523	Yrene
8599	Dave Meagan
8192	Curt Schneider
8214	Carlos Almazán
8221	Alex Xeoan Remix
8224	Alejandro Mata
8238	Omar Sánchez
8244	Jim Munn
8251	Jeff Kievit
8257	Mark Krieg
8260	Steve Robillard
8268	Ramiro Ramírez
12525	Ziegler
8276	Luis Wiener
8284	Luis Lewis
8290	Leopolodo Escalante
8295	Williams
8300	Enzo Casella
8314	Patrizia Grassi
8326	Nicanor Madera
8338	Tony Morondi
8344	Jorge Arrieta
8349	Juan Pardo Jr.
8355	Alberto Cortez
8360	Luz Verde
8375	Animando C.A.
8382	Frank Velásquez
8384	Carlos Alvarado
8392	Fernando Z. Maldonado
12526	Zuleyma Monagas
12527	Zuzuku
12528	by Vytas Brenner
11095	Justin Hayward
13306	Sergio Cabeza
13307	Gustavo Mujica
13314	Paul Quintero
8874	Stephen Miller
4139	Yumber Vera for Fundación Nuevas Bandas
11110	S. Moy
8189	Guianko Gomez
8198	Edgar Barrera
8350	John Philips
8209	Carlos Sainz
8211	Coti
8217	Olguita De Armas
8228	Antonio Huizi - Graficción
8229	Willy Chirino
8246	Brian Monroney
8253	Charles Santiago
8258	John Kricker
8267	THe Miami Strings
8278	Bacharach
8282	Giulio Remersaro
8291	Guido Guarnieri
8299	Black Well
12530	John Hawkis
8312	Santiago Pol
8327	Nelson Garrido
8333	Lucian Sendrea
8339	Kenny Arrieta
8347	Pixels Computación S.A.
2882	Abel Pedro de Freitas
8362	Richard Beyle
8372	Dayagraphics
8379	Willy Gamboa
8386	Pancho Saenz
8390	Saúl Morillo
11098	James Pebworth
12531	José Ostos
12532	Pablo Iranzo
12533	Daniel Pereira "Danny Deep"
11106	Jim Capaldi
12534	Juan Ernesto Franzius
11110	Sylvia Moy
12535	Juancho Jab
12536	Luis Boza
11458	L. Demetrio
604	Charles Spiteri
12537	Edgar Sánchez
12538	Nestor Veitor
8216	Ricardo Eddy Martínez
8223	Oswaldo Rojas
8237	Jesus Brito
8241	Chema Purón
8249	Billy Schutmatt
8254	Frank González
8264	Don Black
8272	Van McCoy
8277	G. Mardsen
8286	Manolo Freire
8304	Arnaldo Medina
8306	Agustín Verde
8306	Agustin Verde
8317	Armando Valero
8322	José Madera
8330	Jorge Cruz
8334	Gregorio Girovski
8343	Maggie Ryder
8354	Raúl de Freitas
8354	Raúl De Freitas
12539	Misael Sanchez
13066	Augusto Perdono
8377	María A. Cámara De Freitas
8383	Vito Di Maso
8389	Manny Delgado
12540	Luis Salazar "Stardust"
12541	Gabriel Torrelles
12543	Hary Febres
12544	Jonathan Mora
12545	Jonás Cordero
12546	Franco Cerruti Ardila
12547	Diego Alejandro García
8842	Rafael Velásquez
600	Wilbert Alvarez
1287	C. Moreán
1287	C.Moreán
8213	Elizabeth Taboada
8227	Alvise Sachi
8233	Beatriz Corona
8239	José C. Ulloa
8242	Jeannie Cruz
8250	Will Tartak
8252	Paul Hoyle
8262	Debbie Spring
8281	Cerebros Elasticos
8283	Gregorije Girowski
8293	Frank Hernández "El Pavo"
8298	Carlos H. Moreán de Las Casas
8301	Los Brothers
8321	Johnny Pacheco
8324	Samuel Del Real
8332	Gabriel Torres
8337	Medio Evo
8346	Hank Williams
8353	Vidal Romero
8358	Roberto Carlos
8368	Diógenes Méndez
8373	Carolina Laya
8388	Julio C'zar Vasquez
8395	Gabriel Grau
8397	Alejandro Jaen
8396	Jean Luc Couat
8398	Romer Quintero
8402	Cory Noziglia
8401	Virginia Urdaneta
8405	Ricardo Montaner
8406	Kelvin Lugo
8407	Marco Cáceres
8408	Dany Anka
8413	René Figueroa
8610	Robert Vilela
8427	Jorge Ettore
797	Adriana Terán
8443	Carlos Colina
8447	The Skatalites & Don Drummond
8452	César Peralta
8462	Carlos Palladino
12546	Franco Cerruti Ardilla
8506	Edwin Andrades
8511	Claudio Sánchez
8515	Claudia Musset
8537	Señora Luna
8541	Pepe Bello
12549	Carlos Espinoza
8550	Christian Dobles
8554	Marcos Funk
8559	Cristian Teppa
8564	DJ Zancudo
8569	Tony King
8575	Rick Fenn
8582	Kevin Flanagan
8584	Pete Thomas
8593	Fernando Goofey
8596	Anthony King
8599	Dave Meegan
8608	Robert Quintero
8615	Grupo Zaranda
8621	Chris Flechert
8634	Melannie
8645	Jean Carlo Sánchez
8662	Gustavo Adolfo Rolo
5094	H. Carabaño
8409	Jesús "Chui" Viloria
1033	Yarami Marcano
8424	Gerd Baumgartner
8430	Luis A. Generani
12550	Corina González
8444	Víctor Alvarez
8451	Ultrasonido
8458	Andres Rodríguez
8458	Andrés Rodríguez
8463	Yulezka Martínez
8467	Charliepapa
8479	La Pia Páez
8484	The SoundLab
8487	Gabriel Guerrero
8502	Marco Villacorta Tosino
8513	Alvaro Cova
8519	Edgar Marín
8521	Andrés Ponce
8540	B&R Gibb/c. Martin
8547	Guido Malandrino
8551	Cristian Orjuela
8558	Zancudo
8562	Jorge García (Paté Sónico)
8565	José Luis Alvarado
8571	Godfrey Wang
8578	Roberto Blandín
8586	Jean Senton
8591	Joan Shenton
8594	Mick England
8600	Ugo Del Miriam
8606	C. Cremisini
8612	Tita Parra
8616	Hugo Carregal
8623	Gustavo Calles
8629	Colina Pablo Dagnino
8635	Fernando Garcés
12551	E. Hidalgo
8410	DJ Yayo Disco Mix
12552	Alejandro Pietro C.
8419	Buffet Casero
8431	Otto Ballaben
8433	Jaime Arbex Miro
8438	José Bermúdez
8446	Laurye McGregor
8457	La Cueva
8461	Jessica Jansen
8473	Daniel Velasco A.
8478	Aaron Johnston
8483	Josue Rodríguez
8486	Vanessa Caro
8494	Cherry Navarro
8504	Irea Campos
8507	Javier Acurero
8510	Luis Pire
12553	Rafael Briceño
8526	Ollantay Marichales
8530	Version: Los Claners
12554	Luis Fragachán
1891	Clive Chapman
8561	Pancho Fernández
8572	Davis Harris
8577	Kumar Harade
8583	Ralph Ravenscroft
8595	Ray Furze
8604	William Cabrera
8626	Yolmar Méndez
8636	Jesús "Lalo" Noriega
8648	La Colina Del Diablo
1167	Rafael Figuiolo
2677	Ana María Bertolli
5097	Sheydeguer Silva
602	J. M. Arria
8411	Pia Páez
8415	Juan Carlos Pineda
8417	Piero
8425	A. Benavides
12555	Ángel Chirinos
8445	Meredith Wilson
12556	Pedro Pacheco
8460	Elaine Minionis
8472	H.L. Baute
8480	Carmen González
8490	Charly Duur
8497	F. Belisario
8509	Gervis Maldonado
8523	Romaing Poleo
12557	Fernando Venturini
8543	Weyler
8553	Wolfang Roldán
8560	Marco Fiore
8568	Amanecer
8574	David D'Freez
8581	David Ulmn
8589	Inga Lubbock
12558	Luis Alberto Jimenez
12559	Raul Ramírez
8622	Hugo Del Miriani
8628	Moisés González
12560	Fernandez J.C.
2034	Claudio Cremiccini
8647	Antonio Mejía
8653	Archivo El Nacional
8663	Gregorio Spindola
8672	W. Sánchez
5094	Vers: H. Carabaño
8677	Abraham Yacaman
7437	José Luis Moranza
8646	A. Scano
5133	Carlos Camarinha
5094	Hernán J. Carabaño
12561	Fernandez G
8422	Versión Italiano
8429	Carlos Colmenares
8439	Gustavo Alemán
8449	Tommy Leb
8459	César Pingarrón
8459	Cesar Pingarrón
8464	mobiusCo@deviantart
8470	Juan Sebastián Rodríguez
8477	Mike Marsh
8485	Valeria Caro
8491	M. Díaz
8496	Rolando Dorrego
8505	Reyes
8514	Christian Gallo
8518	Oswaldo Blanco
8520	Aldo
8525	Horst Pfaffelmayer
12562	Thomas Bonnieux
12563	Ismael Aguirre
8573	Raúl "El Portugués"
8585	Sharon Shelton
8592	Sonia Jones
8602	Jorge Alonso
8613	Julio Castillo
144	Olga Martin
8617	Dub Versión
8630	Anthony Head
8638	Franklin Cordido
8646	Ascanio Scano
8652	José Gregorio B. Spindola
8665	Ernesto Vidal Hernández
8669	Constrictor Constrictor
8676	Tri-P
8680	Rubén Rodríguez
5202	Carlos Montenegro
8407	Marco Caceres
8426	Hernán Carabaño Héctor Nieto
8434	Kismayu
8448	Giannis Nicolaidis
8453	Carlos Escarbay
8466	Andrés Echandía
8468	Felipe Gutiérrez
8584	Pete Thomns
8482	Martín Morales
8489	Verónica Caro
8492	Youn Raskal
8499	G. Golonello
12564	Roberto Benites
8534	R. Nelson
12565	María Eugenia Zandoval
8544	Richard Money
8548	Tomas Opitz
8555	Arquímedes Arévalo
8563	Oswaldo Grillet/cdboxproducciones
8570	Jaime Lane
8576	Shambason
8587	Valerie Whitehead
8590	Nick Patrick
12566	Paul Rengel
1435	Marlene Yánez
8620	Ane Manchobas
8624	Enrique Moros
8632	Kent Eling
8655	Juan Facundo Coral
8660	Gretel Bindels
8664	Hipólito Arrieta
8681	Javier Corcobado
5184	D. Reyes
8650	Graphia Design
8656	Marcelo Grez
8666	José Alejandro Maldonado
3131	Paulo de Oliveira
8678	El Cocodrilo Solitario
8685	Emil Anaya
12567	Jorge Gomez
8695	Damian Michaels
8703	Hasta El Final
8714	Jhonny Padilla
8745	Victor Cigarra
8753	Kryptonita Liquida
8757	El León Bailarin
8770	To Love Somebody
8776	Smoke In Your Eyes
8794	El Hatillo
8810	Mauricio Smith
8819	Carlos "Tabaco" Quintana
8827	César Portillo de la Luz
8829	Miguelito Valdéz
8835	Fusion IV
8842	Rafael "Gallo" Velásquez
8847	Guillermo Vegas
8854	Bazil Alexander
8859	Barron Browne
8863	Bob Gay
8868	Dave Shacter.
8874	Stephen Miller - Snapper Graphics
8883	Worldbeat
8891	Carlos Germán Rojas
8902	Cavgnaro
8903	Jorge R. Castillo
8910	William Arguello
3134	Rafael Gueraje Martínez
8679	Aintzane con G de Gloria
8684	Germán Silva
8694	Jaap "Monchito" Melman
8698	Live in Brazil
8709	Luis Negrin
8718	Nailu Colmenarez
8725	Geoff Allan
8734	Velia
8756	Pat Russo
8760	No Me Hace Falta Ver La Luna
8765	I Can See Clearly
8772	Botuto Diseño
8781	Daniela Fermin
8786	Luis Antonio Otamendi
8795	Juan Manuel Arijo
8797	Luccio Caminitti
8805	Romeo Penque
8807	Jeff Layton
8816	Bob Millikan
8822	Juanito Márquez
8828	Pepe Delgado
8839	Alexander Berti
8845	Martin Rojas
8850	Milagros Seijas
8856	Snaps
8865	Carlos Vila
8869	Mark Wessel
8872	Frank Mead
8878	J. Marshall
8893	Chuy
8897	Alfredo Valero
8900	Pedro Gutierrez
3132	Angela Gugliotta
8682	Edgar Torres
8683	C.O.
8688	Nico Araujo
8699	Remastered
8710	Jesús Gabriel Mendoza
8716	Brian McNeill
8732	René Gousot
8736	David Rios
8741	Olga
8747	440 Torker
1192	Marco "Toro" Bernal
8764	Canción Del Amanecer
8769	Don't Be Cruel
8775	Trino Mora
8785	Flores Soláno
8790	Colinas de Bello Monte
8802	Boris Shejov
8809	Jimmy Young
8814	Harold Kohon's String Ensemble
8821	Ignacio Izcaray
8826	Bobby Collazo
8830	Carlos Eleta Almarán
8836	Filemon Monterola
8844	Eduardo Rubio
8855	Alan Hunt
8862	Alvaro Alencar
8871	Rich Cohan
8873	Debbie Humphries
8881	Blanco
8894	Guillermo Sanchez
3617	Carlos "Nene" Quintero Jesús "Chuo" Quintero
8932	Karamelo Santo
8941	José Henrique De Freitas
8944	José Feliciano
12568	Adrían Morales Demori
8696	Cesar Jaime
8705	UMaster
8712	Alberto Brito Landeau
8717	Wilmer Linarez
8723	Yelson Marchan Veroes
8727	Jerry Laedon
8733	Cocoy
8742	Mariela
3798	Luis Sisinno
8761	Trujillo
8768	Mario Carabeo
8771	Everybody Plays The Fool
8779	J. Hendrix
8789	EBG
8791	Pepe Loeches
8799	María Ríos Reyna
8806	Amaury Pérez
8812	Héctor Garrido
8820	Sue Halloran
8825	Esteban Toronjí
8832	Graciela Naranjo
8834	Mauricio Silva
8843	José Vicente Melo
8849	José Luis Alarcón
8867	Denis Gonzalez
8888	Poindexter
8892	Maribel
8905	Manuel Guerra
8923	Paul Suescún
8939	Angel "Taba" Mora
8945	Orden Privado
8950	Miguel Nieves
8956	Topo
8969	Maickel Melamed
8697	Juan Manuel De Ferrari Alejandro Londoño
8713	Andrew Melean
8719	José Manuel Orozco
8730	Brian Young
8735	Miguel Jaimes
8737	Friedel Onasch
8746	Antonio Prieto
8750	La Orquesta De Daniel Grau
8754	Disco Fantasy
8759	Una Historia de Malandros
8766	Johnny Be Good
8773	Traces
8777	I will always think about you
8782	Teatro de Chacao
8788	Alejandro Urdaneta
8792	Alberto Burbon
8801	Oscar Serfaty
8811	Kinny Landrum
8813	Birch Johnson
8817	María Grever
8831	Orlando de la Rosa
8838	Miguel Pineda
8840	José Raul Valery
8848	Manuel Vegas
8852	Ogui Verde
8861	Sala Romulo Gallegos (El Celarg)
8870	Eric Rasmussen
8880	Fiona Gonzalez
2137	Paul Rodriguez
8887	Luis Felipe Guevara
8898	Rafael Sosa
7779	Billo Frómeta
8904	Steve Marino
8907	Icono Servicios Integrales de Comunicación
8922	D.P.
8933	Fade
12569	Ricardo Aubele
8946	Nelson Martínez
8711	Pablo Pérez Baptista
8715	Ariben Sepulveda
8720	Douglas Ramos
8731	Vicky
8738	My Special Song
8752	Dejando Volar El Pensamiento
8755	Jazznova
8762	Canción Con Tu Nombre
8767	I'm Sorry Susan
8774	White Dhade Of Pale
8778	P.E.C.A.
8783	Pablo Carrera
8787	CCCS Mix
8793	Alberto Flores Soláno
8800	Eurosonic
8804	Alfred White
8808	Damaris Cortese
8815	Hilda Harris
8818	Anibal Abreu
8823	G. Venegas
8833	Alberto Domínguez
8837	Manuel Villalba
8841	Luis Enrique Wilson
8846	Florentino Mendoza
8853	Carlos Montbrun Ocampo
8858	Zenco
8864	Neal Ward
8866	Alex Hodge
8875	Claudia Fontaine
8882	Maria Isabel
8906	Rémil Renna
8912	Juan Carlos Araujo
8919	Angel Colmenares
8931	Skacustic Version by DP Midnite Combo
8942	William "Cheito" Romero
8947	Cresencio Salcedo
1525	Pedrinho Medeiros y Desorden Público
2703	Kiko (CMYK)
8925	Derrick Harriott
8940	Sonofolk
8952	Las Chicas de la Medianoche
8957	Alberto Navas
8960	Maiquel Torcatt
8964	Maximino Pozo
8968	Raúl Salmerón
8975	Guillermo Machado
8979	Douglas Velásquez
8993	V'Lis
9011	Alexis Albujas
9016	Kill Message Media
9018	Hueco
9027	Roxy Teather
9036	Anna Karin Svaetichin
9045	Franklin Nieves
9056	Belkis Guevara
9060	Jesús G. Palma
9063	George Fort
9071	Rafael Savino
9079	Alejandro Pérez R.
7640	Stephen R. Perry
12570	Martín Imof
12571	Daniel Starke
12572	Willian Padrón
12573	Carlos Eduardo Olavarría
12574	Juancho Pérez
11129	Wes Farrell
12575	Yneilmar Leal
12576	Alejandra Abecasis
12577	A. Londoño
12578	Antonio J. Guzman
12579	Ramiro Fernández
12580	Rafael Gimón
12581	Blanca Torres
12582	Felipe Doffiny
12583	Iván Almaral
12584	Al Falcon
12586	Bob Moore
8934	Luis Alejandro García
8948	Mario Carniello
8962	Yelitze Colmenares
8966	Carlos Navas
8970	C4 Trío
8977	Aeromusica
8989	Clio Masterización
8997	Nascuy Linares
9004	A.K.A. Trece
9008	B.D.O Recordings
9014	Buster Douglas Odeholm
9021	Fepo's home
9026	A. Cazalis/adpt:Felipe Grüber
9035	Leo Correa
9051	Marianella Delgado
9054	Rafael Fuentes Jr.
9062	Freddy Alvarez
9064	Wendy
9070	Lasser Play
9075	Armando Baralt Truchsess
9083	Manuel González
12587	Daniel Benarroch
12588	Diego "Martín" Guerrero
12589	Iván Bossio
684	Vanessa Rodríguez M.
12592	Edward Vera
12593	Ernesto Rangel
12594	Chucho Valdéz
12595	César Prato
12596	Pablo Camacaro
12597	Dizzie Gillespie
12598	Manuel González Ruiz
12599	Claudia Rodríguez
12601	Noel Silva
12602	Jhonny Serra
12603	Juliet González
12604	Sebastián M.
4771	Ramón I. Méndez A
4140	Vicente Corostola for ConceptoGráfico
8949	Tradicional
12605	Cristian Vigliano
8974	Yonathan "Morocho" Gavidia
8981	Rod Bass Lab
8984	Samsara Recs
8998	Lobo
9005	Fauna Crepuscular Brass Section
9015	Ed Vill
9040	Rafael Molina
9048	Williams Padrón
9067	Edgar Alexander Jr.
9072	David Toro
9076	Mann
9084	E. Quintero
12608	Casa De Cheo
12609	Eliud Farías Penuela
12610	Isabelle Granger
12611	Ricardo Delgado Rodríguez
12612	Felix Allueva
12613	María Isabel "Bubu" Alvarez
12614	María Gomez
12615	Olga Trinidad Diez
12616	Carlos Burgos
12617	Pedro Sandoval
12618	Patrick Dolante
12619	Marco Antonio Guerrier
12620	George Marin
12621	Alejandro Alvarado
12622	Dalny Rago
12623	Kurt Weill
12624	Roger Fernay
12625	Rafael Hernández
12627	Daniela Erminy
395	Luis Ortero
1691	Gilberto Reboiledo
498	A. Astorga
4228	Danny Harrel
5439	M. Molina
8951	Tokyo Ska Paradise Orchestra
8955	Valmore Nieves
8959	Pasquale Spolzino
8967	Gustavo Márquez
8972	Manuel Márquez
8985	Un Día
8992	Angel Solano
9002	E. Aldrey
9017	Raymond Herrera
9023	Eduardo Hidalgo
9029	Camilo Nicolás Muñoz
9037	Wilmer Granados
9042	Elisa Pérez
9046	Druidas
9059	Emiro Delfín
9065	Mercedes Ríos
9073	Isabel de Armas
9078	Wilson
7073	Roland Streulli
12632	Luis Itanare
11179	Tim Hardin
12634	Alejandro Terrán
12638	César Elizer
12639	Pablo Bernasconi
12640	Antonio Franco
12641	R. Gutiérrez
12642	Jennifer Dopazzo
12643	Jorge Durán
12645	Rubén Darío
11205	Lee
11207	Carvalho
12646	Freddy R
12647	Los Grillos
12648	David Cabrera
12649	José Miguel de Robertis Padua
8953	Leonard Jacome
8961	Coco-Munchen Version
8965	Chema Skandal
8971	Mario Díaz
8976	Miguel Sánchez
8982	Fundación Seguros Caracas
8994	Olga Trinidad Diez y Riega
9003	Luis Molina Pantín
9009	Jaime Loor
9025	Jesús Cedeño
9044	Juan Pérez
9049	Mario A. González O.
9057	Orlando Montiel
9066	Carmelo Russo's String Ensemble
6614	Hector Do Nascimiento
9077	Alfredo Padrón
11204	Felix Bablis Madrigal
11206	Gene McFadden
12650	Daniel A. Landaeta
12651	Martinna Mas
12652	Aquiles Hadjis
12653	Pablo Souto
12654	Guillermo Palladino
12655	Joe Rivera
12656	Andrew Blanco
12657	Ramón Nova
12658	Ramón París
12659	Héctor Herrera
12660	Zultan Kunckel
12661	Tatiana Tello
12663	Alexis Mora
12664	Pedro Francisco Lizardo
12665	Mario Loaiza
12666	Miguel Angel
12667	Wishkey Co
12668	Lorenzo Nesta
11247	Sidney Lippman
8980	Extensión en Vivo
8987	Daniel Puelma Day
8991	Rastattoo
8996	Miguel Rodríguez
12669	Jeff Hollie
9019	To Keep Your Mouth Shut
12670	Daan van der Elskenat
9039	Livio Arias
9043	Mary Diomira Maleno
9047	Flavio Hernández
9052	Rainbow
9058	Artyphot
12671	Rudy Albano
9080	Duane Eddy
9917	Johnny Lamas
12672	Sebastien Sam
12673	Juan Bonilla
9920	José Manzo
12674	Jasper Bax
9923	Elmer Leal
9924	Carlos Enrique Jugo
12675	Mr. Horny
9926	Miguel Angel Fuster
9927	Angel Rada
12676	Robert Plan
12677	Unknown Artists
12678	José Alberto Iglesias
9930	Recopilación: Edgar Lara
12679	Victor O'Brien
9932	Carlos Gardel
12681	Victor Daniel
12682	Miguel Ángel Jaimes
3668	Alcides Monrroy
9938	Ana Magdalena
9940	Costas Ioanidis-L
9941	Juan Pardo
8273	Burt Bacharad
500	J. Bellomo
9056	Belkys Guevara
3654	N. Sánchez
12683	Beatriz G. Sadeño
12684	Alveiro Bolívar
9947	Glen P. Stone
12685	Aníbal Nuñez
12686	Leonora Curto
7358	Rafael Sanchez
12687	Enzo Napoli
9954	Iñigo Zabala
9956	Danilo Vaona
9957	José María Cano
9959	Donald Canwood
9961	Tavinho Paes
9963	Vers. Pedro Medeiros
9965	Antonio Pérez
12688	Joseline García
12689	Eric Peralta
12691	S. Vicent
12692	P. Harmsworth
12693	Victor Avlra Sánchez
12695	Luis Alegrett
12696	Phil Medley and Bert Russell
9985	Barry Mann
12697	Alvaro Stuyck
12698	Leo Vieira
9991	Rosario Girón
9993	Rubén Guzmán
9995	John F. Colley
12699	Ricardo Kazibutowski
12700	Claudio Napolitano
12701	Marlon Lares
12702	Herman D. Gimbel
10006	Augusto Cuatro
12703	Stephanie Altman
12704	The Ventures
12705	Keith Reid
12706	Gary Brooker
12707	George Bruno
12708	José Miguel Rodríguez
12709	Pérez De León
12710	Willmar Tarazona
9443	Javier Lozada
45	Guiilermo Carrasco
67	Geoge Henríquez
2943	César Somoza
9944	Antonio Morales 'Junior'
12711	Juan Sucre
67	George Henriquez
9950	Luis Panero
12712	Juanma Trujillo
9953	María Rosario Duvelar
7222	Fernando De Diego
1944	Luis Bolin
9955	Rosa María Girón
9958	Gianni Gastaldo
9960	Djuric Bertad
9962	Kiko Pererira
5055	Esteban Demian
12713	Leonardo Blanco
12714	Alfredo Correia
12715	Ram Martínez
12716	Brian Hernández
12717	Fernando Amendola
12718	Rubén Rada
9978	Alfred Newman
12719	María José Jijón
12720	Michel Rivero
9984	Luciano Beretta
12721	Nacho Gala
12722	Enrique Morales
9990	Vito Pallavicini
9994	Consuelo Ascanio
12723	Masserrati 2lts
12724	Miguel Karroum
9999	John D. Loudermilk
12726	Bernardo Anzola
10005	England Dan
10007	Armando Mancenelli
12727	Richard de Avila
12729	Nicolas Estrada
12730	Miguel Angel Caputo
12732	Larry Acosta
12733	Jesús "Chuo" Torrealba
12734	Rafael Roa
12735	Juan Trujillo
12737	Rodrigo Márquez
12738	Gustavo Velásquez
12739	Eduardo De La Mano
10035	Bert Russell
10038	Phil Medley
12740	Oscar Calle
12741	Salvatore S
12742	Leando Angarita
12743	Carlos Luís Sánchez
12744	Iván Iga
12745	The Cure
10051	Johnny Quiros
10051	Johnny Quirós
12747	J. Acosta
7778	Mario De Jesús
12748	C. Guzmán
12749	L. Alcalá
12750	A. Garavito
10066	Erasmo Carlos
978	Rudy Marquez
10068	Jesse Colin Young
10070	Charalampe Chalkitis
10072	Stylianos Vlavianos
10072	Stylianos Vlavianós
10074	Manuel Ceferino Flores
10076	Mauricio "Vermar" Rigaldi
10078	Roberto Vecchianni
10082	Charles Aznavour
10084	Eduardo Martínezdel Box
10085	Maurice Gibb
10088	Larry Kusik
10088	Larry. Kusik
10091	Jeff Barry
10093	Manuel Alejandro
93	Paul McCartnegy
10099	Gen Loudermilk
44	D en D.
44	D. en D
12752	Antonio Faro
10105	Kenny Moore
2108	Jorge Aguilat
12753	Daniel Melero
10036	FrancisLai
10036	Francis Lai
12756	Anibal Morino
10044	Kenneth Gamble
12757	Joaquin Salim
12758	Juan Litio
12759	César A. Somoza
12760	Alan Arenas
12761	Rolan Streuli
12762	Harold Escalona
12763	Miriam Troconis
12765	Silvia Aray
12766	Alejandro Avalis
12767	Alfredo Lois
10067	Omero González
10069	Helen Banks
10073	Lawrence Russell Brown
4388	Mirna Ríos
10075	Renato Pareli
10077	Irwin Levine
10079	Doug Sahm
10081	Georges Garvarentz
10083	Barry Gibb
10086	Édson Ribeiro
10087	Nino Rota
10089	Al Bano Carrisi
10090	Hélio Justo
10092	Ellie Greenwich
12768	Marcos Banchero
10096	Bobby Goldsboro
491	Jaime Verdager
10102	Zedryk Turnbbough
10104	Marti McCall
10106	Bruce Fisher
10108	Gonzalo Curiel
10110	Paul Philip
12769	Gilberto López
10115	Enrique La Fontaine
10117	Guilherme Lamounier
79	Joaquin Torres
10107	Irving Siels
10109	Juan Carlos Calderón
10111	Irma Silva
10114	Vers. esp. Alvaro Serrano
4393	Rodrigo Garcia
10116	"Fabio Jr." Ayrosa Correia Galvao
10118	Socorro Centeno
10124	Manuel Rodríguez C.
12771	José Sinfontes
10129	Chip Taylor
10131	Jo Armstead
10133	Robert Lamm
9162	B.B.King
12772	Julio Áñez
10136	Robert Blackwell
10136	RobertBlackwell
12773	Raylú Rangel
12774	Luis Brito
12775	Jorge Vall
12777	Agustín Bozzo
12778	Kara Flebes
12780	Karina Fleves
12781	Erick León
12782	Alejandro Iodice
12783	Cheo Feliciano
12784	Mauro Quiroga
12785	Néstor Vincero
12786	Alejandra Luis
12787	Rodrigo Palacios
12788	Solange Romero
12789	Carlos Represas
12790	Francisco López
12791	Pedro Fajardo
11217	Leon Huff
12793	M. Panzari
12794	Tommy James
12795	The Shondells
12796	Luis Montenegro
12797	Boston Rex Custom Recordings
2035	Wolfang Vivas
10119	Camilo Blanes Cortés
10121	Danilo Correa
10123	Luis E. Rodríguez
12798	Alberto Díaz Moreno
10127	Nick Ashford
10128	Jerry Ragoboy
10130	Valiere Simpson
10132	Jerome Kern
10135	John Marascalco
12799	Franchesco Guillén
12800	Ximon Molina
12801	Edgar Silva
12802	Lorena Vogeler
12803	Della Noche
12804	Rudy Pérez López
12805	José Antonio Jurio
12806	Carlos J. García
12807	Della Noce
12808	Antonio Juric
12809	Daniel Landaeta
12810	Patricia Grassi
12811	Giuliano Molgora
12813	Carlos David Díaz "Chatto"
12814	Julio Serrano
12815	Amelie Areco
10170	Robin Gibb
12816	Jorge Divo
12817	José Manuel Roo
12818	Paula Salina
12819	Juan Carlos Echeandía
12820	Germán Socorro M
12821	Rodrígo Pérez-Segnini
12822	Félix Gerardi
12823	Valentina GraphicsCat
12824	Marianela Vargas
10185	James Holvay
12826	Mauricio "Enano" Montero
12828	Vicente Corsola
12829	William Padrón
12830	Steve Cropper
12831	Eddie Floyd
29	Rubén Correa
12832	Wilson Pickett
10196	Andrew Lloyd Webber
12833	Roberto Loscher
10200	Felix Cavalieri
12834	Ani Lozada
12835	Fabiana Paolini
12836	Alejandro Capó
12837	Boris Felipe
12838	Ana Sáenz
12839	Mario Tepedino
12840	B. Zambrini. R. Sini
12842	R. Leal
12843	A. Pérez
12844	R. Serra
12845	G. Gion
12846	Fundacion Nuevas Bandas C.A
12847	Salomon Burke
12848	Nestor Caballero
12849	Juan Marcos Blanco
12850	Julia Carolina Ojeda
12851	Eduardo Gamondez
12852	J. Spiteri
12853	K. Reid
12854	G. Brooker
12855	B. Bacharach
12856	M. Jagger
12857	K. Richard
12858	Jesse James
12859	Juan Carlos Nuñez
12860	Carlos Piccini
12861	Claudio Estrada Baez
12862	José Antonio Mendez
12863	Ricardo Cuto Estevez
12864	Gleen Miler
12865	Álvaro Carrillo
12866	La Lupe
12867	Miguel Jaspe
12868	David Mendoza G
12870	Henseli Rahn
12871	Francisco "Paco" Puig
12873	Jorge García Crasto
12874	Creatium C.A.
12875	Efrain Torres
12876	Mauricio Amoroso
12877	Toño Jiménez
10199	Tim Rice
10201	Joe Tex
10203	Arthur Conley
12878	F. Batoni
12879	Gabriel Fernández
12880	Pepe Lamberti
12881	Noel Silva Dominguez
10213	Eddie Brigati
10215	Buddy Buie
12882	Dennis Mattei
12883	Norma Méndez
12884	César Anidez
12885	Jose Yepez
12886	Angelo Sebastiano
12887	Mariela Romero
12888	Jorge Troconis
12890	Alí Primera
12891	Dave Palmer
12892	Ericson Rojas
12893	Ángel Álvarez
12894	Jean Pier Felce
12895	Marcial Cabrera
12896	María Consuelo Faria
12897	Manny Benito
12898	Francisco Gude
12899	Fabio Patrigniani
12901	Alfred Figueroa
12902	Alex Caballero
12903	Ricky Blanco
12905	Mario Houben
12906	César Pulido
12907	Angel Carrasco
12908	Santiago Alonzo
12910	Rolando Alejandro
12911	Rolando Vitto
12912	Colin Michaels
3711	Tony Martini
12914	María Elisa Alvarez
12915	Tomás Muñoz
12916	Rick Raymond
12917	Scott Miller
12918	Tony Blanco
12919	Mariela Sosa
12921	P. Gillman
12922	Berry Gordy Jr.
12923	Brenda Holloway
12924	Frank Wilson
12925	Charles Singleton
12926	Eddie Sneyder
12927	Berry Gordy
12928	Rodolfo Hernández
12929	Lenny Salinas
12930	Carlos Cadenas
12931	Vladimir Marcano "Portal"
12932	Agustín Méndez
12933	Eneresto Luis Rodriguez
12934	German Fleitas Beroes
12935	Christopher Urbina
12936	Charlotte Lajarin
10328	Jesús Sanoja Jr.
12940	Antonio Moubayed
12941	Cesar Zerpa
12942	Jesús Mesa
12943	Esteban Chacín
12944	Daniela Troconis
12945	Karina Maristany
12946	Mauricio Bracamonte
1176	Gabriel Figuera
12948	Dayanni Adames
12949	Dayani Adames
12950	Eduardo Arcas
12951	Diego García
12952	Franco Cerruti
12953	Fabiana Comas
12954	Nathalie De Laet
12955	Armando Ayala
12956	Cecilia Acosta
12957	Diego Suárez
12958	Esteban Donado
12959	Pedro José Bolívar
12960	Maritza Pacheco
12961	María Fernanda Leal
12962	W. Salaheldin
12963	J. Aroutine
12964	Duque Misle
12965	Daniela Troconis Daly
12966	Juan Carlos Casado
12968	María Antonia Rodríguez
12969	Juan Carlo Fernández "Wancalo"
12970	Marielena Elverdin
12971	Saúl García
12972	José E. Padrón
12973	Pedro Wassan
12974	Diane Arbus
12975	Rafi Guerrero
12976	Ed Will
12977	Alberto A. Torrealba
12978	J. Toro
12979	Enrique Nuas Viniegra
12980	Andy Rodríguez
12981	Carlos Fonseca
12982	Mauro Giani
12983	Alberto Campanie
12984	Miguel Angel Robaina
12985	J. Betín
12986	José M. Rodríguez
12987	Ricardo Valvuena
12988	Graciela Zarikian
12989	Pedro Mendez
12990	Christina Amphett
12991	Héctro Flores Osuna
12992	Edgard Alexander
12993	Juan Pedro Dipolo
12994	Rafael Salvatore
12995	Tato Castillo
12996	Ricardo Valencia
12998	David Gutiérrez
12999	Freddy De Bari
13000	Rafael González C
13001	Sergio de Kario
13002	Ignacio Villa
13003	Miguel Mantamoros
13004	Ignacio Piñeiro
3359	Leo Quitero
13005	Ernesto Duarte Brito
13006	Ernesto Grenet
13007	Pedro Leonardo González
13008	Leandro Añez Grippa "KPU"
13009	Leonardo Diaz "Afromack"
13010	Nicolás Pappaterra "NicoJP"
13011	Nestor Santana "Nessr"
13012	José Sánchez Bello
13013	José H. Méndez
13015	Laureano Delgado
13016	Mariano De Tovar
13017	Jaime Marcano
13018	Stevie Rovalla
13019	José Antonio Bastardo
13020	Ana María Acero
13021	Federico Dueñas
13022	Indra Rodríguez
13024	Martin Allais
10420	Dion DiMucci
13025	Leo García
13026	Nicolás Volpe
13027	Verónica Flores
13028	Reni Arias
13030	José Lazo
13031	Ñico Saquito
13032	Ricardo Fábregas
13033	Lino Frías
13034	Manuel Angel
13035	José Tovar
13036	Luciano Pozo
13037	Bobby Capó
13038	José Barros
13039	Catalino Parra
13040	Cesar Monges
13041	Antonio González
13042	A. Verde
13043	William A. Nazaret
13044	V. Peña
13045	Rogelio Rodríguez
13046	Billy Cass
13047	Twetty González
13048	Sail Bartolozzi
13049	Nai Mojica
13050	Emir Bartolozzi
13051	Christopher King
13052	Leonardo Meléndez
13053	Jorge Cavalieri
13054	Etereo Group
13055	Kevin Brito
13056	Alexander Giraldo
13057	Belisa Pulido
13058	Daniella Mogollones
13059	Enzo Brandi
13060	Rosalina Yanez
13061	Luis Alejandro Rodríguez
13062	Andrés Eduardo Rodríguez
13063	José Ignacio Morales
13064	Javier Gracia
13065	Ricardo Wheloock
13066	Augusto Perdomo
13068	Los Ilegales
13069	Diego Paredes
13070	Guillo Lefed
10423	Ernie Maresca
13071	Juan Carlos Alzaibar
13072	Edgar Villanueva
13073	María E. Morón
13074	Enrique Mattos
13075	Marcos Mundarain
10435	Barry
13076	Antonio Spinetti Dini
13077	María Luisa Escobar
13078	Isabel de Umérez
13079	Luis Morales Bance
13080	Luis Felipe Ramón
13081	Juan Pablo Ceballos
13082	Augusto Ramos
13083	Robinson Millan
13084	Elio Ludovic Galin
13085	Ed Lopez
13086	Donaldson Brown
10460	Steve Winwood
13087	S.A. Gámez
13088	F. De Paula Aguirre
13089	J. Sosa
13090	H.L. Aute
13091	Alejandro López
13092	Germán Narvaez
13094	Marina Corina Rodríguez
13095	Douglas Pérez
13096	Armando Rodríguez
13098	Gelso Briceño
13099	Lorena González
13100	Patricia Van Dalen "Jardín Lumínico"
13101	Alfredo Loero Echeverria "Chofa"
13102	Alexis Rivas
13103	Waldir Barranco
13105	Ender Ramírez
13106	Sara Maneiro
13107	Johnny Rivas
13108	Leonardo Ba
13109	Luis Felipe Quintanilla
13110	Mauricio Laluz
13111	J. Olmedillo
13112	C. Aray
13113	Jennifer Noya
13114	Carolina Muñoz
13115	Jelena Ardila
13116	Patricia Prestigiacomo
10520	Juan Gabriel
13117	Diego Di Marcantonio
13118	Los Pixel
13119	Otto Marquez
13120	Dayana Díaz
13121	The Stickfaces
13122	Jonny Serra
13123	Andrés Otero
13124	Migue Hernández
13125	Alex Mirones
13126	Ricochet CCS
13127	José Sangil
13128	Leonel Rincón
13129	Leonardo Mattey
10547	Otto Harbach
13130	Anelys Rodríguez
13131	Víctor Puga
13132	Álvaro León
13133	Yoredvi Useche
13134	López Rossi
13135	La Résistance
13136	Jonathan Freitas
13137	Juan Bautista Hernández Echezúria
13139	Nicolas Folmer
13140	Marco A. Rivera U
13141	Román González
13142	Victor Marín
13143	Luis A. Domínguez
13144	Luis Olinto Medina
13146	Armando Toledano
13147	Wiston Sela
13148	S. Alpert
13149	DJ Ernie Guacharaca
13150	María Virginia Mejía
13151	Vanessa Fernandez
13153	Andrés Calamaro
13154	Alejandro Lecuna
13155	América Maldonado
13157	Juan P. Peña
13158	Juan C Parra
10521	Dino Ramos
13159	Miguel Matos
13160	Dionisio Aguilar
13161	Carlos Torres
13162	Williams Rios
13163	Joe Jarque
13164	Patricia Giamarais
13165	José Manuel Grisman
13166	Carlos Valdejuly
13167	Frank Saavedra
13168	Luis Eduardo Alcala
13169	Gianni DalMaso
13170	Cira Medina
13309	Albert Marquina
13310	Fernando Guzmán
13321	Pedro del Moral
13322	John Jacobsen
4140	La Nave y Vicente Corostola
12896	María Consuelo Fario "La GoGo"
141	Jose Morales
6241	Mario Alonso
5993	José Velásquez "El Patuo"
2224	Aura De Fuenmayor
2224	Lohan Duff
13171	Richard Huet
13172	Jerry De Villiers
6749	Wally McNamee
7561	Jesús Noriega Jr
247	A. Espina
8473	Daniel Velasco A
8347	Pixels Computación S.A
6889	Fonotalento C.A
8349	Juan Pardo Jr
7496	L. I. R
8993	V'lis
9003	Luis Molina-Pantín
4014	S. Robinson
10610	Buck Ram
12004	Víctor Jiménez
13175	P. F. Sloan
10628	Emory Gordy Jr.
10628	EmoryGordy Jr.
1003	Juan Bautista Lopez
1510	Andres Sucre
2460	Felix Duque
29	Rúben Correa
600	Wilbert Álvarez
9675	Pierre Delanoë
5717	Arístides Silva
6977	Budú
856	D.J. Muú
6568	Don Úngaro
1546	Durban La Verde
2702	Gil Sanson
536	Ivan Infante
33	Henry Martinez
483	José Luis "Caplis" Chacín
12402	Liú Prato
9003	Luis Molina Pantin
3617	Carlos "Nené" Quintero
13176	Steve Barri
12133	Maria de Lourdes Devonish
9888	Chacin
4488	Lúber Mujica
6160	Matías Pinto D'Lacoste
13311	Gregory Carrero
7185	Emilio Muñoz y su Conjunto
1068	P.T.T. Lizardo
10597	Sid Wayne
12877	Toño Jimenez
10051	Juan Camacho
29	Rubén Correa "Micho"
13177	R. Zonteno
10662	Henry Cosby
13178	M. Landa
2765	Luís Muños "Gbec"
9729	D.Stevenson
5348	Cindy Catoni "Cindyrella"
3765	Yatú
1314	Carlos Poletto
3020	Daniel Medina "El Niño"
10678	Jimmy Webb
1220	Daniel Yánes
485	Francisco Nuñez
3361	Javier Avellaneda
273	John "J.T." Thomas
5587	Héctor "El Pibe" Forzano
2308	Jonathan Cabrera
483	José Luis Chacín
876	José Salazar
1802	José Vicente Aguilar
3421	Leandro Angarita
2235	Kail "Plug" Lovera
6185	Manuel Martin "Asteroide B612"
3286	José Rafael Gómez
1209	Miguel Angel Machado
2832	Marlon Morales
259	Pedro "Boxer" Itriago
4693	Ramses "Faraon" Alegría
1129	Rodolfo Vanmarcke
2226	Ricardo Bastidas
67	Henríquez
174	Erwin Schäfer
38	Castillo
13193	Kamelot
13324	C. Mendoza
3898	Carlos Gawronsky
3493	Mariana Cadavieco
10749	Erin Adair
3779	Kevin Lovera "Kev"
13179	Antonio Carrillo
13180	Arnoldo Vivas
40	Liberatoscioli
13194	Afke
8352	J. L. Armenteros
741	L.Colina
9176	E. Martinez
6967	Barry White's Midnight Groove
4537	Sebastián M. Keloide
13356	Juan Diego Quintero
13356	Cartridge
10711	Mars Bonfire
13195	La Titi
742	A. Hernandez
12278	Candy Owens
12515	Lab Laboratorio De Diseño C.A.
13328	James Fogarty
10770	Paul Simon
10784	Paolo Conte
10811	Eddie Miller
13196	MC/DC
8931	DP Midnite Combo
13325	Gonzalo "Chile" Veloz
13329	Gabriela Alegrett
13338	Ras Jahonnan
13339	Binghi Fyah
13342	Reke
13197	Juan Cristobal Aldrey
11840	Ken Lazarous
13330	John Guarenas
13346	Alejandro Matheus
10918	Bernie Taupin
13198	Cristina Abuhazi
9752	Neil Diamond
13331	Pastor
13337	D-Jahmin
13343	André Charles Jean Popp
13344	Pierre Cour
13352	Rosa Girón
10901	Elton John
13199	Mc Chris
13201	Sashka
13326	Ivanhoe Bilbao
13327	Jesús Castillo "El Chuy"
13332	Pedro Poney Violator
13334	Jesús Vásquez Percuello
10950	Glenn Miller
10952	Norman Whitfield
10954	Charlie Smalls
10956	Fred Ebb
13350	Marie Clarie D' Ubaldo
13351	Rick Nowells
10982	Boris Fomin
10984	Wayne Carson Thompson
10986	Walter D. Nims
10988	Sid Tepper
10990	James B. Coob Jr.
10996	Adap. Jorge Córcega
11002	Franco Migliacci
11024	Carlos Santana
11028	Peter Callender
11030	Maribel Llaudés
13200	Roxy
9752	M: Neil Diamond
10947	Scott Joplin
13333	Rick Rangel
10951	Mitchell Parish
10953	Ande Rand
10955	John Kander
13335	Raices Mc
13347	Walter Scharf
10961	Robert Yount
13348	Lali Carrizo
13349	Pedro Azael
10975	Jimmy Payne
10979	Tony Romeo
10983	Gene Raskin
10985	Jim Glaser
10987	Roy Brodsky
10989	John Claude Gummoe
10991	José Ignacio Lares
10993	Pop Tops
10995	Gordon Mills
11003	José Luis Armenteros
11017	D.R. Varios Autores
11027	Miguel Angel Landa
11029	Mitch Murray
11031	D.D.
11033	Raúl Shaw Moreno
11035	Herbert Basto
11032	Recard
11034	Oswaldo Morales
11036	Tony Luz
13202	Ana Galaviz
13353	Rolando Paredes
3617	Nene Quintero
11071	Kenny Young
11071	Kenny Young.
11246	Chi Coltrane
11248	Pat Vegas
11250	Sylvia Dee
11252	Mac Davis
11254	Giuseppe Faiella
11256	Norro Wilson
11258	Cobel
11260	Márcio Greyck
11262	Nano Chamaro
11264	Humberto Zarraga
11275	Tony Landa
13203	Adonis
11039	Daniele Pace
13204	NODS
13205	Juan Rodrguez
13209	American Grim
13229	MX-1
13233	Thompson
13234	Baroni
13237	Enrique Alossi
13242	Djahmin
13265	Freddy Piñero
13354	Juan Manuel Martínes
13355	Nacho Bejar
11249	Lolly Vegas
11251	Bill Chase
11253	Larry Weiss
11255	Giuseppe Sbordone
11257	Emily Mitchell
11259	Lello Caravaglios
11261	Alberto Acuña
11276	Ch. Chalkitis
11277	Vers. Español Rudy Márquez
11278	N. Banks
11277	Vers. Español: Rudy Márquez
11279	G. O'Sullivan
11280	J. Richards
11281	C. Leing
11282	J. Darion
11283	M. Leigh
11284	H. Fiallo
11285	Richard Rodney Bennett
11286	D. Fiallo
11287	D. McClean
11288	Célestin Ganou
10072	S. Vlavianos
13206	Jos Manuel Ruiz
11291	J. Barbelli
11293	Michael Jouveaux
11295	Didier Barbelivien
11297	Alec R. Costandinos
11300	Enzo Di Domenico
11300	Enzo Di Doménico
11302	Buddy Richard
11304	D. Lobato
11305	D. Nelson
11307	A. Fairweather
11309	Carl Sigman
11311	Buddy Miles
11313	X. Armengol
11315	Lo Vecchio
11317	Guilo
11319	Clarence Carson Parks
11321	Robert Allen
11323	Irving Gordon
11325	Jacques Prévert
11327	Armando Manzanero
11330	Michael Carr
13210	The Qemists
13214	Malke
13215	APE
13228	Chowy Fernandez
13232	Fidel Nadal
13240	Samaga
13254	xChesterx
13255	Custodia
13258	Gustavo Gomez
13262	Jonatha
13266	Juan Carlos Frisancho
11290	Amado Jaén
11292	Martial Carcéles
11294	Toto Gulio
11296	Mario Battistella
11298	G. Guerrero
11299	Marcel Lattes
11301	Alfredo Le Pera
11306	V. Kassey
11308	Robert Maxwell
11310	John Fogerty
11312	Bill Whiters
11314	Vecchioni
11316	Pareti
11318	C. Mattone
11320	Ken Lane
11322	Irwing Taylor
11324	Sam Coisancslow
11326	Bob Thiele
11328	Sammy Faith
11329	Al Stillman
11331	Joseph Kosma
13207	Yesica Castelo
11333	Paul Francis Webster
13211	Coppa
13223	12" NinJazz
11336	Oscar Martínez
11337	Carlos Imperial
13239	Aguamala
13245	Satika
11340	Juan Erasmo Mochi
11341	Pedro Conte
11342	Joe Dassin
11343	Pedro Luján
11344	Indio Suave
13247	Elias
11346	Oscar Toscano
13257	Nelson Hoyer
13260	CJ Loggiodice
11351	Piero Antonio Franco de Benedictis
11353	José Tcherkaski
8616	Hugo Carrigal
10072	Stelios Vlavianos
11297	Alec R. Constandinos
11354	H. Dailey
11355	Buffe Skies
11357	Bob Marley
11359	Rodolfo Emilio Morales
13208	Frederick Rojas
11363	Cholo Baltasar Amart
13212	Celldweller
13218	Baptiste Malum
13219	Askhad Ardanov
13230	Boomer
13235	Fire Tea
13238	Rapsusklei
13244	Colombia
13249	Valeria
13263	MC Chupacabra
70	Giancarlo. Bigazzi
13267	Grant Lazenby
11386	Rudi Lindt
11391	Jimmy Cliff
10051	Johnny Quiróz
11356	Vers. Esp. Johnny Quirós
11356	Vers.Esp. Johnny Quirós
11358	J. Joseph
11360	Dox
13213	Jørgen Munkeby
11364	Paulo Imperial
11366	Juan Favio Stella
11368	Jackie Edwards
13224	Lasse Sjoblom
13225	Anders Bomberg
13231	Mikal Rose
13236	Afura
13241	Negrito Man
13248	La Pulga
13251	Anat
13256	Antonio Rodriguez
11440	Do It Again
11802	D. Daniel
2424	Robert Valario
13216	Dieter Negrín
11442	I Smiled Yesterday
11444	Soul Time
11446	Carlo Donida
11448	Gulio Rapetti Mogol
13220	Viover
13221	Wahari
13226	Juan Dark
11456	Luis Eduardo Aute
11458	Luis Demetrio
13243	Toxic
11462	Julio Delgado
11468	Leali
13246	ONS
13250	Whitbeck
13252	Matt Watkins
13259	Kiryu Zhang
12229	Vers. Español: Enrique Guzmán
11482	Jerry Miller
12226	Vers. Español: Los Teen Tops
11489	Ernie Shelby
11492	Beth Beatty
604	Vers. Español: Charlie Spiteri
11500	Lorenzo Pilat
11502	F. Chanona
11508	Ivars
11510	Trampas
11512	Helton Jones
11514	Carvajal
11516	Yván Carvajal
11520	Jeck Berry-Andy Kim
11459	O. Briceño
604	Charles Spieri
11441	The Boat That I Row
11443	Ode To Billy Joe
11445	Chain of Fools
11447	Eric Madriguera
13217	Hale Villalobos - Frente
13222	Radiosphere
13227	Rafael Capote
11455	Leo Dan
11457	Eleazar López C.
11459	Orlando Briceño
11461	Héctor Bayardo
13253	Carlos Monkey
11467	John Lennon-Paul McCartney
11469	Graham Gouldman
13261	Manuel Cedillo
165	Arquímides Malavé
12142	Edgar Winters
11481	Peter Lewis
11488	Chris White
11490	Dick Cooper
11499	Mario Panzeri
11501	Gene Busnar
11511	Alejandro Tinedo
11513	Harol Harlem
6738	José Jerónimo
4026	Edgardo Quintero
11531	John Sebastian
13264	May Rose
11565	Orlando Araujo
11567	Los Kings
11569	M. Sebastian C.
11571	Moacyr Pandeirinho
11573	Alan Gordon
11575	Eddie Phillips
11577	Allan Clarke
11609	David McWilliams
11612	Francis Coppieters
11614	Robert Kock
11616	Paco Chanona
11622	Irving Berlin
13268	Enrico Ricardi
13269	Luigi Albertelli
5525	Gilberto Mejias Palazzi
11564	War
11566	Antonio Carlos E Jocafi
11568	en D.
11570	Juan Ramón Barrios
11572	Nilton Russo
11574	Kenny Pickett
11576	Gary Bonner
11608	Luis León Crespo
11610	Armando Savini
11611	André Pascal
11613	Ricardo Del Turco
11615	Fred Conda
11619	Summer Holiday
11803	Dinaro
11623	Alan Barriere
13270	Bill Martin
11628	Keith Colley-Linda Colley
9871	Lopez Lee
11630	Glen Hardin
11632	Richard Graham Dey-Roger Hart
13271	Phil Coulter
11636	Recad
13272	Augusto Algueró
11640	Mike Kennedy
12732	Larry Alberto Acosta M
12969	Juan Carlo Fernández
12566	Paul Rangel
11804	Delano
13273	Alberto Testa
11625	Michael Brown-Bob Calilli-Tony Sansone
11627	Richard P. Drakin
13274	Eros Sciorralli
112	Alejandro Estrada "Alz"
11633	Dave Clark- Mike Smith
11635	Rod Argent
11637	Fred Jorge
113	Carlos Astros "Carlz"
223	Annabella Almenar "Bélica"
372	Nörton "Mars" Pérez
730	Alberto "Beto" Montenegro
645	Carlos Eduardo "Cayayo" Troconis
739	Brian "Big Bass" Gardner
739	Brian "Bigbass" Gardner
739	Brian “Big Bass” Gardner
645	Carlos Troconis
739	Brian Gardner "Big Bass"
511	José "Pigüino" Echezuría
2857	Jesús "Torito" Toro
721	Luis Pulido
8415	Juan Carlos "Tito" Pineda
735	Vladimir "Arfavor" Peña
770	Chris Rex
794	Luis "Papo" Márquez
833	José Luis "Tocayo" Osuna
3103	Manuel Montañez "Pacho"
11805	C. Magliolo
873	Iván "Gordo" Marcano
8974	Yonathan Gavidia
963	Diego "El Negro" Alvarez
963	Diego "El Negro" Álvarez
1848	William Guzmán "Magú"
1849	Raul Mota "Mota"
2490	Gonzalo Suárez
11747	Gary Beisbier
1195	Rodolfo "Panamío" Reyes
1441	Enrique "Kike" Marquez
11755	Michel Mallory
11757	Mía Martín
8355	Alberto Cortéz
11759	Casto Darío
1473	Pedro "Connan" Rodríguez
1618	Leonardo "Iguana" Gil
2415	Abraham "Cangrejo" García
1856	Giordano "Yordano" Di Marzo
5990	Sofía Pulido
2992	Jonathan Carrillo
2667	Gabriel Millán
3071	Raúl Rivas (Raulito)
3327	Endel
4384	Ramón "Moncho" Carranza
11794	Eddie Castro
11798	Bergman
11800	I. Janne
2892	Ezequiel Serrano C
11336	O. Martínez
13175	P.F. Sloan
7622	Juan Cristobal Losada
7622	Juan Cristóbal Losada
7622	Mr. Sonic
2892	Ezequiel Serrano C.
1061	Gelson Briceño L
1258	Gabriel Arbiza Z
11732	Roco Defrenza
1258	Gabriel Arbiza Z.
5311	Enrique Rincón
1648	Cesar R. Masroua
120	Alejandro Turola "Chonto"
5874	Pino Lagona
11746	James William Guercio
11748	Douglas Farthing Hatlelid
133	Manuel "Manolo" Macías
2826	José Antonio Bermúdez "El Chino"
11758	Jean Renard
367	Mauricio Arcas "Maurimix"
5845	Andres Morillo
5845	Andrés Morillo
5839	Jesús Romero
549	Francisco Rendiles "FTPinch"
822	Alfonso Ordoñez "Buzz"
844	Andrés "Patolin" Acosta
844	Andrés "Patolín" Acosta
2169	Elix Monsanto "Tragavenao"
11797	Vlavianos
11799	Costandinos
11801	S. Martí
978	Vers Esp. Rudy Márquez
11810	Connie Méndez
978	Vers. Esp. Rudy Márquez
5483	Víctor Gutiérrez
978	Vers. Esp.: Rudy Márquez
9930	Edgar Lara
11818	Twist
11820	Bolero Rítmico
11822	Samba
11824	Fox
11826	David Shapiro
11828	Ivan Mogul
11830	Tony Hicks
11832	Chris Kenner
11834	Walter Marks
11836	Jackie Rae
11838	Leo Burnett C.A.
11840	M: Ken Lazarous
11842	John Durrill
4696	R. Sandler
13279	Zzoilo
13284	Rasel
1008	Carlos Mata "Fresa"
5836	Julian Romero
11856	Diony López
2518	Manuel Churión "Churro"
1267	Raul Alemán "Luar Alem"
1616	Daniel Calvo "Calvin"
29	Ruben Ángel "Micho" Correa
1640	Pavel Tello "El Ruso"
2493	Vytas Brener
6843	Emiro Aguilar "Atari"
3293	Rayniero Díaz "Ray"
2021	Freddy Cabezas
2129	Orlando Alvarado "El Joe"
3015	Marcos Arévalo "Zokram"
7075	Jim Thomas
9453	Luis Laguna
11811	Luis Felipe Ramón y Rivera
11813	José Luis Perales
11819	Cumbia
11821	Bossa Nova
11823	Slow Twist
11825	Beguine
11829	Graham Nash
9675	Pierre Delanoe
11831	D. en Depósito
11833	Harren Warren-Mack Gordon
11835	Hugo Osvaldo
93	Paul McCarteny
11839	Byron Lee
8818	Aníbal Abreu
11843	Anibal César Riveros
761	L: Hugo Blanco
11855	Jesús R. Colmenarez
1358	Elisa Perez Castillo
1108	Enersto Schweinburger
1672	Luis Barrios
12230	Ailice
12233	Sleezy
12234	VEGER
769	Bobby
12235	Francisco Blanco
12236	Francisco Gómez
12237	Lamarca
12238	Marcos Salazar
12239	Nacho Troconis
12240	Nany Rago
12241	Tania Nunez
26	Nucho Bellono
40	S. Liberatoscioli
83	J.C. Soto
2423	David Hernández
120	Alejandro Turola
122	Luis López
504	Alfonso González
511	José Echezuria "Pingüino"
1439	Augie Verde "Oggie"
4026	Edagr Alexander
511	José Echezuría "Pinguino"
511	José Echezuría "Pingüino"
183	C. Imperatori
190	Juan Pablo Gómez (RCA A.K.A. Nutria)
645	Carlos "Cayayo" Troconis
233	Gerardo Ochoa
367	M. Arcas
377	A. Figueredo
382	Eduardo López (Electric Freak Designs)
401	José A. Morato
3416	Juan Rodríguez
478	Víctor H. Mendoza
2857	Jesús Toro "Torito"
478	Victor Mendoza
478	Víctor Mendoza
1113	Oscar Alcaíno
490	A. Segura
491	J. Verdaguer
495	Carlos Reyes
501	A. Sosa
511	José Echezuria
511	José Echezuría
539	Ilan Czentochowsky (Ilan Chester)
541	Pedro Matute
544	I. Chester
628	A. Falcón
629	R. Aumaitre
700	Marcelo Añez
2221	Luis "Toto" Fernández
745	Edmundo Rincón "Kiky"
772	Francesco Ibriago
774	Reynaldo Goitia
774	Reynaldo Goitía
2460	Félix Duque
2151	Aldo Lamanna
944	C. Froideval
971	A. Añez
992	Gabriel Lamberti
992	Gabriel Lamberti "Pepo"
1003	Juan Bautista López
1123	Gustavo Corma
1054	Rodrigo Barbosa
1108	E. Schweinburger
1168	L. E. Mauri
7229	Rick TarboxAdapt: Alejandro Page
1522	Daniel De Sousa
1522	Daniel de Sousa
3411	Sebastian Araujo
3411	Sebastián Araujo
3411	Sebastían Araujo
1247	Jean De Oliveira
1262	M. Toutin
1621	Carlos García
1278	Leonardo "Kmaron" Jaramillo
1632	Eduardo (Tato) Cedeño
3199	Carlos "Kako" Guzmán
3199	Carlos Guzmán
1523	Victor Contreras
1342	N. Mijares
1439	Augie Verde
1401	C. Perozzi
2434	Juan De Ferrari
2434	Juan de Ferrari
1410	Robin Boogard
1463	H. Ascóniga
1494	Karina Febles
1499	Sofía Insomnia
1601	H. Valbuena
1667	Pablo González "Mulato"
1667	Pablo González (Mulato)
1667	Pablo González
1669	Manuel Diquez
1672	Luis Eduardo Barrios
2443	Marcel Capel
2756	Carlos Da Palma
1868	Henry Stephen
3217	Luis Eduardo Blanco
3208	José Andrés Blanco
1944	L. Bolin
1961	T. Anthony
3402	Rafael Alvarez
3403	Miguel Carrasco
2021	Freddy "Marshall" Cabezas
2036	B. da Costa
2111	E. Figueredo
2116	José L. Vásquez
2188	Andrés Lara
2209	Daniel Andrade
2258	A. Rassi
9835	Arr: Los Dangers
2311	Jesús Campos
2367	V. Gámez
2372	C. Gámez
2381	C. Corsi
2399	Eduardo Quintana
2426	E. Santana
2436	C. Arapé
2490	Gonzalo "Gonzo" Suárez
2496	Liana Castillo
2997	Fernando Rodríguez
2704	Miguel Gonzáles
2945	M. Ciargo
2947	R. Yoma
2953	F. Coral
3467	Paul Gillman
2959	E. Sáez
3092	Jesus Castillo
3092	Jesús Castillo
2996	Daniel Briceño
3069	Julio Alonso
3084	Jonathan Gómez
3088	Jorge Peña
3130	Diego Henríquez
3131	Paulo M. De Oliveira
3286	José R. Gómez
3336	Guillermo Domingues
3340	Humberto "Hum" Pérez
3343	Ignacio "Nacho" Pérez
3353	Carlos G.
3419	Lusby Portillo
3626	E. Soto
3679	G Montaño
3713	R. Morán
6974	Jesús Llorente (Chinin)
3774	Eduardo Malavé
11204	Félix Madrigal
3868	J. A. Bordell
3926	L.G.Tovar
3937	Keyen Lopez
4000	A. Mattey
4073	Karen Pita
6932	Luis Méndez
4218	J. Bastidas
9281	Luis Leal
4352	M. Burwick
4355	J. A. Rondón
4370	Rafael Llorente
4456	J.V. Torrealba
4640	J. Garrido
4641	A. Nicastro
4703	N. Zuleta
4716	G. Carabeo
4718	José R. Blanco
4794	Joad Jiménez
8350	J. Phillips
10133	R. Lamm
5011	R. Magrini
5138	R. Juárez
5306	Juan De Ferrari Montoya
7178	A. Lewis
5324	R. Mora
5608	G. Belardinelli
5638	Angel L. Buendía
5640	Pedro V. Dorante
5722	F. Riera
5724	H. Rivero
5726	S. Escalona
5736	Douglas A. Rodríguez
5793	Juan C. Sabater
5794	Carlos Sánchez Ricovery
5904	N. Font
6006	José Gregorio Mijares
6117	José Mijares
6142	Luis Trujillo
6534	Irma M. Domínguez
6750	O. Flores
6752	J. Marval
6751	J. Román
6845	A. Lezama
6912	W. Pierral
6943	Jesús G. Paublini
7082	H. Arias
7083	I. Turitto
9950	L. Panero
7347	Pavel Archila
7654	Frank Monasterio
7622	Juan C. Losada
9098	A. Saavedra
8060	N. Tovar
8073	E. Estefan Jr.
8142	Ricardo Morales
8578	R. Blandín
8662	G. Rolo
8795	J.M. Arijo
10128	J. Ragoboy
10129	C. Taylor
9955	R. M. Girón
9954	I. Zabala
9481	E.L. Rodríguez
68	Germán Landaet
2396	Tulio Creminisi
3396	Eleasar Yanez
3396	Eleasar Yánez
174	Wincho Schaffer
174	Wincho Schäffer
223	Annabella Almera
2855	Carlos Guerreiro
2670	Sander Janseen
446	Miguel Larralde
525	Ramón Rodríguez
539	Ilan Czentochowsky
556	Michael Chazét
612	Enrique Duffini
618	Roberto Bernal "Chon"
647	Allen Douches
656	Arístides "Ari" Barbella
987	Rodolfo Pagliuca
669	Emidio Falconi "Baffa"
681	Rafael Larez
681	Rafael Lárez
702	Oswaldo Suels
704	Eduardo Sandoval
735	Wladimir Peña
2540	Steve Barkan
775	Pablo Agreda
3325	Daniel Jelinek
1266	Yoval Lion
1291	Willy Croes
2130	Giovanni Gulli
1435	Marlene Yanés
1510	Andrés Sucre
2545	Zdenek J. Matousek
2481	Vanessa Gouveia
1670	Dyffre T. Montaño
2487	Winston Mandelblúm
1856	Yordano Di Marzo
2020	Romny Freitez
3343	Ignacio Pérez
3216	Gustavo Arangure
2299	Baltazar Agustin
3342	Jesús Arreaza
2352	Gianni Tradardi
3157	Leonardo Borges
3036	Let Arteaga
1463	D2 Producciones: Hernán Ascóniga
3332	Luca "Luca" Ortega
3407	César Z. Herrera
10067	Vers. Español: Omero González
3408	Rafa Gómez
111	Skywalker
3420	Robert Ortega
41	Peter Daniel
7923	Nicolás Barrera
7399	Jhonny Ramos
13275	Chulius Groove
4954	Markos Mejía
5107	Miguel Bermúdez
7737	Charlier Bisharat
8125	Miguel Alcántara
8143	Ana C. Galvin
8148	Francisco "Chuky" Oroz
8591	Joan Senton
11842	John Durril
13277	Farina
13285	Milton Aguiar
5090	A. Leon
8406	Kevin Lugo
5100	L. Perez
5135	S. Rodríguez
5202	Car Martin
5202	Carl Martin
5325	L. Sánchez
9011	Alex Albujas
5438	E. Álvarez
5535	Reynaldo Bello
5648	F. Nevado
5683	J. Ramos
5679	P. Alvarez
5791	J. Viloria
5789	J. Flores
5990	Sophia Pulido "La Nena"
6840	N. Riera
6837	R. Blanco
6894	Willberg Márquez
40	S. Liberatoscoli
7358	R. Sánchez
8583	Ralph Revenscroft
8655	J.F. Coral
8655	J. F. Coral
359	Adapt.: Carlos Toro
359	Adapt.:: Carlos Toro
1694	Vers. Español: Néstor Ramírez
2968	Intro: Alfredo Escalante
9683	E. Winter - Lyrics: N. Zuleta
13280	Maite Perroni
13281	Juhn
13286	Manzano Gallego
2902	José Leonardo Hernández
3775	Gian Piero Gigante "Gian X"
3084	Jonathan Gómez "Watis"
4170	Jorge González "Pepino"
6817	Carlos González "Cuso"
2367	Víctor Gámez
4189	Carlos Rondon
4641	A. Nicastr
11998	J. Estrada
5580	V.esp: Guillermo González
110	L. Miranda
6834	Assistant: Jaime Marchiani
13282	Joey Montana
1287	Vers Español: Carlos Moreán
1287	Vers. Español: Carlos Moreán
12421	Marcel Boldu
13278	Chyno Miranda
13283	Juan Magan
9786	E. Franco
8530	Los Claners
4699	B. Birtles
21	Iván "El Terrible" Velásquez
38	P. Castillo
45	G. Carrasco
45	Guilermo Carrasco
67	G. Henriquez
67	G. Henríquez
13276	Kranium
669	Emidio Falconi
921	A. Peña
1703	Angie Machado
228	A. Casas
247	A.Espina
366	J. Briceño
386	José Luis Pardo "DJ Afro"
386	J. L. Pardo
386	J.L. Pardo
421	William Silva
435	John Van Deer Veer
437	Alfredo Loero "Chofa"
457	Hector Castillo "Perroconsed"
457	Héctor Castillo "Jector"
476	Luis M. Pérez
473	Carlos Julio Molina "DJ Trece"
473	Carlos Julio Molina "Trece"
481	Danel Sarmiento "Danpa"
481	D. Sarmiento
481	Danel Sarmiento "Dr. Dub"
481	Dr. Dub Sarmiento
482	H. Blanco
486	José "Cheo" Romero
486	José "Cheíto" Romero
495	Carlos E. Reyes
495	Carlos E. Reyes)
508	Richard "El Chicha" Blanco
4799	Paula Santa Cruz
508	Richard "Chicha" Blanco
509	Héctor "El Lucas" Paredes
2660	Chu "Zen" Quintero
519	Francisco "Roco" Díaz
519	F. Díaz
3775	Gian Piero Gogante
4026	Edgar "Alexander" Quintero
4026	Edgar Alexander Quintero
4026	Edgar Quintero (Edgar Alexander)
542	G. Quintero
602	José Manuel Arria "Chema"
719	José Vásquez
741	L. Colina
741	Leonardo Colina "Leo"
742	Armando Hernández "Armandito"
742	A.Hernandez
2223	David Schelsinger
2223	D. Schlesinger
2223	D.Schlesinger
1701	Luis Quintero
1370	Carlos "Carlitos" Fernandez
796	Carlos Fernández Derrick "Pupa Mickey" Bishop
833	José L. Osuna
883	Ezequiel S. Valencia
883	Ezequiel Valencia
889	José Luis Gutiérrez "Pizza"
916	Carlos Domínguez
13287	Robin
988	William García "Cafeína"
13296	Marco Fatone
3286	José "Cucaracha" Gómez
3286	José Gómez
6612	C. Mata
13297	Fernando Salas
1230	Leonardo Molina "Leo"
13316	Jesús Medina
2415	Abraham García "Cangrejo"
13317	Gabriel López
1068	Pedro Vicente Lizardo "PTT"
7832	Virginia Rodríguez
1068	Pedro Vicente Lizardo
1096	Armando Gómez "007"
1260	Italo A. Pizzolante
1260	I. A. Pizzolante
1287	Carlos "King George" Moreán
3134	Rafael Martínez
1344	María Espinoza
2434	Juanma de Ferrari
1409	Luis Yanes
1479	Carlos Pucci
1489	Ricardo "Kike" Sosa
6294	Humnel Acevedo
1606	G. Silva
4237	Gustavo J. Silva
1848	William Guzmán
1848	W. Guzmán
1909	Ricardo Vizcarrondo "Rich Monji"
1945	M. Martínez
2026	G. Picozzi
2032	M. Alvarez
2035	W. Vivas
372	Nörton Pérez "Jack"
939	J. Jiménez
939	Jesús "El Moti" Jimenez
3340	Humberto Pérez
2997	Fernando Rodríguez "Fer"
2997	Fernando J. Rodríguez
6728	Sokrates Papadoulos
2221	Luis Fernández
2253	D. Mamán
2253	D. Maman
2255	A. Mogollón
2562	María E. Ciliberto
2562	M. Ciliberto
3151	María Imhof Ramirez
3149	Martín Imhof Ramirez
2483	Javier "Jay" García
2534	A Brito
2642	Rubén Pérez
8786	Luis Otamendi
8786	L. Otamendi
2902	José "Pepe" Hernández
2943	C. Somoza
6372	R. Escobar
2998	Juan C. Figueroa
3406	Nacho Javarce
3434	N. Scarola
3434	Nicola Scarola
3591	E. Arias
3617	Carlos Quintero "Kinttero"
3617	C. Quintero
5098	S. Marino
4350	G. Lugo
4559	R. Santamaria
4566	L. Rangel
4617	A. Soto
13305	María Yánez
13313	Gustavo Schmilinsky
13319	P. Herrera
7979	Virginia Nembrini
13288	Karina
13298	Jorge Medina
13299	Alfredo Herrera
13304	Elia Infante
719	José Vasquez
29	Rubén Ángel Correa "Micho"
40	Sandro Liberastocioli
174	Erwin "Wincho" Schäfer
192	Kike Franco
223	Bélica Almenar
322	Alberto Barnola
437	Chofa Loero
437	Alfredo "Chofa" Loero
483	Caplis Chacín
483	Caplís Chachín
603	Joseito Romero
603	Joseíto Romero
16	Efraín Rodrígueza
95	René de Coupaud
217	Juan Carlos Almoa
553	Michael Romanowsky
602	José "Chema" Arias
789	Luis Pacheco "Chompiras"
793	Igor Konsekov
793	Igor Kossenkov
830	Rafael Garnica
916	Carlos Alberto Domínguez P.
917	Carlos Alberto Curto S.
919	Ricardo Mastromonaco R.
1024	Pedro Pérez Márques
1138	Carola de Landaeta
1286	Alberto Slesinger
1320	Pimpi Santiestevan
773	Cash Maestracci
1374	Rafael Chaverría
1029	Alvaro Benavidez
958	Gerard "Chipi" Chacón
1157	Xavier Losada
1167	Rafael Figliuolo
1181	Roberto Percuocco
1262	Marcelo Toulin
1286	Alberto Slezyinger
1434	Rodolfo "Fito" Paez
1460	Antonio Casas M.
1556	Hector "Tito" Fierro
1556	Hector Fierro
1556	Héctor "Tito" Fierro
1556	Héctor Fierro
1582	Gianluigi Borreli
1912	Jeremy Ruiz
2032	Manolo Alvrez
2043	Oscar Fanegas
1438	Leonardo Degl'innocentl "Dj Leo"
1648	César Masrroua
1617	Alexis Rondón
1949	Alex Lencina
1950	Ulises Butrón
2868	Armando Vitía
2855	Carlos "Turbo" Gerreiro
2855	Carlos Guerreriro
2855	Carlos Guerrero
3078	Juan Pablo Aurotine
3259	Rafael Grego T.
3259	Rafael Grego
3266	Eduardo "Eddy" Pérez
3405	Edgar Jiménez P
3493	Mariana "Nana" Cadavieco
3875	Chego Cabrices
4026	Edgar Quinteor
4214	Carlos Márquez
3775	GianPiero Gogante
2772	Glen Tomassi
3299	Paul Jaten
3299	Paul Jatern
3422	Rigel Mitxelena
3369	Francisco Kiko Villanueva
3491	Omar Oliveros
2740	Jordi de la Vega
5741	Arnoldo Sergas
460	Pablo Matarazzo
1800	Carlos Monserrate
3293	Ray Díaz
6571	Karina Flebes Córdova
6615	Jaime Bertrán
7934	Gabi Valladares O
8286	Manolo Freires
8286	Manuel Freire
6519	Carlos Loggiodicce
5771	Franklin Hollan
1800	Carlos Moserratte
6027	Eduardo Guerrero "EdWar"
7321	Kiko Rikote
8276	Luis Weiner
8300	Enzo Cassella
8347	Pixels Computation
9444	Luis Gómez Escobar
9924	Carlos Jugo
