120	Alejandro "Chonto" Turola			
192	Carlos "Kike" Franco			
112	Alejandro Estrada			
183	Carlos Imperatori			
184	Marcel Fernández			
190	Juan Pablo Gómez			
191	Hapi Jarri			
193	Josué Rosado			
194	Sal Cuevas			
195	Darvel Garcia			
196	Julio Hernández			
197	Manny López			
198	Jorge Lavois			
200	Archie Peña			
201	Edwin Bonilla			
1	Aquiles Martínez			
129	Kenmanuel			
111	Skywalker			
265	Azalea Hayes			
266	David Rothenberg			
267	Adam Kendal			
268	Tom Koch			
269	Eric Rigaud			
270	Andrés Blanco			
271	Jackie Brown			
278	Gay Grant			
113	Carlos Astros			
282	Rubén Gutiérrez			
315	Pavel Mora			
103	Tino Casals			
125	Guille			
205	Tony Concepcion			
360	Daniel			
377	Armando Figueredo			
211	César Sogbe			
4754	TJ Richardson			
4755	Wilmer Martínez			
588	Jhon Jairo Treviño			
206	Luis Aquino			
598	Alexander Hung			
601	Jorge Spiteri			
212	Ron Taylor			
755	Franlin Díaz			
813	Léster Méndez			
814	Fernando Músculo			
208	Raffi Torres			
4756	Euvic Coronel			
866	Manuel Ramos			
916	Carlos Alberto Domínguez			
889	José Luis Gutiérrez			
893	Ronald Donoso			
907	Phil Grafton			
938	Miguel Angel Bosch			
437	Alejandro "Chofa" Loero			
987	Rodolfo "Rudy" Pagliuca			
4757	Angel Hernández			
4758	Nelson Miguel Bonilla			
476	Luis Miguel Pérez			
4760	Gianni Patino			
4761	Emir Galindez			
4762	Audiologic			
4763	Animal Estelar			
4764	Celestino Colasacco			
4765	Francesco S di Liberti			
968	Ana Carmela Ramírez			
337	Apache			
423	Afromak			
440	Saúl Hernandez			
1000	Mery Lamberti			
1006	Hilda Carmona			
1112	José "Cheo" Rodríguez			
1104	Alejandro Ghersi			
1105	Fabiana Pesare			
1106	Fernando Cárdenas			
1107	Ángela			
1108	Ernesto Schweinburger			
1109	Javier Vidal			
1110	Celer Linares			
1114	Enzo Villaparedes			
1116	Luis Conte			
1117	Ricky D.			
1113	Oscar Alcaíno "Oscarello El Magnifico"			
1183	Yon Carlos Medina			
1090	Miguel Morant Blanco			
1195	Rodolfo Reyes			
4771	Ramón Méndez			
1192	Toro Bernal			
4768	Hernán Cocttens			
4769	Sugar			
477	Bostas Brains			
4774	Ramón Cedeño Jr.			
4775	Carlos Arminio			
4776	Henry Loaiza Jr.			
4777	Marcos Hostos			
4778	Nika Bascom			
478	Víctor Hugo Mendoza			
4780	Carlos Valenzuela			
4783	Jonathan Delgado "Johnny"			
4784	Santiago Arango			
4785	Juan Carlos Ramos			
4787	Jean Puccia			
699	Rigoberto Patiño "Rigo"			
1193	Gregorio Rangel			
1197	Dave Early			
1198	Patrick Bernard			
1199	Clapham Manor School Girls Choir			
1200	Virginia Weinberg			
1062	Dani			
1201	Bradley Weinberg			
1257	Aimone			
1425	Aníbal Malavé			
4788	Deibys Artigas			
4789	José Gregorio Spíndola			
4791	William Ruiz "Will"			
4792	Carlos Arvelo			
4793	Felipe Arcuri			
4794	Joad Manuel Jiménez			
4795	Panos Geo			
4796	Klaus Kikas			
4797	Maria Trejo			
4799	Paula Santa Cruz			
48	Adryan Russ			
480	Claudio Leon			
4800	Cristhian Zambrano			
4802	Micky Huijsmans			
4804	Luis Vera			
4805	Angel Ferreira			
4808	Francisco Frontado			
4809	José Ferreira			
481	Danel Sarmiento			
4812	Edward Pimentel			
4813	Oliver Richardson			
4814	Rino			
4815	Morocho			
4816	Sebastián Díaz Jesús Jiménez			
4817	Ignacio Garófalo			
4818	Los Astrolabios			
1002	Edgar			
340	Elsa María Mateu	true		
3385	Carlos Guillén			
3386	Héctor Stagno			
3387	Camila Garmendia			
3388	Oscar Vargas			
3389	Luis Cova			
339	Gustavo Aguado			
3390	Miguel Romero			
3391	Melvin Portillo			
3392	Tito Sulbarán			
3393	Fernando Valladares			
3394	Luis Arias			
3395	Maelis Yermaya			
3396	Eleazar Yánez			
3397	Nicolai Sarpe			
3398	Oswaldo Gámez			
3399	Yolanda Rojas			
34	Juan Carlos De La Vega			
3401	Oscar Rojas			
3402	Rafael Alvarez "Chesi"			
3466	Luis Julio Toro			
1840	Pablo Fernández			
482	Horacio Blanco			
4820	Morella Muñoz-Tebar			
4821	José David Cheng			
4822	Manuel Parra			
4823	Henry Luengo			
4824	Humberto L.			
4825	Rubén Hernández			
4826	Eduardo Espina			
4827	Nelson R.			
4828	Francisco R.			
4829	Luis Enrique D.			
4830	David L.			
1830	Miguel Napolitano			
1831	Barbara Lizardo "Baby"			
1832	Angelo Valsania			
1833	Camilo García			
1834	Carlos Gómez Arizta			
1835	Charles Martinez			
1836	Marcelo Bisbal			
1837	Freddy Mendoza			
1838	Emir López			
1839	Jean Pierre De Bourg			
1841	Rober Villegas			
1864	Keith Karabel			
1922	Jesús			
1924	Rodrigo			
1933	Nicky Richards			
1935	Emmanuel Horvilleur			
1936	Andrea Echeverri			
1842	Vincencio Osuna			
1843	German Sanchez			
1844	Keny Godoy			
1846	Dorian Vaz			
1939	Alejandro Duque			
1940	Héctor Buitrago			
1941	Rafael "Rafa" Sánchez			
1946	Edgardo A. Franco			
1942	Graham Hawthorne			
1968	Johnny Sender			
1979	Jay De La Cueva			
1983	Ezequiel Rocha			
1997	Eduardo Eguis			
2010	Alfosn Gonzales "DJ Hernia"			
1291	Willie Croes			
4834	Nelson Crespo			
4836	Javier Suárez			
4837	David Guerra			
4839	Yamila Grioni			
484	Antonio Rojas			
4844	Juan Carlos Millán			
4845	B6Doce			
4847	Maiker Escobar Dj Ché			
4848	Joan La Riva Alberto Herrera			
4850	Mendoza			
4852	Adrian Van Woerkom			
4853	Juan Carlos Arroyo			
4854	Phil Naro			
4857	Herrera			
4859	Pancho Quilici			
4861	Pablo Mendoza			
3474	Elida León			
1298	Francisco González			
4867	Leonardo Méndez			
4868	Honorio Torrealba			
4869	Dave Dickson			
4870	Pedro Virguez			
4871	Edmer Fernández			
4872	José Peralta			
4873	Freddy López			
4875	Josmar Juárez			
4876	Miguel Herrera			
488	Emigdio Suárez			
4880	Chuck Berry			
4882	Jacinto Parra			
4883	Ronald Lares			
4885	Gonzalo Pulido			
4887	Stevie Wonder			
4888	Neil Young			
4889	Ulises Farías			
489	Argel			
4890	Harry Nilsson			
4891	Zilah Rojas			
4892	Rick Derringer			
4893	Ray Charles			
580	Karina Aranguren			
2238	Pavell Tello			
2273	Andrés Levin			
2274	Rick Abbondante			
4895	Kim Fowley			
4896	Evert Duran			
4897	A Todo Tren			
4899	Adan Gonzales			
49	Alice May			
490	Álvaro Segura			
4900	Hiram Garzaro			
4901	osé Carmelo Medina			
2276	Kenji Shimoda			
2277	David Robbins			
4902	Héctor Salgueiro			
4903	Jesús Ugaz			
4904	Jean Pier Plana			
4906	Rafael Querales			
4907	Pucho Orozco			
4908	Manuel Sánchez			
4909	The Void			
4910	Hernán Matute			
4911	Paola del Río			
4912	Rafael Naranjo			
4914	Rafael Pérez Madrid			
4915	Yldemaro Villavicencio			
4917	César Díaz			
4918	Efrain Oscher			
492	César Domínguez			
4920	The Breed			
2310	Osiris Maiz "Charlie"			
1313	Pablo Campos			
4921	I See The End			
4922	Víctor Marval			
4923	Thomas Torres			
4924	Victor "Kasiax" Bermudez			
4925	Alexander Pulido			
4926	Jarz			
4927	Nilz			
4928	Carlz			
4929	Alz			
493	Carlos Segura			
4930	Billy Se Fue			
4931	Robert Chopite			
4933	Erza Arcia			
4935	Ernesto Rosa			
4936	Pedro Padrón			
4937	Yhonny Gil			
4938	Rafael Mattey			
4939	Georgi Rebuha			
1312	Sidney "Gato" Reyes			
1316	Anita Valencia			
13195	La Titi			
1736	Joan Calabria			
1737	Mickey Patson			
1738	Pedro Florenzano			
1739	Wilmer Rios			
1740	Kamil Zelaa			
2663	Marco Toro			
2668	Alejandro "Piti" González			
2670	Sander Janssen			
2674	Mark Gibs			
2677	Ana María Bertorelli			
2678	Freddy Quero			
13196	MC/DC			
2679	Gelio Arturo Acosta Yanéz			
2685	Sergio Brown			
2687	Fernando Aloisi			
2692	Alexander Hamilton			
2686	Francisco "Pitufo" Vivas			
2716	Henry Augustus Stephen Pierre			
2718	Henry Hensen			
1334	Alfredo Pierantoni			
1353	José Rada			
2807	Muu Blanco			
2036	Biella Da Costa			
1741	Kenny Cellis			
2043	Oscar Fanega			
2942	Carolina Ticono			
2951	Ann Siberiana			
2962	Jorge Stelling			
13198	Cristina Abuhazi			
1742	Miguel Peña			
1743	Arturo Guardia			
3071	Raúl Rivas			
3027	Jezz Raylee			
2976	Killian Williams			
3095	Jonatan Faria			
3126	Pablo Durand			
3168	José Lopera			
3171	Jonás González			
3175	Claudio Valenzuela			
13200	Roxy			
2054	Elías A Michelena			
3204	Alejandro Ramírez "Chombie"			
3267	Shawn Michaels			
3323	María Gracia Iglesias			
13202	Ana Galaviz			
1744	Maya Jupiter			
2030	Breno Díaz			
2041	Ilba Rojas			
2051	Roger Neal			
3346	Frank Quintero			
3411	Sebastián Araujo "Sebas"			
2081	Ricardo Tirado			
2637	Enrique De Gregorio			
2649	Steve Scott			
372	Norton Pérez			
376	Alfredo Gil			
739	Brian Gardner			
511	José "Pingüino" Echezuría			
730	Alberto Montenegro			
2660	Jesús "Chu" Quintero			
3448	Armando Mosquera			
2654	Jorge G. García			
2643	Tom Hutten			
2681	Carlos Polanco			
2857	Jesús Toro			
721	Luis "Droopy" Pulido			
8415	Juan Carlos Pineda			
735	Vladimir Peña			
770	Chris Rex "Elektrobot"			
794	Luis Márquez			
833	José Luis Osuna			
3103	Manuel Montañez			
873	Iván Marcano			
939	Jesús Jiménez			
8974	Yonathan "Morocho" Gavidia			
3536	Roy Tabares			
3581	Javier González			
3614	Elio Fernández			
3626	Eduardo Soto			
13211	Coppa			
2639	Felipe Grüber			
2647	Alejandro Plaza			
2653	Andy Pask			
3629	Henry Ramos			
963	Diego Álvarez			
1848	William "Magú" Guzmán			
13235	Fire Tea			
13238	Rapsusklei			
13244	Colombia			
13249	Valeria			
13263	MC Chupacabra			
13267	Grant Lazenby			
1746	Alejandro Yánez			
1747	Rómulo Castillo			
1748	Mariana Rengifo			
1749	Héctor Alvarado			
1750	Alcídes Goncálves			
1751	Leandro Maturano			
1752	Sebastian Marqués			
13208	Frederick Rojas			
13212	Celldweller			
13218	Baptiste Malum			
13219	Askhad Ardanov			
13230	Boomer			
1753	Israel González			
1754	Víctor Mora			
1755	Norma Fernández			
1756	María Alejandra Correia			
2642	Rubén Dario Perez			
1849	Raúl Mota			
2490	Gonzalo Suarez "Gonzo"			
2646	Rene Márquez R			
1618	Leonardo Gil			
2415	Abraham García			
2029	Rodolfo Serra			
2155	Carlos Crinigan			
2992	Jonathan Carrillo "Jona"			
2667	Gabriel Millán "Gabo"			
3685	Javier Hernández			
3686	Yuraima Herrera			
2703	Kiko			
2954	Eulalio "Churdy" Toledo			
3327	Endel "El de Choroní"			
4384	Ramón Carranza			
1856	Giordano Di Marzo "Yordano"			
2383	Manuel "Manel" Muñoz			
3226	José "Pepe" Vera			
3710	Pedro Changa			
3788	Johnny Hallyday			
2651	Carlos Delgado			
2657	Juan Miguel			
3840	Carlo Pinto			
2892	Ezequiel Serrano			
1061	Gelson Briceño			
5311	Enrique Rincón C.			
3053	Ricardo Anthés			
2826	José Antonio Bermúdez			
367	Mauricio Arcas			
498	Andrés Astorga			
822	Alfonso Ordoñez			
844	Andrés Acosta "Patolín"			
2169	Elix Monsanto			
3887	Geraldine			
3888	Samantha			
3896	Luisa García			
2650	Tito Duarte			
2661	Raymundo Ceballos			
2659	Austin Ince			
2684	Miguel López			
2902	José Leonardo "Pepeleo" Hernández			
2518	Manuel Churión			
2021	Freddy Cabezas "Marshall"			
2129	Orlando "El Joe" Alvarado			
3015	Marcos Arévalo "Socram"			
4038	Martín Fuenmayor			
3084	Jonathan "Watis" Gómez			
4170	Jorge "Pepino" González			
4626	Luis Miguel Sanabria "Vampiro"			
7178	Alberto Lewis			
3775	Gian Piero Gigante			
2367	Víctor Gámez			
4189	Carlos Rondón			
4082	Theorino Michelena			
4153	Leslie Pozo			
2671	Piti			
4224	Carlos Salas			
4278	One Shot			
2658	Tito Saavedra			
13222	Radiosphere			
3242	Adriana Prieto			
13227	Rafael Capote			
3236	Albany Castro			
4467	Rubén Verde			
4536	Alexis Chagua			
4614	Ivanov			
13232	Fidel Nadal			
13240	Samaga			
4782	Arian (Felipe Nevado)			
4617	Arturo Soto			
3237	Jennifer Stanbury			
4753	Ana Alvarez			
4781	Ani Guillén			
13245	Satika			
3239	Kevin Johansen			
13251	Anat			
13248	La Pulga			
5351	Simón Urbina			
5379	Raúl Trejo			
5452	Antonio Silva			
13250	Whitbeck			
5544	Francisco Sapene			
3243	Gustavo Dal Farra @GustavoDB			
1780	Angie González			
1781	Gustavo Rivas			
13252	Matt Watkins			
13259	Kiryu Zhang			
1758	Amado Zambrano			
1759	Christian Jiménez			
176	José Luis Peña			
1760	Matias Pelletan			
1761	Aleyda Ceballos			
1762	Eduardo Vergara			
1763	Luis Sarmiento			
1764	Salomé Méndez			
1765	Carolina Torres			
1766	Honey Pacheco			
1767	Mizael Pérez			
1768	Madia di Turo			
177	Carlos J Gonzales			
1770	Roberto Stopello			
1771	Rossana Veracierta			
1772	Ricardo Bustamante			
1773	Laura Muñoz			
1774	Sabas Malaver			
1775	Carmen Narro			
1776	Alejandra Ojeda			
1777	Paulo Freites			
1778	Roberto Ojeda			
1779	Ronald Alexander Salini			
178	Guillermo Hung			
1782	Mario Rincón			
1783	Daniel Emilio Cesari			
1784	Elvis Correia			
1785	Valentina Concetti			
3541	JC 'Bulu 'Violaria			
5819	Carlos Morante			
5712	Jorge León			
5846	Ciro Alvarado			
5876	Víctor Medrano			
5899	Hermes Fajardo			
5901	Julie Ferrer			
5952	La Nena Márquez			
5997	Lucio Caminiti			
5959	Carlos Hurtado			
5917	Candy Sáez			
5980	Alberto Garanton			
6007	Piky Figueroa			
6014	Gustavo Delgado			
6015	Luis Gonzales			
6020	Adrian Arbona			
6069	Kley Castro			
6079	Mario Morillo			
6084	Andres Calafat			
13253	Carlos Monkey			
6099	Rancho			
6122	Jorge Simon			
6170	Alejandro Rosal			
3547	Laura Alonso			
6177	Eduardo Ros			
6212	Gary			
6225	Federico Román			
6247	Manolo Reyes			
13255	Custodia			
6330	Julio Sosa			
6351	Orlando García			
6353	Rafael López Jr.			
6379	César Alberto Somoza Torres			
6402	Francisco Benedicto			
6407	Armando Betancourt			
13256	Antonio Rodriguez			
1786	León Granados			
6508	Patricia Bravo			
6521	Joad Manuel Jiménez Vasquez			
6531	Gabriela			
3475	Cristian Giannoni Nasco			
6604	Hendifer Castillo			
6631	Andres Czismadia			
13258	Gustavo Gomez			
13262	Jonatha			
3549	Filiberto Núñez			
6804	Emilio Quintero			
6815	José "Tricky" González			
6852	Adolfo Alcalá			
13264	May Rose			
3476	Jeffry Fischman			
6866	Ulises García			
6928	Joel Scream			
6940	Darío Rojas			
13268	Enrico Ricardi			
3739	Oswaldo Marcano			
3477	Antonio Jauregui			
1805	Pedro Leal			
1806	Hensli Rahn			
13270	Bill Martin			
13271	Phil Coulter			
13272	Augusto Algueró			
1787	Elida "Gina" De Alamo Leon			
1788	Sr. Archi			
1789	Juan			
179	Nestor Toro			
1790	"Nenuco" Cuy			
1791	Lourens Bood			
1792	Auke Riemersma			
1793	Daan van der Elksen			
1795	Alejandro Gómez "Ringómes"			
1796	Juan Carlos Showero			
1797	Carlos Sánchez			
1799	Oscar Pérez			
180	Alejandro Vargas			
1801	Eduardo Goitia "Eduardo"			
1802	José Vicente Aguilar "Chevy"			
1803	Giacomo Migliorini			
1804	Kuámasi González			
1809	Derwin Colls			
181	Giancarlo Ranieri			
1810	Adrián Ibarra			
1811	Planeta Urbe			
3740	Amada Granado			
7711	Ivette Ferreira			
7852	Gino Roumou			
7733	Cary Grant			
7772	Oscar Rodríguez			
7782	Leonardo			
7844	Mariana Gómez			
7863	Rien Hurkmans			
7879	Mirugia de Cuba			
7943	Rael González			
8049	Magaly Pacheco			
8066	Catalina Pineda			
8068	Ricardo Gaitan			
8063	Hernan Mulet			
3741	Gustavo Alarcón			
8741	Olga			
8838	Miguel Pineda			
8875	Claudia Fontaine			
8962	Yelitze Colmenares			
8969	Maickel Melamed			
9048	Williams Padrón			
9096	Jonathan			
3745	Version Bélica			
8736	David Rios			
9325	Ricardo Castillo			
9334	Miguel Marín			
9337	Rocky Vera			
11246	Chi Coltrane			
11252	Mac Davis			
11260	Márcio Greyck			
11264	Humberto Zarraga			
11891	Joel Pineda			
11892	Clemente Vargas Jr.			
11893	Máximo Valerio			
11895	Marlene con Los Tigres			
11897	Los Carabineros			
11915	Mayra Martí			
11900	Escena			
11901	Mirla			
11924	Tom Jones			
11794	Eddie Castro			
11857	The Sharks			
11858	Los Supersónicos y Johnny Tedesco			
11942	Momo Yang			
11955	Jah Jah Children			
11943	Yoly Sandoval			
11963	Lorenzo Santamaría			
11973	The Statler Brothers			
11975	Los Popsingers			
11978	The Love Affair			
11989	The Buckinghams			
11991	Blood			
11996	Billo's Caracas Boys			
11944	Fresa Salvaje			
11945	Oscar Santana			
11946	Emilio Arvelo			
11947	Rossano			
11948	Neyda Perdomo			
11949	Domenika			
11950	Héctor Alonso			
11951	Santy			
11952	Teenrock			
11953	Yopa			
11954	Aldo Matta			
11956	Jean-Luc			
11961	Javier Gurruchaga			
12003	Grupo Sangre			
12005	Acuario			
4227	Orlando Zambrano			
494	Fernando Batoni			
4941	Marco Vaccari			
4943	Nicholas Vondrak			
4945	J.C. Arévalo			
4946	Ramón Pita			
4947	Jesús Rafael Figueredo Barreto			
4948	Edgar Pinto			
495	Carlos Eduardo Reyes			
4951	Alejandro Del Pozo Tovar			
4952	Héctor Querales			
4953	Tonio Gregoriani			
4957	Edgardo Rojas			
4960	Miguel de Donato			
4961	Daniel Herrera			
4954	Marcos Mejía			
4226	Rafael Salazar			
4233	Valentina Gamero			
12082	Axe			
4962	Jean C. Colina			
4963	Enrique Alvarez			
4965	Iván Akirov			
4967	Daniel Rondón			
4968	Boogieman's Curda			
4969	Emanuel Muñoz			
497	Miguel Delgado			
4970	Félix Siso			
4215	Jesús Martínez			
4217	Cañon			
12175	Toni Basil			
12176	UB40			
12177	Nancy Morillo			
12181	Alberto de Luque			
12183	Cal Tjader			
12184	Luis Bravo			
12185	Giorgio Gaber			
12186	Olympia			
12187	Sam			
12188	El Sham y Los Faraones			
12189	Orietta Berti			
12192	Dr. Jekyll			
12196	Podium			
12200	Oceanía			
12204	Secuencia			
12205	Expresión			
12206	Demian			
12208	Amethys			
12209	Melina			
12211	Ofrenda Vytas Brenner			
12212	Aldemaro Romero y Su Onda Nueva			
12213	Grupo C.I.M. Compañia de Investigaciones Musicales			
12215	Dos			
12217	Orchestra Julian			
3479	Giancarlo Pontrandolfo Odoardi			
2064	César Castillo			
13275	Chulius Groove			
13277	Farina			
13285	Milton Aguiar			
1812	Gerson Quemba			
1813	Agustín González			
1814	Gustavo Rodríguez			
1815	Miguel Orea			
1817	Luciano Calello			
1818	Emiliano Montes			
1820	Francisco Izza			
1821	Gustavo Silvan			
1822	Julio Evans			
1823	Puly Lamberti			
1825	Victor Chapela			
1827	Leonardo Angúlo			
1828	Richard Riobueno			
1829	Alejandro Galicia			
2057	Luis Melo			
2058	Mauro Trotta			
2059	Max Vogel			
2060	Mario Cirigliano			
2063	Rafael Grooscors			
2069	Miguel Cantando			
2070	Alex Bondar			
2071	José Antonio Valera			
2072	Anecto Paredes			
2073	Pedro Gómez			
4223	Allan Carnevale			
2110	Rosalyn Omaña			
13276	Kranium			
2074	Stefan Gzyl			
2075	Allem Pinto			
2076	Roy Levy			
2077	Alejandro Bellorín			
2078	Alberto Parejo			
2079	Lisbeth			
2080	Salomón Lerner			
2082	Luis Blanco			
2083	Daniel Carrizales			
2084	Hector Bastardo			
2085	Ángel Negrín			
2086	Fernando Mendoza			
2087	Benedicta Asis			
2088	Karin Aguilar			
209	Carlos Kolenda			
2090	Pedro Deniz			
2091	Jonathan Piñero			
2092	Mathías Beyer			
2096	Robert Hutchinson			
2097	Andrés Briceño			
2098	Eddie Amparo			
210	Dana Teboe			
2100	Marvin Orellana			
2101	Robert Incelli			
2102	Miguel Porras			
2103	Javier Anguera			
2104	Freddy Roldán			
2105	Antonio Soltedo			
2106	Henry Gutierrez			
2108	Jorge Aguilar			
2111	Enrique Figueredo			
2148	Jorge Romero			
2149	Miguel Pepe			
13278	Chyno Miranda			
13283	Juan Magan			
2113	Juan Carlos Chávez			
2114	Emerson Hernández			
2115	Carlos Spósito			
2116	José Luis Vásquez			
2119	Victor Castillo			
2120	Chema			
2122	Tisuby González			
2123	Georgina León			
2126	Jennifer Zea			
2128	Dorian Milá			
2130	Giovanni Gulli "Pachuco"			
2132	Adriana Charme			
2133	Chapelin Marison Luna			
2134	Jorman Hernandez Jobas			
2135	Javier Salas			
2136	G. Planchart			
2137	Paul Rodríguez			
2139	Marcos Elliet			
214	Gerardo López			
2140	Luz María Charme			
2141	Ricardo Riveiro			
2143	Jesús Viloria			
2144	Federico Capocci			
2145	Omar Naim Sawaya			
215	Rubén Martín			
2150	María Ida Guadano			
229	Maurimix			
4240	Tarot			
217	Juan Carlos Almao			
2151	Aldo Lamanna "DJ Lamaña"			
348	Nora Abasolo.			
2178	Beto De Pablos			
13279	Zzoilo			
13284	Rasel			
2152	MC Alex Acosta			
2153	Emille Macklouf			
2154	Ivor Lugo			
2156	Ortega			
2158	Edward Vera "Turtled" @Turtleddj			
216	Joe Numma			
2160	Jimmy Flamante			
2161	Gianny Salazar			
2162	Robison Millan			
2163	Roque Contreras			
2164	Christian Lombardi			
2165	Mauricio Cuevas			
2166	Adrián			
2167	Christian Duarte			
2168	Héctor Felice			
2170	Alejandro Chataing			
2171	Fulvio Guarino			
2172	Anita			
2174	Gerson Alvarado			
2175	Camilo Carrero			
2176	Oliver Carmona			
2179	José Luis Itriago			
4807	Nino Acosta			
2192	Daniel Arreaza "Rino"			
3702	Ashley Cordero			
2210	Franklin Pereira			
2211	Pedro Luis Sanchez "Pedro Sun"			
13281	Juhn			
13286	Manzano Gallego			
218	Carlos Alvarez			
2180	Jesús Rondón			
2183	Rafael López			
2184	José "Cebolla" Briceño			
2187	Keila González			
2190	Carlo "Loquillo" Arriaga			
2191	Cornelio Reyes			
2193	Javier "Rodilla" Farías			
2194	Daniel Fontaiñas			
2195	Alexei Garbán			
2196	Marco Vettor			
2197	Gianni Napolitano			
2199	Rafael Giner			
220	Adolfo Hernández			
2200	Ricardo Díaz			
2201	Giancarlo Olivieri			
2202	Marisela Lovera			
2203	Ivette Grau			
2204	P. T. T.			
2206	Juan C. Medina			
2207	Ernesto Estrada			
2208	José Montilva "Joseph Sun"			
2209	Daniel Andrade "Daniel Sun"			
221	Vladimir Quintero			
2212	Jorge Hernández			
2213	Orlando Toro			
2188	Andrés Lara "Nano"	true		
4810	See You Again			
223	Annabella Almenar			
2231	Goya Sumoza			
2214	Esteban García			
2217	Guilhem Ravier			
2221	Luis Fernández "Toto"			
2223	David Schlesinger			
2224	Aura De Fuenmayor			
2225	Alfredo Naranjo			
2226	Ricardo "El Pollo" Bastidas			
2227	Diego "El Negro" Álvarez Muñoz			
2228	Maria Virginia Caldera "Money"			
2229	Enzo Querci			
2230	Gianna Alfano			
2232	Lorenzo Colina Jordán			
2233	Kino Pastor			
2234	Ricardo Toscano			
2235	Kail Lovera			
2236	Christian Guiralt			
2237	Julio Martínez			
2239	Angelo Moore			
2240	Pedro Eustache			
2242	José Ramón Morales			
2243	Luis Enrique Pérez			
2244	Julio José Balza			
2245	Márcel Dávila			
2246	Luis Eduardo Marin			
2247	Rosa Mariña Leña			
2248	Elsa A. Camacho			
2249	Adriana Pimentel			
225	Joanna Vegas			
2250	Zulay Ascanio			
2251	Mario Parker			
13325	Gonzalo "Chile" Veloz			
4831	Avalancha			
4835	Eckaterina Guerra			
4971	Jhean Daza			
4972	Alvaro Torrens			
4973	Gabriel Rosales			
4975	Alejandro García			
4977	Elias Tona			
4978	Antonio Benítez			
4979	Arturo Reyes			
4980	Braulio Polanco			
4981	Henry Mora			
4982	José Aranguren			
4983	Aldrey			
4984	Sebastian Flores			
4985	Agustín Zubillaga			
4986	Ari Silva			
4987	Angel Boscan			
4989	Gustavo Bolívar			
1086	Franco de Vita			
12877	Toño Jiménez			
13287	Robin			
13296	Marco Fatone			
13297	Fernando Salas			
13316	Jesús Medina			
13317	Gabriel López			
13328	James Fogarty			
13356	Juan Diego Quintero			
2307	Edgar Espinoza			
4851	Oscar Escauriza			
4855	Héctor Barrios			
4862	Néstor Parra			
5748	Fractal			
2302	Gabriel Stacio			
13288	Karina			
13298	Jorge Medina			
13299	Alfredo Herrera			
13304	Elia Infante			
13305	María Yánez			
13313	Gustavo Schmilinsky			
13319	P. Herrera			
13326	Ivanhoe Bilbao			
13327	Jesús Castillo "El Chuy"			
13329	Gabriela Alegrett			
13338	Ras Jahonnan			
13339	Binghi Fyah			
13342	Reke			
2290	Ana Elba Domínguez			
2292	Enrique Pérez			
2293	Ruthsy Fuentes			
2294	Alexis Rodríguez			
2295	Alberto Herrera			
2296	Bruno Romano			
2297	André Poulet			
2298	Verónica Marinez			
2299	Baltasar Agustín			
230	Samantha Dagnino			
2304	Breker			
2306	Mrdanga			
2308	Jonathan Cabrera "Jhon"			
2309	Denys Bonilla			
231	Alejandro Sojo			
2311	Jesús Esteban Campos "Coda"			
2312	Ulises Bella			
6283	Vicente Delgado			
6287	Arturo Inciarte			
13300	Gina			
2352	Giovanni Tradardi			
13289	Frankyelis Contreras Tatsis			
13290	Mario Hayek			
13306	Sergio Cabeza			
13307	Gustavo Mujica			
13314	Paul Quintero			
13330	John Guarenas			
13346	Alejandro Matheus			
2314	Funkjimenez			
2315	Asdru Sierra			
2316	John Pantle			
2317	José Espinosa			
2318	Babee Power			
2319	DJ Dodgie			
232	Alberto Arcas			
2320	Francisco Gallardo			
2321	Richard Blair			
2327	Juan Carlos Perfetti			
2328	Heder Zambrano			
2330	Jesús Quevedo			
2331	Carlos Pedraza			
2332	Juan Carlos Siniestra			
2333	Marvin Hernández			
2334	Victor Lopez Rossi			
2336	Ed Stvs			
2337	Javier Gárnica			
2338	Cesar Haliwa			
2339	Mayela			
234	One Chot			
2340	Joan Barracuda			
2341	Nelson Camacaro			
2344	Franco Carella			
2346	Jean Carlo Calderón			
2349	Nelson Rodríguez			
235	Paparazzi			
2350	Nelson Porras			
2351	Miguel Quevedo			
499	Yunior Lobo			
13311	Gregory Carrero			
13331	Pastor			
13337	D-Jahmin			
13343	André Charles Jean Popp			
13344	Pierre Cour			
13352	Rosa Girón			
2353	Katheryn Nitti			
2355	Maikel Vargas			
2356	Jean Carlos de las Salas			
2358	Alberto Borregales			
2359	Evio Di Marzo			
236	Eddie Frankie			
2360	Bartolomé Díaz			
2361	Totoño Blanco			
2366	Guillermo Berincua			
2368	Augusto de Lima			
2369	Javier Atance			
237	Luis "Tata" Guerra			
2370	Rafael Pimentel			
2371	José Galpasoro			
2372	Claudio Gámez			
2373	Douglas Herrera			
2374	Nelson Bautista			
2375	Juan Oropeza			
2376	Alfredo Cabrera			
2377	Humberto Becerra			
5013	Adolfo Gómez			
4990	Luis Cardenas			
13292	Chapa Lara			
4991	José Díaz			
13295	José Spindola			
4992	Fernando Colmenares			
4993	Andrés Salazar			
4994	Rafael Bolívar			
4995	Arnold Lancelot			
4999	Christian Vizcaíno			
50	Barry Manilow			
500	Jonathan Bellomo			
5000	Rasbel Castellano			
5001	Aldrey, Guaglianone			
5003	Juan Magrini			
5005	Bronce			
5006	Miguel Guaglianone			
5008	Peter Cernik			
5009	John Rodríguez			
501	Andrés Sosa			
5010	Alex Endo			
5011	Rey Magrini			
5012	Alejandro Da Costa			
13293	Erick Machado			
13301	Eduardo Pacheco			
13315	Los Piraos			
13332	Pedro Poney Violator			
13334	Jesús Vásquez Percuello			
13350	Marie Clarie D' Ubaldo			
13351	Rick Nowells			
5015	Humberto González			
5018	Jerry Fuller			
502	Jean Martínez			
5021	Fernando Bruguera			
5023	José Pablo Alvarez			
5024	Alejandro Torres			
5025	Jerry Maneiro			
5026	Gregory Antonelli			
5027	Miguel Carvajal			
5028	Alberto Barrios			
5029	Augusto Cavazzini			
503	Vladimir Rivero			
5030	Manuel Millán			
5031	C. Rodríguez			
5032	Daniel De Abreu			
5033	Eric Eldenius			
5036	Ismael Sauce			
5039	Seth Horan			
504	Alfonso González "DJ Hernia"			
5040	Bibey			
6289	Javier Ferrero			
13302	Jesús "Titi" Marval			
13303	Luis "Munky"Castro			
13308	Leonid Arao			
13312	Alejandro Araujo			
13323	W. Alvarez			
13324	C. Mendoza			
13333	Rick Rangel			
13335	Raices Mc			
13347	Walter Scharf			
13348	Lali Carrizo			
13349	Pedro Azael			
5041	Juan Carlos Salas			
5042	Alejandro Juzgado			
5043	Phantomvox			
13309	Albert Marquina			
13310	Fernando Guzmán			
13321	Pedro del Moral			
13322	John Jacobsen			
13353	Rolando Paredes			
2414	Daniel Moser			
2416	Maryuri			
2417	Christofa			
2418	Carlos			
2419	Ricardo Portillo			
242	Frank Arismendi			
2420	Rommel Rey			
2421	Yamico			
2422	Miriel			
2423	David "Morocho" Hernández			
2424	Robert Valerio			
2425	Renny Montaño			
2426	Enrique Santana			
2427	Gustavo Vargas			
2428	Rodolfo Spitaleri			
2429	Julio César Vásquez			
243	José Diego Boscan			
2430	Abraham Carrillo			
2431	Alejandro Zavala			
2432	Marycel González			
2433	Alejandro Londoño			
2616	Jesús Camacaro			
5045	Jorge Fernández Claudio Leoni			
5047	David Inciarte			
5049	Juan Niño			
505	Juan Olmedillo			
5050	Jorge Pineda			
5051	Danilo Torres			
5052	Juan Fernández			
5053	Carlos Romero			
5054	Tomás Vásquez			
5055	Esteban Demián			
5056	Denis Legón			
5057	Los Callejeros			
5058	Mad Box			
5059	Rubén Vásquez			
506	Aurelio Martínez			
5061	Gerardo Becerra			
5062	Dwight D. Roldán			
5063	Rubén García			
5064	Ciro Cella			
5065	aniero Palm			
5067	Jean Carlo Chacón			
5068	Luis Bermúdez			
5069	Kelvin Dos Santos			
6292	TrueBusynes			
6314	Dave Dudley			
13354	Juan Manuel Martínes			
13355	Nacho Bejar			
507	Carlos Aray			
5070	Jesús David Nieto			
5071	José García			
5072	Félix Gil			
5073	José Arévalo			
5074	Hender Contreras			
5075	Javier Villamizar			
5076	Caña Loca			
5077	Jackson Nieto			
5078	Alfredo Churión			
5079	Frank Polo			
508	Richard Blanco			
5080	Vicente Vergara			
5081	Eduardo Serrano			
5083	Oscar López			
5084	José Hernández			
5085	Rubén Villegas			
5086	Alejandro Lamas			
5087	Manuel Páez			
5088	Luis Borges			
5089	Luis Assing			
509	Héctor Paredes			
5090	Abraxas Leon			
5092	Francisco Meza			
5093	Héctor Nieto			
5094	Hernán Carabaño			
5095	Silfredo Echezuría			
5096	Héctor González			
5097	Sheideguer Silva			
5098	Stanislao Marino			
5099	Jesús Rodríguez			
51	Bill Bowersock			
510	Jean Pierre Felce			
5100	Leandro Perez			
5101	Edgar Naranjo			
5102	Luis Suárez			
5103	José Uribe			
5104	Luis Musto			
5105	Luis Felipe Navarro			
5106	Orlando Barranco			
5107	Miguel "Miki" Bermúdez			
5108	Rafael Ramírez			
5110	César Muñoz			
5112	Justo Morao			
5114	Heriberto Rojas			
6617	Charlie Bernaccino			
2574	Rudy Martins			
5115	Michael Berti			
5116	Nicola Di Zio			
5117	Daniel Espinoza			
512	José Gabriel Díaz			
5120	Alvaro Mirabal			
5121	Juancho Herrera			
5122	Goyo Reyna			
5123	María Carolina Semprún			
5124	Simoney Romero			
5126	Leonardo Castillo			
5127	Karin Lemke			
513	Felipe "Mandingo" Rengifo			
5130	Roberto García			
5131	Esteban Villegas			
5132	Aniel Martínez			
5133	Carlos Gil Camarinha			
5134	Alí Chiquito			
5135	Samuel Rodríguez			
5136	Javier Limonchy			
5137	Andrés Mazzei			
5138	Rafael Juárez			
5139	César "Loloice" Mila			
6643	Nelson Muller			
6635	Luis Miguel Lange Dao			
6641	Diego Tosoni			
5140	Christian Olea			
5141	César Muñoz Personal			
5142	Jonathan Bellomo Paredes			
5143	Ricardo Del Pozo			
5144	Mattia Medina Grespan			
5145	Osheye Rebolledo Piñero			
5146	Claudio Baruzzi			
5147	Dixón González			
5148	Miami Philharmonic Orchestra			
5149	Jorge Luis Chacín			
5150	Cumaco			
5151	Stevens Juárez			
5152	Elvis Monges			
5153	José Alvarado			
5154	Dwight Rodríguez			
5156	Jeison Marchan			
5157	Corck			
5158	Danny Casas			
5159	Lerroy			
516	Gerardo Ubertín			
5160	Carlos J. Díaz			
5161	Abner López			
5162	English Version			
5163	José M. Pacheco			
5164	Joel Patiño			
5165	Ram			
5166	Edghar Rodríguez			
517	Luis Ascanio			
5174	Jesús Cobos			
5175	Odnam's Corporation			
5176	Gerardo Silva			
5177	Pregonero			
5178	César Prieto			
518	Colls			
5180	Manu Meyna			
5182	Daniel Sun			
5184	Daniel Reyes			
5185	Joseph Sun			
5186	Ellud Farías Peñuela			
5187	Pedro Sun			
5188	Alexander Sánchez			
519	Francisco "CoCo" Díaz			
5192	Makenzy			
5194	Isabella Granger			
5195	Félix Molina			
5196	Kev			
5198	RCA (aka) Nutria			
5199	Mia			
52	Bob Crewe			
520	Raul Galindo			
5202	Carlos Montenegro "Carl Martin"			
5203	Juan Estrada			
5204	Geovanny Morillo			
5205	Duayne Somaroo			
5206	Andrea Figueira			
5207	Francisco Rosales			
5209	Orlando Poleo			
6616	Amasonica			
6623	Tabako			
521	Tomás Pérez			
5211	Magu			
5212	Carlos Suárez			
5213	Carlos Sojo			
5214	Heraclio Atencio			
5215	Eduardo Blanco			
5216	Leo Tani			
5217	Rodrigo Díaz			
5219	Rodrigo Díaz Siso			
522	Carlos Tomé			
5221	Chonto Music			
5222	José Alexis Mesa			
5223	AMP			
5224	Creatium			
5226	Renny Vargas			
5227	Anyi Jimenéz			
5228	Nerio Borges			
523	José Eduardo Padrón			
5230	Tony Sciortino			
5231	Carlos Narváez			
5232	Andrés Vega			
5233	Michael Font			
5235	Berni Anzola			
5237	Argenis Camargo			
524	David Pérez			
5241	Tanyluz			
5242	Manuel De Oliveira			
5243	Miami Tapes			
5244	Leo Castillo			
5246	Leonel Romero			
5247	Hendrik Irausquin			
5249	Juan Manuel Ponce			
525	Ramón Rodríguez "Monchi"			
5250	David Mondragón			
5254	Tony Véngala			
5255	Bryan Millán			
5257	David Guti			
5258	Chichí Benítez			
5259	L.A. Hurt			
526	Arthur Mathias Beyer			
5260	Psyco			
5261	Joel Uriola			
5263	Luis Miguel Emmanuelli			
5264	RussoMan			
5266	Javier Marín			
5267	Edgar Quijada			
5268	C.M. Guarisley			
5269	José Alfonso Quiñones			
527	Norman Pérez "Normanramone"			
5270	Lennin			
5271	Andrea Small			
5272	Cotur			
5273	Central De Música Guarisley			
5275	Litz			
5276	Gabilonia			
5277	Alejandro Vázquez			
5278	Juan Carlos Alamo			
528	Federico Dib			
5281	Enrique Mogollón			
5282	Aranye Expasión Visual			
5309	Ricardo Prati			
5283	Edwin Corona			
5286	Cuatromundos			
5289	Kayito			
529	Alexander Regnault			
5290	Eduardo Mogollón			
5291	Daniel Romero			
5293	Carlos Joa			
5294	Alfonso Romero			
5295	Alejandra Márquez			
5296	Gabriela Crinigan			
5297	Yair Ortiz Trujillo			
5298	Federico Landaeta			
5299	Alejandro Londoño Montoya			
53	Bob Gaudio			
530	Jorge González			
5300	David Abbink			
5301	Benoit Martiny			
5303	Jerry Vergara Cevallos			
5304	Paulo Xisto Pinto Jr.			
5305	Gerrit Bervoets			
5306	Juan Manuel De Ferrari Montoya			
5307	Rafael "Tato" Monsalve			
5308	Alonso Milano			
531	Huaico Lovera			
5310	Darrell Laclé			
5312	Giovanni Prati			
5313	Mario Labarca			
7207	William Peter Ham-Tom Evans			
5314	Mario Prati			
5315	Michele Tomasicchio			
5316	Eduardo Montero			
5317	Anna Fennel			
5318	Ei2			
5319	Andrea Santiago			
5320	Mirna Chacín			
5321	Aníbal Avendaño			
5324	Rolando Mora			
5325	Luis Sánchez			
5326	Wismer Alarcón			
5327	Frank Vielma			
5329	Javier Alarcón			
533	Antonio Narciso			
5330	William Alvarado			
5331	Richard Dávila			
5333	Jesús Rojas			
5334	Juan José Villegas			
5335	Harry Ramos			
5336	Daniel Méndez			
5337	Juan Carlos Marín			
5339	Mervin Vivas			
5340	Damper			
5341	Pedro Luis Blanco			
5343	Angel Moreno			
5344	Arturo Alvarado			
5345	Juan Vivas			
5346	Pedro Perdomo			
5347	Mauro Toledo			
5348	Cindy Catoni			
5349	Valentina Moreno			
535	Marco Ramos			
5350	José Pérez Berreiro "Peque"			
5352	Francisco García			
5353	Michael Acosta			
5354	Francisco Pérez			
5356	Ricardo de Pinho			
5358	Sergio Santana			
536	Iván Infante			
5360	Alex Navarro			
5362	Adriana Millan			
5364	Andrés Espinoza			
5365	Daniel Salazar			
5366	Aldemaro Rodríguez			
5368	Gerard Burgos			
5369	Jesús Ramos			
5371	Carlos Zerpa			
5372	Sairio Peña			
5373	Ricardo Rangel			
5375	Raymond Art			
5376	Thor Chacin			
5377	Interlude			
5378	Nelson Sánchez			
538	Jeff Schneeweis			
5381	Bermúdez			
5384	Giancarlo Falco			
5385	Dermis Tatú			
5386	Iván Larraguibel			
5387	La Bruja Suárez			
5389	Hugo Rivarola			
539	Ilan "Chester" Czentochowsky			
5390	Luis Ramirez			
5392	Christian Pérez			
5394	George Rosales			
5395	Desmoterion			
5396	Federico Cavero			
5397	Angel López			
5398	Felix Capote			
54	Bob Parr			
5400	Noel Lander			
5401	Dario Soza			
5402	Alejandra Parra			
5403	Armando Casella			
5405	Daniel Rivetti			
5406	Después de Vieja			
5407	Después de Vieja - El Chacal			
5408	Juan Carlos Guerra			
5409	José Dovo			
541	Pedro "Pete" Matute			
5410	Edgar Cárdenas			
5412	Hector Osorio			
5413	César Armando Martínez			
5414	Rafael Fiore			
5415	David Soteldo			
5416	Christian Arana			
5417	Migliz Mena			
5418	Jerry Cárdenas			
3480	Jesús Nuñez			
5419	Abigail Romero Ramírez			
542	Gabriel Quintero			
5420	Javier Alarcón Garmendia			
5421	Plinio Gobbo			
5422	Alejandro Calzadilla			
5423	Reinaldo Milano			
5424	Leonardo Rodríguez Sánchez			
5425	Juan Carlos Rondón			
5427	Francisco Camacho			
5428	Tony Galo			
5429	Luis Zerpa			
543	Nerio Quintero			
5430	Leonardo Alzuru			
5432	Adalberto Velásquez			
5433	Jesús Garcia			
5435	Eloy Tovar			
5436	Aniello Castillo			
5437	César Joel Cordero			
5438	Eligo Alvarez			
5439	Marco Molina			
544	Ilan Chester			
5440	Gustavo Moncada			
5441	Edualis Sánchez			
5442	Fernando Del Pozo Tovar			
5443	POB			
5444	Casasduplex			
5446	Gabriel Ferri			
5447	Luis E. Márquez			
5450	Alfredo Ovalles			
5451	Home Urdaneta			
5453	Where We End...			
5454	Javier Landaeta			
5455	Miguel Angel Moline			
5456	Manuel Hernández			
7254	Minimothership			
5457	Anechoic Chamber String Quartet			
5458	Nick Storr			
5459	Carl Webb			
5460	Rafael Sequera			
5461	Dave Duffus			
5463	Jorge Rojas			
5464	Tobias Jansson			
5465	Echoes			
5466	Anne Lanzilotti			
5467	Raul Suarez			
547	Alfonso Tosta			
5470	Francisco Piñero			
5472	Leonor Falcon			
5473	Italo Corrado			
5474	César Angulo			
5476	Moira Chalbaud			
5477	Randolph Latuff			
5478	Gustavo Cuberos			
5479	Svante Forsback			
548	Alejandro Viloria			
5480	Humberto Meléndez			
5481	Edddy Castro			
5482	Anaximenes Vera			
549	Francisco Rendiles			
5483	Víctor Gutierrez			
95	René de Coupand			
93	Paul McCartney			
5485	Armando Benavides			
5486	A. Abril			
5488	Rafael Estrella			
5489	Pepe Martínez			
8125	Miguel Alonso Alcántara			
10460	Steve Winwood			
10521	Dino Ramos			
5490	Carlos Beltran			
5491	Eduardo Noriega			
5492	Richard Bravo			
5493	Mariachi "Mexico 88"			
5494	Eugenia González			
5495	Rogelio Leacock			
5496	José Sibaja			
5497	Giuseppe Cazzago			
5498	Diana Rivas			
5499	Andrés Salaverria			
55	Bruce Sussman			
447	Carlos Schudeck			
550	Rainer Ossot			
5500	Daniel Berroa			
5501	Abel Pabón			
5502	Farah Escamilla			
5503	Luis Roche Jr.			
10547	Otto Harbach			
10610	Buck Ram			
5504	Erika Ender			
5505	Elena Roche			
5506	Vicki Echeverri			
5507	Rudolph Braccili			
5509	Javier Roche			
551	Enrique González Müller			
5510	Ricardo Ortiz			
5512	Luis Roche Sr.			
5513	Elmore James			
8379	Willy Gamboa			
553	Michael Romanowski			
486	José Romero			
5514	Willie James Dixon			
5515	Otis Rush			
5516	Robert L. Johnson			
5518	Karen González			
5519	Beatriz Serra			
552	Pupi			
5520	Jimmy Daly			
5521	José Angel Regnault			
8136	Stephany Ruiz			
5522	Mariangel D'Agosto			
10597	Sid Wayne			
5523	Miguel Angel Blanco			
5525	Gilberto Mejías Palazzi			
5527	Ricardo Alcaíde			
5528	Eugenio Miranda			
5529	Juan Nascimento			
5531	Emile Makhlouf			
8107	José Luis López			
8375	Animando C.A.			
8384	Carlos Alvarado			
5534	Sabino Flora			
5535	Reinaldo Bello			
5537	José Muñoz			
5538	Los Electrodos			
5539	Dainy Rago			
554	Oscar			
5540	Pardo			
5541	Gildardo Montoya			
5543	Carlos Rosales			
5545	Miguel Angel Maduro			
5546	Carlos Alberto Báez			
5547	Leonardo Jenkins			
5548	Ruyman Gilbert			
5549	Juan López			
555	Yolanda Moreno			
5550	Salvador Santelis			
5551	Wilfredo Solórzano			
5552	Mayela Hernández			
5553	Luis Ernesto López			
5554	Rafael Guerrrero			
5555	Oswaldo "Chupa" Méndez			
5556	Carolina Pulido Quintana			
5557	Raúl Navarrete			
5558	Tony Linares			
5559	Licio Lugarini Melloni			
556	Michel Chazet			
5560	Kreils García			
5561	Donn Angel Pérez			
5562	José Angel Domínguez			
5563	José Chrosciechowski			
5564	Elvita Delgado			
5565	Eduardo M.			
5566	Blanca Pulido Quintana			
5567	Miguel Gómez			
5568	Jorge Domínguez			
5569	Alvaro Márquez			
557	Andrés Parada			
5570	Rodnie Perret			
5571	Javier López Bolaños			
5572	Ubaldo Vella			
5573	Rodolfo García			
5574	Jorge Luis Ayala			
5575	Carlos Serga			
5576	Maximino Suárez			
5579	Gilberto Martínez			
558	Adam Aurteneche			
5580	Guillermo González			
5581	Gabriel Abreu			
5582	Ricardo Ríos			
5583	Francisco Osal			
5584	Francisco Cuevas			
5585	Marcus Vinicius			
5587	Héctor Forzano			
5589	Miguel Varela			
559	Luis Trancanelli			
5590	Gustavo Medina			
5591	Edmanuel Castillo			
5594	Maythe Guedes			
5595	Edgar Monrroy			
5596	A. Malavé			
5597	Rubén Fichi			
5598	Giusepe "Pepino" Rubino			
5599	Ramón Montero			
56	Charles Albertine			
560	Carlos González			
5602	Pedro Pérez			
5603	José Maneiro			
5604	Ramón Eduardo Aldrey			
5607	Miguel Angel Zozaya			
5608	Giancarlo Belardinelli			
5609	Pura Zavarce			
561	Julfran Omaña			
5610	Rafael Fuentes			
5612	Mario Larrain			
5613	Humberto Scozzafava			
5614	Omar Amaya			
5615	Victor Chaparro			
5616	Gorky Camacaro			
5618	Rafael Marín			
562	Oswaldo Ramos			
5620	Carlos Schafer			
5622	Juan Carlos Dellegrazie			
5623	Armando Henríquez			
5628	Exsecror			
5629	Jesús Suarez			
563	Roger Pazos			
5630	Douglas Rangel			
8461	Jessica Jansen			
566	Ángelo Calachin			
5631	Pablo Schneider			
5632	Jorge Escribens			
5633	José Fuentes			
5635	Tomas Zozaya			
5636	Augusto Rúan			
5638	Angel Luis Buendía			
5639	Krystoffer López			
564	Orlando Moret			
5640	Pedro Vladimir Dorante			
5641	Eduardo Alfredo García			
5646	Gildardo José González			
5647	Giancarlo Papapietro			
5648	Felipe Nevado			
5649	Alí Arrieta			
565	Andrés Reyes			
5652	Ana María Pérez			
5654	José M. Pagé			
5656	Luis Hurtado			
5657	Pedro Duque			
5658	Alfredo Espinoza			
5659	Miguel Angel Suarez			
5660	Alejandro Villegas			
5662	Giovanni Montenegro			
5664	Josefa Sánchez			
5665	Factor Mental			
5667	Alex Oirdobro			
5668	Evil-One			
5669	Artech C.A			
567	Andy			
5671	Roberth Jordan			
5673	Alexis Saer			
5674	José A. Correa			
5675	Edward Díaz			
5676	Jesús Cambeiro			
5677	Jesús Espinoza			
5678	Fernando Nevado			
5679	Pavel Alvarez			
568	Wilfredo Limonta			
5680	Abelardo Tahan			
5681	Carlos Díaz			
5682	María Carolina Torres			
5683	José A. Dos Ramos			
5684	Edgar Rendón			
5685	Gilber Espinoza			
5686	Itsvan Espinoza			
5688	Antonio Tahan			
5689	Zorange Guevada			
569	Igor			
5690	Cindi Catoni			
5692	Enzo Furnari			
5693	Juliana Auerbach			
5694	Janet Goitia			
5697	Alejandro Hernández			
5699	The Unknown Artist Designs			
57	Chelique Sarabia			
570	Jorge Suyama			
5700	Virgilio Arrieta			
5701	Juan Carlos Yépez			
5702	Jorge Caldera			
5705	Miguel Mónaco			
5706	Faldas Largas			
5707	Dionisio Lopéz			
5708	Constantino Estévez			
5709	Luis Gómez Lobo			
8466	Andrés Echandía			
5740	Máximo Alvarez			
571	Ivor			
5711	David Baltodano			
5713	Eduardo Viloria			
5714	David Bart			
5715	Yánez			
5716	Eleasar			
5717	Aristides Silva			
5719	Jesús Paiva			
572	Alberto Iacobellis			
5720	Fhes			
5721	Ali Vasquez			
5722	Freddy Riera			
5723	Volkov			
5724	Héctor Rivero			
5725	Ignacio Lares			
5726	Sergio Escalona			
5728	Isaias Paris			
5729	Marcel Fuenmayor			
573	Julio Gamallo			
5730	Manuel Cabrera			
5731	Audinamyc			
5736	Douglas Rodríguez			
5737	Andrés Vidal			
574	Vicenzo Vitulli			
5742	Luis Celimene			
5743	Fractaler			
5746	Raymond Champion			
5747	Géral			
575	Andrés Casanova			
5750	Lorem Leys			
5751	Cain			
5752	Max González			
5754	Gabriel Fernández Max Martínez			
5756	BronwBunkerStudio			
5757	Frank Morón			
5760	Kiko Villanueva			
5761	Willie Devil (Willbert Alvarez)			
5763	Doug Shearer			
5764	Charlie Devil (Carlos Mendoza)			
5765	Rocky Devil (Francisco "Coco" Díaz)			
5766	Eddie Devil (Eduardo Benatar)			
5767	Frankie Devil (Francisco Belda)			
5769	Leo Nieves			
577	Andrés Vegas			
5773	José Bastardo			
5774	Antonio Huizi			
5775	Rafucho Figliolo			
5776	Emigdio Simancas			
5777	Ricardo Chigne			
5778	Raúl Sevillano			
5779	Charly Pettit Hoffman			
578	Daniel Márquez			
5780	Audiosono			
5782	León González			
5783	Vicente Lunar			
5784	Daniel Escauriza			
8451	Ultrasonido			
5771	Franklin Holland			
5786	Leonardo González			
5788	Fuga			
5789	Jesús E. Flores			
579	Siddharta Yanez			
5790	Danny Gamarra			
5791	Juan B. Viloria			
5792	Sonoaudio			
5793	Juan Carlos Sabater			
5794	Carlos Luis Sánchez Ricovery			
5795	RCarlos Sánchez Ricoveryy			
5796	José La Roche			
5797	Renne Boutto			
5798	Mónica Chacín			
5799	Abel Murillo			
58	Cindy Lauper			
5800	Reinaldo López			
5801	Pepe Pilieri			
5802	María Andreína Alfonzo			
5804	Alexis Martínez			
5805	Tommy Romero			
5807	César Rosales			
5808	Lindarwin Sánchez			
5809	Oscar Guedez			
581	Karen			
5810	Luis Pineda			
5811	Simón Montilla			
5812	Jesús Murillo			
5813	Wolfgang Roldán			
5814	Wendy Hawkinson			
5815	Fusión			
5817	Verónica Caraballo			
5839	Jesús Romero "G-Zaz"			
10711	Mars Bonfire			
5818	Gabriel Pedernera			
582	José R. Yepez			
5820	José E. Estrada			
5821	Endi Paredes			
5822	Carmen Julia Parra			
5823	Anel Torres			
5824	Daisy Biscardi			
5825	María Victoria Díaz			
5826	Adriana Lorenzi			
5828	Gladys Di Ruggiero			
5829	Renzo Delly			
583	Gerson Mora			
5830	Carole King			
5832	Francisco Serra			
5834	Angel Pérez			
5835	Gladys			
5836	Julián Romero			
5837	Angelo Pagliuca			
5838	Karel Adamicek			
584	Limber Suvero			
5841	Joseph Kast			
5842	Alberto Calzavara			
5844	Corrado Raeli			
10770	Paul Simon			
10784	Paolo Conte			
10811	Eddie Miller			
10918	Bernie Taupin			
2578	Diego Mendoza			
2579	J.C. Figueroa			
258	Willy Hernández			
2581	Sebastian de Sousa			
2582	Eduardo Vargas			
2585	Jorge Cristo			
2586	José Segovia			
2588	Luis Bolívar			
2589	Jeanmarco Ranghi			
259	Pedro Itriago			
2591	Luis Flores			
2592	Antonio Nuñez			
2593	Julio Contreras			
2595	José Contreras			
2597	Miguel Sosa			
2599	Juan Castillo			
26	Nucho Bellomo			
2600	Tomás Rodríguez			
2601	Francisco Telleria			
2602	Luis Navas			
2603	Ciempiés			
2605	Alejandro Pietro			
2607	Humberto "Pocho" Pérez			
2608	Johan "El Panameño"			
2609	Lenny Carrero "Pinky"			
261	Rita Addison			
2610	Darimir Bayley			
2612	Darío Bayley			
2613	Alejandro Feria			
5845	Andrés Morillo "André"			
11033	Raúl Shaw Moreno			
11035	Herbert Basto			
11039	Daniele Pace			
10901	Elton John			
10947	Scott Joplin			
10951	Mitchell Parish			
10953	Ande Rand			
10955	John Kander			
10961	Robert Yount			
10975	Jimmy Payne			
10979	Tony Romeo			
10983	Gene Raskin			
10985	Jim Glaser			
10987	Roy Brodsky			
10989	John Claude Gummoe			
10991	José Ignacio Lares			
10993	Pop Tops			
10995	Gordon Mills			
11003	José Luis Armenteros			
11017	D.R. Varios Autores			
11027	Miguel Angel Landa			
11029	Mitch Murray			
11031	D.D.			
5847	Federico Agreda			
5849	Orlando Enrique Montiel			
585	Gilbert González			
5851	Angel Blasco			
5852	Diego Gazmuri			
5853	Francisco Domínguez			
5854	Antonio Medina			
5855	Joseph De Luca			
5856	Alciro Valentines Luis Ignacio Contreras			
5857	Leo Laya			
5858	Gianni Regnicoli			
11034	Oswaldo Morales			
10950	Glenn Miller			
10952	Norman Whitfield			
10954	Charlie Smalls			
10956	Fred Ebb			
10982	Boris Fomin			
10984	Wayne Carson Thompson			
10986	Walter D. Nims			
10988	Sid Tepper			
10990	James B. Coob Jr.			
10996	Adap. Jorge Córcega			
11002	Franco Migliacci			
11024	Carlos Santana			
11028	Peter Callender			
11030	Maribel Llaudés			
11032	Recard			
11036	Tony Luz			
11071	Kenny Young			
11247	Sidney Lippman			
11249	Lolly Vegas			
11251	Bill Chase			
11253	Larry Weiss			
11255	Giuseppe Sbordone			
11257	Emily Mitchell			
11259	Lello Caravaglios			
11261	Alberto Acuña			
11276	Ch. Chalkitis			
11278	N. Banks			
11279	G. O'Sullivan			
9059	Emiro Delfín			
5874	Giussepe "Pino" Lagona			
5859	Rafael Márquez			
586	Ronny Duque			
5860	Carlos Istúriz			
5861	Alberto Márquez			
5863	Carlos "El Negro" Betancourt			
5864	Francisco "Kiko" Campins			
9094	Diego			
5865	Publio García Navarro			
5866	Rocco La Fresa			
5867	Enrique De Gregorio Juan Figueroa			
5868	Marco Tulio Guzmán			
5869	Johanna Adams			
587	Irvin Escalona			
5870	Joel Bravo			
5872	Karen Arrioja			
5873	Oswaldo "Puchy" Rojas			
5875	Cono Lagona			
5877	Roberto Monasterios			
5880	Edgar Castro			
5881	Santiago Brappe			
5882	Ebenezer "Pocho" García Navarro			
5883	Francisco Diago			
5884	Manuel Sandoval			
5885	Daniel Coronel			
5886	Oscar Contramaestre			
5887	Alí Rodríguez			
5888	Gerardo Perdigón			
5889	Fernando Macero			
589	Fabrizio Martínez			
5890	Gregory Delgado			
5891	Danny Alba Coelho			
5892	Froilan García			
5893	Marino Vásquez			
5894	Lucas Goncalvez			
5895	Pedro Cerezo			
5896	Gerardo Valladares			
5897	Alexander Ardila			
5898	Frank Fiore			
59	Cliff Wade			
590	Denis Manrique			
5900	Ezlen Ramos			
5902	Cosme Fernández			
5903	Ricardo Chacin			
5904	Nicky Font			
5905	Trino Esteila			
5907	Franklyn Suárez			
5909	FranlynArts			
591	Alexis Perdomo			
5910	Nora Ortega			
5911	Wladimir Pérez			
5912	Marco Pratolongo			
5913	Laura Tarazón			
5914	Claudio Mendoza			
5915	Richard Coca			
5916	Frank Kunez			
5918	Chosbo Stienhart			
5919	Jean Louis Ajzenberg			
592	Alejandro Lara			
5921	Rurik Grassi			
5922	Benjamín González			
5923	Gustavo Marcano			
5924	Eduardo Vera			
5925	José Fortoul			
5926	Antonio Ramírez			
5927	Clark			
5928	Shook			
5929	Thomas			
593	Ronald Ferrer			
5930	George Wiltzee Jr.			
5932	Perkins			
5933	Stephen Shook			
5934	Muñoz			
5935	Rafael Guedez			
5936	Hernán López Garnica			
5938	César Vielma			
5939	Patrick Jansen			
9111	Sykes			
9121	F. Holland			
594	Alejandro Morillo			
5940	Giovanni Troconis			
5941	Justo Morao A.			
5942	Samuel Darío			
5943	Icaro			
5945	Jean Pool Cassidy			
5947	Luis Villamizar			
5949	Jean Carlo Cassidy			
595	Roberto Jiménez			
5950	Daniel Rivero			
5951	Darwin Lugo			
5953	Paula Delgado			
5954	Francisco Calderón			
5956	Juls Sosa			
5958	Eduardo Merida			
596	Charles Makso			
5960	Fabio Gámez			
5961	Juan Rojas			
5962	Adriano Aguirre			
5963	Hernán Roberty			
5965	César "Chapa" Muñoz			
5967	Jesús Caicedo			
5968	Carlos Robles			
597	Leonardo Faría			
5970	Carlos Blanco			
5972	Gustavo Caicedo			
5973	Genaro Fehr			
5974	Tommaso Capelato			
5977	Diego Andrea			
5978	Rayshawn			
5979	Jimmy Recchione			
5982	Ernesto Santos			
5983	Gus Oberg			
5985	Ivanovich Mendoza			
9233	Leonel Requena			
9235	N. Sedaka			
9237	C. Bayer			
5990	Sofia "La Nena" Pulido			
599	Carlos Mendoza			
5993	José Velásquez			
5999	Guiber Mijares			
6	Kodiak Aguero			
60	Cole Porter			
600	Willbert Álvarez			
6000	Alex Escobar			
6002	Alfredo Derney			
6003	Sekou			
6004	Carol Hermoso			
6005	Andrés Escalona			
6006	José Gregorio "Goyo" Mijares			
6010	Julio Colmillo			
6012	Jahbafana			
6013	María Gabriela Key			
6016	Víctor Vera			
6017	Juan G. Arrivillaga			
6018	Víctor Carrero			
9276	Sánchez			
6019	Harold Quevedo			
6021	Carlos Hernández (DJ HOOCH)			
6023	Kokino			
602	José Manuel "Chema" Arria			
6024	Erasmo Morales			
6025	Alonso Javier Moreno			
6030	Jorge Cid			
6031	Willian Timaure			
6032	Amílcar Cáseres			
6033	Rafael Solarte			
6034	Edwin Granados			
6036	Jorge Márquez			
6038	Nelson Arias			
6039	Miguel Rossi			
604	Charlie Spiteri			
6040	Valentina Brando			
6041	Julliet			
6042	Ascóniga			
6044	Chonto			
6045	Chato			
9239	D. Clark			
6046	Mota			
6048	Fernando Bustamante			
6049	Simón Madrid			
605	Bernardo Ball			
6050	Antonio Ríos			
6052	Jesús Parra			
6054	Andrés Pacheco			
6055	Manuela Ríos			
6056	Jhon García			
6057	Juan Carlos Medina			
6058	María Alejandra Acosta			
6059	José ‘Zoundcolector’ Parra			
606	Ashley Howe			
6060	Ramiro Royero			
6061	Siomara Salmerón			
6062	Pedro Díaz			
6064	Marco Ghersi			
6065	Gerardo Burgos			
6066	Simón Rondón			
6067	Cleina Balbas			
6068	José Córdova			
607	Pablo Dagnino			
6070	David Velásquez			
6071	Rubén Carvajal			
6072	José "Pepe" Rodríguez			
6074	Francisco Pluchetta			
6075	José L. Liscano			
6076	Freddy Narro			
6077	José "Cheo" Morillo			
6078	Ismael Urbano			
9558	D. Evans			
9527	Leopoldo Díaz Vélez			
6080	Javier López			
6081	José Araujo			
6082	Sebastián Cavallieri			
6083	José Colman			
6085	Jessy Jaimes			
6086	Gustavo Pérez "Yeti"			
6087	Phill Alvarez			
6088	Giuliano Lossio			
6089	Leonardo Yañez			
609	Barry Kirsch			
6090	Jorge Alvarez			
6091	Pablo Pérez			
6093	Luis Rivas			
6094	Martha Yánez			
6095	Leandro Melendez			
6096	Ktharsys			
6097	Moisés Vera			
6098	José "Viruta" Martínez			
61	David Innis			
610	María Conchita Alonso			
6100	Reinaldo Navarrete			
6101	Luis Gustavo			
6102	Inés Cecilia Urbaneja			
2252	Marisela Pérez			
9667	Eric Ramos			
3481	Salm Vera			
3483	Toly Ramirez			
3484	Luis Bigorra			
3485	Carlos Julio Medina "Tony Armas"			
3486	Camilo Castaldi			
3487	Juan Aristizábal Vásquez "Juanes"			
3488	Konstantin Kliashtornyi			
3489	Michelle Pontrandolfo Martín			
349	Judith Redondo			
3490	Alberto Vergara			
3492	Ricardo Rodríguez Laya			
3494	David Moreira			
3495	Andy De Ganahl			
3497	Marcos Pitter			
3499	Andrés Rodríguez Laya			
350	Carlos Ignacio Márquez			
3500	Andrés Barrios			
3501	Juan Carlos Martín			
3503	Eduardo Nieto			
3504	Alberto Beneddi			
3505	Jesús Mariño			
3506	Alexander Linalli			
3507	Yorman Méndez			
9662	Rommel Luis Sánchez			
6103	Piki			
6104	Hepecát			
6105	Alberto Mathison			
6106	Alexander Izturriaga			
6107	Sonny Rollins			
6108	Kevin Alva			
611	Miguel Ángel García Cueto			
6110	Johnny Rojas			
6112	Angel Linares			
6113	Hernán Alonso			
6114	Geraldine Parsons			
6117	Jose "Goyo" Mijares			
6118	Damelis Benítez			
612	Enrique Doffiny			
6121	Yaotl			
6124	Guillermo "Tato" Marcano			
6126	Sandra Carrillo			
6127	José Ocando			
6129	Gustavo Salas			
613	Allan Jeansy			
6132	Amarú De La Barra			
6133	Daniel Graterol			
6135	Raymond Mariño			
6136	Samia Canaan			
6137	Levy Riccetti			
6138	LaFleur			
6139	Elisa Rodríguez			
9743	Cruz			
3405	Edgar Jiménez			
10006	Augusto Cuatro			
10036	FrancisLai			
10044	Kenneth Gamble			
10067	Omero González			
10069	Helen Banks			
10073	Lawrence Russell Brown			
10075	Renato Pareli			
10077	Irwin Levine			
10079	Doug Sahm			
10081	Georges Garvarentz			
10083	Barry Gibb			
10086	Édson Ribeiro			
10087	Nino Rota			
10089	Al Bano Carrisi			
10090	Hélio Justo			
10092	Ellie Greenwich			
10102	Zedryk Turnbbough			
3403	Miguel Carrasco "Chacal"			
3404	Miguel Torres			
3406	Nacho Zavarce			
3407	César Herrera			
3408	Rafael Gómez			
10051	Johnny Quiros			
10005	England Dan			
10007	Armando Mancenelli			
10035	Bert Russell			
10038	Phil Medley			
10066	Erasmo Carlos			
10068	Jesse Colin Young			
10070	Charalampe Chalkitis			
10072	Stylianos Vlavianos			
10074	Manuel Ceferino Flores			
10076	Mauricio "Vermar" Rigaldi			
10078	Roberto Vecchianni			
10082	Charles Aznavour			
10084	Eduardo Martínezdel Box			
10085	Maurice Gibb			
10088	Larry Kusik			
3409	Gustavo Atilano			
341	Marjorie Redondo			
3414	Abraham García Liendo "Cangrejo"			
3415	Frank Di Polo			
9958	Gianni Gastaldo			
9978	Alfred Newman			
9994	Consuelo Ascanio			
10170	Robin Gibb			
10185	James Holvay			
10199	Tim Rice			
10201	Joe Tex			
10203	Arthur Conley			
10213	Eddie Brigati			
10215	Buddy Buie			
10328	Jesús Sanoja Jr.			
614	Roger Odell			
6140	Nany Huizi			
6142	Luis "Pilucho" Trujillo			
6143	Ephie De Angelis			
6144	Alfredo Guerrero			
6145	Enrique Doza			
6147	Alejandro Prieto C.			
6148	La Leche			
615	Rudy La Scala			
6151	Norman Ramone			
6152	La Mueka			
6158	Joaquín Urbina			
6159	Borrero			
3703	Los Oceánicos			
6160	Matías Pinto D'Lacoste			
6162	Iván Castillo			
6163	Ricardo González			
6168	David Molina			
6169	Andrés Clavijo			
6171	Alexis González			
10196	Andrew Lloyd Webber			
10200	Felix Cavalieri			
6173	Roberto Dell			
6174	Mauricio Monsalve			
6175	Cristhian De Castro			
6176	Moises Enghelberg			
6179	Ezequiel Julio			
618	Roberto Bernal "Chom"			
6180	Guillermo Dumont			
6181	Ronny Tuinman			
6182	Mauricio Madrid			
6183	Moro Acacio			
6184	Oswaldo Ocando			
6185	Manuel Martin			
6187	José Bárcenas			
6188	José "Nacho" Rondón			
6189	Francisco Velásquez			
619	Gualberto Ibarreto			
6190	Herdys Fernández			
6191	Jorge Solórzano			
6192	Ronald Pérez			
6193	Marcial Meléndez			
6194	Susana Rojas			
6195	José Antonio Calcaño			
6196	Bernardo Feijoo			
6197	Francisco Pagano			
6198	Robert Van Gehuchten			
62	David Lasley			
6200	Leonardo Carrero			
6203	Jonathan Leal			
6204	Nayibel Falcón			
6206	Robert Leal			
6207	Daniela Martínez			
621	Ginés García			
6213	O'Brien			
6214	Maribel Mas			
6215	Kenny			
10420	Dion DiMucci			
11098	James Pebworth			
11106	Jim Capaldi			
11110	Sylvia Moy			
11129	Wes Farrell			
11204	Felix Bablis Madrigal			
11206	Gene McFadden			
3508	Mauricio Barroeta			
3509	Martha Estrada			
351	Ignacio Padrón			
3510	Marisela Leal			
3511	Andrés Carrasquero			
3512	Jenny Anzola			
3513	Jorge Del Pino			
3514	Eric Balue			
3515	Gerardo Chacón			
3516	Rosalba León			
3517	Alexander Livinalli			
3518	William Troconis			
3519	José "Cholo" Ortiz			
352	Eduardo Velasco			
3520	Luis Tomas García			
3521	Jorge Arias			
3522	Carlos Zambrano			
3523	Oscar "El Negro" Maggi			
3524	Edgar Macías			
3525	Pedro López			
3526	Victor Cuica			
3705	Javier Gutiérrez			
6216	Marlene			
6217	Brenda			
6218	Le Merm			
6219	José Morao A.			
622	Juan José Gómez			
6221	Ismael Letelier			
6223	José Antonio Varela			
6224	The Astute Institute			
6226	Letelier			
6227	Andrés González			
6229	Sala de Ensayo Letelier			
623	Mauro Scavroni			
6230	Isaías Letelier			
6231	Gerardo Borges			
6232	Emiliano Llanio			
6234	Daniel Andreotti			
6235	Luis Nesi			
6236	Michael Hernández			
6237	Eduardo Gavotti			
6238	Robert Barrenechea			
6239	Maria Teresa Vidaurre			
624	César Sánchez Bello			
6240	Alberto Branger			
6242	Ikay Ledezma			
6243	Lorenzo Adam			
6244	Luis Serrano			
6245	Juan Alzate			
6249	Juan Carlos Pérez			
11325	Jacques Prévert			
11327	Armando Manzanero			
11330	Michael Carr			
11336	Oscar Martínez			
11341	Pedro Conte			
11343	Pedro Luján			
11351	Piero Antonio Franco de Benedictis			
11353	José Tcherkaski			
11356	Vers. Esp. Johnny Quirós			
11358	J. Joseph			
11360	Dox			
11364	Paulo Imperial			
11366	Juan Favio Stella			
11368	Jackie Edwards			
11441	The Boat That I Row			
11443	Ode To Billy Joe			
11447	Eric Madriguera			
11455	Leo Dan			
11457	Eleazar López C.			
11459	Orlando Briceño			
11461	Héctor Bayardo			
666	Mike Couzzi			
11467	John Lennon-Paul McCartney			
11440	Do It Again			
11445	Chain of Fools			
11326	Bob Thiele			
11328	Sammy Faith			
11329	Al Stillman			
11333	Paul Francis Webster			
11337	Carlos Imperial			
11340	Juan Erasmo Mochi			
11344	Indio Suave			
11346	Oscar Toscano			
11354	H. Dailey			
11355	Buffe Skies			
11357	Bob Marley			
11359	Rodolfo Emilio Morales			
11363	Cholo Baltasar Amart			
11386	Rudi Lindt			
11391	Jimmy Cliff			
11446	Carlo Donida			
11448	Gulio Rapetti Mogol			
11456	Luis Eduardo Aute			
11458	Luis Demetrio			
11462	Julio Delgado			
11468	Leali			
11482	Jerry Miller			
11489	Ernie Shelby			
671	Bernardo Rísquez			
11331	Joseph Kosma			
11342	Joe Dassin			
11442	I Smiled Yesterday			
11444	Soul Time			
11510	Trampas			
11627	Richard P. Drakin			
11633	Dave Clark- Mike Smith			
11635	Rod Argent			
11637	Fred Jorge			
11531	John Sebastian			
11565	Orlando Araujo			
11567	Los Kings			
11569	M. Sebastian C.			
11571	Moacyr Pandeirinho			
11573	Alan Gordon			
11575	Eddie Phillips			
11577	Allan Clarke			
11609	David McWilliams			
11612	Francis Coppieters			
11614	Robert Kock			
11616	Paco Chanona			
11622	Irving Berlin			
11625	Michael Brown-Bob Calilli-Tony Sansone			
625	Horacio Hernández			
6252	Oscar Tovar			
6253	Jesús Parabavire			
6254	Marlon Trujillo			
6257	Marcos López			
6259	Carlos Meleán			
626	Jesús Enrique Hernández Chuly			
6260	Elena Méndez			
6261	Celenia Sánchez			
6262	Griselda García			
740	Pipo Ramírez			
11628	Keith Colley-Linda Colley			
11630	Glen Hardin			
11632	Richard Graham Dey-Roger Hart			
11636	Recad			
11640	Mike Kennedy			
11564	War			
11566	Antonio Carlos E Jocafi			
11568	en D.			
11570	Juan Ramón Barrios			
11572	Nilton Russo			
11576	Gary Bonner			
11608	Luis León Crespo			
11610	Armando Savini			
11611	André Pascal			
11615	Fred Conda			
11619	Summer Holiday			
11623	Alan Barriere			
6263	Carlos Rada			
6264	Ana Victoria Martínez			
6266	Marie Fuzeau			
6267	César Gamero			
6268	Yomar Méndez			
6269	Armando Calderón Jr.			
6270	Julio Jr. Flores			
6271	Javier Mérida			
6272	Junior Rojas			
6273	Jeremías V.			
6274	Wilmer Rojas			
6275	Leonel Zambrano			
6276	Nilda López			
6277	Roberto Girón			
6278	Javier Abreu			
628	Álvaro Falcón			
775	Pablo "Chino" Agreda			
11574	Kenny Pickett			
11613	Ricardo Del Turco			
6281	Beatriz Pinto			
11732	Roco Defrenza			
11746	James William Guercio			
11748	Douglas Farthing Hatlelid			
11758	Jean Renard			
11811	Luis Felipe Ramón y Rivera			
11797	Vlavianos			
11799	Costandinos			
11801	S. Martí			
11803	Dinaro			
11805	C. Magliolo			
11813	José Luis Perales			
11819	Cumbia			
11821	Bossa Nova			
11823	Slow Twist			
11825	Beguine			
11829	Graham Nash			
11831	D. en Depósito			
11833	Harren Warren-Mack Gordon			
11835	Hugo Osvaldo			
11839	Byron Lee			
11843	Anibal César Riveros			
11855	Jesús R. Colmenarez			
6284	Jesús Enrique Montero			
6285	Anidez Sonidos			
6286	Ner Gutiérrez			
6294	Hummel Acevedo			
6296	Andrés Inciarte			
6299	Sascha "Busy" Bühren			
63	Eduardo Moreno			
630	Nelson Espinoza			
11747	Gary Beisbier			
6300	T-Bone Terry Sotiri Papafilys			
6301	Antonio Bello			
6302	Delvis Luna			
6305	Marc Olivier Clement			
6306	César Ramírez López			
6307	Alice Juillard			
6308	Arturo Marzoratti			
6309	Laurent Cauchy			
631	Francisco Pérez Olivares			
6311	Andrés Rengifo			
6312	Alain Henriot			
6313	Dave Poler			
6315	Suzi De Madeiros (Suzi D)			
6317	Rous G Falcon			
6318	Carla Pérez			
6319	Aifel Rojas			
632	César Bello			
6320	Efraim Burdeinick			
6321	Gerald Pasqualin			
6322	Héctor Zunico			
6323	Victor Campis			
6324	Alejandro Scudiero			
6325	Angel Guanipa			
6327	R.D. Granados			
6329	Carlos Yedra			
633	Gustavo Calle			
3416	Juan Manuel Rodríguez			
6331	Víctor Linares			
6332	Manuel De Los Reyes			
6334	Alexander Spadaro			
6335	Francisco Garrido			
6336	Daniel Zahalka			
6337	Guillermo "Tito" Falcón			
6338	Reckless			
6339	Marinelly Bustamante			
634	Julio García Maldonado			
6340	Peter Bello			
6342	Lou Alcalá			
6343	Bety Trujillo			
6345	Alejandro Calvo			
6347	José Andrés Briceño			
6348	Alexander González			
6349	Daniel Avilán			
635	José González			
6350	Santiago Key			
6352	Elías Moreiras			
6354	Richard Mendoza			
6355	Tito López			
6356	Pedro Mata			
6357	Carlos Vásquez			
6358	Lewis Escalante			
6359	Alberto Galue			
636	Sarino Manno			
6360	Ernesto Ramírez			
6361	Mariam Mariño			
6362	Mariel Mariño			
3417	Jesús Cordero "Yisus"			
3418	Miguel Ángel de Donato			
3419	Lusby Alberto Portillo			
342	Olga Redondo			
6363	Alexis Dinamarca			
6365	Alvaro Fernández			
6366	Ivanna García			
6367	Daniel Henriquez			
6368	Oscar Parra			
6369	Victor Manuel López Inaudi			
637	Román Díaz			
6370	Ricardo Alberto Escobar Bruce			
6371	Marco Tulio Ciargo Sarri			
6372	Ricardo Escobar			
6374	Erich Jiménez			
6375	Vannessa Sarmiento Balza			
638	Jesús Díaz			
6380	Rodrigo Antonio Yoma Aparici			
6382	Luís Valentìn Panero Benito			
6383	María Eugenia Forasacco			
6386	Jeanik			
6388	Juan Manuel Fernández			
6389	Fernando Bolaño			
639	Carlos Piocinini			
6390	David Fontaiña			
3420	Roberto Ortega			
3421	Leandro Angarita "Lio"			
6391	Gerardo González			
6392	Diego Pérez Fabbio			
6393	Gilberto González			
6395	Juan Carlos Sbraccia			
6396	Pascual Sbraccia			
12149	Johnny Nash			
12150	Grupo Acuario			
12151	Mirna			
12152	Tania			
12153	Dueto Criollísimo			
12154	Querida donde estás			
12155	Leopoldo			
12156	Roberto Luti			
12159	Arelys			
3422	Rigel Michelena			
12161	Extraña Dimensión			
12162	Contaminación Atmosférica			
12163	Grupo Nuestro			
12164	James Ingran			
12165	Michael McDonald			
12166	Culture Club			
12168	Alphaville			
6399	Alex Hurtado			
64	Fernando Osorio			
640	Carlos López			
6400	Leizer for The Masses (Leizer Oliveros Lara)			
6401	Santiago De La Fuente			
6403	Héctor Montenegro			
6404	Miguel Lara			
6405	Carlos Cañizares			
6406	Iohan Hernández			
641	Bruno Lo Presti			
6411	Raúl Prieto			
6413	Teddy Mullet			
6414	José Antulio Mora			
6415	Ibrahim Núñez			
6417	Gabriela Serra			
642	Rey Cantor			
6420	Benigno Barrios			
6421	So the Owl Spoke			
6423	Alejandro Dilluvio			
6424	Ruben Ríos			
6425	Luis Andreani			
6426	Findecano Tasartir			
6427	Alejandro Gil			
643	José Pineda.			
6431	Kabir Velásquez			
6435	Johan Adrían			
6437	Jesus Bermúdez			
6438	Naye			
6439	Daniel Velásquez			
6441	Pedro Bolivar			
6442	Johnny G.			
6445	Ed Gavotti			
3423	Juan Mungia			
3928	Juan Miguel Cobos			
6446	Tucson			
6447	Maicol Laza			
6448	Eduardo Mantorano			
6449	Salpachino			
6451	Christian Correa			
6452	Johnnatan García			
6453	Control X			
6455	Arnaldo Mancinelli			
6456	Ronald Garcés			
6457	Sergio Mancinelli			
6458	Ricardo Hidalgo			
6459	Hernán Pedro García Jiménez			
6460	Víctor Márquez			
6461	Ecio Rivas			
6462	Manolo Camacho			
6463	Eduardo Amiro Arrieta			
6464	S. Wonder			
6465	Freddy Granados			
6466	Rodolfo Zalez			
6467	Carlos Martínez Montenegro			
6469	Emilio Santamaria			
6470	Frank Rojas Fermin			
6471	Adrian De Abreu			
6474	María Teresa Rangel			
6475	Jorge Llanos			
6476	Edmundo "Memo" Rincón			
6478	Kenny Burmistrov			
6479	Sonostudio			
648	Rodrigo Gonsalves			
6480	Hernán Monsalve			
6481	Raul Peña			
6482	Miguel Gallegos			
6483	Ronald Graham			
6484	Ibrahin Chacin			
6485	Juan Carlos Riveros			
6486	Santuario			
6487	Gonzalo Valery			
6488	Cesar "Sapo" Zorrilla			
6489	Fanny			
649	Juan Víctor Belisario			
6490	Cayayo			
6491	Jonathan Coa			
6492	Zero			
6493	Iván Guillermo			
6494	José "Pollo" Sifontes			
6495	Eric Moctezuma			
6496	Mandinga			
6497	Jean Pierre Ranguin			
6498	Johan Espinoza			
6499	Bik-Har Fun			
65	G. Whithen			
650	Kike Arlia			
6500	Armando López			
6501	THC			
6504	Alvaro Ricabarra			
6505	Angelo Misterioso			
6506	Bravo			
6507	Bruguera			
6509	David Senabre			
651	Daniel Moncada			
6510	Ossy Martínez			
6511	Maribel Araujo			
6512	José Pinguino Echeverria			
6513	José Luis			
6514	Sic Rodríguez			
6515	Juan Jiménez			
6516	Yeffry Marval			
6517	Santiago Rodríguez (Srod)			
6518	Héctor Rivas			
6522	Alberto Briceño			
6523	Ricardo Fenchuy			
6524	Emanuel Parra			
6525	José Figueredo			
6526	Javier Vadaker			
6528	Marialex			
6529	Carla			
653	Albert Leusink			
6530	Grabando Ando			
6532	Mily			
6533	Siro Tagliaferro			
6534	Irma M. de Domínguez			
6535	Phillipp Scheer			
6536	Daniel Machado			
6537	Luis E. Serrano "Luiser"			
6539	Rommel Torres			
654	Carlos Sanoja			
6540	Daniel Nuñez			
6541	Andrés López			
6543	Joel Miranda			
6545	Carlos Meza			
6546	Alfonso Cabrera			
6547	Roger Rangel			
6549	Eduardo Araujo			
655	Pablo Bencid			
6550	Adriana Ríos			
6551	Jhonatan Medina			
6552	Fernando Silva			
6553	Armando Zerpa			
6554	Mateo Gómez			
6555	Saúl Rojas			
6556	Luis Guillermo Guaidó			
6557	José Luis Dos Santos			
6558	Hilario "Lalo" Guaidó			
6560	Carlos Rivas			
6561	Nelson Alvarado			
6563	Carlos Cardona			
6566	Fresa			
6567	Elguille			
6570	Andrés Ungaro			
6576	Surrearts Graphics (Erick León)			
6578	Alejandro Lodice			
6580	Burning			
6581	Soulmachine			
6582	Miguel Fraino			
6584	Angel Moya			
6586	Ursula Miethe			
659	Juan Luciow			
6591	Otto Arocha			
6592	Still Dot			
6593	Manuel Alvarez			
6594	Darío Guillén			
6595	Víctor Morón Jiménez			
6596	David Contreras			
6597	Argenis Betancourt			
6598	Adolfo Llovera			
6599	Adrian Sanchez			
66	Geogg Gill			
660	Javier Maggiolo			
6600	Walvin Brito			
6601	Gerónimo Egea			
6602	Luis Fuentes			
6603	Franklin Berroterán			
6605	Leonardo Rangel			
6608	Inmerso			
3424	César López			
6611	E. "Wincho" Schafer			
6612	Carlos Mata			
6618	Davis Pérez			
6620	Aristóteles Albornoz			
6621	Syriak			
6626	Edgar Calderón			
6627	Carlos Bermúdez			
6628	Miguel Filoseta			
6629	Manuel Pérez Pan Dávila			
663	Jonathan Fuzessy			
6630	George Marino			
6632	Daniel Baíz			
6633	Intitribu			
6634	José Dorantes			
6637	Irvin Rodríguez			
6638	John Dao			
6622	Gustavo Vilchez			
6615	Jaime Beltrán			
6614	Héctor Do Nascimento			
664	Ricardo Martínez			
6642	Giuglio Cesare Della Noche			
6646	Arnaldo Acosta Zampaglioni			
6647	Juan Carlos Villar			
6648	Arnaldo Acosta			
6649	Alejandra Silva			
665	Valeria García			
6650	Terra Nullius			
6651	Nelson Gutierrez			
6652	Alejandro Carrasquilla			
6655	Carlos A. Sequini			
6656	Juan Carlos Arango			
6657	Tatiana Suarez			
6659	Wil Davis			
6660	Depeche Mode's Cover			
6661	Alvaro Vera			
6662	Bob St. John			
6663	Decibel Backline C.A.			
6664	Moisses Ramones			
6665	Alexander Oirdobro			
6668	Marco Tulio Montalvo			
6669	Johnson			
667	Oswaldo Rodríguez			
6670	Hendrix			
6672	Jose Miguel Pérez			
6673	Love Depression			
3425	Katerine Arocha			
6674	Aram "Judge" DeGiuli			
6675	The Love Depression			
6676	Winsman			
6678	Ríos			
6679	Amílcar Gualdrón			
668	Lendell Clarke			
6680	Edgardo Dávila			
6681	Jesús Arrieta			
6683	José Rivas			
6684	Hernán López			
6685	Ricardo Schmilinsky			
6687	Osmar Quintero			
6688	Adriana López			
6689	Jorge Pérez			
669	Emidio Falconi "DJ Baffa"			
6690	Grabaciones Dinis			
6691	Tiempo Gris			
6692	Julio Lamas			
6693	Heberto Añez Duque			
6694	Tlx			
6695	Jorge Faleta			
6699	Carlos Cabrices			
67	George Henríquez			
670	Gerry Weil			
6702	Mariangela Travieso			
6703	Jiménez_Han			
6704	Antonio Piscitelli			
6705	Pepe Pérez Rivero			
6706	Gregory Seabra			
6707	Ricardo Figueroa			
6708	StudioSonica			
6709	Valter Izzo			
6710	Simple 7			
6712	Vicente Velasco			
6714	Steve Corrao			
6716	Luis Vasquez			
6717	Adriana Orellana			
6719	Emilio Mendez			
672	Roberto Koch			
6720	Christian LaSpina			
6721	Francesco Spaziani			
6724	Tony Trab			
6725	Rafael Rangel			
6727	Ricky Pernia			
673	Domingo Sánchez Bor			
6730	Leyra Ferrer			
6732	Omar Plascencia			
6733	Hana Kovayachi			
6734	Raúl Fonseca			
6735	Carlos Avirrillaga			
6737	Hermes Ugueto			
6738	José Gerónimo			
6739	Melchor Contrapunto			
6740	José Gabriel Figueira			
6742	Gilbert Riera			
6744	Pastor Rodríguez			
6746	Luis R. Méndez			
675	Danilo Rivero			
6750	Oswaldo Flores			
6751	Jorge Román			
6752	Javier Marval			
6753	Wilfredo Angulo			
6754	Deivis Colmenares			
6755	Enrique Ugueto			
6756	A. Ydrogo			
6757	Larry Bata			
6758	Ely Villanueva			
397	Julio			
16	Efraín Rodríguez			
12	Boby Martínez			
21	Iván Velásquez			
19	Gustavo Carucí			
20	Ignacio Rojas			
793	Igor Kosenkov			
958	Gerald "Chipi" Chacón			
980	Omar Paduay			
35	Pedro Delgado			
10	Aniram Mena			
10435	Barry			
11	Belkys Cedeño			
13	Candy Rojas			
15	Danilo Muñoz			
17	Enrique Ravelo			
18	Germán Gutiérrez			
23	Josefina Orta			
141	José I Morales			
99	Rosa Dorina Dato			
100	S. Nuñez			
101	Sam Lorber			
102	Steve Dodge			
132	M.G.G.			
142	Alejo Portal			
145	Gonzalo Blanco			
156	Brad Blackwood			
119	Juan Carlos Arévalo			
186	Gabriel Álvarez			
187	Pablo Di Peco			
189	Uriel Dorfman			
264	Mario "Torres" Romero			
286	Boris Centeno			
3238	Khont			
6759	Manuel Puerta			
676	Oswaldo Lezama			
6760	Raúl Noriega			
6762	Nelsón Cavallo			
6763	Tranzas			
6764	José Ruíz			
6765	Grupo Imagex C.A.			
6766	Gamalier Espinoza			
6767	Yohelys			
6768	Johan Figueroa			
6770	Haydee Hernández			
6771	Fernando Fossi			
6772	Anabella Ramírez			
9297	Bosé			
188	Docz			
322	Alberto J. Barnola			
1446	Brian Lucey			
1451	Dennis Nieves			
1458	Roger Nichols			
1471	Federico Ruiz			
1478	Iván García			
1481	Wil Punk			
1487	Rodolfo Tuliano			
1493	José Enrique Hurtado			
1501	Chuck David			
1515	Jorge Lugo			
1522	Daniel "Mono" De Sousa			
1441	Enrique Márquez			
1528	Carlos Angola			
1536	Adam Masseta			
1541	Carlos Ron			
1546	Durban Laverde			
1552	José Mendoza			
306	MASA			
419	Drama Theme			
424	Carlos Newball			
433	Juan Carlos Lopez			
4367	Pedro Colotto			
534	Tue Madsen			
644	Grabaciones Antor			
338	Mermelada Bunch for Corporación MB			
285	Martin Evans Brummer			
1473	Pedro Rodríguez			
1435	Marlene Yanez			
1138	Carola Landaeta			
1444	Antonio Ajam			
1449	Gisela González			
1453	Norm Smith			
1463	Hernán Ascóniga			
1469	Bill Reichenbach			
1477	Alida Ortiz			
1483	"Magic" Moreno			
1492	Emily Lazar			
1502	Benson Orta			
1509	Jean Carlos González			
1511	Javier Lugo			
1519	Leo Carmona			
1530	Roberto Castillo			
1535	Uly Millán			
1539	Paul Elliot			
1167	Rafael Figliolo			
289	Dan Monti			
387	Mario Cuéllar			
393	Matt Gunther			
450	Héctor Gámez			
12230	Ailice			
1436	J. P Felce			
1442	Eroy Troya			
1181	Roberto Percuoco			
1448	Maribel Serna			
1454	Neville Staples			
1459	Mark Brown			
1464	Yussuo			
1176	Gabriel Figueira			
1476	Leonor Jove			
1485	Juan Madriz			
1490	Daniel Prim			
1497	Omar Ávila			
1503	Elei Zambrano			
532	Peter Neuber			
1506	Juan Ignacio Sucre			
1512	Andrés Belloso			
1518	Federico Beckhoff			
1523	Victor "Locolaca" Contreras			
1529	Jorge Bolívar			
1533	Amanda Sutton			
1540	Francisco Mejía			
213	Ted Stein			
256	Alberto Díaz			
295	Carlos Barroeta			
302	Claudio Amico			
321	Juan M. Ramírez			
380	Rubén Sáez			
391	Lisbeth Rodríguez			
283	Warren C. Slaten			
288	Alexis Lope Bello			
448	Larry Hinds			
1437	Amy Mendez			
1443	Francisco Valles			
1447	Yasmín Hernández			
1452	Fermín Muguruza			
1461	Luis José Pérez			
1467	Dan Higgins			
1475	Dina Saavedra			
1480	Luis Moreno			
1486	Eduardo Loyo			
1496	Moisés Flores			
1500	Nelson Castro			
1507	Andrés Cordero			
1514	Alejandro Barbella			
1517	Ronald Avella			
1524	Cultura Subterránea			
1527	Lisandro Bolívar			
1534	Luis Ruíz "El Pulpo"			
1542	Ernesto Pantin			
1545	José Vazques			
284	Discobol			
287	Joe Blaney			
304	Ed Larez			
318	Magaly Ubieda			
323	José Miguel Pagé			
432	Mike Efstathiou			
453	Mariano Ast			
537	Kevin Barkley			
617	Neil Black			
6773	Carlos Hernández			
1438	Leonardo Degl'Innocenti			
273	John Thomas			
279	Andrés Mayo			
1439	Augie "Oggi" Verde			
1470	Nelson Rangell			
1445	Eduardo Del Aguila			
1450	Arturo Serna			
1456	Reinaldo Torres			
1468	Jerry Hey			
1474	Gilberto Bermúdez			
1489	Ricardo Sosa			
1495	Gregorio "Gregory" Mercado			
1498	Victor Rondon			
1504	Christian Cordero			
1510	Andrés Eduardo Sucre			
1516	Alfonso Hernández			
1525	Pedrinho Medeiros			
1531	Javier Parma			
1537	Mark López			
1543	Luis Garban			
1549	Juan Luis Castaño			
1891	Clive Chaman			
1564	Adolfo Carmona			
1575	Kevin Solorzano			
290	Krish Sharma			
405	Gustavo Nagykohi			
420	OldTape			
449	Nano			
454	El Nono			
1072	Mannel			
1120	John Karpowich			
4863	Andy Knnebone			
647	Allan Douches			
6774	Eric Gillette			
678	Apolonia			
6780	DJ MCK from 4º Poder			
6784	Rafael Giner Sr.			
6788	Safe			
679	Facundo Calvet			
6790	David Arraya			
6791	Francisco Vielma			
6792	Israel Fuentes			
6794	John Márquez			
6795	Chad Bernstein			
6797	Casey Nefcy			
6799	Endrina Guilpen			
68	Germán Landaeta			
680	Pablo "El Che"			
6800	Aaron Gandia			
6801	Ulises Martínez			
6803	Darwin Contreras			
6805	Braidys Roa			
6806	Yareli Trujillo			
2271	Franklin Ferrer			
2272	Luis Levin			
2275	Rebeca Troconis			
2278	Lisa Mosko			
2279	Jesús Raffe			
228	Álvaro Casas			
1131	Johnny Serra			
1036	Carlos Barros			
1203	Steve Picco			
1227	Richard Beetham			
1233	Nacho Matteis			
1240	Marc Parrot			
1299	Mario Becerra			
2253	David Mamán			
2254	Doménico Prioretti			
2255	Agni Mogollón			
2256	Walton de Jongh			
2258	Antonio Rassi			
2259	Gustavo Pierral			
2260	Directed by Rubén Velasco			
2261	Dalila Dager			
2262	Alicia Keller			
2263	María Eugenia Ibarra			
2264	Mary Carmen Díaz			
2266	Fernando de Freitas			
2268	Todd Hornton			
2269	Billy Ware			
227	Luis Jiménez			
2270	Arto Lindsay			
2280	Francisco Domingo			
10091	Jeff Barry			
10093	Manuel Alejandro			
10096	Bobby Goldsboro			
10099	Gen Loudermilk			
1119	James A. Labinski			
1194	Peter Stoel			
6807	Christopher León			
6808	Alejandro Silva			
765	Louie Vega			
1008	Carlos "Fresa" Mata			
1010	Daniel Guzmán			
10104	Marti McCall			
10105	Kenny Moore			
10106	Bruce Fisher			
10107	Irving Siels			
10108	Gonzalo Curiel			
1011	Saul Mizrahi			
10110	Paul Philip			
1003	Juan Bautista López "Yátu"			
1005	Jesús Piñango			
1007	Diego Márquez			
10111	Irma Silva			
10114	Vers. esp. Alvaro Serrano			
10115	Enrique La Fontaine			
10116	"Fabio Jr." Ayrosa Correia Galvao			
10117	Guilherme Lamounier			
1017	Mad Professor "Dark Fantom"			
1126	Sarasvati Jayasri Classics			
1023	Elmar Leal			
1025	Fabiana Kubler			
1026	Gianko Olivieri			
1024	Pedro Pérez Márquez			
1027	Kate Atherton			
1028	Heather Buck			
10118	Socorro Centeno			
10119	Camilo Blanes Cortés			
10121	Danilo Correa			
10123	Luis E. Rodríguez			
10124	Manuel Rodríguez C.			
10127	Nick Ashford			
10128	Jerry Ragoboy			
10129	Chip Taylor			
10130	Valiere Simpson			
10131	Jo Armstead			
10132	Jerome Kern			
10133	Robert Lamm			
10135	John Marascalco			
10136	Robert Blackwell			
1021	Oswaldo Grillet			
1022	Alberto Stangarone			
1030	Brian Parker Rowland			
1031	Carlos Fraga			
1093	Claudio Giussani			
1129	Rodolfo "Rod" Vanmarcke			
1029	Álvaro Benavides			
1949	Alex Lencinas			
1912	Jeremias "Jeremy" Ruiz			
1053	Eddie Fontana			
1054	Rodrigo Barboza			
1055	Rafael Silva			
1056	Manuel Urbina			
1032	Neil Ochoa			
1033	Yaramí Marcano			
1034	MJR			
1035	Vicent Veloso			
1115	K.C. Porter			
1037	Vicente Sanfuentes			
1038	Andy Montañez			
1039	Oscar D' León			
104	Tony Hatch			
1040	José Antonio Rojas			
1041	Elio Pacheco			
1042	Wladimir Lozano			
1043	César Monje			
1044	Argenis Carruyo			
1045	Jesús Narvaez			
1046	"Joseito" Rodríguez			
1047	Carlos Guerra Jr.			
1048	Gustavo Carmona			
1049	Rodrigo Mendoza			
105	Albert Von Tilzer			
1050	Lewis			
1051	Isaías Urbina			
1059	Luis Aguilar			
106	Alberto Naranjo			
1118	Bernie Grundman			
1004	Eduardo Bergallo			
1015	PapaShanty			
1060	Diego Lecuna			
1063	Franklin Ostos			
1065	Amanda Castillo			
1066	Japanese Girl			
1067	Mario Gonzalez			
1069	Indian Mate			
107	Barry Mason			
1070	Morella Martínez			
6817	Carlos "Cuso" González			
1071	Luen Pieters			
1073	Florencio Acevedo			
1074	Pablo Hernández			
1229	María Eugenia Morón			
681	Rafael Lares			
6810	Alexandra Zambrano			
6812	Freddy Fonseca			
6813	Carlos "Maracucho" Padrón			
6814	Lorenzo Toro			
6818	Juan Carlos Ettedgui			
6819	Alexandra Clark			
682	Luis Alvarado			
6821	Carlos "Luccio" Rios			
6822	Luis Alejandro Vargas			
6823	Vanessa Ruiz			
927	Jorge Gambier			
1097	Leopoldo Bello			
1098	Chris Caghs			
1099	Fernando Gómez			
110	L. Miranda			
1100	Matias Monteagudo			
1101	Eduardo Lárez			
1102	Simon Zaidman			
1103	Vichito			
1397	Paul Stubblebine			
1076	Luis Gómez			
1077	Boris Bossio			
1078	Malle			
1079	La Otra Gente			
108	Vers. Esp			
1080	Marcelo Sanhueza			
1081	Jorge "Bruja" Suárez			
1082	Pablo Sbaraglia			
1083	Willy Crook			
1866	Scott Hull			
1084	Mariano López			
1085	Rubén Blades			
1087	Luca Rustici			
1088	Ernesto Vitolo			
1089	Rosario Jermano			
1091	Luis Miguel Baladrón			
1092	César Valle Rojas			
1094	Alessio "Mini" Castaldo			
1095	Oscar Camacho			
1096	Armando Gómez			
1883	Mr. Blanco			
4368	Miguelangel Ahmad			
4369	Cristian Rodríguez			
1178	Julio Alcolcer			
1179	Armando Álvarez			
118	Carlos Martínez			
1180	Boris Paredes			
1182	Santos Palazzi			
1184	Sandro Segnini			
11859	Los Blonder			
1163	Marco J. Riverol			
1164	Roberto D'adesis			
1165	Miguel Arias			
1166	Juan Angel Esquivel			
1168	Luis Emilio Mauri			
1169	Héctor Hernández			
117	Manolo Tapia			
1170	Nelson Sardá			
1171	Ignacio Ángulo			
1172	Coro de Niños del Colegio Moncarmelo			
1173	Nacho Arévalo			
1174	Dina			
1175	Héctor Velásquez			
1177	Julio Flores			
1878	Patrick McDarby			
6824	Nicolás Rimski Marquez Toro			
6825	Jesús Bello			
1185	Jesús "Junior" Morales			
11882	Mr. Calipso			
11883	Rosa Virginia Chacín			
11885	Raúl Aranda			
11886	Héctor Cabrera			
11887	Los Dinámicos			
11889	Gimeno			
1186	Roberto Gutiérrez			
11860	Los Zafiros			
11861	Conjunto Ingeniería			
11862	Las 4 Monedas			
11864	Limpiabotas de Media Noche			
11865	Caramelo de la Fortuna			
11866	Los Pets			
11867	La Cuarta Calle			
11868	Nancy Ramos			
11869	Los Fabricantes de Muñecas			
11871	Gaslight			
11872	Vitas Brenner			
11873	Los Tres Tristes Tigres			
11877	Iván González			
11878	Agüeda y Yolanda			
11879	Geberth Paiva			
1188	Ingrid Porras			
11880	Henry Salvat			
11881	Néstor Zavarce			
1189	Jaime de Armas			
1579	Djane Meg			
1845	Produciones De La Montaña			
6826	Andreina Bravo			
6827	Angeles Clark			
12031	Pedrito Román			
12032	Felipe Pirela			
12033	Beto Parra			
12034	Rudy Hernández			
12035	Frank			
12036	Indios Tabajaras			
12037	Sonia Noemí			
12038	Mina			
11890	Armando Biart			
12004	Victor Jiménez			
12006	Mirla Castellanos			
12008	Héctor José			
12009	Balbino Blanco Sánchez			
12010	Luis Aguilé			
12011	Los Caciques			
12012	Edith Salcedo			
12013	Abstracto			
12014	Banda 50 Años del Rock and Pop			
12016	Ana Gabriel			
12017	Ariztia			
12018	Magneto			
12019	Ricky Martin			
1202	Pamela Sidney			
12020	Lourdes Robles			
12021	Chayanne			
12022	La Mafia			
12023	Yuri			
12024	Nestor Torres			
12025	Los Naipes			
12026	Hnos. O'Brien			
12027	Daniel Santos			
12028	Miguel Itriago			
12029	Raúl Naranjo			
12030	Lino Borges			
12039	Kinita			
6828	La Nave de Oseberg			
6829	Karina Gil			
1204	Eduardo Ron			
12066	Johnny Mathis			
12067	The O'Jays			
12068	Albert Hammond			
12069	Peppino Di Capri			
1207	La Nena Pulido			
12070	Chase			
12074	Ilan y Melao			
12077	Guillermo Nuñez			
12040	Orieta Berti			
12041	Bert Kaempfert			
12042	Bill McElhiney			
12043	Los 3 de Castilla			
12044	Las 4 Estaciones			
12045	Bob Mitchel			
12046	Los Gigantes			
12047	Connie Francis			
12049	Keith			
1205	Memo Piñates			
12050	Los Who			
12051	The New Vaudeville Band			
12052	Orquesta Paul Mauriat			
12053	Percy Sledge			
12054	Billy Cafaro			
1888	Garry Rindfuss			
12055	Orquesta MGM			
683	María José Serrano			
6832	Marielena Figarella			
12056	Francisco de Miguel			
12057	Los Pekenikes			
12058	Santa Bárbara			
12059	Dúo Dinámico			
12060	Pic-Nic			
12061	Los Mitos			
12062	Miguel Ríos			
12063	Los Payos			
12064	Jeanette			
12065	Redbone			
12078	Los Junior Squad			
12079	Krokus			
1208	Fernando Fermín			
12080	Queensrÿche			
12081	Banzai			
12083	Helix			
2099	Jorge Borgogno			
2121	Micho			
2487	Winston Mandelblúm "Winsman"			
2265	Gonzalo Lazzarini			
2305	Alessio Mini			
2335	Alberto "Beto" Yajure			
2405	Mike Powell			
2471	Omar Fernández			
2477	José Luis Hernández			
2479	Julio Timaure			
2527	Christian "Funky C" Moraga			
2500	Miguel Ahgel Mieres			
2511	Angel Melo			
2517	Fernando Yvosky			
2522	R. Zalazar "Puppi"			
2534	Argenis Brito			
2541	Alejandro Ortega			
2545	Zdenek Matousek			
2555	Torombolo			
2561	Ima Karina Narváez			
2571	Pecado Original			
2573	Alexander Borges			
2587	Juan Hernandez			
2641	Alciro "Trosqui" Valentinés			
2644	Maikel Flores			
2495	Jesús Chinchilla			
362	Pedro Murzi			
3620	Jesús Ugas			
3621	Lewis Escalona			
3622	Nelson Arrieta			
3623	La Yesca Armada			
3624	Juan Lizardo			
3625	Rómulo Paiva			
3627	MC Zamaga			
3628	Fernando Garmendia			
6833	Jean Franco Carella			
2094	Enrique Schironi			
2112	Taylor Deupree			
2118	Adrían Morales			
2323	Trevor Sadler			
2362	Pedro Mendoza			
2407	Edgard Sánchez			
2469	César Torres			
2478	Félix Hernández			
2501	Alfredo Rojas			
2513	Armando Flores			
2519	Raúl Monsalve			
2524	Humberto Torrealba			
2529	Juan Rivas			
2533	Natalia Lafourcade			
2542	Polo Troconis			
2547	Victor Fiol			
2551	Gennaro Di Luca			
2559	Kestutis Orentas			
2562	María Eugenia Ciliberto			
2570	Sergio Pérez			
2580	Alexis Peraza			
6834	Jaime Marchiani			
6837	Romi Blanco			
6838	D' Black			
6839	Escobar			
2576	Diego Díaz			
2089	Alexis Tope-Bello			
2147	Carlos Pulido			
2300	Bruno Romano at			
2303	Daniel Pérez			
2409	Mike Fuller			
2456	David Klooker			
2475	José Lozano			
2486	Daniel Pirone			
2499	Big-Join			
2504	Juan Daniel González			
2510	Frank Rojas			
2515	Guillermo Mager			
2523	José Manuel Pinto			
2526	Everhard Paredes			
2532	Yker Moreno			
2538	Joselo Díaz			
2546	Marco Acuña			
2552	Ronnie Rodríguez			
2556	Lino Spolzino			
2628	Douglas Texier			
2638	Andrés Guzmán			
2645	Alfredo Rugeles			
4865	Carlos Mas			
6840	Nevio Riera			
6841	Taj "The Infinite"			
6842	Manuel Borrego			
6844	Guacal 1			
6845	Angemyr Lezama			
6843	Emiro Aguilar			
2324	Jeff Poe			
2343	Freddy Reyna			
2347	Daniel Arrieche			
2365	Fred Weinberg			
2467	Ulneiver Valles			
2474	Alexander Lugo			
2484	Jesús López			
2488	Michael Barbiero			
2491	MaAlexandra Scelza			
2496	Liana Malva Castillo			
2506	Ramón Hernández			
2512	Luis Miguel Domínguez			
2520	Jairo Zuleta			
2528	Nuuro			
2535	Pepeto López			
2539	César Miguel Rondón			
2548	Salvador Pérez			
2566	Henry Paul			
2572	Elisa Rego			
2575	Gabriel Mendoza			
2584	Rodolfo Rodríguez			
2590	Daniel Da'cugna			
2594	Luis Roman			
2598	Sujeid Mijares			
6847	Pablo Mandel			
685	Javier Del Castillo			
6850	Eduardo			
6851	Chevy			
6854	Steven Job			
6856	Génesis Farias			
6858	Henry Tovar			
6859	Williangel Salvatierra			
686	Mariana Serrano			
6860	Rubén Vellorín			
2117	Sandro Marauda			
2138	Carlos Savalla			
2283	Ted Jensen			
2322	David Schifman			
2387	Salvador Pérez Muñoz			
2463	Alan Ward			
2468	Alberto Hernández			
2470	Angel Pineda			
2473	Freddy Hernández			
2476	Argenis Hernández			
2481	Vanesa Gouveia			
2483	Javier García			
2485	Greb Calbi			
2494	MaDaniela Guerrero			
2502	Kevin Metcalfe			
6861	Carlos "Chars" Alvarez			
6862	Joleyka "Viover" Mosquera			
6863	Joel Rojas			
6865	Alfredo Pino			
6869	Adrián Borges			
687	Ana Valencia			
6870	Daniel Vallejos			
6871	Jade Macedo			
6872	Eloy Guzmán			
6873	David Khazam			
6874	Juan Ardila			
2508	Daniel Mora			
2516	MC Maíz			
2521	José "Chemi" Gutierrez			
2530	Félix Colino			
2536	Jesús Rivero Bertorelli			
2540	Steven Barkan			
2544	Carlos Panepinto			
2565	Darlenys Zamora			
12114	The Hollies			
12115	Walker Brothers			
12116	Barry Ryan			
12117	Paco De Lucia			
12084	Ratt			
12085	Mötley Crüe			
12086	Manowar			
2701	Camilo Crespo			
2973	Jorge Ortiz			
12087	Twisted Sister			
12088	Los Nómadas			
12089	Lucho Muñoz			
1209	Miguel Angel Machado "Chivo"			
12090	Pecos Kanvas			
12091	Los Guaraguao			
12092	Chucho Sanoja y Su Orquesta			
12093	Grupo Volcán			
12097	B.J. Thomas			
12098	The Cascades			
12099	The Tremeloes			
121	Steven Marquez "Makenzy"			
1210	José Miguel Machado "Jo Semi"			
12100	Mary Hopkins			
12101	Classics IV			
12103	The Box Tops			
12104	The Union Gap			
12105	Vic Dana			
12106	The Flying Machine			
12107	Lou Christie			
12108	Teen Rock			
12109	Kashmir			
12110	Target			
12111	Eterno Rock			
12112	Andy Gibb			
12113	Georges Moustaki			
12118	Demis Roussos			
1212	Jorge Herrera			
12102	The Platters			
2987	Grabaciones Antor S.A			
3154	Soleá			
12133	María de Lourdes Devonish			
12120	Frank Mills			
12121	Dusty Springfield			
12122	Righteous Brothers			
12123	Player			
12124	Santa Esmeralda			
12125	Donny Osmond			
12126	The Bells			
12127	Trigo Limpio			
12128	Grupo Trazos			
12129	Ivano			
1213	Luis Ignacio Márquez			
12130	Cliff Richard			
12131	Conexión			
12132	Nuestro Pequeño Mundo			
12134	Vincent Bell			
12135	Rose Royce			
12136	Diana Ross			
12137	Michael Jackson			
12138	Yvonne Illeman			
12139	Liza			
1214	Germán Villacorta			
12140	Marvin Hamlisch			
12141	Harold Melvin			
12142	Edgar Winter			
12143	Al Kooper			
12144	Donovan			
12145	Vikki Carr			
12146	Billy Paul			
12147	Loggins			
12148	Messina			
1215	Rafael Pérez Medina			
12167	Michael Sembello			
12169	The Manhattan Transfer			
1217	Henry D'Arthenay			
12170	Peter Shilling			
12171	Imagination			
12172	Chaka Khan			
12173	Aguilar			
12174	Christopher Cross			
2656	Francisco Castañedo			
1218	Javier Marín Soré			
1219	Sebastián Ayala			
122	Luis "Luisle" López			
1220	Daniel Yánes "Krusty"			
1221	Jorge Sánchez "George"			
12216	Tres y Fuera			
12219	Fernando Ivosky			
1222	Maximino Heeger "Patán"			
12220	Germán Freites			
12221	Luis de Ubaldo			
12222	Los Hooligans			
12223	Los 5 Latinos			
12224	César Costa			
12225	Mirtha Pérez			
12226	Los Teen Tops			
12227	Los Tests			
12228	Miriam Makeba			
1223	Christian Alvarado "Oso"			
12235	Francisco Blanco			
12236	Francisco Gómez			
12237	Lamarca			
12238	Marcos Salazar			
12239	Nacho Troconis			
1224	Cristopher Castro "Flor"			
12240	Nany Rago			
12241	Tania Nunez			
12242	J. L. Osuna			
12243	L. M. Pérez			
12244	"Identical Twins"			
12245	A. Dominguez Borras			
12246	Adela Loconte			
12247	Airam Arrocha			
12248	Akla Tha First			
12249	Alba Rebeca Muscolino			
12250	Alcero Valentines			
12251	Alfoso Paolini			
12254	Amanda Almiñana			
12255	Ana Isabel Azpúrua			
12256	Ana María Chacón			
12257	Apolo Castro Martínez			
12258	Aquino			
1226	Abiram Brizuela			
12260	B. Keidh			
12261	Balú			
12262	Barbella			
12263	Basil Faucher			
12264	Benatar			
12265	Benny Millares			
12266	Bertold Brecht			
12267	Bianca			
12268	Black Sabbath			
12269	Bod			
12270	Bogaert Aka			
12271	Bohemios			
12272	Brain Gain Unlimited - A.C. Tañerla			
12273	Brazil '66			
12274	Buitrago			
12275	Burgueses			
12276	C. Piccini			
12277	Camila Ayala Terán			
12278	Candy Owens			
12279	Caraballo Gramcko			
1228	Rafael Pérez			
12280	Carmito Gamboa			
12281	Casa De Armando			
12282	Casa De Chulius			
12283	Ceballos			
12284	Cecilia Acosta Mayoral			
12285	Chas Jankel			
12286	Chewaka			
12287	Churión			
12288	Clara Bolívar García			
12289	Codex Of Alfonso X			
12290	Corina Poore			
2970	Banny Romero			
2984	Andres Boulton			
12291	Crystal Chang			
12292	D. Delgado			
12293	D. Lecuna			
12294	D. S. S. S			
12295	DJ Trujillo			
12296	Dagny Iznaga			
12297	Desmond Dekker			
3048	Ruadhri Cushnan			
12299	Dezo Hoffman			
1230	Leonardo Molina			
12300	Diana Pandera			
12301	Diego Alejandro García @BonkDesign			
12302	Dieter Grossberg			
12303	Dilcia Galea			
12304	Diseño Logico			
12305	Dobbin			
12307	Duilio Pérez Montilla			
12308	Dumont			
1231	DJ MKC			
12310	E. Toledo			
12311	E. Valencia			
12313	Eadi			
12314	Echevarreneta			
12315	Eder Soto			
12316	El Chacal			
12317	Electric Mind Entertainment			
12318	Ergo			
12319	Eric Ceballos Arias			
12320	Erik Steinhold			
12321	Erika Silvestri V			
12322	Ermibica			
12323	Ernesto Javier Christiansen			
12324	Es Azualde			
12326	Espina			
12327	Etheart Dupiton			
12328	Euden Ojeda @ElCalvok			
12329	Europadisk			
12330	Eusebio Delfín Figueroa			
12331	Evelyn Pérez			
1232	Eugenio Marruffo			
12332	F. Rendiles			
12339	G. Figueira			
1234	Juan Guzmán			
12340	G. Insignares			
12341	G. Topton			
12342	G. Visconti			
12344	García Martines Jorge			
12345	Garret			
12346	Geiner Javier			
12347	Ghersy Bates			
12348	Giustino Adesso			
12349	Gonne			
1235	Danny Lippit			
12350	Guayayo Motion			
12351	Guijarro			
12352	Guy Gershoni			
12353	H. Paredes			
12354	Hansel Lander			
12355	Heider Blanco			
12356	Helena Ibarra			
12357	Herb Alpert Presents Sergio Mendez			
12358	Hodward Rincones			
12359	Horny Mause			
2704	Miguel Gonzáles "El Enano"			
1236	Roger Rodés			
12360	Hum			
12361	Iliana Fernández			
12362	Imperatori			
12363	Ingrid Dreissig			
12364	Intensity Gornés			
12365	Inés De Andrade			
2708	Vinicio Ludovic			
3383	B.B.V			
4874	Foto Ruido			
4913	Ernesto Laya			
4916	Under the Bridge			
4959	Grindsound Recordings			
3491	Omar Olivero			
12366	Isaac Bonyuet			
12367	Issa			
12368	J. Juo Bran			
12369	J.M. De Ferrari			
1237	Michel			
12370	J.S			
12371	JC Siniestra			
12372	Jackturbo			
12373	Jacqueline Abadi			
3299	Paúl Jatem			
12374	James "Jimmy" Kovacks			
12375	Jaumëtic			
12376	Jay Hawkins			
12377	Jhossbert Gonzalez Casique			
12378	Jo Jetten			
12379	Joan Manuel Serrat			
1238	María Camps			
12380	Jondix			
12381	Joyce			
12382	Julia "July" Mendoza			
12383	Julia Irisarri			
12385	Juvenal Branger			
12386	K.K. Downing			
4942	BlackOut			
5125	Guaco			
5016	Los Jazzet			
124	Alfredo Doyavorsky "Frodo"			
12387	KCO			
12388	Kraus			
1239	Roc Sala			
12390	L. Degl'Innocenti			
12391	L. Romero "La Luz"			
12392	La Factoría Creativa			
12393	La Riva			
12394	La Superagencia			
12396	Labi Siffre			
12398	Landaeta			
12401	Litto Nebbia			
12402	Liu Prato			
12403	Lobo from London			
12404	Loly Sierra			
12406	Luciow			
12407	Lugo			
12408	M. Helmer			
12409	M. Mc Enter			
12410	M. Tedeschi			
12411	Macaco			
12412	Maclaudia			
3668	Alcides Monroy			
3875	José "Chego" Cabrices			
4955	Blood Work			
4966	Eduardo "Kike" Cabanzo			
5037	10-D2			
12413	Mad Kick			
12414	Marennske Reitsma			
12415	Mark Pawtowsky			
12416	Max Jecklin			
12417	Miguel Karroum Photography			
12418	Mikhaela Toledo			
12419	Miles Davis			
1242	Luis Manuel Lairet			
12420	Minoli			
12421	Marcel Boldu			
12422	Montes			
12423	Museo De Ciencias Naturales			
12424	N. Gion			
12426	Nabil Girones			
12427	Negro Carlos			
12428	Nick Buchanan			
12429	Nigga			
12430	Norberto Dasilva			
12431	Norelys Toledo			
12432	Norma Mendes Gomes			
12433	Noya Wyzton Borrero			
12434	Nuff CeD			
12435	O. Hammerstein			
4228	Danny Harrell			
4042	Alberto Barnet			
4919	Behated Reign			
4932	Michelle La Cruz			
5193	Cinema Sun			
4996	Carolina Barceló			
12436	O. Villegas			
12437	Obdulio Morales			
12438	Osdorp Posse			
1244	Eduardo Rodríguez			
12444	P. Raymond			
12445	Pagliuca			
12447	Patrice Holloway			
12448	Patty Alvarez			
12449	Pedro Querales "OldTape"			
1245	Luke Grande			
12451	Pejtsik			
12452	Penninman			
12453	Penélope Chávez			
12454	Pichi Domínguez			
12455	Pierre Mario Bocarena			
6027	Eduardo Guerrero			
6728	Sokrates Papadopoulos			
4731	Matatigre (Clara Bolívar)			
6519	Carlos Loggiodice			
4956	Slayer cover			
4988	Maikel Linares			
5038	Cabaret			
5119	Iguano C.A.			
4905	Elio López			
12456	Pink Floyd			
12457	R. Goitía			
12458	R. Halford			
12459	R. Rodgers			
1246	Leonel Carmona			
12460	Ramsés Meneses			
12461	Rebecca Kronvall			
12462	Reexon Escobar			
12463	Regalado			
12464	Reinhard Keiser			
12465	Revista DDA			
12466	Rhea Atkins			
12467	Rick Slater			
12468	Riega			
12469	Room 1013			
1247	Jean Carlo De Oliveira			
12470	Rose Mary Mogollón			
12471	S. Kelly			
12472	S. Miranda			
12473	S. Palazzi			
12474	SEMECO			
3454	Luar Alem			
12475	SENK			
12476	SHowcase Prod			
12478	Salazar			
12479	Sale Andrés Perdomo			
1248	Alan Douches			
12480	Samarith Liz			
12481	Santos Club			
12483	Shakiniva			
12484	Silvia Milliani			
12485	Sociedad de Amigos Calypso de El Callao			
12487	Sonorodven			
12488	Starlet YEG-013			
12489	Stephan Hammond			
1249	Karl Milán			
3630	Laret Andres			
7437	José Luis Morenza			
7814	Abdenago "Neguito" Borjas			
7779	Luis María "Billo" Frómeta			
8273	Burt Bacharach			
12490	Strummer			
12491	Stuart Baker			
12492	T. Perdone			
12493	Takumi			
12494	Ted Abreu			
12496	Tom Brick			
12498	Totuma			
12499	Toyteq Motors S.A			
1250	José Morantes			
12500	Tradardi			
12501	Troconis			
12502	Tsuru Millán			
12503	Tulio Enrique León			
5155	Chuchuguaza Style			
5179	Los Tulipitos #6			
12504	Tyronne Vera			
12505	U. Valles			
12506	Ubieda			
12507	Udo Jurgens			
12508	Unknown			
12509	Vicenzo Lovecchio			
1251	Frank Pulgar			
5220	El Sotano De Luisle			
5229	Contraluz			
12510	Vilma Ovalles			
12512	Vito Fumai			
12513	Vladimir Sosa Sarabia			
12514	Vlo Erminy			
12515	Lab Laboratorio De Diseño C.A.			
5338	Carlos Pineda			
5393	Imer Alonzo			
5191	Andrea Benitez			
5007	Leo Guaglianone			
5245	Covervinilo			
5256	Indie			
11469	Graham Gouldman			
12516	Wake5			
12517	Wax-0-Matik			
12518	Winwod Miller			
12519	Wiredconcept			
1252	Gustavo Morantes			
12521	Xivars Briedis			
12523	Yrene			
12525	Ziegler			
5363	Esperanza Inciarte			
5367	Cada Vez			
12526	Zuleyma Monagas			
5380	Cadaver Graphics			
12527	Zuzuku			
12528	by Vytas Brenner			
1253	Jorge de Las Salas			
12530	John Hawkis			
12531	José Ostos			
10109	Juan Carlos Calderón			
8286	Manolo Freire			
12532	Pablo Iranzo			
12533	Daniel Pereira "Danny Deep"			
12534	Juan Ernesto Franzius			
8347	Pixels Computación S.A.			
8288	Luciano Stecconi			
9444	Luis Gómez Escolar			
5651	Saverio Cubisimo			
5617	Agustín Martínez			
12535	Juancho Jab			
12536	Luis Boza			
12537	Edgar Sánchez			
12538	Nestor Veitor			
12539	Misael Sanchez			
12540	Luis Salazar "Stardust"			
12541	Gabriel Torrelles			
12543	Hary Febres			
12544	Jonathan Mora			
12545	Jonás Cordero			
12549	Carlos Espinoza			
1255	Daniel Hernández			
2619	Glenn Patscha			
12550	Corina González			
5524	Alei Mata			
5530	El Rastro			
5240	Sciortino			
12560	Fernandez J.C.			
12551	E. Hidalgo			
12566	Paul Rengel			
12552	Alejandro Pietro C.			
12554	Luis Fragachán			
12555	Ángel Chirinos			
12556	Pedro Pacheco			
12557	Fernando Venturini			
12558	Luis Alberto Jimenez			
12559	Raul Ramírez			
1256	Alejandro Martínez			
12561	Fernandez G			
12562	Thomas Bonnieux			
12563	Ismael Aguirre			
5653	José Otto Molina			
5691	Desiree			
5698	Profecia			
12564	Roberto Benites			
12565	María Eugenia Zandoval			
5404	Living Dead			
5445	Potrerito			
5462	Stefan Schneider			
5239	Alfredo Ulloa			
5627	Jorge Fichi			
1258	Gabriel Arbiza			
5593	Les Bueno			
12567	Jorge Gomez			
12568	Adrían Morales Demori			
12569	Ricardo Aubele			
12570	Martín Imof			
12571	Daniel Starke			
12572	Willian Padrón			
12573	Carlos Eduardo Olavarría			
12574	Juancho Pérez			
12575	Yneilmar Leal			
12576	Alejandra Abecasis			
12577	A. Londoño			
12578	Antonio J. Guzman			
12579	Ramiro Fernández			
12580	Rafael Gimón			
12581	Blanca Torres			
12582	Felipe Doffiny			
5469	Ola Sonmark			
5262	Silvana Pérez			
12583	Iván Almaral			
12584	Al Falcon			
3677	Alejandro Lucena			
5704	Stefan Wozniak			
5287	En Busca de Libertad			
12586	Bob Moore			
12587	Daniel Benarroch			
12588	Diego "Martín" Guerrero			
12589	Iván Bossio			
12592	Edward Vera			
12593	Ernesto Rangel			
12594	Chucho Valdéz			
12595	César Prato			
5637	Johan Gómez			
5695	Freddy Perdomo			
12596	Pablo Camacaro			
12597	Dizzie Gillespie			
12598	Manuel González Ruiz			
12599	Claudia Rodríguez			
126	Luis Miguel			
3716	Scott Canto			
1260	Italo Pizzolante			
12601	Noel Silva			
12602	Jhonny Serra			
12603	Juliet González			
12604	Sebastián M.			
12605	Cristian Vigliano			
12608	Casa De Cheo			
12609	Eliud Farías Penuela			
1261	Alejandro Piña			
12610	Isabelle Granger			
12611	Ricardo Delgado Rodríguez			
12612	Felix Allueva			
12613	María Isabel "Bubu" Alvarez			
12614	María Gomez			
12615	Olga Trinidad Diez			
3877	Sincrosonido			
4032	Pineda			
5449	Is Where We Start			
1262	Marcelo Toutin			
12616	Carlos Burgos			
12617	Pedro Sandoval			
12618	Patrick Dolante			
12619	Marco Antonio Guerrier			
5606	Luciana Quintana			
12620	George Marin			
12621	Alejandro Alvarado			
12622	Dalny Rago			
12623	Kurt Weill			
12624	Roger Fernay			
12625	Rafael Hernández			
3810	Control X - Gilberto Lazo			
12627	Daniela Erminy			
12632	Luis Itanare			
3879	RCB			
3916	Fabian Ross			
5957	Acústica			
6011	Sugyn Quintana			
5619	Frank Lemus			
5624	Jesús Maneiro			
5672	Manuel Espinoza			
3898	Carlos Gawronsky			
12634	Alejandro Terrán			
12638	César Elizer			
12639	Pablo Bernasconi			
12640	Antonio Franco			
12641	R. Gutiérrez			
12642	Jennifer Dopazzo			
12643	Jorge Durán			
12645	Rubén Darío			
12646	Freddy R			
12647	Los Grillos			
3874	Aníbal Murillo			
12649	José Miguel de Robertis Padua			
12650	Daniel A. Landaeta			
12651	Martinna Mas			
3948	Mike Gray			
12652	Aquiles Hadjis			
12653	Pablo Souto			
12654	Guillermo Palladino			
12655	Joe Rivera			
12656	Andrew Blanco			
4103	Alexander Brau			
4105	Charles & Sebas			
4110	Alejandro Gadicto			
12657	Ramón Nova			
4152	Alexander Espluga			
12658	Ramón París			
12659	Héctor Herrera			
1266	Yuval Lion			
12660	Zultan Kunckel			
12661	Tatiana Tello			
12663	Alexis Mora			
1267	Raúl Alemán			
12664	Pedro Francisco Lizardo			
12665	Mario Loaiza			
12666	Miguel Angel			
12667	Wishkey Co			
12668	Lorenzo Nesta			
12669	Jeff Hollie			
12670	Daan van der Elskenat			
12671	Rudy Albano			
12672	Sebastien Sam			
12673	Juan Bonilla			
12674	Jasper Bax			
12675	Mr. Horny			
12676	Robert Plan			
3865	Rafael Mesa			
5696	Rodolfo Castrillo			
6164	La Nave			
6209	LapaMariposa			
6233	Outro			
12677	Unknown Artists			
12678	José Alberto Iglesias			
12679	Victor O'Brien			
1268	Reinaldo Morales			
12681	Victor Daniel			
12682	Miguel Ángel Jaimes			
12683	Beatriz G. Sadeño			
12684	Alveiro Bolívar			
12685	Aníbal Nuñez			
12686	Leonora Curto			
12687	Enzo Napoli			
12688	Joseline García			
12689	Eric Peralta			
1269	Gabriel Pérez			
12691	S. Vicent			
12692	P. Harmsworth			
3963	Romina Guzmán			
12693	Victor Avlra Sánchez			
12695	Luis Alegrett			
12696	Phil Medley and Bert Russell			
12697	Alvaro Stuyck			
12698	Leo Vieira			
12699	Ricardo Kazibutowski			
127	Lourdes Ramestant			
1270	Carlos Badiola			
12700	Claudio Napolitano			
12701	Marlon Lares			
4109	Sabrina Arroba			
12702	Herman D. Gimbel			
12703	Stephanie Altman			
12704	The Ventures			
3817	Los Ultimos Indocumentados			
12705	Keith Reid			
12706	Gary Brooker			
12707	George Bruno			
12708	José Miguel Rodríguez			
12709	Pérez De León			
1271	Manuel Martínez			
12710	Willmar Tarazona			
3892	Roldán Peña Luis Oliver			
12711	Juan Sucre			
12712	Juanma Trujillo			
12713	Leonardo Blanco			
12714	Alfredo Correia			
12715	Ram Martínez			
12716	Brian Hernández			
12717	Fernando Amendola			
12718	Rubén Rada			
12719	María José Jijón			
1272	Miguel Ángel Noya			
12720	Michel Rivero			
12721	Nacho Gala			
4194	Guaglianone			
4202	Maryuri Torres			
4204	Despecho Nº 2			
4211	El Beibi			
12722	Enrique Morales			
4262	Aeternus Sum			
12723	Masserrati 2lts			
12724	Miguel Karroum			
12726	Bernardo Anzola			
12727	Richard de Avila			
12729	Nicolas Estrada			
1273	Sebastián Szinetar			
12730	Miguel Angel Caputo			
12733	Jesús "Chuo" Torrealba			
12734	Rafael Roa			
12735	Juan Trujillo			
12737	Rodrigo Márquez			
12738	Gustavo Velásquez			
12739	Eduardo De La Mano			
1274	Paul Godwin			
12740	Oscar Calle			
12741	Salvatore S			
12742	Leando Angarita			
12743	Carlos Luís Sánchez			
12744	Iván Iga			
12745	The Cure			
12747	J. Acosta			
4503	LiBeRo IalzZo			
12748	C. Guzmán			
12749	L. Alcalá			
2281	Hertz			
2282	Jean Carlos De Oliveira			
12732	Larry Acosta			
4542	Erik Galindo			
4665	Henry Loaiza			
4766	Daniel "Kaio" Soto			
1275	Aureliano Méndez			
12750	A. Garavito			
12752	Antonio Faro			
12753	Daniel Melero			
12756	Anibal Morino			
12757	Joaquin Salim			
12758	Juan Litio			
12759	César A. Somoza			
12760	Alan Arenas			
12761	Rolan Streuli			
12762	Harold Escalona			
12763	Miriam Troconis			
12765	Silvia Aray			
4495	Torrencial			
5128	Yein González			
12766	Alejandro Avalis			
12767	Alfredo Lois			
12768	Marcos Banchero			
12769	Gilberto López			
12771	José Sinfontes			
12772	Julio Áñez			
12773	Raylú Rangel			
4644	Agugutata			
4772	Ramón			
4234	3er Mundo			
4317	nPi			
12774	Luis Brito			
12775	Jorge Vall			
12777	Agustín Bozzo			
12778	Kara Flebes			
12780	Karina Fleves			
12781	Erick León			
12782	Alejandro Iodice			
12783	Cheo Feliciano			
12784	Mauro Quiroga			
12785	Néstor Vincero			
12786	Alejandra Luis			
12787	Rodrigo Palacios			
12788	Solange Romero			
12789	Carlos Represas			
1279	Kevin Yousef			
12790	Francisco López			
12791	Pedro Fajardo			
12793	M. Panzari			
1278	Leonardo Jaramillo "Kmarón"			
4579	Parthenon's Rehersal Site			
12794	Tommy James			
12795	The Shondells			
12796	Luis Montenegro			
12797	Boston Rex Custom Recordings			
12798	Alberto Díaz Moreno			
12799	Franchesco Guillén			
128	Germain Coronado			
4657	Manuel Linares			
1280	Tony Alda			
12800	Ximon Molina			
12801	Edgar Silva			
4811	Musica Virtual			
4840	Azotea			
4239	Lalo Hernández			
4346	Bendito Labs			
4390	Bernardo Milían			
12802	Lorena Vogeler			
12803	Della Noche			
12804	Rudy Pérez López			
12805	José Antonio Jurio			
12806	Carlos J. García			
12807	Della Noce			
12808	Antonio Juric			
12809	Daniel Landaeta			
1281	Natasha Rivas			
4514	Panacea			
6241	Mario Alfonso			
12810	Patricia Grassi			
12811	Giuliano Molgora			
12813	Carlos David Díaz "Chatto"			
12814	Julio Serrano			
4576	Universidad Símon Bolívar			
12815	Amelie Areco			
12816	Jorge Divo			
12817	José Manuel Roo			
12818	Paula Salina			
12819	Juan Carlos Echeandía			
4660	Lauren Bianchi			
4673	Andrés Trujillo			
1282	Carlos Guerra			
12820	Germán Socorro M			
12821	Rodrígo Pérez-Segnini			
12822	Félix Gerardi			
12823	Valentina GraphicsCat			
12824	Marianela Vargas			
4231	My Own Creation			
4296	Grandmaster Recorders			
4315	Alejandro De Oliveira/nPi			
4374	Para Decir La Verdad			
12826	Mauricio "Enano" Montero			
12828	Vicente Corsola			
12829	William Padrón			
12830	Steve Cropper			
12831	Eddie Floyd			
12832	Wilson Pickett			
12833	Roberto Loscher			
325	Jorge Chapelín			
12834	Ani Lozada			
12835	Fabiana Paolini			
12836	Alejandro Capó			
12837	Boris Felipe			
12838	Ana Sáenz			
12839	Mario Tepedino			
4601	Manzi Piana			
4607	Leo Med			
1284	Santiago Castillo			
12840	B. Zambrini. R. Sini			
12842	R. Leal			
12843	A. Pérez			
12844	R. Serra			
4662	Cuesta Toda La Vida			
12845	G. Gion			
12846	Fundacion Nuevas Bandas C.A			
4687	Bycas Mediastudio			
12847	Salomon Burke			
12848	Nestor Caballero			
12849	Juan Marcos Blanco			
1285	María Carolina Aldrey			
12850	Julia Carolina Ojeda			
12851	Eduardo Gamondez			
12852	J. Spiteri			
12853	K. Reid			
4291	Millenium			
1286	Alberto Slezynger			
12857	K. Richard			
12858	Jesse James			
12859	Juan Carlos Nuñez			
4520	Vielma			
12860	Carlos Piccini			
12861	Claudio Estrada Baez			
12862	José Antonio Mendez			
12863	Ricardo Cuto Estevez			
12864	Gleen Miler			
12865	Álvaro Carrillo			
12866	La Lupe			
12867	Miguel Jaspe			
12868	David Mendoza G			
4602	Quirón Agency C.A.			
1287	Carlos Moreán			
12870	Henseli Rahn			
12871	Francisco "Paco" Puig			
12873	Jorge García Crasto			
4722	Monalisa Ramírez			
4856	Backhand			
5718	Free-Lance			
5848	Grado 33			
5871	Oswaldo Pinto			
12874	Creatium C.A.			
12875	Efrain Torres			
12876	Mauricio Amoroso			
12896	María Consuelo Faria			
12878	F. Batoni			
5966	Isla Sorda			
12879	Gabriel Fernández			
1288	Danilo Aponte			
12880	Pepe Lamberti			
12881	Noel Silva Dominguez			
12882	Dennis Mattei			
12883	Norma Méndez			
12884	César Anidez			
12885	Jose Yepez			
12886	Angelo Sebastiano			
12887	Mariela Romero			
12888	Jorge Troconis			
12890	Alí Primera			
12891	Dave Palmer			
12892	Ericson Rojas			
12893	Ángel Álvarez			
12894	Jean Pier Felce			
12895	Marcial Cabrera			
12897	Manny Benito			
12898	Francisco Gude			
12899	Fabio Patrigniani			
1290	Fátima Pérez			
12901	Alfred Figueroa			
12902	Alex Caballero			
6205	Languidez			
12903	Ricky Blanco			
12905	Mario Houben			
12906	César Pulido			
12907	Angel Carrasco			
5827	Gatas Verdes			
5931	Berry			
12908	Santiago Alonzo			
12910	Rolando Alejandro			
6028	Bachata Version			
12911	Rolando Vitto			
12912	Colin Michaels			
12914	María Elisa Alvarez			
12915	Tomás Muñoz			
12916	Rick Raymond			
12917	Scott Miller			
12918	Tony Blanco			
12919	Mariela Sosa			
1292	Lorenzo Barriendos			
6120	La Big Landin Orquesta			
12921	P. Gillman			
12922	Berry Gordy Jr.			
12923	Brenda Holloway			
12924	Frank Wilson			
12925	Charles Singleton			
12926	Eddie Sneyder			
5833	Humberto "Tito" Iglesias			
8610	Robert Vilela			
12927	Berry Gordy			
12928	Rodolfo Hernández			
12929	Lenny Salinas			
1293	Julio Estaba			
12930	Carlos Cadenas			
12931	Vladimir Marcano "Portal"			
12932	Agustín Méndez			
12933	Eneresto Luis Rodriguez			
12934	German Fleitas Beroes			
6258	Los Berenice			
12935	Christopher Urbina			
12936	Charlotte Lajarin			
5710	Despierta un Mundo			
1294	Víctor Valerio			
12940	Antonio Moubayed			
12941	Cesar Zerpa			
12942	Jesús Mesa			
12969	Juan Carlo Fernández "Wancalo"			
12943	Esteban Chacín			
12944	Daniela Troconis			
12945	Karina Maristany			
12946	Mauricio Bracamonte			
12948	Dayanni Adames			
12949	Dayani Adames			
1295	Oliver Amaya			
12950	Eduardo Arcas			
12951	Diego García			
12952	Franco Cerruti			
6186	Laila			
12953	Fabiana Comas			
12954	Nathalie De Laet			
12955	Armando Ayala			
12959	Pedro José Bolívar			
1296	Samuel Caldera			
12960	Maritza Pacheco			
12961	María Fernanda Leal			
12962	W. Salaheldin			
4849	Van Woerkom			
12963	J. Aroutine			
12964	Duque Misle			
5734	Nestor Riera			
12965	Daniela Troconis Daly			
5759	AD Foto			
5768	The Blue Devils			
12966	Juan Carlos Casado			
5806	Ramón Moreno			
12968	María Antonia Rodríguez			
1297	Alejandro Reyes Lucero			
12970	Marielena Elverdin			
12971	Saúl García			
12972	José E. Padrón			
12973	Pedro Wassan			
12974	Diane Arbus			
12975	Rafi Guerrero			
12976	Ed Will			
5964	CasaRosa			
6035	Juegos De Azar			
6051	Karma Coma			
12977	Alberto A. Torrealba			
12978	J. Toro			
12979	Enrique Nuas Viniegra			
12980	Andy Rodríguez			
12981	Carlos Fonseca			
12982	Mauro Giani			
6155	Whiskey CO.			
12983	Alberto Campanie			
12984	Miguel Angel Robaina			
12985	J. Betín			
12986	José M. Rodríguez			
12987	Ricardo Valvuena			
12988	Graciela Zarikian			
6210	Franco Castellucci			
12989	Pedro Mendez			
12990	Christina Amphett			
12991	Héctro Flores Osuna			
12992	Edgard Alexander			
12993	Juan Pedro Dipolo			
12994	Rafael Salvatore			
12995	Tato Castillo			
12996	Ricardo Valencia			
12998	David Gutiérrez			
12999	Freddy De Bari			
130	Chales			
1300	Ed Navarro			
5772	Proyecto Franklin Holland			
13000	Rafael González C			
13001	Sergio de Kario			
13002	Ignacio Villa			
13003	Miguel Mantamoros			
13004	Ignacio Piñeiro			
13005	Ernesto Duarte Brito			
13006	Ernesto Grenet			
13007	Pedro Leonardo González			
13008	Leandro Añez Grippa "KPU"			
13009	Leonardo Diaz "Afromack"			
1301	Diego Pocovi			
6116	La Calle			
6161	La Muy Bestia Pop			
13010	Nicolás Pappaterra "NicoJP"			
13011	Nestor Santana "Nessr"			
13012	José Sánchez Bello			
13013	José H. Méndez			
13015	Laureano Delgado			
13016	Mariano De Tovar			
13017	Jaime Marcano			
13018	Stevie Rovalla			
13019	José Antonio Bastardo			
1302	Jorge Delgado			
13020	Ana María Acero			
13021	Federico Dueñas			
13022	Indra Rodríguez			
13024	Martin Allais			
13025	Leo García			
13026	Nicolás Volpe			
6346	Sergio González			
13027	Verónica Flores			
13028	Reni Arias			
6376	CD Depot Stores			
1303	Nelson Ramírez			
13030	José Lazo			
6429	The Tricks of Perception			
2868	Armando Vitía			
7364	Anónimo			
7402	Cessar Calatrava			
7409	cover original from Rose Tattoo			
7456	"La Ultima Cruzada"			
7477	End Of a Dream			
7504	Pan Caliente			
7620	Los Auténticos Decadentes			
7631	Gonzalo H. Pérez			
13031	Ñico Saquito			
13032	Ricardo Fábregas			
13033	Lino Frías			
13034	Manuel Angel			
13035	José Tovar			
13036	Luciano Pozo			
13037	Bobby Capó			
13038	José Barros			
13039	Catalino Parra			
6387	Fernando			
460	Pablo Matarazzo			
2583	Santiago Avedaño			
13040	Cesar Monges			
13041	Antonio González			
13042	A. Verde			
6436	Rudras			
13043	William A. Nazaret			
13044	V. Peña			
13045	Rogelio Rodríguez			
13046	Billy Cass			
13047	Twetty González			
13048	Sail Bartolozzi			
13049	Nai Mojica			
13050	Emir Bartolozzi			
7469	Tati's Song			
7509	Fransisco Amador			
7514	Ignacio Tovar			
7644	Frontierizo Juan Carlos Bueno			
13066	Augusto Perdomo			
7664	Rafael Díaz			
6328	Inoel Miranda			
13051	Christopher King			
13052	Leonardo Meléndez			
13053	Jorge Cavalieri			
13054	Etereo Group			
13055	Kevin Brito			
13056	Alexander Giraldo			
13057	Belisa Pulido			
13059	Enzo Brandi			
1306	Arturo Torres			
13060	Rosalina Yanez			
13061	Luis Alejandro Rodríguez			
13062	Andrés Eduardo Rodríguez			
13063	José Ignacio Morales			
13064	Javier Gracia			
13065	Ricardo Wheloock			
3293	Ray Díaz			
7478	Mammouth Record			
7563	Aula Magna de la U.C.V.			
13068	Los Ilegales			
6548	Sikem			
13069	Diego Paredes			
1307	Guiomar Márquez			
13070	Guillo Lefed			
13071	Juan Carlos Alzaibar			
13072	Edgar Villanueva			
13073	María E. Morón			
13074	Enrique Mattos			
13075	Marcos Mundarain			
13076	Antonio Spinetti Dini			
6477	Piero Campilii			
13077	María Luisa Escobar			
6503	Germán Socorro			
13078	Isabel de Umérez			
13079	Luis Morales Bance			
1308	Andrés Rangel			
13080	Luis Felipe Ramón			
13081	Juan Pablo Ceballos			
6666	Teatro Juáres			
8350	John Philips			
7479	Gustavo Quintero			
7502	GB's Juke Joint			
6326	BMEG			
6333	Reaxion			
7690	Carlos Urribarí			
13082	Augusto Ramos			
13083	Robinson Millan			
6381	Retrovértigo			
13084	Elio Ludovic Galin			
13085	Ed Lopez			
13086	Donaldson Brown			
13087	S.A. Gámez			
13088	F. De Paula Aguirre			
13089	J. Sosa			
6443	Sabotaje			
1309	José Henríquez			
13090	H.L. Aute			
13091	Alejandro López			
13092	Germán Narvaez			
13094	Marina Corina Rodríguez			
13095	Douglas Pérez			
6502	Sentencia			
13096	Armando Rodríguez			
13098	Gelso Briceño			
13099	Lorena González			
7331	Hidden track only on CD format			
13100	Patricia Van Dalen "Jardín Lumínico"			
13101	Alfredo Loero Echeverria "Chofa"			
7432	Instrumental			
7490	Ring Me Up			
13102	Alexis Rivas			
6373	Gonzalo Vivas			
6378	Alejandro Escribano			
7624	Adriano Borba			
13103	Waldir Barranco			
13105	Ender Ramírez			
13106	Sara Maneiro			
13107	Johnny Rivas			
13108	Leonardo Ba			
13109	Luis Felipe Quintanilla			
13110	Mauricio Laluz			
13111	J. Olmedillo			
13112	C. Aray			
13113	Jennifer Noya			
13114	Carolina Muñoz			
13115	Jelena Ardila			
13116	Patricia Prestigiacomo			
13117	Diego Di Marcantonio			
13118	Los Pixel			
13119	Otto Marquez			
13120	Dayana Díaz			
13121	The Stickfaces			
13122	Jonny Serra			
13123	Andrés Otero			
6562	Wuilians Arias			
6565	Alfredo Aldana			
13124	Migue Hernández			
6568	Don Ungaro			
6569	M.C.			
13125	Alex Mirones			
13126	Ricochet CCS			
13127	José Sangil			
6590	Aldo Dibari			
13128	Leonel Rincón			
13129	Leonardo Mattey			
13130	Anelys Rodríguez			
13131	Víctor Puga			
6671	Baker			
6682	Eduardo Romero			
6736	Trabuco Contrapunto			
6777	Tribop			
6809	Umbra Summi Nobis			
13132	Álvaro León			
13134	López Rossi			
13135	La Résistance			
13136	Jonathan Freitas			
13137	Juan Bautista Hernández Echezúria			
13133	Yoredvi Useche			
6885	Jorge García C.			
13139	Nicolas Folmer			
6920	Giovanni Sciortino			
1314	Carlos Poletto "Polo"			
13140	Marco A. Rivera U			
13141	Román González			
13142	Victor Marín			
13143	Luis A. Domínguez			
13144	Luis Olinto Medina			
13146	Armando Toledano			
13147	Wiston Sela			
13148	S. Alpert			
13149	DJ Ernie Guacharaca			
1315	José Juan Sanguinetti			
13150	María Virginia Mejía			
13151	Vanessa Fernandez			
7138	Directed by			
13153	Andrés Calamaro			
13154	Alejandro Lecuna			
13155	América Maldonado			
6677	Ladera			
6741	Trance Nuance			
13157	Juan P. Peña			
13158	Juan C Parra			
1317	Luis Fernandez "Marcel"			
13171	Richard Huet			
13172	Jerry De Villiers			
13175	P.F. Sloan			
1320	Pimpi Santistevan			
6929	Video Sistemas			
13176	Steve Barri			
13177	R. Zonteno			
13178	M. Landa			
13179	Antonio Carrillo			
1318	Fernando Lodeiro			
13180	Arnoldo Vivas			
1319	Alejandro Lovera			
13193	Kamelot			
13194	Afke			
13197	Juan Cristobal Aldrey			
13199	Mc Chris			
7071	Raul Borsten			
7074	E.I.2 Diseño Gráfico			
13201	Sashka			
2284	Vera Linares			
7158	Jesse Henderson			
6696	Liliana Lamata			
6697	Miguel D' Donato			
6895	Pedro Betancourt			
13203	Adonis			
13204	NODS			
13205	Juan Rodrguez			
13206	Jos Manuel Ruiz			
13207	Yesica Castelo			
13209	American Grim			
1321	Frank Briceño			
13210	The Qemists			
13213	Jørgen Munkeby			
7097	Diquez			
13214	Malke			
13215	APE			
13216	Dieter Negrín			
13217	Hale Villalobos - Frente			
1322	Emilio Lovera			
7155	Phil Green			
13220	Viover			
13221	Wahari			
13223	12" NinJazz			
13224	Lasse Sjoblom			
13225	Anders Bomberg			
13226	Juan Dark			
13228	Chowy Fernandez			
13229	MX-1			
1323	Óscar Zambrano			
13231	Mikal Rose			
13233	Thompson			
13234	Baroni			
6798	En Vivo			
6967	Barry White's Midnight Groove			
13236	Afura			
7072	Berni Publicidad			
13237	Enrique Alossi			
13239	Aguamala			
1324	Guillermo Méndez			
13241	Negrito Man			
13242	Djahmin			
7200	Orquestas de Humberto Suarez			
13243	Toxic			
13246	ONS			
13247	Elias			
1325	Sebastían "Chevy" Ayala Terán			
13254	xChesterx			
13257	Nelson Hoyer			
1326	Tommy Chávez			
13260	CJ Loggiodice			
13261	Manuel Cedillo			
6749	Wally Mcnamee			
13265	Freddy Piñero			
13266	Juan Carlos Frisancho			
13269	Luigi Albertelli			
6779	Colina Creativa Universidad Metropolitana			
6782	Tulio Chuecos			
6789	Tumbador			
1327	Carlos Vargas			
13273	Alberto Testa			
2285	Rainer Díaz			
6947	Hernán			
13274	Eros Sciorralli			
133	Manuel Macías			
13280	Maite Perroni			
13282	Joey Montana			
1329	Daniel Garrido			
1330	Ulises Hadjis			
1331	Javier Padrón			
1332	Alejandro Ángulo			
1333	Lendys Solarte			
1335	Francisco Muñoz			
1336	María José Rodríguez			
1337	Alejandro Prieto			
1338	Mariana Delgado			
1339	Alonso Toro			
1341	Javier Alquati			
1342	Noel Mijares			
1343	Fredy Velasco			
1344	María Eugenia Espinoza			
1345	Eduardo Charme			
6786	Baffa			
6831	Unos Infames			
6853	Luis Miguel Briceño			
6908	Juan Diego			
1348	Ira Rodríguez			
7134	Oscar Serfatti			
3706	Marisol Gutiérrez			
1346	Ana Moyano			
1347	Juan Carlos Velásquez			
1349	Richard Rangel			
7223	Fabricio Patassa			
135	Claudio Spiewak			
1350	Juan Carlos Priyananda			
1351	Andrés García			
1352	William Warnick			
1354	Carlos Urbina			
1355	Fernando Mora			
1356	Orlando "El Joe"			
1358	Elisa Pérez Castillo			
7392	Kari-Kari			
7426	Geczain Tovar Andueza			
7445	Versión Acustica			
7554	plus bonus tracks Pantaletas Negras - Un Buen Perdedor			
7580	Teatro Teresa Carreño			
7670	Bleeding Tears cover			
7723	Un Poco Más			
1359	Andrés Seger			
1370	Carlos Fernández			
136	Carlomagno Araya			
7768	Stephen Stills			
1360	Alfredo Level			
1362	Ricardo Da Silva			
1363	Reynaldo Castro			
1364	Inti Maldonado			
1365	Luis Garzon			
1366	Ivan Taboski			
7325	Carlos Tirado Yepez			
1367	Eliezer Delgado			
1368	David Flores			
1371	Rodrigo Ibarra "Rodrigo Ska"			
2286	Eloy Dávila			
7853	Buddy Guy			
7854	Maceo Merriweather			
7881	4 OF US			
1372	Euli Esaá			
1373	Julio Rojas "Colmillo"			
1375	Santiago Aquino			
1376	Mou			
7293	Karla Thosta			
1377	José Riu			
1380	Andrés Buitrago			
1378	Franklin Zambrano			
1374	Rafael Chavarría "Camarón"			
1379	Renzo Calma			
1381	Rony Borges			
1382	José Luis Castillo			
1383	Jorge Alejandro Romero			
1384	Johan Mena			
7855	Café Chaos on June 21st			
7940	Europe spanish cover			
1389	Gabriel Madison			
139	Rodrigo Vera			
7317	Iralyn Varela			
1390	Miguel Noya			
1395	Manolo Da Corte			
6875	Virtual Lakai			
7746	Musica Virtual de Pedro Castillo			
1391	Cuso			
1392	Andrés William			
7833	Audisono			
1393	Phil Harrington			
1394	Mixture 151			
1396	Romains Rosas			
1398	César Keiter			
1399	Patrick Guex			
1400	Greg Schwabe			
1401	Cecilio Perozzi			
8006	Goldsboro			
8012	Barry Greenwich			
7679	Leopoldo Quintero			
7694	Rafael Simón Bolívar			
1403	Tony Olivieri			
1404	David Lebón			
1406	Keith Morrison			
1407	Herman Hervill			
1409	Luis Yánez			
1410	Robin Boogaard			
7826	Prosound			
1411	Roël Calister			
7848	Jimmy Rodgers			
1412	Jan Williem Troost			
1413	Geoff Lagadec			
1414	Marcel Capell van de Veer			
1415	Diederick Meijer			
7901	El Duende			
7905	Teatro La Campiña			
1416	Oscar Bor			
1417	Hermann Mejia			
1418	Blanquito Man			
1419	Attie Bauw			
1420	Manny B.			
7982	Alejandro Calderone			
1423	José Flores			
8053	Sangueo Version			
7287	Antonio Antonetti			
7323	Raquel Santos			
7717	Orquesta Sinfónica de Maracaibo			
10749	Erin Adair			
1428	Julio Anidez			
1424	Mario Carreaga			
1426	Javier Exposito			
6876	Chrystian Von Schoettler			
1427	Jorge García			
10520	Juan Gabriel			
6877	VMF			
7889	David Gates			
10628	Emory Gordy Jr.			
10662	Henry Cosby			
10678	Jimmy Webb			
1429	Douglas Mendez			
8039	M. Fernández			
143	Norma Barreno			
1430	Freddy Rangel			
1431	Pedro Suárez			
144	Olga Martín			
1440	Emilio Álvarez			
1455	Gezzilia Piccareta			
146	Frank Gil			
8076	Emilio Estefan Jr. Ricardo Gaitan			
8096	Zaibi			
8097	Oliver Gatica			
8102	John Adams			
8301	Los Brothers			
1482	Omar Uzcategui			
8321	Johnny Pacheco			
1466	Juan Carlos Nieto			
8346	Hank Williams			
147	Rafael Kruegger			
1460	Antonio Casas			
1472	Endre Granat			
1479	Carlos Puchi			
148	Eddie Ortiz			
149	Huaico			
8410	DJ Yayo Disco Mix			
1494	Karina "Kara" Febles			
1499	Sofía Inmsonia			
150	Antón			
8425	A. Benavides			
1505	Alfred Gómez Jr.			
8427	Jorge Ettore			
151	Kalle Wallner			
1513	Carlos Sardi			
152	El Nigga Sibilino			
1520	Eddy Cisneros			
1526	Fernando Hernández			
2287	Tomás García			
2288	José Antonio Castillo			
8648	La Colina Del Diablo			
8699	Remastered			
8732	René Gousot			
153	Oswaldo De La Rosa			
1532	César Bogadi			
8747	440 Torker			
8769	Don't Be Cruel			
1538	Lenin Medina			
8790	Colinas de Bello Monte			
1544	Licar Vazques			
1547	Julio Felce			
1556	Tito Fierro			
1548	Rodolfo Vivas			
1550	Daniel Mal			
1551	MC Breker			
1553	Dj Baffa			
8949	Tradicional			
1557	Rafael Calzadilla "Raffy"			
8984	Samsara Recs			
1558	Luis Irán			
1559	Nicolas D'Agosto "Nico"			
8537	Señora Luna			
1561	Napoleón Pabon			
1562	Félix Carmona			
8765	I Can See Clearly			
1563	John Paul Joubran			
1565	Jonathan Farías			
1566	James Joubran			
1567	Valerio González			
1569	Julio César Della Noche			
157	Eduardo Lozada			
8856	Snaps			
1570	Egberto Chirinos			
8948	Mario Carniello			
1571	Peter Pejtsik			
1572	Gabriela Landaeta			
1573	Natalia Risquez			
1574	Manena Contreras			
1576	Alejandra Small			
1577	Diego Soteldo			
1578	Diego Rojas			
158	Jairo			
1580	Sebastian Nuñez			
8752	Dejando Volar El Pensamiento			
8755	Jazznova			
8774	White Dhade Of Pale			
8787	CCCS Mix			
8823	G. Venegas			
1582	Gianluigi Borrelli			
1590	Carlos Marrero			
8514	Christian Gallo			
8518	Oswaldo Blanco			
1584	José Suárez			
1585	Kenny Tapia			
1586	Armando Bohorquez			
8617	Dub Versión			
1587	Rafael Luces			
1588	Rafael Rincón			
1589	Rafael A. Pirela			
8665	Ernesto Vidal Hernández			
159	Oscar Mejías			
1591	Javier Santana			
1592	Luis Mauri			
8771	Everybody Plays The Fool			
1593	Gerry Lopez			
1594	Doctor Subramanium			
1595	Roberto Sánchez			
1596	Ricardo Sánchez			
1597	Carl Lange			
1598	Michael Cassidy			
1599	Kevin Yee			
8956	Topo			
1600	Ron Marinelli			
1601	Hugo Valbuena			
8980	Extensión en Vivo			
9019	To Keep Your Mouth Shut			
8521	Andrés Ponce			
9043	Mary Diomira Maleno			
1602	David Cole			
1603	Solares P			
1604	José Ramón Morales-Arilla "Curry"			
1605	Daniel Raguá "Eneldo"			
1606	Gabriel Silva			
1607	Cardamomo			
1608	Víctor Rodríguez "Albahaca"			
1609	Jesús González Rodríguez			
161	Luis Morales			
8629	Colina Pablo Dagnino			
1610	Diego Ramírez			
1611	Ismael Baíz			
8703	Hasta El Final			
1612	Luis Devia			
1613	Gomasio			
8757	El León Bailarin			
8770	To Love Somebody			
8776	Smoke In Your Eyes			
8794	El Hatillo			
1614	José Paulo De Castro			
1615	Jahbitat			
8883	Worldbeat			
8902	Cavgnaro			
8957	Alberto Navas			
1626	Emmanuel "Evan" Fajardo			
1616	Daniel Calvo			
9018	Hueco			
9027	Roxy Teather			
1617	Alexis Rendón			
162	Juan Almecija			
1620	Emmerson Hernández			
1621	Carlos "Tato" García			
1622	Pilucho Stickface			
1623	José "Joey" Gonzalez			
8653	Archivo El Nacional			
1624	Colectivo Babylon Motorhome			
1625	Toby Harmans			
1627	Fab			
1628	Judy Buendía			
8759	Una Historia de Malandros			
8777	I will always think about you			
8782	Teatro de Chacao			
1629	Carlos Eduardo Nahy			
163	Marcelo Hernández			
1630	Rick Essig			
8840	José Raul Valery			
8861	Sala Romulo Gallegos (El Celarg)			
8933	Fade			
8985	Un Día			
9017	Raymond Herrera			
9109	Sullivan			
9116	Glover			
395	Luis Otero			
9126	Naro			
174	Wincho Schäfer			
6878	Francisco Porta			
6879	Arturo Castillo			
688	Astrid Sofia Pulido			
6880	Jaques Mottet			
389	Willy Noya			
689	Claudio Leoni			
6881	Octavio Borjas			
6884	Jorge Rivas			
6887	Ricardo Von Schoettler			
6888	Diego Macellaro			
6889	Fonotalento C.A.			
6890	Rafael Enrique			
9162	B.B. King			
6891	Enrique Arocha			
9184	Jagger			
9204	Pixinguiha			
9173	Cebrián			
9236	García			
9250	Giacomino			
491	Jaime Verdaguer			
1632	Eduardo Cedeño			
629	Richard Aumaitre			
645	Cayayo Troconis			
1631	Víctor Morles			
9477	Spiteri			
1633	Agustín Salas			
9296	Sedaka			
9402	Mogollón			
9440	Billy Joel			
684	Vanessa Rodríguez			
6892	Winston Márquez			
9602	E. Caraballo			
6893	Walter Márquez			
9627	Salzberg			
6894	Wilberg Márquez			
6896	Wahala			
9646	Caramelos			
6897	César Cuevas			
6898	Enrique Ibarreto			
9308	Peña			
9316	Lloyd			
9380	Lysdal			
9420	H. Schmidt			
9457	E. Romero			
9479	Recopilación de Un Solo Pueblo			
9571	Cochran			
9336	Leiber			
9339	Stoller			
6899	Eduardo Sacco			
9347	White			
9353	Munella			
1068	Pedro V. Lizardo "PTT"			
69	Giampero "Drupi" Anelli			
690	Willy Díaz			
6900	Efraín Alejandro Méndez			
9416	Guaraldi			
9452	López			
9475	Amigos Invisibles			
9509	Leo Chiosso			
6901	Liliana Sáenz			
9563	JKiménez			
6902	Judith Ann Luque			
9573	G. Sullivan			
9605	Vázquez			
9619	Estefan			
9681	Lenon			
11283	M. Leigh			
11285	Richard Rodney Bennett			
11287	D. McClean			
11291	J. Barbelli			
11293	Michael Jouveaux			
11295	Didier Barbelivien			
11297	Alec R. Costandinos			
2855	Carlos "Turbo" Guerreiro			
3078	Juan Pablo Aroutine			
11300	Enzo Di Domenico			
11302	Buddy Richard			
9823	A. Cuatro			
11304	D. Lobato			
9840	Parson			
11305	D. Nelson			
9874	Juan Manuel Arria			
9893	Socorro			
9693	Gámez			
9872	M. Zelinotti			
9883	Lake			
9884	Sinfield			
1648	César Masroua			
1640	Pável Tello			
9704	Zawinul			
9730	Grasroot			
9754	Detto Mariano			
9761	G. Gastaldo			
9762	José M. Cano			
1634	Andrés Cavallín			
1635	José Ignacio Hinestrosa			
1637	Carlos Chacín			
1638	Enrique Vásquez			
1639	Otmaro Ruiz			
164	Antonio Szabo			
1641	Marvin Naranjo			
1642	David Pérez at			
1643	Tom Keller			
1645	Alexander Santelix			
1647	Richard Popovich			
165	Arquimides Malavé.			
11960	Paolo Limiti			
11179	Tim Hardin			
4387	Jesús A. Maduro			
9870	Willie Torres			
9898	100% Poindexther			
9835	Los Dangers			
9932	Carlos Gardel			
1653	Fernando Rodelo			
1654	Heberto Añez Novoa			
1655	Johnny Cufiño			
1656	Walter Gangi			
10423	Ernie Maresca			
12094	Memphis			
12095	Jimmy Cox			
12096	Roberto Valera			
1650	Maryuri Monsalvo			
1651	Cristian Noguera			
1652	Nelson Hernandez			
1658	Alexis Chacón			
11802	D. Daniel			
11804	Delano			
11810	Connie Méndez			
11818	Twist			
11820	Bolero Rítmico			
11822	Samba			
11824	Fox			
11826	David Shapiro			
11828	Ivan Mogul			
11830	Tony Hicks			
11832	Chris Kenner			
11834	Walter Marks			
11836	Jackie Rae			
11838	Leo Burnett C.A.			
11840	Ken Lazarous			
11842	John Durrill			
11856	Diony López			
11874	Graham Russell			
11875	Tom Evans			
11876	Willian Peter Ham			
1659	Marcos Rodríguez			
166	Santiago Aguirre			
1660	Jefrey Sánchez			
1661	Luis Felipe Román			
1662	Adrían Gragirena			
11755	Michel Mallory			
11757	Mía Martín			
11759	Casto Darío			
11798	Bergman			
11800	I. Janne			
1663	Aurora Luna			
6903	Antonio Rosales			
6904	Rubén Castro			
6905	William Luque			
6906	Carolina Guillermo			
6907	Nancy Luque			
6909	Angelo Nigro			
6910	Angel Abad			
6911	Adriana Vírguez			
6912	Winda Pierral			
1693	Juancho Azuaje			
12015	Lou Josie			
1664	Juan Carlo Zaccaro			
1665	Carlos Chacón			
1667	Pablo "Mulato" González			
1668	Andy Van Dette			
1669	Manuel "Manny" Diquez			
167	José Rodríguez			
1670	Dyffre Montaño			
1671	Daniel "Danny" García			
1672	Luis "Golding" Barrios			
1673	George Fuentes			
1675	Chris Russell			
1676	Christian Mijares			
1677	Melanie Azevedo			
1678	Albert Thompson			
1679	Luis Golding			
1691	Gilberto Rebolledo			
168	Ernesto Zoghbi			
1680	Clive James			
1682	Oliver Quintero			
1683	Carla Bordonada			
1685	Pedro Caparros			
1686	Miguel Belvis			
1687	Guillermo Will Maya			
1689	Ismael García			
169	Bondan Noval.			
1690	Ruben Suarez			
1692	Luis Ugarte			
1694	Néstor Ramírez			
11905	Chris Andrews			
170	Alberto Espinoza			
1700	Sammy Figueroa			
1701	Luisito Quintero			
1702	Rafael Medina			
1703	Angel Machado			
1704	Leonel García			
1705	Dan Warner			
1706	Francisco Pacheco Hijo			
1707	Jorge Díaz			
1708	Noel Schajris			
1709	Francisco Pacheco			
171	Poleo			
1710	Dioger Berroteran			
1711	Engelberth Sánchez			
12071	Carol King			
12072	Gerry Goffin			
12073	John Gummoe			
12179	Esp. S. Nuñez			
12180	Vers			
12190	Furio Filoseta			
12191	Romano Sarabegoli			
12194	Gónzalo Plaza			
12195	Roberto Santamaría			
12197	Carlos Carrillo			
12199	Ricardo Méndez			
12202	Jaime Pérez			
12203	Rafael Belilte			
12207	Pedro Barrischa			
1695	Valere Díaz			
1696	Teresa Díaz			
1697	Arturo Cabrera			
1698	Pedro Chacón			
1699	Fernando Cohen			
1712	Manuel Nuñez			
1713	Maricela Querales			
1714	Gustavo Figarella			
6913	María Fernanda Montero			
6914	Euler Guillén			
6916	María Alejandra Saturno			
6918	Daniel Acuña			
2966	Boris Milan			
4408	Oswaldo "Oss" González			
12229	Enrique Guzmán			
12252	Aloisi			
4409	Jesús Hernández			
441	Andy Summers			
4410	Azamir Soto			
4411	Alejandro González			
4412	Aquiles Torres			
4413	Félix Roca			
4415	Gabriel "Guapito" Ferrer			
4416	Iván Torres Barroyetta			
4417	Luis Osorio			
4418	Alexander Vanlawren			
442	Enrique Bunbury			
4420	El Dojo Mixing Room			
4421	Francesco Spotorno			
4423	Stephanie Aragort			
4433	Javier Ramos			
4434	Michael Rangel			
4435	Andrés Rojas			
4436	Fernando López			
4437	Anderson García			
4438	Verónica Piñango			
4439	Ronny Salcedo			
444	Wyzton Borrero			
4440	Kenmanuelk Araujo			
12233	Sleezy			
12234	VEGER			
6919	Mickey Mata			
692	Francisco Páez Pumar			
6922	Brigido Peralta			
6923	Julio Meneses			
6924	José Alzuru			
6927	Aimone Savino			
693	Abraham Cangrejo			
6930	Esteban Medina			
6931	Fidelis			
6932	Luis Ricardo Méndez			
6933	Enrique Cenitagoya			
6934	Alfonso Carvajal			
6936	Augusto Córdoba			
6937	Juan C. Hernández			
6939	Cándido Escuela			
694	Andy De Canahl			
6942	Hernán J. Paublini			
6943	Jesús Paublini			
6944	Guillermo López			
6945	Jesús G. Paublini Oliveira			
6946	Hernán J. Paublini Oliveira			
6948	Nelsi Vásquez			
6950	Mildred Mambié			
6951	Elegua			
6952	Carlos Fuentes			
6953	César Machado			
3426	Max Alvarez			
6954	Jefferson Zambrano			
6955	Wilmer Coello			
6957	Zion The Promise Land			
6958	Yovannis Roque			
6959	Stop			
696	José Javier Márquez Nuñez "J.J."			
6961	Carlos Molnar			
6962	Thomas Zozaya			
6963	Sayayin			
6964	Caplis			
12333	Fabian Ciccarelli			
12336	Faria "La Gogo"			
12337	Fenza D.			
12338	Flash Grafic C.A.			
12343	Gabba			
6965	Edwin Nieves			
6966	Víctor Bahia			
6968	Luis Arturo Salas			
6969	Batusai			
697	Jesús Vázquez "Jess"			
6971	Zro			
6972	Funda JAU			
6974	Jesús Llorente			
6975	Pedro Lacruz			
6976	Francesco Guardione			
6977	Budu			
6978	Berenice Martínez			
6979	Luis Fernando			
698	Jim Brick			
6980	Luis Loyo			
6981	Carlos Campos			
6982	Joel David González			
6984	Juan Carlos Nabas			
6987	José Miguel Ahmad			
6993	Dimitri Pylenkov			
6995	Israel Millán			
6998	Cecilia Gómez			
7	Luis Bustamante			
70	Giancarlo Bigazzi			
700	Marcelo "Chamín" Añez			
7000	Crismary García			
7001	José Domínguez			
12441	Otis Redding			
12442	Ozzy Stone			
12443	P. Manavello			
7002	Gastón García			
7003	Evelina Ishakbaeva			
7004	Francisco Zapata			
7005	Erick Bolívar			
7006	José Ángel Sánchez			
7007	Kamelot Agüero			
7008	María Gabriela Rodríguez			
701	Fidel Carvajal "Fid"			
7010	Orley Fundaminsky			
7011	"El Mosaico de la Alegría" by Abraham Gustin			
7012	Eyal Chipkiewicz			
7013	Grabaciones del Este			
7014	Liber Oscher			
7015	Laura Pérez			
7016	Marco Varela			
7017	Naumarys Martínez			
7018	Yelitza Girot			
7019	María Carolina Bermúdez			
702	Oswaldo "Tarz" Suels			
7020	Luis Varela			
7021	José Gregorio Nieto			
7022	Ismael Vergara			
7023	Germán Marcano			
7024	Efrain Lara			
7025	Jaime Martínez			
7026	Luis Marín			
7027	Despecho 2			
7029	Jean Carlos Sánchez			
12546	Franco Cerruti Ardila			
12547	Diego Alejandro García			
12553	Rafael Briceño			
703	Cristopher Urbina			
7030	Raquel Sofía			
7031	Rafael René Jaén Brillembourg			
7032	Audioplace			
7034	Juan Manuel León			
7035	Roberto Graterol			
7037	Julian Castillo			
7038	Los Enanitos Verdes			
7039	Andrea Lacoste			
704	Eduardo "Chino" Sandoval			
7040	CCs Mix			
7041	Juan González			
7042	Chiara Dezi			
7045	Maik Cazenave			
7047	Anathema cover			
705	José Cabello "DJ Bomby"			
7050	Ibarz Briedis			
7051	Jason Constantine			
7053	Daniel Puente Bello			
7054	Eduardo Giolitti			
7057	José Angrisano			
706	Rodrigo Cabrera			
7060	Brigitte García de Ceca			
7061	José Gassó			
7063	Jacinto Rosa			
7065	Vicente Rojas			
7066	Ramón Bassols			
12648	David Cabrera			
7069	Paola Pasquali			
707	Eduardo Navarro			
7070	Banda Casa Blanca			
7075	Jim Thomas			
7076	Gary Bosco			
7078	D3 Corporation C.A.			
708	Simón Peñuela			
7082	Hirail Arias			
7083	Irene Turitto			
7084	S. Boesi			
7085	Universidad Metropolitana de Caracas			
7086	Lilian Carrero			
7088	Margarita Lunamar			
709	Alejandro José "Junior" Pinto			
7090	A. Vegas			
7091	Tato Goicoechea			
7095	Helga Mosslener			
7098	Carrasco			
7099	Lorien Sequera			
71	Gianni Togni			
710	Alain Gómez			
7100	Henry Paul Díaz Antonio Olivieri			
7101	Alfredo Matheus Diez			
7102	Melchor Monteverde			
7105	Dario's			
7107	Ricardo Delgado			
7108	Edgar Stambury			
7109	Hely Orsini			
7073	Roland Streuli			
4441	Jesús "Kike" Rodriguez			
7110	Francis Benitez			
7111	Armando Masse			
7112	Jesús Enrique			
7113	Raul Deninzon			
7114	Fabrizio Patassa			
7116	Guillermo Dávila			
7117	Georgeta Spiridon			
7118	Azucena Ruggiero			
712	Joaquín Phelan			
7120	Alfredo García			
7123	P. Milanés			
7124	Giovanni Okino			
7125	Guillermo Ramírez			
7126	Conrad Malavé			
7128	Humberto Plaza			
7129	Carmelo Russo Ensamble			
713	Guillermo Macsotay			
7130	Juan Pacheco			
7131	Ely Orsini			
7133	Elizabeth Quintanales			
7135	Alberto Serfatti			
7139	Rubén Velasco			
7934	Gabi Valladares			
6816	Gabriel Casal			
7115	Eduardo Stambury			
7121	Marisela Lagrave			
12956	Cecilia Acosta			
12854	G. Brooker			
12855	B. Bacharach			
12856	M. Jagger			
12957	Diego Suárez			
12958	Esteban Donado			
714	Rafael Urbina			
7140	Oswaldo Silva			
7141	Generani Diseños gráficos			
7142	Jerry Etkins			
7143	Barry Brown			
7145	Tim Landers			
7146	Jim Seales			
7147	David Lindsay			
7148	Mike Metheny			
7149	Kathy Shoemaker			
7150	Bruce Nifong			
7151	Olegario Díaz			
7157	Mario Suárez			
7159	Nancy Duke			
716	Héctor Martínez			
7161	Victorino Hermida			
7162	William Bermúdez José Altamiranda			
7163	Michell Chazet			
7164	Zlaya			
7167	Dennis Hamm			
717	Cando Pusher			
7174	Rafael Pacheco			
7176	Mack El Navaja			
7177	Emir Valladares			
7179	César Bermúdez			
718	Luis Daniel González			
363	JB Eckl			
7180	José Luis Rodríguez			
7181	Nicolás Alvarado			
7182	Agustín Calzadilla			
7183	Estelita del Llano			
7185	Emilio Muñoz			
7186	José Enrique Sarabia			
7187	Orquesta De Humberto Suarez			
719	José Carlos Vásquez			
7192	Al Zeppy			
7193	Tommy Barrabas			
7195	Alfredo José Mena			
7196	Bukram			
72	Guido Morra			
720	Licar Vásquez			
7201	A. Herger			
7202	Leroy Holmes			
7203	E. Quesada			
7204	Eddie Smith			
7205	P. Bennett			
7208	Tony Braunagel			
7209	Alexis Rossell			
7210	Tim Pierce			
7211	Freddy Ramos			
7212	Dan Ferguson			
7213	Alex Acuña			
7214	Marck Noreyko Alphonso Johnson			
7215	Alex Ligertwood			
7216	Tommy Eyre			
7217	Caio Vila			
13058	Daniella Mogollones			
1724	Antonio Salom			
1727	José Carlos Cabrera Morell "Pepe"			
1729	Efraín González			
173	Leopoldo Almenar			
1730	Francisco Escuela Morell "Paco"			
1732	Fernando Torres			
1733	José Camacho			
1734	César Aponte			
1735	Daniel Bobadilla			
13159	Miguel Matos			
13160	Dionisio Aguilar			
13161	Carlos Torres			
13162	Williams Rios			
13163	Joe Jarque			
13164	Patricia Giamarais			
13165	José Manuel Grisman			
13166	Carlos Valdejuly			
13167	Frank Saavedra			
13168	Luis Eduardo Alcala			
13169	Gianni DalMaso			
13170	Cira Medina			
1715	Iris Figueroa			
1716	Isabel Loero			
1717	Lili Ortiz			
1718	Luz Colina			
1719	José Blanco			
172	Gregorio Durán			
1720	Eric Schilling			
1722	William Ríos			
1723	Bernardo Ladera			
722	Atahualpa Ovalles			
3427	Alonso Pérez			
7220	Brent Reilly			
2378	Carlos Moreno			
2379	Manuel Diez			
238	Luis Valbuena			
2380	José G. Hernández			
2381	Claudio Corsi			
2384	Néstor Bermúdez			
2385	Ulises Millán			
2386	Francesco Tradardi			
2388	Ángel De Taramona			
2389	Andrés Kese			
239	Virgi			
2390	Juan Carlos Torrealba			
2391	Alberto Lacobelli			
2392	Daniel Díaz			
2393	Julio Donis			
2394	Vicente Bitulli			
2395	Jorge Zuyama			
2396	Tulio Cremisini			
2397	Manuel Pérez			
2398	Pablo Gil			
2399	Eduardo Quintana "Alegretto"			
24	Leo Blanco			
240	Fernando Suárez			
2400	Carlos Rafael Torrealba			
2401	Eduardo Gómez			
2402	Stu Catz			
2404	Jonathan Rodríguez			
2408	Chiara Cazzulani			
241	Gustavo Suárez			
2410	Marco Salaverría			
2411	León Moser			
2412	Ramsés Antolines			
2413	Josué Flores			
2434	Juan Manuel De Ferrari			
2436	Charles Arapé			
2437	Jasper Dankaart			
2438	Jorge Fernández			
2439	Carlos Almaral			
244	Manuel Ruzza			
2440	Debimar			
2441	Remi Tjon Ajong			
2443	Marcel Capell			
2444	Nedd			
2445	Elinés Raymond			
2446	Marcos Viloria			
2447	Manuel "Dr Faustus"			
2448	Zlaya Hadzich			
245	Sr. Angel			
2450	Euli Esaá Méndez			
2451	Emerson Rodríguez			
2452	Héctor Vivas			
2453	Manucel Buttá			
2454	Alexis Gonzáles			
2455	King Django			
2457	Pablo Esaá			
2458	George			
2459	Norton Pérez Rosales			
246	Gilberto Ferrer			
2460	Félix "El Gato" Duque			
2461	José Miguel Nascimento			
2465	Juan Ignacio Morasso			
2614	Mariliz Bettiol			
2615	Orlando Cardozo			
3428	Gilbert Lugo			
2449	David Alfaro			
247	Agustín Espina			
248	Carlos Eduardo Martinez "CEM"			
249	Sari			
2497	Richard Louise			
25	Miroslava			
2503	Luis Domingo			
2509	Francisco Issa			
251	Marcos Vettor			
2514	Carlos Morillo			
252	Merchi			
2525	Anna Rosa Rodríguez			
253	Darío Adames			
2531	Erika de La Vega			
2537	Mario Arias			
254	Arnaldo Sánchez			
2543	Greg Calbi			
255	Javier Vásquez			
2550	Daniel Sanchez			
2553	Víctor Rossi			
2557	Gusanos			
2558	J.R. Castaño			
2563	Juan Carlos Socorro			
2567	Colina			
2568	Ezequiel Serrano Calderón			
2569	Bless Killa			
257	Manuel Macías Delfino	true		
2617	Max Martínez			
2618	Daniel Esparza			
262	Christian Estepa			
2622	Michael Fuller			
2624	Gregory O'Brien			
2625	Nelson Navarro			
2626	Los Andes Electrónicos			
2627	Luis Guevara			
2629	Nestor Pirela			
263	Lizardo Dominguez			
2630	Freddy Medina			
2631	Luis Gonzalez			
2632	Victor Villanueva			
2633	Daniel Silva			
2635	Nilesh Patel			
2636	Luis Villar			
7221	Denis Degher			
7222	Fernando de Diego			
7224	Ignacio "Bolo" Segura			
7226	Verdaguer			
3429	Laiza Aponte			
7228	Luis Contreras			
7229	Alejandro Page			
723	Jhonny Castro			
7230	Jaime Hernández			
7232	Edgar de Sola			
7233	Máximo Graterol			
7234	Néstor Cárdenas			
7236	Manolo's Group			
7237	Alexander Arvelo			
724	Richard Queipo			
7240	Manolo Betancourt			
7241	José Benaman			
7242	Christopher Marsán			
7243	Vincenzo De Lisa			
7246	Jair Costa			
7247	Gaspar Díaz			
725	Mario Pepe			
7251	Max Aranguibel			
7252	Harold Haze			
7255	Henry Guzmán			
7256	Entre Tú y Yo			
7257	Humberto Miquilénay			
7258	Mark Egan			
7259	Allen Hinds			
726	Huáscar Barradas			
7260	Nathan East			
7262	Don Grusin			
7263	José Gregorio Hernández			
7264	Paul Wertico			
7265	Abraham Laboriel			
7266	Sebastian Quintero			
7267	Nacho Maño			
7268	Luis Fernando Borjas			
7270	Ender Thomas			
7271	Vinnie Colaiuta			
7272	Kika Pulido			
7273	Dianette Rivas			
7274	Johnny Sigal			
7277	Terrick Meyers			
7278	Ashburn Miller			
7279	Alfredo Matheus			
7281	Ricardo Landaeta Jr.			
7286	Alvaro Paiva			
729	Bob Katz			
7290	Pepo Sherman			
7292	Matt Graber			
7296	Zona Diseño Gráfico			
7297	Ramón Stagnaro			
7298	Eduardo Fierro			
7299	Lino Gugliotta			
73	Harry Maslin			
7300	Alex Berti			
7301	Romina Salani			
7302	Brandon Fields			
7303	Daniela Padrón			
727	Rodolfo Tarft			
7305	Javier Quintero			
7306	Norma Hernández			
7307	Mercy Mayorca			
7308	Minerva Borjas			
7310	Heiga Audiovisuales			
7311	Luis Enrique "Divine"			
7312	Steve Sykes			
7313	Mariana Vega			
7319	Steve Hall			
732	Rodrigo Michelangeli			
7322	Jan-Vincent Velazco			
7324	Thomas Krampl			
7326	Omar Pizarro			
7327	Michael Stavrou			
7328	Leo Carnicella			
7329	Saezstudio			
733	Alejandro Abeijón			
7330	Tony Franklin			
7332	LMartin Barre			
7334	Jorge Barnet			
7335	Jorge Salamanca			
7336	Antonio Alcalá			
7337	Beledo			
7338	Gustavo Sandoval			
7339	Luis Brea			
7340	Ramiro Rossell			
7341	Hugo Manzini			
7342	Luis Luzon			
7343	Luis V. González			
7344	Alfredo Morales			
7321	Kiko Ricote			
7345	Pedro Talavera			
7346	José Marcano			
7347	Pavel Alfredo Archila			
7348	Luis Mariano Rivera			
7349	Richard Marcano			
7350	José Antonio López			
7351	Ely Reyes			
7352	Eneas Perdomo			
7353	Karina Nava			
7354	Luis Enrique Bravo			
7355	Henry Romero			
7357	Jorge Toledo			
7358	Rafael Sánchez			
7359	Rogerio Caraballo			
736	Kixo González			
7360	Ricardo Pérez			
7361	Pedro Alcala			
7362	Rafael Izaza			
7363	Luis Pérez			
7365	Marco Tarazona			
7366	Sara Estévez			
7367	Jeannette Cos			
7368	Sir Augusto Ramírez			
7369	Sergio Machado			
737	Gustavo Casas			
7370	Ludovico Jaramillo			
7371	Aurora Hernández			
7372	Nelson Machado			
7373	José Lubo			
7374	Amari Guerere			
7375	Gerardo Bustos			
7376	Genaro Prieto			
7377	Heraclio Fernández			
7378	Laudelino Mejías			
7379	Jairo Hernández			
738	Javier Casas			
7380	Moisés Peña			
7381	Martín Vilera			
7382	Nelson García			
7383	María Enriqueta Fleitas			
7384	Rafael Sánchez López			
7385	Rodolfo Martínez			
7386	Diana Benítez			
7387	Luisa Fernanda Pineda			
7388	María Carolina Cabrera			
7389	Otilio Galíndez			
7390	Franklin González			
7391	David Herrera			
7393	Osman Aladejo			
7395	Jomaris Rossell			
7396	María Alejandra Rossell			
7397	Héctor Briceño			
7399	Johnny Ramos			
74	Inés Marful			
7401	Anabel Rial			
7403	Federico Zarikian			
7406	Miguel González			
7407	Ricardo Peña			
741	Leo Colina			
7410	Williams Rodríguez			
7411	Karal K. Gómez			
7412	María Carlota Vivas			
7413	Dinamita			
7415	Ivannel Romero			
7416	Gabriel "Arkanhell" Vallecillos			
7418	Luis Ochoa			
7421	Christian Pimentel			
7425	Daniella Morales			
7427	Reis			
7429	Manuel Cardozo			
743	Juan Paul Hernández			
7430	Tony Blaze			
7431	Toxic Tito			
7438	Oswaldo Stone			
7440	Carlos Montezuma			
7441	Tita Rojas			
7442	Psychodance			
7444	Alvaro Rangel			
7446	Mariachi			
7447	Art 33 Publicaciones			
7448	Miguel Vasquez			
745	Edmundo "Kiky" Rincón			
7450	Camilo Muedra			
7451	Segura			
7453	Batoni			
7454	Franklin Mora			
7457	Alejandra Petkoff			
746	Beatriz Padrón de Colina			
7461	Luisa Marcano			
7462	Lea Stagno			
7463	Jeansy			
7468	Louis Antony Generany			
747	Lenin Solarte			
7471	Mario Luis Quintero			
7472	Mr. Renny			
7480	Enzo Soliani			
7482	Pino Bernardini			
7483	Alejandro Cornejo			
7484	Madelyn Farr			
7485	Don't Fall In Love With Me			
7489	Enrique Londaits			
749	Luis Gerardo Urdaneta			
7495	Jeniffer Noya			
7496	L. I. R.			
7498	Perroconsed			
7499	Alexander Wright			
75	Ivano Fossati			
750	Tomas Aquino			
7500	Daniel Mintseris			
7501	Héctor Tosta de la Rosa			
7503	Tony Daze			
7505	Fernando Adam			
7506	Andy Daze			
7507	Atelier Caracas			
7508	César Elster			
751	Gerardo Soto			
7510	Olivia Owens			
7516	Pavlo Castillo			
7518	Manu Reyna			
752	Roberto Paredes			
7520	Gabriela Valladares			
7521	Tone			
7522	Amigos			
7523	David Byrne			
7524	Ed Tuton			
7525	Yale Evelev			
343	Luisa Keller			
3430	Ottoniel Poveda			
3431	German Rios			
3432	Daniel Verdi			
3433	Ricardo Leal			
7527	Veronica Gonzalez			
7528	Poindexer			
7529	Arcas			
753	German Quintero			
7530	Jason Carmer			
7531	Ronny López			
7535	Johaness Luley			
7536	Rob Seifert			
7537	Mike Creswell			
7538	Richard Coleman			
7539	Lula Bertoldi			
754	Alberto Vargas			
7540	Manuel Cabre			
7541	Alesssio Mini			
7542	La Silla desde La Urbina			
7543	Julio D'Escriván			
7545	Yas Inoue			
7546	Dimitri From Paris			
7547	Niko Teneketcis			
7548	Kenny González			
7550	Daniel De Souza			
7552	Joe Pardo			
7555	Víctor Aviar Sánchez			
7556	Carlos Quintana Guzmán			
7558	Víctor Aguilar Sánchez			
7559	J.L. Alva			
756	Gary O'Brien			
7560	Francisco Carpio			
7561	Jesús Noriega Jr.			
7564	DJ Afro			
7567	Marián Gutiérrez			
7568	Michael Starita			
7569	Ollantay Velásquez			
757	Chris Bellman			
7570	Chris Joss			
7571	María José Romero			
7572	Alvaro Paiba Bimbo			
7573	Juan Pablo Méndez			
7574	Otto Rodríguez			
7575	Daniel Pacheco			
7576	Armando Lovera Rada			
7577	Rhomy López			
7578	Amanda Ochoa			
758	Kenny O'Brien			
7581	Nadje Noorhius			
7582	Isaac Kaplan			
7583	Monica Gómez			
7588	Rafael Rondón			
7589	Tom Coyne			
759	Marlene O'Brien			
7590	Frederic Soulard			
7591	Eduardo Reyna			
7593	Arístides Martínez			
7594	Manuel Pérez Matos			
7595	Luis Arreaza			
7596	Reynier Limonta			
7597	Ina María Velasco			
7598	Sergio Federico Eckstein			
7599	José López			
76	Jacl Norworth			
760	Brenda O'Brien			
7600	Gil Cerezo			
7601	Jesús Mora			
7602	Guillermo Uribe Sandoval			
7603	Mayly Uzcategui			
7604	Daniel Salcedo			
7609	Doped Up Dollies (Sirae Richardson)			
761	Hugo Blanco			
7610	Kinky			
7611	Argenis Genao			
7613	Erin MacKenzie			
7614	José Rubens			
7615	Alexis Soto			
7616	Paul Sanchez Pacheco			
7617	Diogo Brown			
7618	Daniel Cantisani			
7619	Iván Pérez			
762	Rebeca Rosenberg			
7622	Juan Cristóbal Losada			
7623	Karl Kling			
7625	Brianne McWane			
7627	Juan Blas Caballero			
7628	Gaspar Benegas			
7630	Perry Jiménez			
7635	Manny Gálvez			
7636	Femio Hernández			
7637	Harold Sunds			
7638	Frank Lane			
7639	Henk Keilman			
764	Hernán Mejía			
7643	Frontierizo			
7645	Francisco Azorai			
7646	El Zimmercito			
7647	Gerardo Balza			
7650	18 Whiskys			
7651	Gabox			
7654	Frank Monasterios			
7655	Johnny Pettus			
7657	Facundo Rodriguez			
7658	Federico Fragalá			
7659	Priritica			
766	John Scarpulla			
7661	TypoPixel			
7666	Malena Hernández			
7667	Prelude Of Chaos			
7668	Carlos Nieto			
7669	Oberture			
7671	Black Sun Creative Works			
7672	Victor Prada			
7673	Freddy Vargas			
7674	Morritz Beroes			
7675	Manuel Petit			
7676	Carlos Araujo			
7677	Franklin Díaz			
7678	Diego Vargas			
768	Tim Young			
7680	María Alejandra Uzcátegui			
7681	José Ramón Villasmil			
7682	J. S. Bach			
7684	Joa Inciarte			
7685	Vinicio Carrizo			
7686	María E. Moreno			
7687	Luis M. Leal			
7688	Albert Frangieh			
7689	DJ Carlos Guillén			
769	Bobby Peru			
7691	José Fernández			
7692	Jacques Brel			
7693	Jesús Reyes "Reyito"			
7698	Bernardo Arzola			
77	Jason Scheff			
7701	Oscar Balza			
7702	Angela Uzcátegui			
7703	Edith Piaf			
7704	Luigi Castillo			
7705	J.H.			
7707	David Lambo			
7708	María Consuelo Armas			
7709	Elvis Martínez			
771	Leonardo Small			
7710	Alexis Cárdenas			
7712	Simón Ruiz			
7713	Ramón Castillo			
7714	Henderson Olivares			
7716	Hiliana Jaramillo			
772	Francesco Imbríaco			
7722	David Rugeles			
7725	John Peña			
7727	Guillermo Percuoco			
7728	Larry Williams			
7729	Jorge Strunz			
7730	Gerry Hey			
7731	Aaron Serfaty			
7732	Abby Loces			
7735	Carolina Zalles			
7736	Tommy Vicari			
7737	Charlie Bisharat			
7738	Geoff Gillette			
774	Reynaldo Goitía "Boston Rex"			
7740	Memo Vogeler			
7742	Dick Brundage			
7743	Don Murray			
7745	Robert Vosgien			
7748	José Alejandro González			
7749	Luis Chataing			
7751	Ménage À Trois			
7752	María Elena Valdez			
7753	Mayren Espina			
7754	Mariann Espina			
7755	Cecilio Blanco			
7756	Leopoldo Blanco			
7757	Beatriz Gomez T.			
7758	Bernardo Blanco			
7759	Ricardo Blanco			
7760	Mayra Espina			
7761	José Pacheco			
7762	Sergio Faccio			
7765	Kissy Cote			
7767	Heriberto Molina Jr.			
7769	Jimmi Hendrix			
7770	Alfredo Ruiz			
7771	Bobby McFerrin			
7773	Manuel S. Acuña			
7775	Rederit Castellano			
7776	Alejandro (Jackson) Castillo			
7777	Jorge Urdaneta			
7778	Mario de Jesús			
778	Wisan Salaheldin			
7780	Ana Isa González			
7781	Julio Rivera			
7783	Adolfo Salas			
7784	Rafael Chacín			
7785	Marcos Campos Salas			
7786	Alejandro			
7787	Nicola Grigoriu			
7788	Aldemar			
7789	Daniel Bustillos			
779	Alberto Pereney			
7790	Ricardo			
7791	Jesús Villasmil			
7792	Angela Flores			
7794	Belisario Carruyo			
7796	Leonardo Ocando			
7797	Kender Medina			
7798	rmando Hernández			
7799	Maciej Zlotkowski			
78	Jerry Goldsmith			
780	Javier Dominguez			
7800	Beethzart Acosta			
7801	A. Torres			
7802	Rafael Rincón González			
7803	Armando Molero			
7805	Amable Espina			
7806	Renato Aguirre			
7807	Adolfo De Pool			
7808	Levi Parra			
7809	Víctor Hugo Márquez			
781	Axel Consigliere			
7810	Alfonso Huerta Bracho			
7811	Marco Tulio Soto			
7813	Ramón "Tito" Barrios			
7815	Ricardo Aguirre González			
7816	Pamir Guánchez			
7817	Konstantin Litvinenko			
7819	Ricardo Cepeda			
782	Carlos Pizani			
7820	Betulio Medina			
7821	Rolando Grooscors			
7822	Merci Mayorca			
7823	Jhonatan Faría			
7824	joa@DiArt			
7827	Alexander Rodríguez			
783	Fidel Goa			
7830	Lou Hemsey			
7832	Virginia Rodríguez			
7834	Adriana Fuentes			
7835	Danny Manxa			
7836	Guillermo Ricken Jr.			
7837	Vera			
7838	Márquez			
7839	Luis Armando Arreaza			
784	El Primo			
7842	Stevie Ray Vaughan			
7845	Humberto Federico			
7846	Mariolga Rodríguez			
7847	Daniel Montes de Oca			
7849	Orlando Raa			
785	Chofa			
7850	Eugene Mc Daniel			
7851	Grupo Bonsay			
7856	René Kannegieter Antonio Bello			
7857	Arthur Birza			
7858	Brian Setzer			
7859	René Kannegieter			
786	Edgard Rodriguez			
7860	Roberto Barona			
7862	José Herrera			
7864	Wietze Krikke			
7865	Rowald de Graff			
7866	Jewel Kilcher			
7867	Arnold Mohamed			
7868	Reinaldo Suarez			
7869	Jimi Hendrix			
7870	Chill Hill			
7871	Consuelo Velásquez			
7872	Wayne Cochran			
7873	Lenny Kravitz			
3467	Paul Silvestre Gillman			
3631	Simón "Calma" Williams			
7875	Tracy Chapman			
7876	F.Olivera			
7878	Martin Buitenweg			
788	Iván Rodriguez			
7880	Patrick Bernasco			
7883	Joost Kok			
7884	Paul van Driel			
7885	Rodney L. Temperton			
7886	Jesse Harris			
7887	Hildward Croes			
7888	Henny Groot Antink			
7890	Christine Mc Vie			
7891	Gordon Sumner			
7892	Francesco Mazza			
7894	Federico Flaviano			
7895	Mayra Parra			
7897	Carlos Sucre			
7898	Micky Mata			
7899	Mauricio Anton			
79	Joaquín Torres			
790	Yuri Vargas			
7900	De La Gran Ciudad			
7903	Fatima Parra			
7904	Alirio Cordova			
7909	María Idler			
791	Mervin Mejias			
7910	Marshall			
7911	Fidel Colmenares			
7914	Carlos Medina			
3632	Carla Molina			
7916	Jiménez			
7917	Edgar Fernandois			
7919	Néstor Martínez			
792	Andrés Medina			
7920	Rolando 'Rasdub' Torrealba			
7921	Paul Spiekermann			
7923	Nicolás "Tato" Barrera			
7924	Fratelli Arcuri Enterprise			
7925	Eduardo Pargas			
7926	Evelyn Gilmond			
7927	Rogelio Arvelo			
7928	K-O			
7929	Rahn			
7930	Randy Sierra			
7931	Mota Foca			
7932	José Estrada			
7933	Atkinson			
7935	El Principio Del Final			
7937	Julio Castro			
7944	Edison Parra			
7946	José Ignacio Benítez			
7948	Godoth			
7949	Ariana Basciani			
795	Fernando Rojo			
7950	Amparo Rubín			
3633	Patricia Anuel			
7951	José "Chuo" Martín			
7953	Azabache			
7955	Wendy Hawkinson Ilan Chester			
7957	José Alejandro Pagé			
7958	Oswaldo Bronstein			
796	Derrick "Pupa Mickey" Bishop			
7961	Ignacio Angulo Isaías Urbina			
7962	Inés Mayorca			
7964	Luis Altamirano			
7965	Oscar Guerra			
7966	Oscar Galián			
7967	Mario Parmisano			
7968	Mercedes Mayorca			
7969	Benjamín Taub			
797	Adriana Teran			
7972	Joseph Chaparro			
7973	Oscar Serrano			
7974	A. García			
7975	Oscar Giménez			
7976	Diego Rodríguez			
7977	Juan Libertella			
7979	Virginia Nembrini			
798	Dan Lee Sarmiento			
7980	Daniela Yañez			
7981	P. Rodríguez			
7984	Horacio Forlano			
7986	Luis Jaurrieta			
7988	Carlos A. Vidal			
799	Darío Peñaloza			
7993	Anabella Georgi			
7994	Felipe di Lodovico			
7996	Pino			
7997	E. La Fontaine			
7998	R. Aparisi			
7999	Roberto Giralt			
8	Adriana Portales			
80	John Bettis			
800	Tony Escobar			
8000	C. Montbrun Ocampo			
8001	Eric Burdon			
8002	Sebastian Krys			
8008	Rodolfo Márques			
8009	Bob Dylan			
801	Junior Irrizarry			
8011	Luis Cruz			
8013	Jimmie Rogers			
8014	Wintrop Wison			
8015	Paul Anka			
8016	Romualdo Brito			
8017	Donaldson			
8018	C. Perkins			
8019	Roberto Obeso			
802	Chegui Ramos			
8021	Gómez			
8022	Bazil Mayer			
8024	Estacio			
8025	Jaime Cruz			
8027	Paola Hormazábal			
803	Randy Singer			
8030	Mario PP			
8033	Max Miglin			
8035	Rita Quintero			
8036	Juan Carlos Orellana			
8038	Rodolfo Castillo			
804	Irguen Méndez			
8041	José M. Pérez			
8044	Augusto Bracca			
8046	José Armada			
8048	Carolina Landaeta			
805	Gustavo Lezcano			
8050	William Hernández			
8051	Nathalie De Laet RPM Artes Gráficas			
8052	Raul Pérez			
8054	Tim Mitchell			
8055	Gustavo Fernández			
8056	Joel Someillan			
8057	Andres Castro			
8058	René Toledo			
8059	Randall M. Barlow			
806	José Vicente Muñoz			
8060	Nicolas Tovar			
8061	Balad Version			
8064	Alberto Gaitan			
8065	Janet Dacal			
8067	Alfredo Oliva			
8069	Ricardo Suárez			
807	Josep Salvador			
8070	Wendy Pedersen			
8071	Rachel Perry			
8073	Emilio Estefan Jr.			
8074	Lena Pérez			
8075	Leyla Leeming			
8077	Charles Dye			
8078	Rodolfo Fernández			
8079	José Maldonado			
808	Antonio Rayo			
8081	Roger González			
8083	Ed Williams			
8084	Ranson Cobb			
8086	Javier Garza			
8087	Rafael Padilla			
8088	Ken Theis			
8089	Jason Rankins			
809	Luis Dulzainas			
8090	John Montalbán			
8091	Michael Landau			
8092	David Abellán			
8093	Leyla Hoyle			
8094	Humberto Gatica			
8095	Jorge Vivo			
8098	Sergio Aranda			
8099	Cristian Robles			
81	John Lennon			
810	Chavo Martínez			
8100	Antony Zeller			
8101	Adrián Schinoff			
8103	Kiki Ferrer			
8104	Paco Ibáñez			
8105	Vlado Meller			
8106	Gloria López			
8108	Juan Carlos Moguel			
8109	Luis Barbería			
811	Sammy García			
8110	Judith Reyes			
8111	Consuelo Aquino			
8112	Karina Cortez			
8113	Javo González			
8114	Moisés García			
8115	Laura Alvarez			
8116	Erick E. Sánchez			
8117	Enrique Arellanes			
8118	Celio González Jr.			
8119	Alan Lerma			
812	Mariano Morales			
8120	Guillermo Uribe			
8121	Javier Barrera			
8122	Michkin Boyzo			
8123	Humberto López			
8124	Erika Ramírez			
8126	Gonzalo Pérez			
8127	Jorge Vilaf			
8128	Karlos Valdes			
8129	Guillermo "Willy" Trejo			
8130	Francisco Cedillo			
8132	Emilio Avila			
8133	Franklin Rivero			
8134	Clarivel Avendaño			
8137	Pepe Ortega			
8140	John Paterno			
8141	Armando Avila			
8142	Ricardo "LeMoc" Morales			
8143	Ana Galvin			
8147	Sergio Damián			
8148	Francisco "Chucky" Oroz			
815	Luis Romero			
8151	Alex Ubago			
8152	Sandra Rotondo			
8153	José María Rosillo			
8154	Pastora Soler			
8155	Marta Pichi			
8156	Marta Sánchez			
8157	Nek			
8161	Javo Barrera			
8162	Jean Paul Bideau			
8163	Bori Alarcón			
8165	Carlos Vera			
8166	Enrique "Bugs" Hernández			
8167	Vanesa Pinedo			
8168	Joel Hernández			
817	Jason Carder			
8170	Jako González Grau			
8171	Ivan Barrera			
8172	Renee Camacho			
8173	Alma Osorio			
8174	Sergio "Guiñapo" García			
8175	"La Pequeña Sofia"			
8176	Esteban Rivera			
8177	Laura Ramírez			
8178	Rotger Rosas			
8179	Roger Hudson			
818	Ed Calle			
8180	Rodrigo Duarte			
8181	Txema Rosique			
8182	Israel Blancas Tlaxcaltecatl			
8183	Aaron Sterling			
8184	Adrian "Rojo" Treviño			
8185	Jules Ramillano			
8187	Vladimir Quintero Mora			
8189	Guianko Gomez			
819	Angel Torres			
8190	Pedro Alfonso			
8192	Curt Schneider			
8194	Pete Wallace			
8195	Bernardo Doral			
8197	Guido Díaz			
8198	Edgar Barrera			
82	José María Puron			
820	Chris Gehringer			
3707	Oliver Krisch			
8209	Carlos Sainz			
8211	Coti			
8212	Manu Chalud			
8213	Elizabeth Taboada			
8214	Carlos Almazán			
8215	Mr. Rommel			
8216	Ricardo Eddy Martínez			
8217	Olguita De Armas			
8221	Alex Xeoan Remix			
8223	Oswaldo Rojas			
8224	Alejandro Mata			
8225	Alberto Rojas			
8226	Fonotalento			
8227	Alvise Sachi			
8228	Antonio Huizi - Graficción			
8229	Willy Chirino			
823	Ramón Castro			
8232	Luis Fernando Osorio			
8233	Beatriz Corona			
8234	Berni Publicidad C. A.			
8235	Roberto Mata			
8236	Rudy Pérez			
8237	Jesus Brito			
8238	Omar Sánchez			
8239	José C. Ulloa			
824	Alberto García			
8241	Chema Purón			
8242	Jeannie Cruz			
8244	Jim Munn			
8245	Irene Soler			
8246	Brian Monroney			
8247	Raul Midón			
8249	Billy Schutmatt			
825	Armando Martínez			
3746	Richard Pacheco "Copash"			
8250	Will Tartak			
8251	Jeff Kievit			
8252	Paul Hoyle			
8253	Charles Santiago			
8254	Frank González			
8256	Daniel Recalde			
8257	Mark Krieg			
8258	John Kricker			
8259	Carlos M. Montenegro			
826	Simón Mujica			
8260	Steve Robillard			
8262	Debbie Spring			
8264	Don Black			
8265	Graff Group			
8266	P. J. Herrero			
8267	THe Miami Strings			
8268	Ramiro Ramírez			
827	Manuel Amengual			
8270	J. Brown			
8272	Van McCoy			
8277	G. Mardsen			
8278	Bacharach			
8279	Omar Jeanton			
828	Rafael Ruíz			
8280	Juan Ibarra Romero			
8281	Cerebros Elasticos			
3635	Dgeral			
8283	Gregorije Girowski			
8284	Luis Lewis			
8285	Luciano Gherardi			
8287	arlos Acosta			
8282	Giulio Remersaro			
829	César Sosa			
8290	Leopolodo Escalante			
8291	Guido Guarnieri			
8292	Adolfo Sueiro			
8293	Frank Hernández "El Pavo"			
8294	Otilia Rodríguez			
8295	Williams			
8297	Pardo-Arbex-D.D.-Leali			
8298	Carlos H. Moreán de Las Casas			
8299	Black Well			
83	Juan Carlos Pérez Soto			
8302	Griselda García Alvarez			
8304	Arnaldo Medina			
8306	Agustín Verde			
831	Lorena Harris			
8310	J.A. Villafañe			
8312	Santiago Pol			
8313	PGisela Rodrígues			
8314	Patrizia Grassi			
8317	Armando Valero			
8318	José "Cheo" Navarro			
8300	Enzo Casella			
832	Manuel Palacios			
8320	Pamela Peña			
8322	José Madera			
8323	Enrique Madera			
8324	Samuel Del Real			
8325	Marsha Dougher			
8326	Nicanor Madera			
8327	Nelson Garrido			
8328	Juan Domene			
8330	Jorge Cruz			
8331	Luco Caminiti			
8332	Gabriel Torres			
8333	Lucian Sendrea			
8334	Gregorio Girovski			
8335	Chris Einswood			
8336	Christian Iacovescu			
8337	Medio Evo			
8338	Tony Morondi			
8339	Kenny Arrieta			
834	Baldomero Verdú			
8340	Verónica Faría			
8342	Pedrito López			
8343	Maggie Ryder			
8344	Jorge Arrieta			
8345	Cristobal Duarte			
8348	Johann Moreán			
8349	Juan Pardo Jr.			
3468	Gabriel Vivas			
835	Leonardo Rodríguez			
8351	María Tepedino			
8352	J.L. Armenteros			
8353	Vidal Romero			
8354	Raúl de Freitas			
8355	Alberto Cortez			
8356	DesignXpress			
8358	Roberto Carlos			
8359	Armando Calderón			
836	Harry Febres			
8360	Luz Verde			
8362	Richard Beyle			
8365	Fabiana Arroyo			
8368	Diógenes Méndez			
837	Sergio Barreto			
8372	Dayagraphics			
8373	Carolina Laya			
8374	Pedro J. de Freitas			
8376	José Antor			
8377	María A. Cámara De Freitas			
8378	Napoleon Bravo			
838	Alejandro Rivero			
8382	Frank Velásquez			
8383	Vito Di Maso			
8385	Antonio Bardi Alberto Turbay Ayala			
8386	Pancho Saenz			
8387	Tino Geiser			
8388	Julio C'zar Vasquez			
8389	Manny Delgado			
839	José Nuñez			
8390	Saúl Morillo			
8391	Giussepe Terenzio			
8392	Fernando Z. Maldonado			
8395	Gabriel Grau			
8396	Jean Luc Couat			
8397	Alejandro Jaen			
8398	Romer Quintero			
84	K. Chater			
840	Columbo Montes			
8401	Virginia Urdaneta			
8402	Cory Noziglia			
8405	Ricardo Montaner			
8406	Kelvin Lugo			
8407	Marco Cáceres			
8408	Dany Anka			
8409	Jesús "Chui" Viloria			
841	Raúl López			
8411	Pia Páez			
8413	René Figueroa			
8417	Piero			
8419	Buffet Casero			
842	Demian Mejicano			
8422	Versión Italiano			
8424	Gerd Baumgartner			
8426	Hernán Carabaño Héctor Nieto			
8429	Carlos Colmenares			
8430	Luis A. Generani			
8431	Otto Ballaben			
8433	Jaime Arbex Miro			
8434	Kismayu			
8438	José Bermúdez			
8439	Gustavo Alemán			
8443	Carlos Colina			
8444	Víctor Alvarez			
8445	Meredith Wilson			
8446	Laurye McGregor			
8447	The Skatalites & Don Drummond			
8448	Giannis Nicolaidis			
8449	Tommy Leb			
845	Miguel Jubes			
8452	César Peralta			
8453	Carlos Escarbay			
8457	La Cueva			
8458	Andres Rodríguez			
8459	César Pingarrón			
8460	Elaine Minionis			
8462	Carlos Palladino			
8463	Yulezka Martínez			
8464	mobiusCo@deviantart			
8467	Charliepapa			
8468	Felipe Gutiérrez			
847	Linda Briceño			
8470	Juan Sebastián Rodríguez			
8472	H.L. Baute			
8473	Daniel Velasco A.			
8477	Mike Marsh			
8478	Aaron Johnston			
8479	La Pia Páez			
848	Árgel Trejo Delon			
8480	Carmen González			
8482	Martín Morales			
8483	Josue Rodríguez			
8484	The SoundLab			
8485	Valeria Caro			
8486	Vanessa Caro			
8487	Gabriel Guerrero			
8489	Verónica Caro			
849	Eric Colón			
8490	Charly Duur			
8491	M. Díaz			
8492	Youn Raskal			
8494	Cherry Navarro			
8496	Rolando Dorrego			
8497	F. Belisario			
8499	G. Golonello			
85	Kurt Howell			
850	María Rivas			
8502	Marco Villacorta Tosino			
8504	Irea Campos			
8505	Reyes			
8506	Edwin Andrades			
8507	Javier Acurero			
8509	Gervis Maldonado			
851	Jonathan Jakubowicz			
8510	Luis Pire			
8511	Claudio Sánchez			
8513	Alvaro Cova			
8515	Claudia Musset			
8519	Edgar Marín			
852	DJ Castor			
8520	Aldo			
8523	Romaing Poleo			
8525	Horst Pfaffelmayer			
8526	Ollantay Marichales			
853	Edgar Moreno			
8530	Los Claners			
8534	R. Nelson			
854	Latin Bitman			
8540	B&R Gibb/c. Martin			
8541	Pepe Bello			
8543	Weyler			
8544	Richard Money			
8547	Guido Malandrino			
3527	Junior Romero			
8548	Tomas Opitz			
855	DJ Trece			
8550	Christian Dobles			
8551	Cristian Orjuela			
8553	Wolfang Roldán			
8554	Marcos Funk			
8555	Arquímedes Arévalo			
8558	Zancudo			
8559	Cristian Teppa			
856	DJ Muu			
8560	Marco Fiore			
8561	Pancho Fernández			
8562	Jorge García (Paté Sónico)			
8563	Oswaldo Grillet/cdboxproducciones			
8564	DJ Zancudo			
8565	José Luis Alvarado			
8568	Amanecer			
8569	Tony King			
857	Enrique González			
8570	Jaime Lane			
8571	Godfrey Wang			
8572	Davis Harris			
8573	Raúl "El Portugués"			
8574	David D'Freez			
8575	Rick Fenn			
8576	Shambason			
8577	Kumar Harade			
3747	Robert Mogollon			
8578	Roberto Blandín			
858	Pablo Capisto			
8581	David Ulmn			
8582	Kevin Flanagan			
8583	Ralph Ravenscroft			
8585	Sharon Shelton			
8586	Jean Senton			
8587	Valerie Whitehead			
8589	Inga Lubbock			
8590	Nick Patrick			
8591	Joan Shenton			
8592	Sonia Jones			
8593	Fernando Goofey			
8594	Mick England			
8595	Ray Furze			
8596	Anthony King			
8599	Dave Meegan			
86	Les Reed			
860	Neil Enet "Nilz"			
8600	Ugo Del Miriam			
8602	Jorge Alonso			
8604	William Cabrera			
8606	C. Cremisini			
8608	Robert Quintero			
8584	Pete Thomas			
8612	Tita Parra			
8613	Julio Castillo			
8615	Grupo Zaranda			
8616	Hugo Carregal			
862	Jarzen Arcia "Jarz"			
8620	Ane Manchobas			
8621	Chris Flechert			
8622	Hugo Del Miriani			
8623	Gustavo Calles			
8624	Enrique Moros			
8626	Yolmar Méndez			
8628	Moisés González			
863	Marcos M. Burgos			
8630	Anthony Head			
8632	Kent Eling			
8634	Melannie			
8635	Fernando Garcés			
8638	Franklin Cordido			
864	Edgar Salazar			
8645	Jean Carlo Sánchez			
8646	Ascanio Scano			
8647	Antonio Mejía			
865	Rosvi Rodríguez			
8650	Graphia Design			
8652	José Gregorio B. Spindola			
8655	Juan Facundo Coral			
8656	Marcelo Grez			
8660	Gretel Bindels			
8636	Jesús "Lalo" Noriega			
8662	Gustavo Adolfo Rolo			
8663	Gregorio Spindola			
8664	Hipólito Arrieta			
8666	José Alejandro Maldonado			
8669	Constrictor Constrictor			
867	Carlos Avila			
8672	W. Sánchez			
8676	Tri-P			
8677	Abraham Yacaman			
8678	El Cocodrilo Solitario			
8679	Aintzane con G de Gloria			
868	Santos Tomasini			
8680	Rubén Rodríguez			
8681	Javier Corcobado			
8682	Edgar Torres			
8683	C.O.			
8684	Germán Silva			
8685	Emil Anaya			
8688	Nico Araujo			
869	Luis Maestre			
8694	Jaap "Monchito" Melman			
8695	Damian Michaels			
8696	Cesar Jaime			
8697	Juan Manuel De Ferrari Alejandro Londoño			
8698	Live in Brazil			
87	Louis Prima			
870	Miriam Espín			
8705	UMaster			
8709	Luis Negrin			
871	Felipe Arias			
8710	Jesús Gabriel Mendoza			
8711	Pablo Pérez Baptista			
8712	Alberto Brito Landeau			
8713	Andrew Melean			
8714	Jhonny Padilla			
8715	Ariben Sepulveda			
8716	Brian McNeill			
8717	Wilmer Linarez			
8718	Nailu Colmenarez			
8719	José Manuel Orozco			
872	Carlos Arévalo			
8720	Douglas Ramos			
8723	Yelson Marchan Veroes			
8725	Geoff Allan			
8727	Jerry Laedon			
8730	Brian Young			
8731	Vicky			
8733	Cocoy			
8734	Velia			
8735	Miguel Jaimes			
8737	Friedel Onasch			
8738	My Special Song			
874	Don Gornes			
8742	Mariela			
8745	Victor Cigarra			
8746	Antonio Prieto			
875	Filo Valera			
8750	La Orquesta De Daniel Grau			
8753	Kryptonita Liquida			
8754	Disco Fantasy			
8756	Pat Russo			
876	José "Pupy" Salazar			
8760	No Me Hace Falta Ver La Luna			
8761	Trujillo			
8762	Canción Con Tu Nombre			
8764	Canción Del Amanecer			
8766	Johnny Be Good			
8767	I'm Sorry Susan			
8768	Mario Carabeo			
877	Jimmy Ross-Jones			
8772	Botuto Diseño			
8773	Traces			
8778	P.E.C.A.			
8779	J. Hendrix			
878	Eddy Gugliotta			
8781	Daniela Fermin			
8783	Pablo Carrera			
8785	Flores Soláno			
8786	Luis Antonio Otamendi			
8788	Alejandro Urdaneta			
8789	EBG			
879	Miche Katz			
8791	Pepe Loeches			
8792	Alberto Burbon			
8793	Alberto Flores Soláno			
8795	Juan Manuel Arijo			
8797	Luccio Caminitti			
8799	María Ríos Reyna			
88	MattVernon			
880	Eduardo Feo			
8800	Eurosonic			
8801	Oscar Serfaty			
8775	Trino Mora			
8802	Boris Shejov			
8804	Alfred White			
8805	Romeo Penque			
8806	Amaury Pérez			
8807	Jeff Layton			
8808	Damaris Cortese			
8809	Jimmy Young			
881	Daniel Gutiérrez			
8810	Mauricio Smith			
8811	Kinny Landrum			
8812	Héctor Garrido			
8813	Birch Johnson			
8814	Harold Kohon's String Ensemble			
8815	Hilda Harris			
8816	Bob Millikan			
8817	María Grever			
8818	Anibal Abreu			
8819	Carlos "Tabaco" Quintana			
882	Jesús Ignacio Pérez Perazzo			
8820	Sue Halloran			
8821	Ignacio Izcaray			
8822	Juanito Márquez			
8825	Esteban Toronjí			
8826	Bobby Collazo			
8827	César Portillo de la Luz			
8828	Pepe Delgado			
8829	Miguelito Valdéz			
883	Ezequiel Serrano Valencia			
8830	Carlos Eleta Almarán			
8831	Orlando de la Rosa			
8832	Graciela Naranjo			
8833	Alberto Domínguez			
8834	Mauricio Silva			
8835	Fusion IV			
8836	Filemon Monterola			
8837	Manuel Villalba			
8839	Alexander Berti			
884	Eduardo "Fercho" Fernández			
8841	Luis Enrique Wilson			
8843	José Vicente Melo			
8844	Eduardo Rubio			
8845	Martin Rojas			
8846	Florentino Mendoza			
8847	Guillermo Vegas			
8848	Manuel Vegas			
8849	José Luis Alarcón			
885	Claudio Ramírez			
8850	Milagros Seijas			
8852	Ogui Verde			
8853	Carlos Montbrun Ocampo			
8854	Bazil Alexander			
8855	Alan Hunt			
8858	Zenco			
8859	Barron Browne			
886	Tomás Mena			
8862	Alvaro Alencar			
8863	Bob Gay			
8864	Neal Ward			
8865	Carlos Vila			
8866	Alex Hodge			
8867	Denis Gonzalez			
8868	Dave Shacter.			
8869	Mark Wessel			
887	David Donoso			
8870	Eric Rasmussen			
8871	Rich Cohan			
8872	Frank Mead			
8873	Debbie Humphries			
8874	Stephen Miller			
8878	J. Marshall			
8880	Fiona Gonzalez			
8881	Blanco			
8882	Maria Isabel			
8887	Luis Felipe Guevara			
8888	Poindexter			
8891	Carlos Germán Rojas			
8892	Maribel			
8893	Chuy			
8894	Guillermo Sanchez			
8897	Alfredo Valero			
8898	Rafael Sosa			
89	Memmo Foresi			
8900	Pedro Gutierrez			
8903	Jorge R. Castillo			
8904	Steve Marino			
8905	Manuel Guerra			
8906	Rémil Renna			
8907	Icono Servicios Integrales de Comunicación			
891	Juan Donoso			
8910	William Arguello			
8912	Juan Carlos Araujo			
8919	Angel Colmenares			
892	Carlos Donoso			
8922	D.P.			
8923	Paul Suescún			
8925	Derrick Harriott			
8931	DP Midnite Combo			
8932	Karamelo Santo			
8934	Luis Alejandro García			
8939	Angel "Taba" Mora			
894	Edgar Jiménez Pérez			
8940	Sonofolk			
8941	José Henrique De Freitas			
8942	William "Cheito" Romero			
8944	José Feliciano			
8945	Orden Privado			
8946	Nelson Martínez			
8947	Cresencio Salcedo			
895	Gabriel Machado			
8950	Miguel Nieves			
8951	Tokyo Ska Paradise Orchestra			
8952	Las Chicas de la Medianoche			
8953	Leonard Jacome			
8955	Valmore Nieves			
8959	Pasquale Spolzino			
8960	Maiquel Torcatt			
8961	Coco-Munchen Version			
8964	Maximino Pozo			
8965	Chema Skandal			
8966	Carlos Navas			
8967	Gustavo Márquez			
8968	Raúl Salmerón			
8970	C4 Trío			
8971	Mario Díaz			
8972	Manuel Márquez			
8975	Guillermo Machado			
8976	Miguel Sánchez			
8977	Aeromusica			
8979	Douglas Velásquez			
898	Steve Turnidge			
8981	Rod Bass Lab			
8982	Fundación Seguros Caracas			
8987	Daniel Puelma Day			
8989	Clio Masterización			
8991	Rastattoo			
8992	Angel Solano			
8993	V'Lis			
8994	Olga Trinidad Diez y Riega			
8996	Miguel Rodríguez			
8997	Nascuy Linares			
8998	Lobo			
9	Alberto Lazo			
90	Mike Burns			
900	Jonathan Montoya			
9002	E. Aldrey			
9003	Luis Molina Pantín			
9004	A.K.A. Trece			
9005	Fauna Crepuscular Brass Section			
9008	B.D.O Recordings			
9009	Jaime Loor			
901	Jhoel Arellano			
9011	Alexis Albujas			
9014	Buster Douglas Odeholm			
9015	Ed Vill			
9016	Kill Message Media			
902	José Chacón			
9021	Fepo's home			
9023	Eduardo Hidalgo			
9025	Jesús Cedeño			
9026	A. Cazalis/adpt:Felipe Grüber			
9029	Camilo Nicolás Muñoz			
903	Thomas "Two Fingers" Allen			
9035	Leo Correa			
9036	Anna Karin Svaetichin			
9037	Wilmer Granados			
9039	Livio Arias			
904	José Ángel Cavallin			
9040	Rafael Molina			
9042	Elisa Pérez			
9044	Juan Pérez			
9045	Franklin Nieves			
9046	Druidas			
9047	Flavio Hernández			
9049	Mario A. González O.			
9051	Marianella Delgado			
9052	Rainbow			
9054	Rafael Fuentes Jr.			
9056	Belkis Guevara			
9057	Orlando Montiel			
9058	Artyphot			
906	Raymond Gutiérrez			
9060	Jesús G. Palma			
9062	Freddy Alvarez			
9063	George Fort			
9064	Wendy			
9065	Mercedes Ríos			
9066	Carmelo Russo's String Ensemble			
9067	Edgar Alexander Jr.			
9070	Lasser Play			
9071	Rafael Savino			
9072	David Toro			
9073	Isabel de Armas			
9075	Armando Baralt Truchsess			
9076	Mann			
9077	Alfredo Padrón			
9078	Wilson			
9079	Alejandro Pérez R.			
908	Darren Cumberbatch			
9080	Duane Eddy			
9083	Manuel González			
9084	E. Quintero			
9087	Pace			
909	Rob Lucas			
9090	Panzeri			
9092	Livraghi			
9095	A. Díaz			
9097	C. Casique			
9098	Alejandro Saavedra			
9099	Mario			
91	Mike Lesson			
910	Karla Bahía			
9100	D. Di Filippo			
9104	José Altamiranda			
9105	William Bermúdez			
9108	Peterik			
911	Iván Pérez Rossi			
9110	Blackmore			
9114	Gillan			
9115	Lynnot			
9117	Lord			
9118	Paice			
912	César Pérez Rossi			
9122	Alto Pana			
9123	H. Mendoza			
9127	Fanega			
913	Hernán Gamboa			
914	Mauricio Castro Rodríguez			
9140	E. Floyd			
9142	S. Cropper			
9143	Liz			
9147	Charles Strouse			
9148	Lee Adams			
915	Pedro Lacorte			
9156	Luther Dixon			
9157	Al Smith			
9158	Mick Jagger			
9159	N. Whitfield			
9160	Keith Richards			
9161	W. Stevenson			
9163	M. Gaye			
9164	Joe Josea			
9166	Jara			
9167	Tello			
9169	Otero			
9171	Casalta			
9176	E. Martínez			
9179	William Sánchez			
918	Rafael Henríquez			
9180	Alexandra Navarro			
9185	Richards			
9186	Scott			
9187	Curtis			
9189	Wiltsee			
9191	Taramona			
9193	Higa			
9194	Lucille Bogan			
9195	Andrea			
9196	Garanton			
9198	Guzmán			
9199	Produced by Fidel Goa			
92	Omar Hernández			
920	Humberto Araque			
917	Carlos Alberto Curto			
9200	Rodríguez			
9201	Pacheco			
9202	Scozzafava			
9203	Calello			
9205	B. Lacerda			
9207	Lennon			
9208	Alva			
9209	McCartney			
921	Alexis Peña			
9210	D. David Martínez- Rafael Pino			
9211	D. David Martínez			
9212	Loero			
9213	Basie			
9214	Enrique Añez			
9215	Glass			
9216	Anabólico			
9218	Máquina			
922	José Ignacio Martín			
9220	Couldman			
9225	Carter			
9226	Martin			
3529	Federico Pacanins			
923	Gerardo Ubieda			
9232	David de Los Reyes			
9234	Corales			
9238	Delgado			
924	Francisco Morales			
9240	Sirit			
9241	Piñero			
9242	Zea			
9247	Carlos Regalado			
925	Igor Panasewich			
9254	Harris			
9255	Tunzi-Mendez			
9257	Leva			
9258	Nistri			
9259	Bardotti			
926	Alejandro Rodríguez			
9260	Cook			
9261	Smith			
9262	Tunzi			
9268	P. Sosa			
9270	O. Mediavilla			
9273	J. Forcada			
9274	Chester			
9275	Roberto Pardi			
9277	Bolívar			
9278	Segovia			
9279	Juan Mari Montes			
928	Jorge Glem			
9280	Pipo			
3636	Ruso			
9281	Luis Miguel Leal			
9282	Rosales			
9283	Vivas			
9284	Morales			
9285	Cerrada			
9286	Villarroel			
9287	Moreno			
9288	Paolo Dinis			
9289	Armao			
929	Héctor Molina			
9290	Fiol			
9291	Chico Navarro			
9293	Antonio Juan			
9295	J. Miguel Carmona			
9298	José Soto			
9299	Greenfield			
930	Edward Ramírez			
9300	Aldrighetti			
9301	B. Navarro			
9302	Avogadro			
9304	Ameli			
9305	Lerner			
9306	Cosgu			
9307	Gastaminza			
9309	Ivon Espinoza			
931	Adolfo Herrera			
9310	Douglas Millano			
9311	Ricochet Design			
9312	Gold			
9314	Mertens			
9318	Taylor			
9319	Bruce			
932	Marina Bravo			
9320	Brown			
9321	Clapton			
9322	Martínez			
9323	Laverde			
9324	Jesús Alberto Contreras			
9326	Hilvin Urbina			
9327	Stelio Bosch Cabruja			
9328	Daniel Sosa			
9329	R. Valera			
933	Zenaida Rodríguez			
9330	José Manuel Guzmán			
9331	Jairo Molero			
9332	Roberto Tarzieris			
9333	Eleri Morales			
9335	Wright			
9338	Bateman			
934	Rafael "Pollo" Brito			
9340	Pickett			
9341	Sundin Galué			
9343	Sanders			
9346	Tinturin			
9348	Conley			
9349	Cooke			
935	Aquiles Báez			
9350	Redding			
9351	M. Panzeri			
9352	R. Bonafon			
9354	Salom			
9356	F. Borgues			
9357	Chigne			
3772	Jorge Viera			
9358	Aroutine			
9359	Toro			
936	Edwin Arellano			
9360	Chego			
9361	Juan Pablo Bello			
9363	Carlos Labrador			
9364	J. Bello			
937	Mauricio Castro			
9371	Ivan Carlos de la Vega			
9376	Ana Carnovali			
9377	Matheus			
9378	Pérez Soto			
9379	Alvarez			
9381	Torres			
9382	Larrinaga			
9385	E. Torres			
9386	S. Or			
9387	K. Oshrat			
9388	Y. Klinger			
9389	O. Serfaty			
9391	E. Shrem			
9397	Mamán			
9398	Jones			
9399	Mimo Prioretti			
94	Peter Vale			
940	Mattia Medina			
9400	Ciliberto			
9401	J. Keller			
9403	Alvarado			
9406	Mena			
9409	Don Costa			
941	Alejandro Díaz			
9411	H. Warren			
9413	M. Gordon			
9414	C. Werber			
9415	B. Homer			
9417	B. Green			
9418	A. Wilder			
9419	L. Brown			
942	Osheye Rebolledo			
9421	G. Paoli			
9422	T. Jones			
9423	G. Mills			
9425	L. Reed			
9427	M. Salina			
943	Félix Hoffmann			
9431	Simon Newman			
9434	Clive Davis			
9437	I Pooh			
944	Camilo Froideval			
9441	M.R. Ouvelar			
9443	Javier Losada			
9445	Carlos Echezuria			
9446	Duque			
945	Miguel Hernández			
9453	Luís Laguna			
9454	L. Morales			
9455	I. Herrera			
9456	A.M. Zuloaga			
9458	Oppliger			
9459	Infante			
946	Mauricio García			
9460	Díaz			
3637	Cassette			
9466	Claudio Atilano			
947	Adrian Egea			
9471	R. Bailey			
9473	Figueredo			
9474	Briceño			
9476	Alpert			
9478	Folklore del Callao			
948	Angela Guillemin			
9480	Pablo Herrero			
9481	Ernesto Luis Rodríguez			
9482	José Armenteros			
9483	Israele Levi			
9484	Eduardo Cabello			
9485	Clothaire			
9486	Paul Wilson			
9487	Manuel Vásquez			
9488	Andrés Quintana			
9489	Nino Ferrer			
949	Hanna Seif Naji			
9491	Esp. Guillermo González			
9492	A. Braithwithe			
9493	S. Vincent			
9495	P. Hamsworth			
9497	D. Borg			
9498	F. Berlincioni			
950	Eddie Roberts			
9500	S. Bardotti			
9501	A. C. Jobim			
9502	Ariel Ramírez			
9503	F. Ciano			
9504	Félix Luna			
9505	de Moraes			
9506	Gianni Ferrio			
9507	F. Fasano			
951	Cristina Glaxiola			
9510	F. Leali			
9512	Giancarlo del Re			
9515	J. Ramírez			
9519	Michael Shrieve			
952	Pepe Damian			
9520	Tom Coster			
9521	Enrique Cadicamo			
9522	José Tinelli			
9523	Soriano			
9524	José María Contursi			
9525	Quiroz			
9526	Francisco Lomuto			
9528	Juan Pomati			
9529	Eric Clapton			
953	Marco Ramírez			
9530	Robert Cray			
9531	Doyle Bramhall			
9532	Frank Beard			
9533	Barbara Logan			
9534	Bill Gibbons			
9536	Dusty Hill			
9538	K. Kristofferson			
9539	F.Foster			
954	Justin Leah			
9540	M.Gray			
9541	J.Ruzumna			
9542	A.Teeuwe			
9543	Jimmy Page			
9544	J.Lim			
9545	Robert Plant			
9546	B van Veen			
3639	John Scrip			
9547	Arthur Herzog			
9548	D.Wilder			
9549	Billy Holiday			
955	César Orozco			
9550	S.Kalpoe			
9551	M. Reid			
9552	A. Shamblin			
9553	Cyndi Lauper			
9554	George David Weiss			
9555	Hal David			
9556	Robert Thiele			
9557	A. Clayton			
9559	L. Mullen			
956	Jorge Torres			
9560	Arcuri			
9561	P. D. Hewson			
9564	Leal			
9565	Tito Puente			
9566	R. Márquez			
9568	Marvin			
9569	Gilbert O'Sullivan			
957	Roberto Moreno			
9570	Welch			
9572	Omero			
9574	Version R. Márquez			
9575	Carisi			
9576	R. Carlos			
9577	Power			
9578	E. Carlos			
9580	N. Rota			
9581	L. Kuisik			
9582	P. Herrero			
9584	Medley			
9585	Russell			
9588	The Monkees			
9589	J. Chappell			
959	Manuel Rangel			
9590	B. Kalle			
9591	Marascalgo			
9592	D. Hill			
9593	Blackwell			
9594	Soeur			
9595	E. Lee			
9596	Sourire			
9597	P. Anka			
9598	O. Pino			
9599	Levi			
96	Riccardo Del Turco			
960	César Natera			
9600	Chiprut			
9601	Arraigada			
9603	Calderón			
9604	De La Colina			
9606	L. Lee			
9607	Rivero			
9608	T. Mora			
9609	R. Vecchianni			
961	Eric Chacón			
9610	R. Pareti			
9611	Araujo			
9615	Ketelbey			
9616	Unicornio			
9618	Gloria Estefan			
9621	Voulzy			
9622	M. Portolés			
364	Armando Noguera			
9626	Moreán			
9628	Kondo			
9629	Favio			
9630	Shutton			
9631	Hill			
9633	Nicholas			
9637	M. McCluskey			
964	Hugo Fuguet			
9641	F. Cavallieri			
9642	E. Brigatti			
9643	Pinto			
9645	Roo			
9647	Jerry Greenberg			
9649	Adames			
965	Rodner Padilla			
9650	Jesús Rosas Marcano			
9651	Mitiliano Díaz			
9654	Pedro Elías Gutiérrez			
9655	Rafael Bolívar Coronado			
9656	Coty Sorokiny			
9657	Pablo Duchovny			
9659	J. V. Zambrano			
966	Álvaro Paiva Bimbo			
9660	Billy Boy			
9661	C. Leskovar			
9663	Federico Gattorno			
9666	Carlos Faillace			
9668	Juan Salazar			
967	Hiyanú Alcántara			
9673	Michel Fugain			
9675	Pierre Delanoé			
9680	Horton			
9683	E. Winter			
9684	H. Fotoruso			
9686	B. Goldeboro			
9687	Phillips			
9688	McCoys			
9689	Gouldman			
969	Alejandro Jess			
9692	H. Oswaldo			
9696	Aumaitre			
97	Rob Hyman			
970	Luis Freites			
9700	Rice			
9701	G. Bunner			
9702	A. Gordon			
9705	Douglas			
9706	Farthing			
9709	Hattelid			
971	Armando Añez			
9713	Friedman			
9714	R. Friedman			
9715	Veloz			
3469	Henry Paul Díaz			
9716	Serrano			
9717	S. Winwood			
9718	J. Capaldi			
9719	El Zigui			
972	Elías Bruzual			
9720	Franklin Mejias			
9721	Enze Riveiro			
9722	Cassia			
9723	Acosta			
9725	Dossena			
9726	T. Wilkes			
9727	Santistevan			
9728	Debout			
9729	D. Stevenson			
973	Constanza Liz			
9731	C. Torres			
9732	Henrique Lazo			
9733	F. Migliacci			
9734	B. Zambrini			
9735	Dakker			
9736	R. Sini			
9737	Claudio Fontana			
9738	Wanderley Cardoso			
9739	John Fred A. Bernard			
974	Napo Pabón			
9740	L. Arismendi			
9741	N. Diamond			
9742	Appell			
975	Sela Lovera			
9750	Bennett			
9751	Don Backy			
9752	Neil Diamond			
9755	Tepper			
9759	Romina Power			
3640	Enrique Cote			
976	Boston Rex			
9771	N. Baltodomo			
9772	Ch. Navarro			
9773	J. A. Ruiz			
9774	C. Casal			
9775	C. G. Machado			
9776	P. Pinna			
9777	Capoch			
9778	F. Lattanzi			
9779	Roferri			
978	Rudy Márquez			
9781	G. Simonelli			
9784	Smokey Robinson			
9786	E. Franco			
9787	Oliver			
9789	A. Alvarado			
979	Fernando Ochoa			
9793	Petula Clark			
9794	Gerardo Badell			
9795	Luis			
9796	Jesús C.			
9797	Pacho			
9798	Lorente			
9799	De La Rosa			
98	Robert Stender			
9800	Sarabia			
9801	Richard			
9802	Konrad			
9807	Harman			
9808	Arbex			
9809	Everly			
9811	Rojas			
9812	Marti			
9813	Angulo			
9814	Pistilli			
9816	Seeger			
9817	Cashman			
9819	H. Martínez			
982	Samer Elatrache			
9826	Ciargo			
983	Enmanuelle Reyes Iparraguirre			
9830	Mehar			
9831	Rudy			
9832	Orbison			
9834	Rafael L.			
9836	Reed			
9837	Pedro P.			
9838	Mason			
9839	Wodman			
984	Maurizio Iazzetta			
9842	J. Mtume			
9843	R. Lucas			
9844	G. Tomsco-B. Tomsco			
3641	Meliton Torres			
9847	J. Perkins			
9848	Collins			
985	Oswaldo Quintero			
9850	Pappalardi			
9851	Franzier			
9852	S. Gámez			
9854	Andrés Quintian			
9855	Nilson			
9856	L. Gómez Escolar			
9857	A. Bella			
986	Danner Baron			
9862	D. Baldan Bembo			
9868	E. Cadícamo			
9869	Nick Jiménez			
9871	López Lee			
9873	F. Casano			
9875	Vatevanet			
9878	Fripp			
9879	McDonald			
988	William García			
9880	Giles			
9882	Gutiérrez			
9885	Contreras			
9886	Sarmiento			
9887	Romero			
9888	Chacín			
9889	Suarez			
989	Luis Rodríguez			
9890	Bicioni			
9897	C. Chacín			
9899	Salvatore Sarmiento			
990	Jonathan Canto			
9902	C. Imperotori			
9904	Wolfgang Burgos			
9906	Little Richard			
9907	Quintero			
9908	Belisario			
9909	Dee			
991	Orlando Rodríguez			
9910	Ventures			
9917	Johnny Lamas			
9920	José Manzo			
9923	Elmer Leal			
9926	Miguel Angel Fuster			
9927	Angel Rada			
993	Carlos Rodríguez			
9930	Edgar Lara			
9938	Ana Magdalena			
994	Manuel Lamberti			
9940	Costas Ioanidis-L			
9941	Juan Pardo			
9944	Antonio Morales 'Junior'			
9947	Glen P. Stone			
9950	Luis Panero			
9953	María Rosario Duvelar			
9954	Iñigo Zabala			
9955	Rosa María Girón			
9956	Danilo Vaona			
9957	José María Cano			
9959	Donald Canwood			
996	Edgar Lamberti			
9960	Djuric Bertad			
9961	Tavinho Paes			
9962	Kiko Pererira			
9963	Vers. Pedro Medeiros			
9965	Antonio Pérez			
997	Iván Gozón			
998	Daniela Lamberti			
9984	Luciano Beretta			
9985	Barry Mann			
999	Daniel Delgado			
9990	Vito Pallavicini			
9991	Rosario Girón			
9993	Rubén Guzmán			
9995	John F. Colley			
9999	John D. Loudermilk			
12048	Hervé Vilard			
4232	Bob Ohlsson			
9671	Gloria Martín			
1020	Iván Gabaldón			
1434	Fito Páez			
2493	Vytas Brenner			
2507	Carlos Acosta			
2623	Ana Patricia Mondello			
3069	Julio "Mal Tripear Jamás" Alonso			
3225	Humberto E. Lizardo F. "Ike"			
3259	Rafael Greco			
3266	Eddy Pérez			
3493	Nana Cadavieco			
39	Pablo Manavello			
40	Sandro Liberatoscioli			
4026	Edgar Alexander			
4214	Carlos Márques			
4255	Fran Beaufrand			
451	Tweety González			
483	José Luis "Caplís" Chacín			
485	Francisco "Kiko" Nuñez			
515	Luis Oliver			
603	José "Joseíto" Romero			
6293	Rafael Pirela			
646	Alberto Cabello			
656	Arístides Barbella			
657	David "Chapis" Lasca			
6571	Karina Febles Córdoba			
6619	Carlos Vilchez			
711	Dave McNair			
742	Armando Hernández			
7640	Stephen Perry			
7828	Lila Morillo			
789	Luis Pacheco			
830	Rafael López Garnica			
919	Ricardo Mastromónaco			
977	Francisco Belisario			
992	Gabriel "Pepo" Lamberti			
38	Pedro Castillo			
3773	Edgard Marcano			
347	Magdalena Marcano			
773	Tony "Cash" Maestracci			
2173	José Miguel De Robertis			
496	Javier Weyler			
620	Roberto Menéndez			
661	Iker Gastaminza			
674	Domingo Pagliuca			
1800	Carlos Monserrate			
1909	Ricardo Vizcarrondo			
2034	Claudio Cremisini			
2740	Jordi de la Vega			
6864	Joel "Pibo" Márquez			
3617	Carlos Quintero			
3902	Manuel Torcat			
5741	Arnoldo Sergas			
7587	Sergio Pizzolante			
8842	Rafael "Gallo" Velásquez			
6298	Corrado Cammisuli			
8276	Luis Wiener			
9924	Carlos Enrique Jugo			
233	Gerardo Ochoa "Yayo"	true		
305	Guaicaipuro "Waika" Longa	true		
411	Tirone González "Canserbero"	true		
3434	Nicky Scarola			
3435	Stephania Martínez "Teff"			
3470	Edison Lizardo "El Topo"			
3471	Pablo Leandro			
3472	Aixa Soto			
3925	Hany Khawan			
3436	Felix Guerra			
3439	Micki Tedeschi			
344	Jackeline Redondo			
3441	Julio Hung			
3442	Gian Visconti			
3443	Francisco "Chicho" Tedesco			
3444	Luz Marina Anselmi			
3447	Maritza			
3449	Luis Oberto			
345	Marucha Redondo			
3450	Roberto Fuentes			
3642	Víctor García			
11095	Justin Hayward			
11205	Lee			
11207	Carvalho			
1121	Guillermo García			
11217	Leon Huff			
1123	Gustavo Corma "Gus"			
1124	Adrián Salas			
11248	Pat Vegas			
1125	Ninah Mars			
11250	Sylvia Dee			
11254	Giuseppe Faiella			
11256	Norro Wilson			
11258	Cobel			
11262	Nano Chamaro			
1127	Pilucho			
11275	Tony Landa			
11277	Vers. Español Rudy Márquez			
1128	Dave De Santis			
11280	J. Richards			
11281	C. Leing			
11282	J. Darion			
11284	H. Fiallo			
11286	D. Fiallo			
11288	Célestin Ganou			
11290	Amado Jaén			
11292	Martial Carcéles			
11294	Toto Gulio			
11296	Mario Battistella			
11298	G. Guerrero			
11299	Marcel Lattes			
1130	Archy			
11301	Alfredo Le Pera			
11306	V. Kassey			
11307	A. Fairweather			
11308	Robert Maxwell			
11309	Carl Sigman			
11310	John Fogerty			
11311	Buddy Miles			
11312	Bill Whiters			
11313	X. Armengol			
11314	Vecchioni			
11315	Lo Vecchio			
11316	Pareti			
11317	Guilo			
11318	C. Mattone			
11319	Clarence Carson Parks			
1132	Ramón Perruolo			
11320	Ken Lane			
11321	Robert Allen			
11322	Irwing Taylor			
11323	Irving Gordon			
11324	Sam Coisancslow			
1133	Sandro Bassi			
1134	Giuglio Cesare Della Noce			
1135	Nayin Paiva			
1136	Edith Salazar			
1137	Isabel Roch			
1139	José Vicente Ziegler			
1141	Johnna Mena			
1142	Eduardo De Abreu			
1143	Kreils			
1144	Julio D'Hers			
1145	Johann Mena			
1146	Leonardo Córdova			
1147	Ricardo Parra			
11481	Peter Lewis			
11488	Chris White			
1149	Lenis Hurtado			
11490	Dick Cooper			
11492	Beth Beatty			
11499	Mario Panzeri			
1150	Elías Téllez "E.T."			
11500	Lorenzo Pilat			
11501	Gene Busnar			
11502	F. Chanona			
11508	Ivars			
1151	Sebastián González "Sebas/Grimmode"			
11511	Alejandro Tinedo			
11512	Helton Jones			
11513	Harol Harlem			
11514	Carvajal			
11516	Yván Carvajal			
1152	Daniel De Castro "De Castro"			
11520	Jeck Berry-Andy Kim			
1153	Eduardo Waló			
1154	Andrés Simancas "Andrew"			
1155	Iván Loscher			
1158	Carlos Lowenstein			
1159	Julián Camacho			
1160	Iván Higa			
1161	Juan Roura			
1162	José Torres			
11898	Charito			
11899	Los Tigres			
1190	Pablo Minoli			
1157	Xavier Lozada			
11902	Nazareth			
11903	Agua Fresca			
11904	María de Lourdes			
11906	Osvaldo Nunes			
11907	John Macleod			
11908	Tony Macauly			
11909	Mark London			
1191	Ray Ceballos			
11910	Robertha			
11911	Milángela			
11912	Carlos Lico			
11913	Los Honda			
11914	Willie Colón			
11916	José Luis García			
11917	Juan Pablo			
11918	The Rolling Stones			
11919	Juan Carlos			
11920	Renata			
11921	Al Caila			
11922	Johnny Rivers			
11923	Eliseo del Toro			
11926	Tom John			
11927	Billy Strange			
11928	Eddy Castro			
11930	The Thunders			
11931	Eléctrico Luque			
11933	Trino			
11934	Nancy y Carlos			
11935	Antonietta			
11936	José Alberto Mugrabi			
11939	Super Iónicos			
11940	Leopoldo Ojeda			
11941	Raquel Castaños			
11958	Elio Isola			
11959	Giulio Rapetti			
1196	Memo Sánchez			
11962	Los Diablos			
11964	Los Sirex			
11965	Los Mustang			
11966	Los Salvajes			
11967	Dyango			
11968	Abbey Road			
11969	Tony Ronald			
11970	Micky			
11971	Freddy Golden y su Orquesta			
11972	Joe Sherman			
11974	Jimmy Wisner			
11976	Los Náufragos			
11977	The Nashville Strings			
11979	Chambers Brothers			
11980	Tammy Wynette			
11981	Simon			
11982	Garfunkel			
11983	Ray Stevens			
11984	Billy Joe Royal			
11985	Gary Puckett			
11986	The The Union Gap			
11987	The Arbors			
11988	Chad and Jeremy			
11990	Bobby Vinton			
11992	Sweat			
11993	Tears			
11994	Orquesta Karavana			
11995	Emilio y su Conjunto			
11997	Billos's Caracas Boys			
11998	Jesús Estrada			
11999	Los Six			
12000	Los Cliuppers			
12001	Charito con Clemente			
12002	Carmencita Cabrera			
1847	César Mijares			
1850	Marek Jan Wesolowsky			
1851	David Hillyard			
1852	Campa			
1853	Vic Ruggiero			
1854	Mariana Valencia			
1855	Terry Bonilla			
1857	Freyah			
1858	Oscar Pastorelli Paparazzi			
1860	Trina Medina			
1861	Rubén Rebolledo			
1862	Luís García			
1863	Luis Perdomo			
1865	Jesús González			
1867	Fernando Aponte			
1868	Henry Augustus Stephen			
1869	Luís Jesús Ruíz "El Pulpo"			
1870	Pedro Alfonzo			
1872	Martín Adrion Cunningham			
1873	Brian Sledge			
1874	Fernando Vélez			
1875	Miguel Oldenburg			
1876	Mike Wagner			
1877	Glenda Lee			
1879	Renato Esposito			
1881	Maurizio Capone			
1882	Marco Ferra			
1886	David Ulm			
1887	Steve Alpert			
1890	Richard Baily			
1892	Chris Einsworth			
1893	Rebeca Spiteri			
1894	Winston Delandro			
1895	Ernie Guacharaca			
1896	Joy Askew			
1897	Raul D'Oliveira			
1899	Guy Barker			
1900	Carol Kenyon			
1901	Phil Todd			
1902	Chris Masterson			
1903	Haakon Brenner			
1904	Didi Gutman			
1905	Tony Marrony			
1907	John Ellis			
1908	Agustín "Justin" Parra			
1911	Hana Kobayashi			
1913	MC Waidany			
1914	Denis Vilera			
1916	Romains Rosas Borges			
1917	Alejandro Balderrama			
1918	Napoleón Pavón			
1919	Joan Dos Santos			
1920	Richard Parada			
1921	Tomás Fajardo			
1923	Douglas Alvarez			
1925	Juan Pablo Camacho			
1926	Adib Casta			
1927	Mario Seijas			
1928	Jaime Seijas			
1929	Stephen Scott			
3451	Carlos Briceño			
1930	Ricardo Landaeta			
1931	Claudio Cardone			
1932	Dante Spinetta			
1934	Héctor Fuenmayor			
1937	Alejandro "Alejo" Gómez			
1938	Bobby Allende			
1943	Vic Black			
1944	Luis Bolín			
1945	Mario Martínez			
1947	Hernan Ruttel			
1948	Cachorro López			
1951	Sandra Baylac			
1952	Sebastian Schon			
1953	Antonio Vega			
1954	Héctor "Zeta" Bossio			
1955	Gustavo Cerati			
1956	Charly Alberti			
1957	Soraya			
1958	Angie Chirino			
1959	Olgui Chirino			
1960	Wiso Santiago			
1961	Tommy Anthony			
1962	Miguel Ángel "Miky" Huidobro			
1963	Jessie Chirino			
1964	Juan Francisco "Paco" Ayala			
1965	Ismael "Tito" Fuentes			
1950	Ulises Bultrón			
1966	Marcelo Nisinman			
1967	Hernan Kuttel			
1969	Randall "Randy" Ebright			
1970	Xavier Lopez			
1971	Eddie Ganz			
1972	Antonio Carmona Amaya			
1973	Juan Carmona			
1974	Leonardo de Lozanne			
1975	Chaboli			
1976	José Miguel Carmona			
1978	Francisco "Paco" Huidobro			
1980	Nahuel Shajris			
1982	Javier Chá Ramírez			
1984	Juanchi Bailerón			
1985	Michael Rojkind			
1986	Guillermo Vadalá			
1987	Sabo Romo			
1988	Aleks Syntek			
1989	Ira Seagal			
199	Lee Levin			
1991	Fernando Franchi			
1992	Luis Cortez			
1993	Gilberto Ramirez			
1994	Andrés Lar			
1996	Ángel Guadarrama			
1998	Richard Díaz			
1999	Gustavo Insignares			
2	Alí Aguero			
2000	Rafael Arrieta			
2001	Daniel Leza			
2002	Mario Pérez			
2003	José Castillo			
2004	Omar Moreu			
2005	David de Barrios			
2006	Alfonso Duque			
2007	Carlos Henríquez			
2008	Ernesto Marichales			
2011	Carlos Rivera			
2012	Luis Rojas			
2013	Carlos "Chuck" Rodríguez			
2014	Naya Bass			
2016	Gabriel Arbiza Zuluaga			
2017	Pablo Sosa			
2018	Fauadz Kassen			
2019	Arnoldo Freitez			
202	Daniel López			
2020	Ronny Freitez			
2022	Eduardo Daza			
2023	Fuaz Kassen			
2025	Victor López			
2026	Giancarlo Picozzi			
3453	Moisés Szarf			
2027	Giorgio Picozzi			
203	Paquito Echavarría			
2035	Wolfgang Vivas			
2037	Meiver Acuña			
2038	Alberto Sanchez			
2039	Hugo Dwyer			
204	Alejandro Campos			
2042	Jesús Acosta			
2045	Alejandro León			
2046	Abel Cañizales			
2047	Ricardo Bigai			
2048	Yudnara De Ridder			
2049	César Chacón			
2032	Manolo Alvarez			
2044	José Martínez			
2050	Guillermo Díaz			
2052	Javier Sauma			
2053	Félix Luongo			
2055	Maikel González			
2056	Pablo Isola			
2648	Willy Pérez			
2652	Mariano Pérez			
2664	Rafael Cadavieco			
2665	Miguel Padrón			
2666	Dick Beetham			
2669	Erik Aldrey			
2672	Chris Athens			
2675	Oscar De Jesús Colina			
2676	Greg Roberts			
2680	Jesús Torres			
2682	José Inciarte			
2683	O. J. Colina			
2688	Albert Arroyo			
2690	Leonardo Tani			
2693	Andrés Galavis			
2694	Juan Carlos Trujillo			
2695	Antonio Fernández			
2696	Javier Martínez			
2697	RCA "Nutria"			
2698	Asier Cazalis			
2699	Enrique Rodríguez			
27	Odilo Rodríguez			
2702	Gil Sansón			
3455	Luis Burke			
3456	Frank Cordido			
2705	Cheo			
2706	Ricardo Pana			
2709	Candy 66			
2710	Jonattan Humpierrez			
2711	Ramiro Canosa			
2712	Marguerite Labroid			
2713	Pablo Martínez			
2714	Pancho Salazar			
2715	Pierre Lanffer			
2719	Arturo Hensen			
2720	Esther Cohen			
2721	Paz Alejandra Hidalgo			
2722	Poindexther			
2723	Daniel Fernández			
2724	Lorenzo Leal			
2725	Ofelia Brito			
2726	Miguel Molina			
2727	Dario Sosa			
2728	David Peña			
2729	Aracely Fernández			
2730	Alissa María Lovera			
2731	Alberto Duhau			
2732	Juan Belisario			
2733	Andrés Story			
2734	Héctor Tosta			
2735	Orlando Mangan			
2738	Fransays Delgado			
2739	Joan La Riva			
274	José Chema			
2741	Roger Nuñez			
2744	Zoltan Kunkel			
2745	Fernando Carrasquel			
2746	Daniel Davila			
2747	Frank Pardo			
2748	Horacio Chacin			
2749	Octavio Paredes			
275	Mike Thompson			
2751	Johenis Angarita			
2753	José Mendez			
2754	Jonathan Angarita			
2756	Carlos Da Palma "Palmito"			
3457	Manuel Alayeto			
4002	Matía Medina			
2757	Alejandro Salas			
2758	David de Oliveira			
2759	José Angel Demey			
276	Carlos Santos			
2760	Manuel Barrios			
2761	Gregory Palencia			
2764	KPU			
2765	Luis Muños "Gbec"			
2767	Alfredo Demey			
2768	Raúl Agraz			
2769	Luis Mauricio Cepeda			
277	Rubén Riera			
2770	Manuel Enrique "Manry" Pérez Olivares			
2771	Ykai Ledezma			
2773	Luis Rivero			
2774	Federico Brito			
2775	Pablo Santaella			
2777	Noel			
2778	Rafael Quintero			
2779	Enrique Sanguino			
2780	Juan León			
2782	Julio Veloz			
2772	Glen Tomasi			
2783	Remicio Piñate			
2785	Efrain Osuna			
2786	Ryan Downe			
2787	Phillip Steir			
2788	Fred Kevorkian			
2791	Ali Venturini			
2792	Scheherezade			
2793	Selene Quiroga			
2794	Andrés Freites			
2795	Nereyda			
2796	Betzaida Machado			
2798	Dr. Faustus			
2799	Ermeson Rodríguez			
28	Rafael Alterio			
280	Pedro Vilela			
2801	Euli Essá			
2802	Manuel Buttá			
2803	Claudia Campos			
2804	Pablo Slam			
2806	Inti de Manes			
2808	Héctor Vielma			
2809	Felipe Campos			
281	Omar Quintero			
2810	Ernesto			
2812	Simón			
2813	Emmerson			
2815	Fidel Rojas			
2816	Hugo Mármol			
2817	Alejandro Paredes			
2818	Humberto Meza			
2820	Utam			
2821	Aquiles Cortina			
2822	Leonardo Picó			
2823	Pablo Vencid			
2824	Guillermo Mora			
2825	Diego Shapira			
2827	José León			
2828	Rubén D'Hers			
2829	Maribel Vila			
2831	Kenys Santiago "Ríal Guawankó"			
2832	Marlon Morales "Lou Fresco"			
2833	Robzayda Marcos			
2834	Lou Fresco			
2835	Pablo García			
2836	Danilo Amerise Díaz "Dano"			
2837	Gustavo Aldrey			
2838	Leandro "KPU" Añez			
2839	Joyner Lares "Nasty Killah"			
2840	Juan Carlos Melian			
2841	Ibsen Rosales			
2842	Leonor			
2843	Alejandro Pérez			
2845	Johnnie Maneiro			
2846	Morela Medina			
2847	Ricardo Rojas			
2848	Angel Silva			
2849	Lily			
2851	Héctor Rojas			
2852	Saúl Vera			
2853	Glenn Tomassi			
2854	Luis Enrique			
2856	Silvano Monasterios			
3458	Eddie Cordero			
3459	Luis Martinez			
2858	Gustavo Guerrero			
2859	Álvaro Cordero			
2863	Maurio Scavroni			
2864	Nelson Ruíz			
2865	Luís A. Medina			
2866	Alexis Hernandez			
2867	Andrés Trigo			
2869	Ivo			
2870	Alfredo Padilla			
2871	Simón Hernández			
2872	David Azuaje			
2873	Henry Kamba			
2874	Armando Guerra			
2875	Gustavo Colón			
2876	Miguel Arellano			
2877	Gustavo Merchan			
2878	Hector Di Donna			
2879	Bernardo Montoto			
2880	Simon Alvarez			
2881	Carlos Bernaccino			
2882	Abel Pedro De Freitas			
2883	Francisco Alvarado			
2884	Isais Urbina			
2885	Héctor Miranda			
2886	Rafael Pino			
2888	Pablo Mora			
2889	Luis José Otamendi			
2890	Samuel Arcas			
2891	Kuámasi González Vidal			
2894	José Luis Pimentel			
2895	Milena Paparoni			
2896	Víctor Manuel Bolívar			
2897	Julio César Sánchez			
2898	Gbec			
2899	Fabian Andrés Arzola			
2900	Rommel Córdoba			
2901	Juan Pablo Castillo			
2903	Laboratorio Suda-k			
2904	Alejandro "Niño" Berti			
2908	Scott Steiner			
346	Soraya La Riva			
29	Rubén "Micho" Correa			
291	Tadeo Díaz			
2910	Nelso Arrieta			
2911	Carlos E. Velasco Figueredo			
2912	Maurice Reyna			
2913	Julieta B. Figueredo Carbonel			
2914	Ignacio Velasco Figueredo			
2915	Isabella Castillo Hernández			
2916	Juan A. Velasco Figueredo			
2917	Pepe Leo			
2918	Lorena Neto Téllez			
2919	Paola Maldonado Téllez			
292	Gina Callaghan			
2921	Julien Jabre			
2922	Dario Salinas			
2923	Gabriel Gavidia			
2924	Ulrich Navas			
2925	Humberto Isea			
2926	Gonzalo González			
2927	Lerryns Hernández			
2928	Silvia Márquez			
2929	Ager Oganessian			
293	Daniel Ramírez			
2930	Hans Jurjaanz			
2931	Rodika Stanculescu			
2932	Pedro Guerrero			
2933	Iván Díaz			
2934	Paul Miller			
2935	Rosangela Bustillos			
2936	Angel Gimeno			
2937	Marcos Valera			
2938	Randy Laya			
2939	Osane Ibañez			
2940	José Olmedo			
2941	Laura Castro			
2943	César Alberto Somoza			
2944	Clemente Hernández			
2945	Marco Ciargo			
2946	Armando Ortega			
2947	Rodrigo Yoma			
2949	Victor Manuel López			
2950	Valery Knox			
2952	Gianni Fedele			
2953	Facundo Coral			
2956	Marcella Mosca			
2958	Aly Castillo			
2959	Eduardo Sáez			
2960	Omar Amado			
2961	Porfirio Torres			
2963	Franco Lemus			
2964	Linda Lee			
2965	Daniela Henriquez			
2967	Steve Choi			
2968	Alfredo Escalante			
2969	Pedro Wazzan			
370	DJ Metra			
297	Samuel Marinelli			
2971	Mauricio Hernández Blanca			
2974	Tony Blunt			
2975	Adriana Solórzano			
2977	UE Nastasi			
2978	Daniel Moreno "Dan"			
2979	Harry Hirsh			
298	Samy Zelaa			
2980	Ángela Smith			
2981	María Rosa Domingo			
2982	Stefan Czyl			
2986	Wiston Mandelblum			
2991	Tomas Enrique Pérez			
2995	Jorge Marin			
2996	Daniel "Mono" Briceño			
2997	Fernando "Fer" Rodríguez			
2998	Juan Carlos Figueroa			
2999	Alex Gamardo			
3	Benjamín Brea			
3460	Alejandro Serna			
3461	Pedro Tosta			
30	Aldemaro Romero			
3000	Daniele Nocera			
3001	Ricardo Jiménez			
3003	Alina Del Castillo			
3004	Luis Marcano			
3005	José Ignacio Mateis "Naxxo"			
3007	Miguel Angel Sojo "Micky"			
3008	Nick Litwin			
3009	David Leon			
3011	David Rondón			
3012	Sacha Torres			
3013	Diego Fuenzalida			
3014	Gionet Todesco			
3016	José Antonio Blanco Angulo			
3018	Cristina Hernandez			
3019	Wladimir Quintero			
3020	Daniel Medina			
3462	Hilario Godoy			
3463	Luis Couto "El Portu"			
3006	Carlos Figuera			
3010	Ernesto Figuera			
3021	Francisco Rojas			
3022	Octavio Suñe			
3023	Antulio Mora			
3024	Mejda Agosti			
3025	Diane Bond			
3026	Sheila Wassington			
3028	Juan Pablo Solari			
3029	Don Chicho			
303	Iván Ochoa			
3033	Mariano Godoy			
3034	Eduardo Benatar			
3036	Let Arteaga "DJ Let"			
3037	Carlos Isaac			
3038	Guillermo Moreno			
3039	MCKLopedia			
3040	Pedro Misle			
3041	Phil Palmer			
3042	Marco Forni			
3044	Rafael Paz			
3046	Jacek Zygan			
3047	Ian Cooper			
3049	Cuco Pérez			
3051	Adrián Suarez			
3052	Carlos Jorge García			
3700	Eduardo Cárdenas			
3032	Carlos "Tato" Rodríguez			
3054	Maria Corina Álvarez			
3055	Laura Guevara			
3056	Luis Alejandro Arcas			
3057	Valentina Landaez			
3058	Maurimixxx			
3059	Gloria Cavatton			
3060	Miguel Toro			
3061	Lisbeth Arcas			
3062	Valentina Álvarez			
3063	Rafael Saez			
3064	Edcel Lanz			
3065	Reinaldo Villa			
3066	Fonograma C.A			
3067	Abraham Salas			
3068	Leonardo Márquez			
307	Julio Rojas			
3072	Ender Parra			
3073	Gustavo Marvez			
3074	David Santiago			
3075	Gustavo Galin			
3076	Miguel Alba			
3079	Riccardo Lombardi			
308	Miguel Cabrera			
3080	Daniel Delgado Arocha			
3081	Dihemal Arredondo			
3082	Laia Rovira			
3083	Laia Sellarés			
3085	Víctor Rodríguez			
3087	Claudio Campos			
3088	Jorge Peña "Korge"			
3089	Patricio Marín "Pato"			
309	José Antonio Pereira			
3091	Oscar Gómez			
3092	Jesús Castillo "Cuco"			
3093	Francisco Correa			
3096	Alfred Gómez			
31	Armando Lovera			
3100	Daniel Grau			
3101	Miguel Angel García			
3102	Martín Camacho			
3105	Jesús Bosque			
3106	David			
3108	Jack Adams			
3109	Jorge Luis De Las Salas			
311	Inty Perez			
3090	Mariana Suárez "Maly"			
3110	José María Casas			
3111	Jonás "Tabasco" Hidalgo			
3112	Peter Akselrad			
3113	María Gabriela De Faría			
3114	Milena Torres			
3115	Michaela Castelotti			
3116	Dennis Smith			
3118	Diego Ortells			
3119	Matías Zapata			
3120	Magalí Bachor			
3121	Anabella Levy			
3122	Willy Lorenzo			
3123	Jota Morelli			
3124	Alan González			
3125	Nicolás Kalwill			
3127	Walter Velásquez "Mosca"			
3128	Daniel Ianniruberto			
3129	Rod Fuller			
313	Nestor Pérez			
3130	Diego Hernríquez			
3131	Paulo De Oliveira			
3132	Ángela Gugliotta			
3134	Rafael Güerajé Martínez			
3135	Carlos Vaso			
3136	Steve Fallone			
3137	Dawer Romero			
3138	Roberto Rico			
3139	Tri-D			
3117	Reinaldo Zavarce			
314	Fernando Carías			
3141	Julio Rodríguez			
3142	Moisés Carmona			
3143	Luis José Pérez Viloria			
3144	César Maldonado			
3145	Keivin Campos			
3147	Bob Michaels			
3148	Carlos Izsak			
3149	Martín Imhof			
3150	Fidel González			
3151	María Imhof			
3152	Gustavo Ovalles			
3155	Joanna Vega			
3156	Carmen Rosa Alvarez			
3157	Leonardo "Leo" Borges			
3158	Benigno Medina			
3159	Johnny Rudas			
316	Antonio Ave			
3160	Henrique Portugal			
3161	Miguel Urbina			
3162	Haroldo Ferreti			
3163	Samuel Rosa			
3164	Lelo Zaneti			
3165	Juan Esteban Aristizábal "Juanes"			
3166	Alejandro Rosso			
3167	Milton Pacheco			
3169	Fernando Tobón "Toby"			
3473	Luis Sosa			
317	Miguel Ángel Echevarreneta			
3170	Natalia Slipak			
3172	Ramon Ortiz			
3173	Sergio Curbelo			
3174	Alejandro Conde "Al-Jay"			
3176	Eduardo Paniagua			
3177	Harold Hopkins Miranda			
3178	Patricio Chapa Elizalde "Pato"			
3179	Gabriel Vigliensoni			
3180	Fermin IV Caballero Elizondo			
3181	Pablo López			
3182	Marcelo Muñoz			
3183	Antonio Hernández "Toy"			
3184	Guillermo Luis Valentinis "Willie"			
3185	Marcelo Blanco			
3186	Juan Alfredo Baleirón			
3187	Diego Blanco "Chapa"			
3188	Gastón "Moreira" Goncalves			
3189	Ariel Fernando Raiman "Topo"			
319	Elines Essa			
3190	"Soraya" Raquel Lamilla			
3191	Felix González			
3192	Horacio Avedaño "Horace"			
3193	Ricardo Valdivieso			
3194	ARK21			
3195	Roberto Valdivieso			
3197	Luis Silva			
3198	Victor González			
3199	Carlos "Kako" Enrique Guzmán			
32	Daniel Somaroo			
320	Cheo González			
3200	Gabe			
3201	Gustavo Girón			
3202	Eric Colón Moleiro			
3203	Luis Araujo			
3206	Ricardo Tirado "Reta"			
3207	Enrique García			
3208	José Andrés Blanco "Blanquito Man"			
3209	Johnnie Fiñana			
3210	Domingo Guzmán			
3211	Ricardo Alvarez			
3212	Oscar Sucheni			
3213	Cosme Liccardo			
3214	Heberto Añez			
3215	Ruben Paiva			
3216	Gustavo Aranguren			
3217	Luis Eduardo Blanco "Negrito Man"			
3218	Pablo López Herrera			
3219	Henry Villalobos			
3221	Richy Flores			
3227	Frank Cesarano			
3229	Chapis			
3230	Wilfredo Roldán			
3232	Dave Wonsey			
3233	Francisco Ascanio			
3234	Enrique Lazo			
3235	Simón Díaz			
324	Henry			
3240	Jessica Sauma			
3241	Columba Alfonzo			
3244	Victor Mestas			
3245	Jean De Las Salas			
3246	Sophia MacRae			
3247	Joel De Las Salas			
3249	Carlos Martini			
3250	Carlos Gómez			
3251	Roming Calderón "Blood 69"			
3252	Jonathan Quinto			
3253	Syama Maya Das			
3254	Ismael Vásquez			
3255	Ana Elba			
3257	Rafael Rey			
3258	Luz Marina			
326	Juan Luks			
3261	Sección De Cuerdas De Carmelo Russo			
3262	Hermes Carreño			
3263	Lido Guarnieri			
3264	Eliazar Yanez			
3265	Edgar Zambrano			
3256	Miguel Blanco			
3269	Mariano Lantigua			
3270	Ojo Fatuo			
3271	Fred Madison			
3272	Álvaro Serrano			
3273	Anser Olivo			
3274	Pedro Vengoechea			
3275	Mickey Martínez			
3276	Roberto Lantigua			
3277	Carlos Alberto Abuchaibe Ferreira "Cabeto"			
3278	José Vizcaíno			
328	DJ Castro Guillén			
3280	Alejandro Huizi			
3281	José Aroyo			
3282	Nino Mayorca			
3283	Robert Gibiaqui			
3284	Ragatek MC			
3285	Rogelio Gutiérrez			
3286	José Rafael "Cucaracha" Gómez			
3287	Eddie Cisneros			
3288	Pepsicola Panamericana			
3465	Mickey Tedeschi			
3289	Freddy Marshall			
329	Damián Santilli			
3290	Pablo Estacio			
3291	Julio Andrade			
3292	Manuel Peralta			
3294	David González			
3295	José Miguel "Chemi" Gutiérrez			
3297	Felipe Montemayor			
3298	Samuel Flores Pontiles			
33	Henry Martínez			
330	Israel Romero			
3300	Dagnel Torres			
3301	Wilfredo Rivero "Wil Punk"			
3302	Pedro Vásquez			
3303	Juan José Verde			
3304	Miguel A. Yamin			
3305	Paúl Jatem Laguado			
3307	Chesi			
3308	Anita Alvarez			
331	Mkv			
3312	C. Mil Anos			
3313	Limbo			
3314	José Patiño			
3315	Alfredo Barranco			
3316	Manuel Moráis			
3317	José Ramoncini			
3318	Emiliano Bruguera			
3319	Otto			
332	Gotur			
3320	Pablo Torres			
3321	Gambuche			
3322	Alejandro Padrón			
3325	Daniel Jelinek "Cheky"			
3326	Aymara Padrón			
3328	Milo Froideval			
333	Rojo			
3332	Luis "Luca" Ortega			
3333	Miguel "El Mopri" Padrón			
3334	Pascual Reyes Llanas			
3336	Guillermo Dominguez			
3337	Guillermo Velázques			
3339	Héctor Bessón			
334	Psycho			
3340	Humberto Pérez "Hum"			
3341	Marco A. Ramirez			
3342	Jesús Arreaza "Flero"			
3343	Ignacio Pérez "Nacho"			
3344	Orlando "Mangan" Martínez			
3345	Motora			
3347	Marcelo Rivas			
3348	Miguel Ferrer			
3349	Efren Jhoel			
335	Orlando Acosta			
3350	Héctor Parada			
3351	Fernando Alarcón			
3352	Dennis Mattey			
3353	Carlos "Turbo" G			
3354	Jesús Sanoja			
3355	Andreína García			
3356	Rolando Briceño			
3357	Mario Fernández			
3358	Andrés Segado			
3359	Leo Quintero			
336	Didier Moreno			
3360	Eduardo Cabrera			
3361	Javier Avellaneda "Vieja"			
3362	Alejandro Castro "Aleco"			
3363	Oscar Cartagena "DJ Ortokore"			
3364	Freddy Hung "Chino"			
3365	José Luís Lairet "Gato"			
3366	Pablo Rodríguez Potts			
3367	Giancarlo Vesce			
3368	Roberto Jirón			
3370	Daniel Rouleau			
3371	Juan Francisco Manrique			
3372	Julieta Carbonell			
3373	Alejandro Carrizales			
3374	Leo Alvarez			
3375	Diana Meza			
3376	Jorge Montenegro			
3377	Rubén Pino			
3378	Jesús Pieters			
3379	Gilberto Simoza			
3380	Alba Quintanilla			
3381	Alexis Romero			
3382	by Jesús Jiménez			
3369	Francisco Villanueva			
353	Eduardo Hernández			
3530	Mark Friedman			
3531	Miguel Blasco			
3532	Robert Obeso			
3533	Luciano Luisi			
3534	Sergio Marín			
3535	Gae Diodato			
3537	Giancarlo Ippolito			
3538	Dan van der Elskenat			
3539	Victor Moreno			
354	Juan Carlos Relleti			
3542	Antonieta Mastropaolo			
3548	Evelyn Biggott			
355	Horacio Carrasquero			
3550	Francisco Salazar			
3552	Lisandro Castro			
3553	E. Marcano			
3554	Carolina Alanis			
3555	Gustavo González			
3556	Paul Stein			
3557	Frank Vincent			
3558	Alejandro Pérez Rodríguez			
3559	Juan Arevalo			
356	German Roche			
3560	Vianet García			
3562	Inocente Carreño			
3565	Cesar Roldán Jr			
3566	Charles Sweeps			
3568	Carmelo Russo			
3569	Sigfrido Chiva			
357	Luis Ibarra			
3570	Nil Nicolau			
3571	Cristian Ubiergo			
3572	Christian Núñez			
3573	Luis Freitas "Luigi"			
3574	Ricardo Carvajal			
3575	Rodrigo Núñez			
3577	José Antonio Araque			
3578	Federico Lamberti			
3579	José Gabriel Baptista			
358	Miguel Fuentes			
3580	Ricardo Adrianza			
3582	Andreína Casanova			
3583	Carlos Urbaneja			
3584	Gonzalo Zubillaga			
3585	Jorge Núñez			
3586	Boris Jticov			
3587	Francisco Molo			
3588	Rony Belo			
3589	Hector Palma			
359	Carlos Toro			
3590	Miguel Sore			
3619	Juan Santana			
3591	Eleazar Arias			
3593	Nelson Morillo			
3594	Hernán Montalbán			
3595	Felipe Malagón			
3596	Alvaro González			
3597	Maricruz Quintero			
3598	Juan Mario Rubiano			
3599	Ysidro Sore			
36	Pedro Flores			
3600	Santiago Niño			
3601	Zenaida Riera			
3602	Reynaldo Morales			
3603	Doris Eugenio			
3604	Joel Martínez			
3605	Gonzalo Teppa			
3606	Fanny Barrios			
3607	Anabella			
3608	Rubén Márquez			
3609	Patricio Díaz			
361	José Luis Abasolo			
3610	Pyscho			
3611	Charles Alexander "Carlos Quintero"			
3612	Alejandro Pérez Hernandez			
3613	Osmín Rojas			
3615	Zarik Medina			
3616	Iñigo Ayala			
3644	Daniel Luces			
3645	Miguel Corales			
3646	Francisco Ynciarte			
3647	Angel Inciarte			
3648	Robert Fuenmayor			
365	La Barra Brava Oceánica			
3650	Bertrand Cape			
3651	Luis Leonardo López			
3652	Rafael Peñalver			
3654	Neomar Sánchez			
3655	Leo Márquez			
3656	Eddi González			
3658	Elena Prieto			
3659	Marcos Chacón			
366	Julio Briceño			
3660	J. A. Pérez			
3661	Giovanni Ramírez			
3662	Victor Villalba			
3663	Van Walter			
3664	Xioxoix González			
3665	Radames Marín			
3666	Price			
3667	Alexis Velásquez			
3701	Manuel Albaya			
3669	Henry Velásquez			
3670	Juan Carlos Pérez Ozaeta			
3671	Edwin Canchica			
3672	Eduardo Osorio			
3679	Gustavo Montaño			
368	Las Mayorca			
3680	Chucho			
3681	Ruper Vásquez			
3682	Olbin Burgos			
3684	Miguel Angel Alonso			
3687	Fernando Damas			
3688	Robert Nesta Marley			
3689	Kleyver Requena			
369	Delia			
3690	Alejandro Sepúlveda			
3691	Willie Mendoza			
3692	Gustavo Barrios			
3693	Fabio Valery			
3694	Rafael Murga			
3695	Oscar Valencia			
3696	Moraes			
3698	Alejandro Saume			
3699	Gustavo Acevedo			
37	Silvio Rodríguez			
3674	Croj			
3708	Hannibal Maldonado			
3709	Bernardo Borrat			
371	Richardo Anthes			
3713	Robin Morán			
3714	de Oliveira			
3715	Iguana			
3717	Valentino Thompson			
3718	María Virginia Salinas			
3719	Richard Romero			
3721	Tito Prado			
3723	Irving Blanco			
3724	Julio Blanco			
3725	Bélica			
3726	Ronald Calderón			
3727	Avi Dadidovits			
3728	Elys Rendón			
3729	Oscar Urrutia			
373	Geraldine Citti			
3731	Gustavo Borrero			
3732	Antonio Mazzei			
3733	Omau			
3738	Leonardo Medina			
374	Mike Stern			
3742	Enrique Gal			
3744	Lounge Mix			
3711	Tony Mardini			
3748	David Nez			
3749	Reinaldo Rangel			
375	Nestor "El Chino" Meneces			
3750	Fernando Cáceres			
3753	Meg			
3755	Play			
3757	Thamara Bryson			
3758	Company			
3759	Agustín Lara			
3760	Dalia Ferreira			
3761	Andrés Manner			
3762	Trevor Corniliac			
3763	Alberto Flamini			
3764	D.R.			
3765	Yátu			
3766	Euro Zambrano			
3767	Abraham Gustin			
3768	Samuel Sánchez			
3769	David Dávila			
3770	Dennys Ranamax			
3774	Eduardo Malavé "Edu"			
3776	George Harrison			
3777	Gilberto Lazo			
3778	Fernando Villasmíl			
3779	Kevin Lovera			
378	Rafael Araujo			
3780	Emmanuel Acurero			
3781	Gonzalo Micó			
3782	Kenmanuel Araujo			
3783	Héctor Machado			
3784	Diego Marin			
3785	Nelson González			
3786	Héctor Rufino			
3787	Carlos Arturo			
379	Leandro Rodríguez			
3791	Cristhopher León			
3792	Ronald Hobaica			
3793	Raziel Rodriguez			
3794	Gustavo Casa			
3795	Guillermo Bermudez			
3796	Sandy Izaguirre			
3797	Esteban Ruíz			
3798	Luis Sisino			
3800	Germán Gigante			
3802	Pablo Díaz "Ivo"			
3803	El Loto Azul			
3804	Mario Siperman			
3805	Enrique Piñero			
3806	Mauro Pérez			
3807	Héctor Cantor			
3808	Carlos del Valle			
3809	Andrés			
381	Wisam Salaheldin			
3811	Ringómes			
3812	Jorge Espinoza			
3813	Freddy Dugarte			
3814	Hendrickson Gutierrez			
3816	Mirelys Dugarte			
382	Eduardo López			
3820	Jhorman Tellechea			
3821	Jean Sanchez			
3822	Jo Semi			
3823	Gabriel González			
3824	Ronny Borges			
3825	Edgar Vivas			
3827	Wladimir Rancho			
3828	R. Rada			
3829	José Baptista			
383	DJ MCK			
3830	César Rodríguez			
3831	Roberto Bush			
3833	Nino Parisi			
3834	Carlos Caminos			
3836	Ignacio Rodón			
3837	Saro Puccia			
3838	Luis Betancourt			
3839	Frankie Neal			
3841	Ricardo Alcalá			
3842	Richard Goitía			
3843	Francesco De Cristofaro			
3845	Luis Arismendi			
3846	Juan Carlos Viloria			
3848	Fonográfica Del Zulia			
3849	Louis Pola			
385	Juan Manuel Roura			
3850	Johan Escalona			
3851	Alvaro Villalobos			
3852	Gabriel García			
3853	Matias Beyer			
3855	Yngrid Alvarez			
3856	Carmelo Medina			
3857	Yesenia Flores			
3858	Yude Ruiz			
3859	Yessica Vera			
386	José Luis Pardo			
3860	Bárbara Baldirio			
3861	Arturo Banus			
3863	Alberto Brito			
3864	Sono 2000			
3866	Nahuel Sosa			
3868	José Antonio Bordell			
3869	Claudio Michelli			
3870	Daniel Camous			
3871	Ramón Valery			
3873	Julibeth Sosa			
3876	Lucy Rodríguez			
3878	Reinaldo Bordones			
388	Hernán Alfonzo			
3881	William Sigismondi			
3882	González			
3883	J. A. Jiménez			
3885	Marcos Afanador			
3889	Genevieve Planchart			
3890	Anidesonido			
3891	Carmen Landa			
3893	Lorena Sulbaran			
3894	Intersonido			
3895	Juan Sara			
3897	Juan P. Di Polo			
3899	Irma Rodríguez			
3926	Luis Gerardo Tovar			
3927	Antonio Moratilla			
390	José Rafael Torres			
3900	Franco Castellani			
3901	Tino Carrasco			
3903	Anthony Rondón			
3905	Jorge Flores			
3907	Eduardo Martínez			
3908	Eric Doren V.			
3909	Juan Carlos Bordell			
3910	Jesús Bordell			
3911	Jonás Goméz			
3912	Corrado Cathisuv			
3913	De Sousa			
3914	Mario Alfonzo Bravo			
3915	Fernando Fernández			
3917	Lorien			
3918	Mario Sellés			
392	Alberto			
3921	Jorge Fariñas			
3922	Vicente Freijero			
3923	Musigrama			
3924	Bill Day			
3929	Maiah			
3930	Daniel Lagoa			
3931	Pedro Guevara			
3932	Guillermo Pérez			
3934	Alejandro "Nene" Pérez			
3936	Romiman A-K Center Feel "Roming Calderon"			
3937	Keyen López			
3938	Víctor Morón			
3939	Stefan Gosewinkel			
394	Fauna			
3940	Dionisio Díaz			
3941	Marcos Marrero			
3942	María Rosario Paolini			
3943	Rubén Soto			
3944	Caroline Pizzinato			
3946	Telearte			
3947	Jorge Victoria			
3949	Se Encienden Fuera			
3952	Luis Accorsi			
3953	Allan Duseland			
3954	Leonardo Borjas			
3956	Erick García			
3957	Rafael Pannacci			
3958	Iván Toledo			
3959	Renzo Lucena			
396	Erik			
3960	Eliécer Rodríguez			
3964	Camilo Velandia			
3965	Oriana Urdaneta			
3967	Brian Milán			
3968	Luis Fraino			
3969	Leonardo Bracho			
3970	Jean Paul Arcay			
3971	Freddy Piñero Jr.			
3972	María Teresa Chacín			
3973	Live Session			
3974	Dead-Mix			
3975	Jorge Toledo Kohury			
3976	Alessandro Marauda			
3977	Leonardo Lovera			
3979	Asdrúbal Pinto			
398	Faraón			
3980	Mango Funk			
3983	Luis Palencia			
3984	Marco Velazco			
3985	Rick Delgado for RDH Design			
3988	Sixto Nolasco			
3989	Cristopher Salvatierra			
399	Milton			
3992	Franklin Salavarría			
3993	Big Bass Brian			
3995	Carlos Saavedra			
3996	Máquina Animal			
3997	Gerardo Torrez			
3998	Alejandro Briceño			
3999	Ciro Belandría			
4	José Mena			
400	Juan Casanova			
4000	Alexis Mattey			
4001	David Segura			
4243	Kris Alfaro			
4003	Leo Rodríguez			
4004	R. Miguel Ramírez			
4005	José Barrios			
4006	Fernando Sanabria			
4007	Genaro Di Luca			
4008	Diego Maldonado			
401	José Morato			
4010	(Electric Freak Designs)			
4011	Willy Reyes			
4013	Félix Hoffmann Dorner			
4014	S.Robinson			
4015	Metempsicosis			
4016	Audiomatrices			
4017	Gustavo Dao			
4019	Yasmil Marrufo			
402	Def P			
4024	Alejandro Lerner			
4025	Ric Poulin			
4027	César Pueyrredon			
4028	Pablo Milanés			
403	Daniel Tello			
4031	Lorenzo			
4033	Juan Pablo Núñez			
4034	Carlos Luis Sanchez Becerra			
4036	Belisario Carrullo			
4039	Daniel Husayn			
404	Nené Vázquez			
4040	Edgar Aponte			
4041	EQStudio			
4043	Sean Cooper			
4044	Christophe Szpazjdel			
4045	North London Bomb Factory			
4046	Elio Torres			
4047	José Quintero			
4048	Jaime Chang			
4049	Rigel Garce			
4050	Manuel Aumaitre			
4051	Arturo Altuve			
4052	Nicolas Boada			
4053	Thomas Sánchez			
4054	Raúl "Zack" López			
4056	Pedro Capón			
4057	Domingo Hernández			
406	Guillé Vadalá			
4060	Caterina Nastassi			
4063	Ibelís Garzón			
4066	Yves Roussel			
4067	Kathleen Reitich			
4068	Ricar-2			
4069	Mikel Iceta			
407	Antonio Jiménez			
4070	Némesis II			
4071	Manuel Guinand			
4072	Caterwu Sounds			
4073	Karen Vanessa Pita			
4074	Caribay Saavedra			
4075	Ysmael Rodríguez			
4076	Carlos Meléndez			
4079	Marco del Cazzo			
408	César Jara			
4080	Sabrina Capón			
4083	Ian Puccia			
4084	Cristán Teppa			
4085	Simeón Paredes			
4086	Juan Lazos			
4087	Yohaisi			
4088	Paul			
409	Nino			
4090	Gillman			
4092	Material de Desecho			
4094	Jacques Mottet			
4095	Carlos Ramos			
4096	Samuel Quiros			
4097	Paul Eliott			
4099	Disc Makers			
41	Peter Daniel			
410	Juan Marcos Cebrián			
4101	ABI Gerencia Gráfica			
4104	Vside			
4106	Niñozeroes			
4328	Nancy Aidé			
4112	Armando Castellanos			
4113	Rubén Rivas			
4114	Dr. Dos Malandros			
4117	Carlos Baute			
4119	Bitsessions			
412	Martika			
4124	Beau Graely			
4126	Vanessa Guerrero			
4127	Luis Esparza			
4128	Pachi Jiménez			
4129	José Antonio Oviedo			
413	Gillian Caballero			
4130	Sebastián "Sebasplay" Nuñez			
4131	Maximo "Cari Cari"			
4133	Salvador Gozzo			
4134	Balbino			
4135	Alberto Reverón			
4137	Mariela Vargas			
4138	Peter Mew			
4139	Yumber Vera			
414	Panda			
4140	Vicente Corostola			
4143	Masterpress			
4144	Gonzalo Galavis			
4145	Luis Alemán			
4146	Arianí Pinto			
4147	Perales			
4148	Juan Daniel Perales			
4149	Marcel Roo Araya			
415	Andreas Frege "Campino"			
4150	Luis "Tato" Rivas			
4156	Fernando Urdaneta "Fercho"			
4159	Nacho Mattey			
416	Rubén Albarrán			
4160	Luigi Di Nuzzo			
4161	Antonio Pinto			
4162	Luis Salas			
4163	Manuel Vílchez			
4164	Gabriel Chaparro			
4165	Mario Latouche			
4168	Oscar Aldrey			
4169	Daniel Urbina			
417	Henry Casalta			
4171	Gerardo Urriera			
4172	Guiomar Hernández			
4173	Lena Stramaglia			
4174	René Márquez			
4175	Allen Candela			
4176	Eduardo Arias			
4177	José Mautahusen			
4178	Asdrúbal Urdaneta			
4179	Alejandro Florez			
418	Kanikazu Tanaka			
4181	Freddy Guzmán			
4184	Gerardo Avendaño			
4185	Backline			
4188	German Domador			
4190	Mr. Soul			
4191	Lemon Pie			
4193	Ronald Bonilla			
4195	Juan Carlos Ayala			
4196	Música Expresiva			
4197	B.D. Smith			
4198	David Hyam			
42	Vers. Esp. S. Nuñez			
4200	Miguel Antelo			
4203	Luis Alva			
4205	Luis Guillermo González			
4206	Mussa			
4208	The Stable			
4209	Patrizia Manoni			
421	Williams Silva			
4212	Alejandro Blanco Uribe			
4216	Eduardo Capuano			
4218	Johnny Bastidas			
422	Jorge Ramírez			
4220	Islander Boza			
4221	César Ramírez			
4222	Jeanfreddy Gutiérrez			
4225	Leonardo Guédez			
4229	Bill Wathen			
4236	Angelo Graffe			
4237	Gustavo Silva			
4241	Salvatore Cipriano			
4244	Javier Espinoza			
4245	Henry Crescini			
4246	Fátima Sulbarán			
4247	Vos Véis			
425	Mauricio Cepeda			
4250	Mike Boden			
4251	Roberto Zambrano			
4252	Lorenzo Peris			
4254	José Benenati			
4256	Gil González			
4257	Edward Bradley			
4259	Juan Carlos Bueno			
4260	Roberto Rincón			
4261	Jesús Sánchez			
4265	Jonathan Casas			
4266	Leon Zervos			
4267	The Tiki Room			
4268	Antonio Romero			
427	Jaime Hidalgo			
4270	César Sánchez			
4271	Radio Version			
4272	Edward Perdomo			
4275	Pedro Juárez			
4276	Brett Greenberg			
4277	Ricardo Viloria			
4279	LiBeRo lalzZo			
428	Jannio Hidalgo			
4280	Ghian Wright			
4281	Simoney			
4282	Rafael Dagnesses			
4283	Eduardo Alonzo			
4284	Jhonny Rock			
4285	El Enano			
4286	Cameron Barton			
4287	Vanessa Parr			
4288	Kent Agüero			
4289	Andrew Alekel			
429	Jesus Hidalgo			
4293	Audioline			
4295	Jared Nugent			
4299	Roberto Rojas			
43	Bruno Mario Lavezzi			
430	Alfredo Torrealba			
4301	Marcelo Torrez			
4302	Rodrigo Calcagno			
4303	Kevin Reagan			
4304	Adriana Tatsis			
4305	Pedro Rojo Briceño			
4306	Erick J. Díaz			
4308	Frank Elvis Contreras Varela			
4309	Leyden Briceño Gallardo			
4310	J.R. Escalante			
4311	Daniel Mijares/nPi			
4312	Emir Rojas			
4313	George Knive			
4314	María Luisa Díaz			
4316	Daniel Mijares			
4318	Angel Vargas			
4320	Alejandro De Oliveira			
4321	Rafael Aguilar			
4322	Castor Milano			
4323	Virgilio López			
4324	Palito Ortega			
4325	Raúl Riera			
4326	Paul Mauriat			
4332	Yordano			
4333	Pedro A. Villaroel			
4334	José Castro			
4335	Samir Aued Scott			
4336	Jhonal Guaya			
4337	Gabriel Martínez			
4339	José Gregorio Estraño			
4340	Manel			
4342	Susana Arwas			
4343	Aarón Estraño			
4344	Corevanandesca			
4345	PsicoSound			
4348	Magdalena Fernández			
4349	Raquel Cisneros			
435	John Van Der Veer			
4350	Gustavo Lugo			
4352	Mark Burwick			
4353	Max Pezalli			
4354	Antonio Díaz			
4355	Juan Andrés Rondón			
4356	Javier García López			
4359	Jazzmania			
436	Edward Marshall			
4360	José Luis Mijares			
4361	Kenne Hernández			
4363	Juan Coronel			
4364	Felipe Martínez			
4370	Rafael Llorente (Rafa)			
4371	Alejandro Cancines			
4372	Aborigen			
4375	Luis Daniel Tosta			
4376	Ignacio Landaez			
4377	Viraha Shanti			
4378	Augusto Corrente			
4379	CyberFido's			
438	Carla Rivas			
4380	Alejandro Pinto			
4381	Hindu Chant			
4382	Rafael Rodríguez			
4383	Larry Jean Louis			
4385	Gerardo Payares			
4386	José Sifontes			
4388	Mirna Rios			
4389	Yessika Marquez			
439	Stewart Copeland			
4391	Luis Emilio Amaury			
4392	Alex Pernas			
4393	Rodrigo García			
4394	Luis Segura			
4395	Alejandro Tortolero			
4396	Carlos Herrera			
4397	Andrés Rolas			
44	D. en D.			
4400	Alejandro Zambrano			
4401	Vita Graphics			
4402	Luis Fernando Nuñez			
4404	Raily Palma			
4405	Alejandro Nava			
4406	Jesús Dávila			
4407	Angel Piña			
4442	Moisés Díaz			
4443	Miguel Marchán			
4444	Valentina Jaimes			
4445	Marcel Inojosa			
4446	Ronny Jaimes			
4447	Saul Flores			
4448	Sergio Ramos			
4449	Katherine Arocha			
4450	Melvyn Galy			
4451	Nicole Zerpa			
4452	Valeria Jaimes			
4453	Auyan Tepuy			
4455	Tony Alda Alejandro Bautista "Drito"			
4456	Juan Vicente Torrealba			
4458	Poetas Tercos			
4459	Eduardo Villalobos			
446	Miguel Ángel Larralde			
4460	Erwin Mendt			
4461	Grabaciones Acurero			
4462	Le Space			
4463	Eduin Andrades			
4464	Luis Barreto			
4466	Tomás Aquino Font			
4468	Alexis Bello			
4469	Rafael Miranda			
4470	Genis Miranda			
4592	Steinway Hall			
4471	Romano Giordanelli			
4472	Rafael Flores			
4473	Samir Acosta			
4474	Domingo González			
4475	Arturo Guarino			
4476	Gregori Sánchez			
4478	José Angel Pernia			
4479	Joseph Ortiz			
4480	Giancarlo Vettor			
4481	Ronald Del Aguila			
4482	Oswaldo Contramaestre			
4483	Camila Di Marzo			
4484	Humberto Ortega			
4485	Hotel Caracas Palace			
4486	Mauricio Tlaxcaltecal			
4487	La Casa			
4488	Luber Mujica			
4489	Ysael Zarraga			
4490	Cazalis			
4491	Hernán Torres			
4494	Daniel Lovece			
4496	Marío Mescoli			
4498	MMDesigns			
4499	PAN			
45	Guillermo Carrasco			
4501	Selina Fernández-Shaw			
4506	Gerónimo Peña			
4507	Edgar Rodríguez			
4508	Oswaldo Peña			
4509	Carlos Varela			
4510	Daniel Saa			
4511	Julie Hill			
4512	Diego Olivero			
4513	Eric Aldrey			
4516	Antonio Pallarés			
4517	Dayan Abad			
4518	Puerta			
4519	The Clubhouse			
452	Javid Ghersi			
4523	Paro Cívico			
4524	Néstor Rosales			
4525	Ricardo Cerrada			
4527	Bryan Gottshall			
4528	Gabriel Vielma			
4529	Eduardo Puerta			
4530	Andrés Puerta			
4531	James Brown			
4532	Edgardo Villarroel			
4533	Fabio Izarra			
4534	Alejandro Armao			
4535	Sammy Alzuru			
4537	Sebastián M. Keloide			
4538	Nestor Villasmil			
4540	Adriana Salinas			
4541	Roman Bunimov			
4543	Danny Alzuru			
4544	Sebastián Miranda			
4545	Alberto Romero			
4546	Alejandro Pico			
4547	Mario Mendoza			
4548	Maykol Requena			
455	Pocz			
4550	Claudia Suárez			
4551	Miguel Ortega			
4552	Gregorio López			
4553	Manuel Echezuria			
4554	Emerson Nuñez			
4555	Carlos Rocco			
4556	Marta Segura			
4557	Julio Pérez			
4558	Rufus			
4559	Robert Santamaría			
4596	Petrula			
4597	Jaime Sabater			
4598	Emiliano Zuleta			
456	Enrique Barreto			
4560	José Antonio del Pozo			
4561	Juan Carlos Ballesta			
4562	Víctor Estrada			
4563	Alán Chehab			
4564	Pere Vilardell			
4565	Kerstin Kokocinsky			
4566	Laureano Rangel			
4567	Nicolás Labropoulos			
4568	Kuto Vásquez			
4569	Antonio Juan Camacho			
457	Héctor Castillo			
4570	Felipe Surkán			
4571	César Inca			
4572	Juan José Salas			
4573	Tomás Casanova			
4575	Marcelo Caponi			
4577	Exagerardo			
4578	José Manuel Iñesta			
458	Manuel Guillermo			
4580	Rafael D'Acquisto			
4581	Augusto Bernard			
4582	Kike Gasco			
4583	Manuel Suárez			
4585	Mary D'Acquisto			
4586	Lorena Serrano			
4587	Gustavo Trias			
4588	Emiro Delgado			
4589	Elías Pérez			
459	Frederich Gómez			
4590	César Augusto Castillo			
4591	Lauren Sclafani			
4599	César Balbas			
46	Oscar Avogrado			
4600	Don Felo			
4603	Edmlindo Rivero			
4604	Folklore			
4605	Juan Diego Ochoa			
4606	Valerio do Carmo			
4608	Néstor Arguello			
4609	Perozzi			
461	Roldan Peña			
4610	Gustavo Gerendas			
4611	Jose Ignacio Calles			
4612	Javier Marrero			
4613	Lidian			
4615	Laurent Lecuyer			
4616	Gilberto Finol			
4618	Rosa María Barrios			
4619	Igor Lara			
462	Ofelinda García			
4620	Michael Bennett			
4621	Elliot Levy			
4622	Alberta Centeno			
4623	Pig Farm On The Moon			
4624	Backstage			
4625	Luis Alejandro Díaz "Aleister"			
4627	o Demonio			
4628	Oswaldo Cintrón			
4629	Omar Oses			
4630	Iván Gómez			
4631	Reinaldo Brando			
4632	Ricardo Capuz			
4633	André Rodríguez			
4635	Donna Ronney			
4636	Angel Delgado			
4638	Stephen Sellier			
464	Lio			
4640	Juan Antonio Garrido			
4641	Arcángel Nicastro			
4642	Ariel Rojas			
4645	Nelson Silva			
4646	Jorge Farinha			
4649	Maily Sequera			
4650	José Antonio Farinha			
4651	Rolando Díaz			
4653	José Luis Venegas			
4658	Alfombra Roja			
4661	Luis Henriquez			
4666	Pablo Escalona			
4667	Victor Escalona			
4668	Pedro Sunyer			
467	Ángel Guanchez			
4652	Ale Ramírez			
4670	Alfredo Romero			
4672	Luis Enrique Carbonell			
4674	Pablo			
4675	Jonathan Villanueva			
4676	Ricardo Jardines			
4678	Fabio Martins			
4679	Dieter Cedeño			
4680	Rommer Yépez			
4681	José Medina			
4682	Rubén Strauss			
4683	Rhon Márques			
4684	Rubén "El Enano" Castro			
4685	Frank Carmona			
4688	David Pelosi			
4689	Daniel Rey			
4690	César Serpa			
4691	Jesús Roldán			
4692	Ian Vildosola			
4693	Ramses Alegría			
4696	R. Sandler			
4697	Piero Gigante			
4698	Miguel A. Cueto			
4699	B. Birtles			
47	Remo Caremartori a.k.a.Recard			
4703	Nelson Zuleta			
4704	Gerardo Alquati			
4705	Iván Alquati			
4706	Giorgio Faietta			
4707	Luis E. González			
4708	Hildemaro Infante			
4709	Marcel Oppliger			
4711	Héctor Díaz			
4712	Brian Ramírez			
4713	Oscar Vásquez			
4714	Francisco Maciel			
4715	Juan Carlos Daniel Torres			
4716	Gabriel Carabeo			
4717	Rui de Freitas			
4718	José Raúl Blanco			
4719	Radio Edit			
472	María José Valencia			
4721	Mario Carabeo D.			
4723	Gabriel Carabeo Beyer			
4724	Juan García			
4725	Roberto Carabeo Beyer			
4726	Elio Díaz			
4727	Little Lake			
4729	Luis Querales			
473	Carlos Julio Molina			
4732	Frank Estalleras			
4733	Javier Sevilla			
4734	Mark Francis			
4735	Emilio Mauri			
4736	Carlos Larez			
4738	Paul Rincón			
4739	Lucas Pedreira			
474	Agustín Valdez			
4740	Manuel Ramil			
4741	Richard Iturra			
4742	Hugo Bistolfi			
4743	Ronnie Romero			
4744	Pablo Solano			
4745	Juan Carlos Casañas			
4748	Daniel Alonso			
4749	Ivan Romero			
475	Figuero Zerpa			
4750	Sting Weiss			
4751	Sara Rodriguez			
4752	Ysis Vivas			
